# Blender 5.1.0
# www.blender.org
mtllib Tidus.mtl
o Body
v 0.019155 0.183267 -0.023397
v 0.023651 0.207837 -0.022276
v 0.016995 0.203931 -0.022099
v 0.030352 0.188181 -0.018217
v -0.000755 0.207585 0.031783
v -0.004538 0.183015 0.028912
v -0.005987 0.205443 0.026990
v 0.006874 0.187929 0.033961
v -0.011518 0.193599 -0.005701
v -0.013173 0.167643 -0.024845
v 0.000403 0.196623 -0.017421
v -0.020294 0.168399 -0.009542
v 0.000403 0.196623 -0.017421
v 0.009103 0.169659 -0.030586
v 0.012391 0.200781 -0.023889
v -0.007101 0.166635 -0.025260
v -0.024129 0.163233 0.007315
v -0.011518 0.193599 -0.005701
v -0.012480 0.196497 0.011046
v -0.021374 0.167013 -0.009628
v -0.026829 0.169407 0.010407
v -0.012480 0.196497 0.011046
v -0.016468 0.171801 0.025937
v -0.012480 0.196497 0.011046
v -0.009360 0.200529 0.024312
v -0.016468 0.171801 0.025937
v -0.008774 0.215145 0.028958
v -0.020595 0.179739 0.025918
v -0.020337 0.209475 0.024881
v -0.006847 0.185283 0.034121
v -0.020337 0.209475 0.024881
v -0.032192 0.180747 0.003928
v -0.025144 0.206703 0.009542
v -0.027298 0.178983 0.020391
v -0.033717 0.177723 -0.016470
v -0.009240 0.206955 -0.025885
v -0.023579 0.205191 -0.011096
v -0.018513 0.179235 -0.029574
v 0.016215 0.215397 -0.026333
v 0.011346 0.178353 -0.036638
v 0.023773 0.185157 -0.033080
v 0.005514 0.209853 -0.032399
v 0.003706 0.187929 0.046302
v 0.011850 0.226611 0.041996
v 0.018071 0.195237 0.039140
v -0.005503 0.223587 0.040516
v -0.025144 0.206703 0.009542
v -0.031448 0.173187 -0.016363
v -0.023579 0.205191 -0.011096
v -0.025144 0.206703 0.009542
v -0.030463 0.172053 0.004359
v -0.031448 0.173187 -0.016363
v -0.017649 0.177975 -0.030828
v -0.001425 0.178353 -0.036608
v 0.005514 0.209853 -0.032399
v -0.017649 0.177975 -0.030828
v 0.005514 0.209853 -0.032399
v -0.009240 0.206955 -0.025885
v -0.009897 0.181503 -0.039455
v 0.016120 0.219429 -0.039212
v -0.000217 0.214641 -0.040715
v 0.006656 0.185787 -0.038083
v 0.016120 0.219429 -0.039212
v 0.008122 0.185409 -0.043226
v 0.024763 0.188937 -0.040730
v -0.000217 0.214641 -0.040715
v 0.036114 0.186921 -0.029911
v 0.039578 0.226989 -0.019498
v 0.027059 0.223839 -0.031526
v 0.040964 0.194481 -0.014745
v 0.045245 0.217035 -0.011290
v 0.042001 0.213759 -0.015221
v 0.044749 0.194985 -0.009669
v 0.039578 0.226989 -0.019498
v 0.042780 0.231273 -0.013190
v 0.033071 0.225225 0.043798
v 0.025982 0.238581 0.042031
v 0.032830 0.244251 0.039239
v 0.028619 0.223335 0.043239
v 0.037457 0.203931 0.042780
v 0.021810 0.216783 0.040715
v 0.011850 0.226611 0.041996
v 0.018612 0.231021 0.040285
v 0.016732 0.213507 0.040826
v 0.022652 0.194733 0.039180
v 0.027517 0.221445 0.043607
v 0.018612 0.231021 0.040285
v 0.025982 0.238581 0.042031
v 0.022634 0.218043 0.044042
v 0.028400 0.196119 0.038961
v 0.054908 0.225477 -0.004749
v 0.051622 0.223587 -0.007772
v 0.057179 0.204057 -0.000969
v 0.048941 0.238959 -0.008808
v 0.051145 0.221697 -0.008809
v 0.048355 0.218295 -0.012719
v 0.048360 0.196245 -0.005372
v 0.042780 0.231273 -0.013190
v 0.039578 0.226989 -0.019498
v 0.036323 0.194229 -0.041796
v 0.044716 0.200403 -0.027583
v 0.027059 0.223839 -0.031526
v 0.017865 0.199647 -0.048051
v 0.027059 0.223839 -0.031526
v 0.016120 0.219429 -0.039212
v 0.032065 0.201159 -0.042031
v -0.037183 0.183141 0.004428
v -0.030471 0.214263 0.026119
v -0.030884 0.186669 0.022251
v -0.034307 0.212247 0.007257
v -0.027770 0.184653 0.025966
v -0.018406 0.219051 0.037391
v -0.014085 0.186417 0.036265
v -0.030471 0.214263 0.026119
v -0.018423 0.200025 0.044457
v -0.005503 0.223587 0.040516
v -0.006945 0.200781 0.049615
v -0.018406 0.219051 0.037391
v 0.054908 0.225477 -0.004749
v 0.051301 0.244377 -0.001700
v 0.048941 0.238959 -0.008808
v 0.051145 0.221697 -0.008809
v 0.048941 0.238959 -0.008808
v 0.042780 0.231273 -0.013190
v 0.057438 0.233793 -0.001272
v 0.049731 0.255717 0.010121
v 0.051301 0.244377 -0.001700
v 0.051301 0.244377 -0.001700
v 0.054259 0.231651 -0.005829
v 0.057438 0.233793 -0.001272
v 0.054259 0.231651 -0.005829
v 0.054456 0.213759 -0.001832
v 0.057438 0.233793 -0.001272
v -0.030777 0.211869 -0.014268
v -0.038125 0.180117 -0.016467
v -0.016828 0.212373 -0.031175
v -0.038125 0.180117 -0.016467
v -0.024458 0.181503 -0.033352
v -0.016828 0.212373 -0.031175
v -0.005503 0.223587 0.040516
v 0.011850 0.226611 0.041996
v -0.006662 0.193977 0.054001
v 0.011850 0.226611 0.041996
v 0.009608 0.200151 0.050987
v -0.006662 0.193977 0.054001
v 0.050428 0.221193 -0.015875
v 0.047616 0.219177 -0.020065
v 0.049953 0.203049 -0.014708
v 0.042624 0.233289 -0.021034
v 0.047815 0.244629 -0.013864
v 0.016623 0.204309 -0.063328
v 0.027059 0.223839 -0.031526
v 0.016120 0.219429 -0.039212
v 0.026138 0.205065 -0.052875
v -0.024740 0.185409 -0.034800
v -0.000217 0.214641 -0.040715
v -0.016828 0.212373 -0.031175
v -0.007501 0.188433 -0.042806
v -0.041954 0.181377 -0.022105
v -0.034307 0.212247 0.007257
v -0.044252 0.185409 -0.000732
v -0.030777 0.211869 -0.014268
v 0.032830 0.244251 0.039239
v 0.040560 0.255591 0.030331
v 0.037219 0.233541 0.043363
v 0.037219 0.233541 0.043363
v 0.031839 0.231399 0.043950
v 0.032830 0.244251 0.039239
v 0.037219 0.233541 0.043363
v 0.036982 0.216657 0.044682
v 0.031839 0.231399 0.043950
v 0.057521 0.229887 -0.007495
v 0.056135 0.226233 -0.012248
v 0.054062 0.208845 -0.009827
v 0.047815 0.244629 -0.013864
v 0.052812 0.252567 -0.004078
v 0.056922 0.242739 0.002272
v 0.055557 0.240093 -0.002934
v 0.057827 0.225351 -0.001358
v 0.052812 0.252567 -0.004078
v 0.049925 0.261513 0.009710
v 0.052262 0.247779 0.014333
v 0.054550 0.247653 0.009578
v 0.057986 0.235305 0.010894
v 0.049731 0.255717 0.010121
v 0.045675 0.256221 0.020496
v 0.021728 0.220815 0.047673
v 0.012673 0.232911 0.045324
v 0.021381 0.244251 0.044648
v 0.016694 0.218799 0.048346
v 0.022311 0.202797 0.046441
v 0.032684 0.229635 0.047558
v 0.021381 0.244251 0.044648
v 0.032075 0.252441 0.041897
v 0.028212 0.225855 0.049657
v 0.032317 0.208467 0.047926
v 0.045724 0.249291 0.028405
v 0.040560 0.255591 0.030331
v 0.045675 0.256221 0.020496
v 0.044214 0.247023 0.032987
v 0.046636 0.235179 0.035794
v 0.001317 0.217791 -0.040607
v 0.015686 0.220059 -0.041891
v 0.002487 0.235179 -0.034990
v 0.014337 0.206829 -0.056369
v 0.001757 0.202419 -0.062627
v 0.018107 0.220563 -0.041288
v 0.030687 0.223461 -0.035029
v 0.017073 0.235809 -0.035669
v 0.031152 0.209601 -0.050891
v 0.023387 0.209097 -0.062835
v -0.030471 0.214263 0.026119
v -0.043339 0.196119 0.008127
v -0.034307 0.212247 0.007257
v -0.034814 0.197001 0.025495
v 0.035938 0.212751 -0.035098
v 0.039513 0.245511 -0.020341
v 0.029588 0.238833 -0.029518
v 0.046446 0.216531 -0.024948
v -0.000217 0.214641 -0.040715
v -0.020401 0.194607 -0.042992
v -0.001411 0.196245 -0.049552
v -0.016828 0.212373 -0.031175
v 0.039443 0.242487 0.040704
v 0.032075 0.252441 0.041897
v 0.040366 0.261387 0.030742
v 0.034712 0.239841 0.043106
v -0.018406 0.219051 0.037391
v -0.038117 0.195615 0.031742
v -0.030471 0.214263 0.026119
v -0.025468 0.197253 0.043252
v -0.005503 0.223587 0.040516
v -0.029286 0.204057 0.053778
v -0.018406 0.219051 0.037391
v -0.015305 0.204687 0.054050
v -0.044265 0.189315 -0.021304
v -0.016828 0.212373 -0.031175
v -0.030777 0.211869 -0.014268
v 0.015686 0.220059 -0.041891
v 0.017073 0.235809 -0.035669
v 0.002487 0.235179 -0.034990
v 0.030687 0.223461 -0.035029
v 0.029588 0.238833 -0.029518
v 0.017073 0.235809 -0.035669
v -0.016828 0.212373 -0.031175
v -0.044265 0.189315 -0.021304
v -0.033192 0.189567 -0.040305
v -0.034307 0.212247 0.007257
v -0.041519 0.189819 -0.018691
v -0.030777 0.211869 -0.014268
v -0.034307 0.212247 0.007257
v -0.047838 0.193725 0.001863
v -0.041519 0.189819 -0.018691
v 0.039443 0.242487 0.040704
v 0.040397 0.225981 0.044982
v 0.034712 0.239841 0.043106
v -0.032976 0.216657 0.027331
v -0.035883 0.205065 0.044512
v -0.049541 0.200655 0.041841
v -0.022598 0.219303 0.037264
v -0.024378 0.234801 0.024516
v -0.015295 0.235431 0.035963
v -0.020781 0.220059 0.039554
v -0.021461 0.209601 0.057749
v -0.035657 0.208971 0.059811
v -0.007661 0.222327 0.044753
v -0.015295 0.235431 0.035963
v -0.002283 0.238455 0.041227
v 0.054123 0.237195 -0.015596
v 0.047787 0.232785 -0.022961
v 0.057860 0.211239 -0.017695
v 0.039513 0.245511 -0.020341
v 0.044445 0.254457 -0.011398
v 0.024431 0.236817 0.050459
v 0.011115 0.245133 0.042732
v 0.020277 0.254079 0.042078
v 0.014599 0.232407 0.050487
v 0.025363 0.210609 0.054456
v -0.024894 0.232281 0.028795
v -0.038168 0.219933 0.018691
v -0.030206 0.223461 0.034633
v -0.032424 0.229131 0.012593
v -0.027459 0.249543 0.003730
v -0.029685 0.231777 0.004186
v -0.036524 0.202797 -0.012578
v -0.025676 0.231273 -0.011894
v -0.041029 0.203301 0.004387
v -0.002083 0.212247 0.049633
v 0.011115 0.245133 0.042732
v 0.012179 0.217161 0.050618
v -0.002283 0.238455 0.041227
v -0.018248 0.253701 0.013189
v -0.027459 0.249543 0.003730
v -0.024894 0.232281 0.028795
v -0.029587 0.220689 0.022942
v -0.027459 0.249543 0.003730
v -0.018248 0.253701 0.013189
v -0.035194 0.217287 0.006026
v -0.047705 0.203553 0.007222
v -0.047705 0.203553 0.007222
v -0.029587 0.220689 0.022942
v -0.041557 0.207081 0.023814
v 0.041757 0.254835 0.043577
v 0.029891 0.261009 0.038506
v 0.040366 0.261387 0.030742
v 0.032877 0.254961 0.044944
v 0.032042 0.231777 0.056764
v -0.024894 0.232281 0.028795
v -0.027459 0.249543 0.003730
v -0.018248 0.253701 0.013189
v -0.032424 0.229131 0.012593
v -0.038168 0.219933 0.018691
v 0.049024 0.251307 -0.015031
v 0.048750 0.261261 -0.003254
v 0.040017 0.261639 -0.008737
v 0.053846 0.249795 -0.008962
v 0.056220 0.224847 -0.014063
v 0.061505 0.249921 0.004517
v 0.054605 0.248787 -0.005008
v 0.059681 0.223083 -0.008058
v 0.048750 0.261261 -0.003254
v 0.049925 0.261513 0.009710
v 0.030199 0.250299 0.047581
v 0.020277 0.254079 0.042078
v 0.029891 0.261009 0.038506
v 0.021838 0.245889 0.049812
v 0.026228 0.223965 0.055406
v -0.031223 0.224721 0.032451
v -0.009032 0.252819 0.030730
v -0.013756 0.228249 0.043417
v -0.018248 0.253701 0.013189
v -0.031946 0.207585 -0.017681
v -0.016285 0.232029 -0.025621
v -0.025676 0.231273 -0.011894
v -0.022492 0.207963 -0.034974
v 0.030243 0.255339 -0.019622
v 0.051178 0.231021 -0.025880
v 0.040017 0.261639 -0.008737
v 0.040366 0.227745 -0.037023
v 0.047606 0.246519 0.033006
v 0.040366 0.261387 0.030742
v 0.045848 0.258111 0.020539
v 0.042985 0.245889 0.037547
v 0.030243 0.255339 -0.019622
v 0.024369 0.227745 -0.048725
v 0.037123 0.231273 -0.040954
v 0.017316 0.253197 -0.027436
v 0.017316 0.253197 -0.027436
v 0.004015 0.222957 -0.045903
v 0.019597 0.224217 -0.042477
v -0.001935 0.253449 -0.022778
v 0.005341 0.255087 0.035323
v -0.017385 0.222957 0.046185
v -0.009032 0.252819 0.030730
v -0.003358 0.225981 0.049223
v 0.019992 0.261387 0.035487
v -0.002405 0.227871 0.054236
v 0.005341 0.255087 0.035323
v 0.012918 0.231525 0.056495
v -0.038168 0.219933 0.018691
v -0.024894 0.232281 0.028795
v -0.030206 0.223461 0.034633
v -0.016285 0.232029 -0.025621
v 0.000192 0.221823 -0.041990
v 0.002487 0.235179 -0.034990
v 0.000192 0.221823 -0.041990
v -0.022973 0.203427 -0.044093
v -0.005002 0.206199 -0.055773
v -0.022973 0.203427 -0.044093
v 0.000192 0.221823 -0.041990
v -0.017174 0.218673 -0.030526
v 0.000192 0.221823 -0.041990
v -0.016285 0.232029 -0.025621
v -0.017174 0.218673 -0.030526
v 0.059197 0.247023 0.011195
v 0.045848 0.258111 0.020539
v 0.049925 0.261513 0.009710
v 0.049925 0.261513 0.009710
v 0.058782 0.246267 0.004389
v 0.059197 0.247023 0.011195
v 0.058782 0.246267 0.004389
v 0.062411 0.229761 0.003090
v 0.059197 0.247023 0.011195
v 0.047606 0.246519 0.033006
v 0.045797 0.229887 0.042472
v 0.042985 0.245889 0.037547
v 0.036959 0.259119 0.041462
v 0.023813 0.267687 0.030104
v 0.036884 0.264789 0.026660
v 0.028251 0.259245 0.042872
v 0.028251 0.259245 0.042872
v 0.036959 0.259119 0.041462
v 0.034571 0.248409 0.058037
v 0.023813 0.267687 0.030104
v 0.036884 0.264789 0.026660
v 0.030563 0.261261 0.042806
v 0.030563 0.261261 0.042806
v 0.022200 0.260505 0.042098
v 0.023813 0.267687 0.030104
v 0.030563 0.261261 0.042806
v 0.025969 0.257481 0.056444
v 0.022200 0.260505 0.042098
v 0.036864 0.267813 0.028583
v 0.032793 0.264159 0.014713
v 0.039169 0.260253 0.017496
v 0.024241 0.271215 0.023232
v 0.034060 0.268065 0.036148
v 0.023555 0.270081 0.031141
v 0.026979 0.260631 0.047605
v -0.003032 0.266049 0.019187
v -0.018768 0.258615 0.011591
v -0.004337 0.266679 0.005272
v -0.027168 0.247401 0.020607
v -0.011363 0.250551 0.034923
v 0.048608 0.268317 0.010208
v 0.045848 0.258111 0.020539
v 0.039169 0.260253 0.017496
v 0.053990 0.261891 0.012560
v 0.061758 0.250425 -0.005337
v 0.004908 0.265293 0.034114
v 0.018242 0.266049 0.036244
v -0.000226 0.241983 0.047341
v 0.023743 0.270711 0.021914
v 0.010216 0.270459 0.020929
v 0.010216 0.270459 0.020929
v -0.008938 0.245259 0.042139
v -0.003032 0.266049 0.019187
v 0.004417 0.248157 0.043816
v -0.017038 0.249795 -0.021494
v -0.000756 0.231525 -0.038921
v -0.001935 0.253449 -0.022778
v -0.018340 0.229761 -0.028797
v -0.043161 0.196875 -0.017998
v -0.037486 0.213003 0.003434
v -0.047817 0.197757 0.000675
v -0.032485 0.212121 -0.015152
v 0.012505 0.266301 -0.015138
v 0.014475 0.242865 -0.043663
v 0.023491 0.246393 -0.035263
v -0.008646 0.263025 -0.008750
v 0.012505 0.266301 -0.015138
v 0.032399 0.249921 -0.026797
v 0.022623 0.270585 -0.006371
v 0.023491 0.246393 -0.035263
v 0.037987 0.269829 -0.006489
v 0.044863 0.268569 0.000551
v 0.031770 0.272727 0.002980
v 0.044489 0.259497 -0.010836
v 0.039522 0.268065 0.029338
v 0.044818 0.263151 0.032035
v 0.036983 0.255213 0.046151
v 0.045848 0.258111 0.020539
v -0.027459 0.249543 0.003730
v -0.032485 0.212121 -0.015152
v -0.023039 0.250803 -0.010685
v -0.032485 0.212121 -0.015152
v -0.027459 0.249543 0.003730
v -0.037486 0.213003 0.003434
v -0.030108 0.217791 -0.015845
v -0.017038 0.249795 -0.021494
v -0.023039 0.250803 -0.010685
v -0.021517 0.218421 -0.029681
v -0.041588 0.203049 -0.024676
v -0.032759 0.203427 -0.038360
v -0.041588 0.203049 -0.024676
v -0.021517 0.218421 -0.029681
v -0.030108 0.217791 -0.015845
v -0.017038 0.249795 -0.021494
v -0.030108 0.217791 -0.015845
v -0.021517 0.218421 -0.029681
v 0.047143 0.258615 -0.016694
v 0.022623 0.270585 -0.006371
v 0.036312 0.256599 -0.024445
v 0.045848 0.258111 0.020539
v 0.039522 0.268065 0.029338
v 0.039169 0.260253 0.017496
v 0.031770 0.272727 0.002980
v 0.032793 0.264159 0.014713
v 0.027929 0.266679 0.012490
v 0.032793 0.264159 0.014713
v 0.031770 0.272727 0.002980
v 0.043680 0.267939 0.009347
v 0.032793 0.264159 0.014713
v 0.024241 0.271215 0.023232
v 0.027929 0.266679 0.012490
v 0.043680 0.267939 0.009347
v 0.031770 0.272727 0.002980
v 0.044863 0.268569 0.000551
v 0.032793 0.264159 0.014713
v 0.043680 0.267939 0.009347
v 0.039169 0.260253 0.017496
v 0.060718 0.257229 -0.009269
v 0.044502 0.264789 0.009735
v 0.038487 0.267813 -0.002232
v -0.000226 0.241983 0.047341
v 0.018242 0.266049 0.036244
v 0.012849 0.243747 0.050510
v 0.022623 0.270585 -0.006371
v 0.047143 0.258615 -0.016694
v 0.032181 0.270711 0.003174
v -0.031848 0.247275 0.000341
v -0.021320 0.257733 0.008567
v -0.026957 0.249543 0.013130
v -0.015902 0.261009 -0.001009
v -0.023039 0.250803 -0.010685
v 0.048813 0.270459 0.026696
v 0.039169 0.260253 0.017496
v 0.045848 0.258111 0.020539
v 0.043388 0.271215 0.025986
v 0.049056 0.273483 0.035663
v 0.052136 0.269577 0.019260
v 0.047530 0.271593 0.015265
v 0.057337 0.273861 0.009079
v 0.039169 0.260253 0.017496
v 0.045848 0.258111 0.020539
v 0.041031 0.278649 0.022552
v 0.032793 0.264159 0.014713
v 0.039169 0.260253 0.017496
v 0.037637 0.279909 0.021063
v 0.042767 0.287217 0.034738
v 0.042949 0.277137 0.015225
v 0.039491 0.278397 0.013628
v 0.045493 0.281043 0.005759
v 0.032793 0.264159 0.014713
v 0.039169 0.260253 0.017496
v 0.031752 0.274365 0.009311
v 0.017446 0.265797 0.007764
v 0.019691 0.274239 0.003182
v 0.027929 0.266679 0.012490
v 0.032793 0.264159 0.014713
v 0.016175 0.274869 0.013967
v 0.023417 0.275625 0.018435
v 0.014241 0.277893 0.030564
v 0.027929 0.266679 0.012490
v 0.017446 0.265797 0.007764
v 0.007271 0.272349 0.011380
v -0.015803 0.261135 0.018482
v -0.004337 0.266679 0.005272
v -0.004929 0.266301 0.026060
v 0.026353 0.268569 -0.020225
v 0.013442 0.272349 -0.002324
v 0.017274 0.265923 -0.025059
v 0.023473 0.273735 0.003849
v -0.016989 0.257481 -0.011381
v -0.005480 0.254205 -0.025499
v -0.008646 0.263025 -0.008750
v -0.013758 0.248031 -0.027287
v -0.017276 0.250803 -0.021645
v -0.023039 0.250803 -0.010685
v -0.024169 0.242865 -0.021619
v -0.016989 0.257481 -0.011381
v -0.015902 0.261009 -0.001009
v -0.014657 0.262647 0.020145
v -0.024947 0.253701 0.013539
v -0.004337 0.266679 0.005272
v 0.003561 0.265545 -0.012409
v -0.008646 0.263025 -0.008750
v 0.006683 0.260505 -0.029720
v 0.002398 0.267687 -0.005537
v 0.013442 0.272349 -0.002324
v 0.009839 0.261387 -0.028382
v 0.021230 0.265797 -0.023614
v 0.009839 0.261387 -0.028382
v 0.013442 0.272349 -0.002324
v 0.002398 0.267687 -0.005537
v 0.006683 0.260505 -0.029720
v -0.008646 0.263025 -0.008750
v -0.004360 0.252189 -0.031463
v -0.037550 0.239967 0.004796
v -0.031848 0.247275 0.000341
v -0.026957 0.249543 0.013130
v 0.007271 0.272349 0.011380
v 0.018510 0.273735 0.014916
v 0.003045 0.268191 0.026854
v 0.019691 0.274239 0.003182
v 0.029727 0.270207 -0.015343
v 0.031752 0.274365 0.009311
v 0.024369 0.227745 -0.048725
v 0.030243 0.255339 -0.019622
v 0.037123 0.231273 -0.040954
v 0.017316 0.253197 -0.027436
v 0.055053 0.218295 0.019712
v 0.056648 0.213759 0.013315
v 0.056478 0.210609 0.017680
v 0.052371 0.221067 0.015003
v 0.052957 0.221571 0.018914
v 0.051162 0.224721 0.017640
v 0.052201 0.225603 0.020837
v 0.052222 0.229383 0.018914
v 0.051403 0.228123 0.022934
v 0.050755 0.235053 0.022589
v 0.048942 0.229383 0.026177
v 0.046286 0.236943 0.029096
v 0.045789 0.233037 0.029982
v 0.042940 0.235053 0.034046
v 0.044904 0.230769 0.030220
v 0.040563 0.231273 0.034739
v 0.041404 0.229257 0.032470
v 0.038814 0.228753 0.036231
v 0.039634 0.227997 0.035150
v 0.038533 0.227241 0.036253
v 0.040217 0.223965 0.034653
v 0.037863 0.224469 0.036362
v 0.040412 0.223083 0.034977
v 0.037626 0.223713 0.036945
v 0.040110 0.221193 0.035453
v 0.035768 0.222075 0.037768
v 0.038275 0.217917 0.038760
v 0.028876 0.221067 0.039998
v 0.031124 0.216783 0.040558
v 0.017401 0.214011 0.039249
v 0.030065 0.209223 0.040753
v 0.021311 0.198891 0.037193
v 0.035553 0.203175 0.039367
v 0.035225 0.188055 0.032949
v 0.040866 0.193851 0.034998
v 0.047541 0.188811 0.032163
v 0.045317 0.196497 0.034088
v 0.054886 0.190953 0.028485
v 0.048967 0.197631 0.031601
v 0.054367 0.192843 0.028356
v 0.054670 0.194481 0.028615
v 0.056785 0.194103 0.025286
v 0.055253 0.195867 0.028852
v 0.058601 0.196749 0.026106
v 0.054259 0.198639 0.028421
v 0.057607 0.198765 0.025674
v 0.053630 0.198639 0.023948
v 0.057496 0.198639 0.021331
v 0.054319 0.199017 0.020447
v 0.056239 0.200277 0.016059
v 0.053971 0.199395 0.016687
v 0.055503 0.201159 0.013856
v 0.054259 0.198639 0.028421
v 0.051578 0.199017 0.026651
v 0.053630 0.198639 0.023948
v 0.049593 0.200151 0.030930
v 0.048967 0.197631 0.031601
v 0.047454 0.201033 0.031775
v 0.045317 0.196497 0.034088
v 0.046074 0.206577 0.035838
v 0.023651 0.207837 -0.022276
v 0.029743 0.200529 -0.024613
v 0.023104 0.212877 -0.032972
v 0.028970 0.201411 -0.017093
v 0.025750 0.198135 -0.016335
v 0.034265 0.200655 -0.015865
v 0.033644 0.186291 -0.006378
v 0.039477 0.191709 -0.007678
v 0.048409 0.188055 0.004007
v 0.042394 0.199017 -0.009430
v 0.053290 0.203427 -0.000102
v 0.050759 0.209475 -0.005049
v 0.054933 0.210483 -0.000060
v 0.051278 0.217035 -0.004185
v 0.054675 0.218043 0.002447
v 0.049311 0.221319 -0.005502
v 0.052319 0.222201 0.001217
v 0.051475 0.224847 -0.000187
v 0.052817 0.223839 0.003269
v 0.052493 0.225855 0.002729
v 0.052515 0.224595 0.003745
v 0.052904 0.227367 0.004393
v 0.052906 0.224091 0.006597
v 0.052797 0.228123 0.005927
v 0.051957 0.224091 0.009666
v 0.051675 0.228375 0.008953
v 0.050598 0.223965 0.013275
v 0.050661 0.227745 0.011179
v 0.050057 0.225855 0.012865
v 0.050748 0.228375 0.011568
v 0.050447 0.226359 0.013513
v 0.052564 0.230769 0.013123
v 0.051399 0.227493 0.016322
v 0.053083 0.233037 0.013987
v 0.052222 0.229383 0.018914
v 0.052652 0.237069 0.014981
v 0.050755 0.235053 0.022589
v 0.049350 0.239715 0.021963
v 0.046286 0.236943 0.029096
v 0.044616 0.248031 0.019956
v 0.038311 0.249165 0.027567
v 0.045675 0.256221 0.020496
v 0.040560 0.255591 0.030331
v 0.038275 0.217917 0.038760
v 0.040955 0.211869 0.039061
v 0.036656 0.210357 0.040468
v 0.043264 0.218295 0.034586
v 0.040110 0.221193 0.035453
v 0.042528 0.221571 0.032383
v 0.040412 0.223083 0.034977
v 0.042398 0.223209 0.032167
v 0.040217 0.223965 0.034653
v 0.041880 0.223965 0.032037
v 0.039634 0.227997 0.035150
v 0.041167 0.228249 0.032319
v 0.041404 0.229257 0.032470
v 0.042116 0.227619 0.029984
v 0.042505 0.228249 0.029898
v 0.043023 0.225729 0.028558
v 0.043736 0.226233 0.028276
v 0.052432 0.223335 0.009968
v 0.050598 0.223965 0.013275
v 0.051957 0.224091 0.009666
v 0.051419 0.222705 0.012929
v 0.052756 0.221697 0.009773
v 0.052371 0.221067 0.015003
v 0.054787 0.218421 0.008994
v 0.056648 0.213759 0.013315
v 0.056794 0.212121 0.004261
v 0.057705 0.206577 0.010181
v 0.055929 0.205191 0.004045
v 0.055890 0.196497 0.010830
v 0.053662 0.193851 0.006877
v 0.055892 0.188811 0.013769
v 0.048409 0.188055 0.004007
v 0.054401 0.185661 0.013489
v 0.039809 0.182889 0.003882
v 0.057236 0.183519 0.020899
v 0.043490 0.179109 0.015635
v 0.053154 0.181755 0.023646
v 0.053762 0.183519 0.028572
v 0.056612 0.183015 0.025243
v 0.054519 0.186165 0.029588
v 0.058363 0.185913 0.025955
v 0.058017 0.189315 0.025869
v 0.058533 0.186165 0.020855
v 0.058036 0.190953 0.021741
v 0.055892 0.188811 0.013769
v 0.055890 0.196497 0.010830
v 0.017622 0.073269 0.047201
v 0.024332 0.062559 0.030233
v 0.005889 0.053109 0.046754
v 0.032458 0.086751 0.031525
v 0.038101 0.093555 0.037247
v 0.043405 0.099603 0.017450
v 0.041106 0.117243 0.039558
v 0.045502 0.129465 0.019718
v 0.034605 0.137151 0.043905
v 0.035091 0.143199 0.026856
v 0.019612 0.145971 0.049533
v 0.029283 0.162981 0.033580
v 0.006385 0.162729 0.045868
v 0.018652 0.177093 0.034969
v -0.002716 0.163737 0.040752
v 0.007456 0.175707 0.030525
v -0.010742 0.162351 0.025437
v -0.009132 0.158571 0.009035
v 0.044968 0.241731 -0.005391
v 0.051301 0.244377 -0.001700
v 0.048941 0.238959 -0.008808
v 0.046786 0.245763 0.000572
v 0.051647 0.233289 -0.001614
v 0.052386 0.238077 0.004998
v 0.053985 0.234297 0.004478
v 0.054182 0.235179 0.009211
v 0.053208 0.231399 0.006856
v 0.052564 0.230769 0.013123
v 0.051956 0.229383 0.008931
v 0.050748 0.228375 0.011568
v 0.050661 0.227745 0.011179
v 0.045502 0.129465 0.019718
v 0.044901 0.139293 -0.007703
v 0.050329 0.119763 -0.001851
v 0.037672 0.143577 0.007665
v 0.038111 0.140427 0.017691
v 0.041219 0.165249 0.012590
v 0.035091 0.143199 0.026856
v 0.034526 0.171171 0.022491
v 0.029283 0.162981 0.033580
v 0.018670 0.186543 0.028638
v 0.018652 0.177093 0.034969
v 0.001617 0.191457 0.023743
v 0.007456 0.175707 0.030525
v -0.003921 0.187425 0.013548
v -0.000397 0.171675 0.015987
v -0.001229 0.183393 -0.000565
v 0.008055 0.187551 -0.012758
v 0.033443 -0.047313 -0.050503
v 0.035044 0.013167 -0.047349
v 0.045652 -0.044163 -0.050489
v 0.015058 0.012159 -0.044895
v 0.027215 -0.049455 -0.058667
v 0.005086 0.009009 -0.060512
v 0.033476 -0.048573 -0.066839
v 0.012140 0.012537 -0.079597
v 0.046117 -0.045297 -0.067085
v 0.033145 0.013923 -0.078400
v 0.052173 -0.043155 -0.058229
v 0.042555 0.014553 -0.062005
v 0.035044 0.013167 -0.047349
v 0.032889 0.030555 -0.072220
v 0.034148 0.028035 -0.063274
v 0.034896 0.050337 -0.076218
v 0.036486 0.048195 -0.057182
v 0.035225 0.188055 0.032949
v 0.030337 0.183141 0.026037
v 0.018670 0.186543 0.028638
v 0.046287 0.185535 0.031300
v 0.047541 0.188811 0.032163
v 0.054519 0.186165 0.029588
v 0.054886 0.190953 0.028485
v 0.058017 0.189315 0.025869
v 0.056785 0.191835 0.025286
v 0.058036 0.190953 0.021741
v 0.057453 0.192843 0.021504
v 0.056390 0.197631 0.015087
v 0.057799 0.194481 0.021590
v 0.058447 0.195867 0.021936
v 0.056785 0.194103 0.025286
v 0.058601 0.196749 0.026106
v 0.043649 0.223839 0.028622
v 0.041880 0.223965 0.032037
v 0.041167 0.228249 0.032319
v 0.042398 0.223209 0.032167
v 0.043996 0.222705 0.029443
v 0.042528 0.221571 0.032383
v 0.046199 0.220941 0.028707
v 0.043264 0.218295 0.034586
v 0.047671 0.213633 0.033114
v 0.040955 0.211869 0.039061
v 0.046074 0.206577 0.035838
v 0.040349 0.204939 0.038543
v 0.045317 0.196497 0.034088
v 0.040866 0.193851 0.034998
v 0.007034 0.036981 0.115448
v 0.036821 0.051471 0.096521
v 0.034435 0.038745 0.117505
v 0.020246 0.046179 0.095603
v 0.011084 0.045927 0.095522
v 0.011745 0.029673 0.081454
v -0.000724 0.043533 0.080274
v -0.018757 0.032193 0.096254
v -0.019842 0.061047 0.089556
v -0.001375 0.046683 0.109770
v -0.002609 0.064827 0.106983
v 0.011084 0.045927 0.095522
v 0.017651 0.061173 0.092017
v -0.000555 0.057519 0.075174
v -0.008774 0.215145 0.028958
v -0.000755 0.207585 0.031783
v -0.005058 0.203679 0.026578
v -0.002698 0.218043 0.033686
v -0.005503 0.223587 0.040516
v 0.034212 0.224721 0.038114
v 0.037064 0.225603 0.036989
v 0.037626 0.223713 0.036945
v 0.036330 0.230265 0.037724
v 0.030972 0.227493 0.039326
v 0.033176 0.233037 0.039325
v 0.026650 0.226485 0.039718
v 0.015110 0.228501 0.038126
v 0.017401 0.214011 0.039249
v 0.002857 0.220059 0.036081
v 0.011111 0.200403 0.035385
v -0.009221 0.212625 0.038488
v 0.054994 0.202167 0.028420
v 0.057715 0.201663 0.025610
v 0.057131 0.200907 0.025372
v 0.058882 0.203175 0.026084
v 0.054757 0.204939 0.029739
v 0.058947 0.205065 0.026192
v 0.057239 0.206703 0.025307
v 0.058857 0.204939 0.020660
v 0.057150 0.208845 0.021245
v 0.057255 0.206577 0.016037
v 0.056478 0.210609 0.017680
v 0.015058 0.012159 -0.044895
v 0.034148 0.028035 -0.063274
v 0.035044 0.013167 -0.047349
v 0.017216 0.027783 -0.048397
v 0.002453 0.025011 -0.055108
v 0.003363 0.030177 -0.052126
v 0.005510 0.031059 -0.073261
v 0.002660 0.049455 -0.069197
v 0.016182 0.037737 -0.078497
v 0.017218 0.050715 -0.079708
v 0.034896 0.050337 -0.076218
v 0.052535 0.230517 0.001821
v 0.052493 0.225855 0.002729
v 0.053142 0.228879 0.004544
v 0.051475 0.224847 -0.000187
v 0.050220 0.227745 -0.003255
v 0.049311 0.221319 -0.005502
v 0.047624 0.226737 -0.006841
v 0.041224 0.214263 -0.013578
v 0.038890 0.228753 -0.014528
v 0.029182 0.220311 -0.022366
v 0.039578 0.226989 -0.019498
v 0.058581 0.212751 0.028764
v 0.060762 0.212877 0.027012
v 0.054000 0.208845 0.027989
v 0.060590 0.216405 0.026969
v 0.057846 0.217539 0.028030
v 0.053089 0.223839 0.023538
v 0.052226 0.222957 0.025527
v 0.051987 0.225981 0.023171
v 0.050302 0.225603 0.024771
v 0.051403 0.228123 0.022934
v 0.048942 0.229383 0.026177
v 0.001691 0.200277 0.037811
v -0.009221 0.212625 0.038488
v 0.011111 0.200403 0.035385
v -0.000755 0.207585 0.031783
v 0.006679 0.201159 0.032168
v 0.005100 0.197883 0.029295
v 0.011111 0.200403 0.035385
v 0.018670 0.186543 0.028638
v 0.020488 0.191709 0.033866
v 0.035225 0.188055 0.032949
v 0.021311 0.198891 0.037193
v 0.013525 0.058779 -0.042798
v 0.001222 0.086877 -0.054956
v -0.001735 0.058653 -0.049357
v 0.019098 0.085365 -0.045265
v 0.025610 0.059535 -0.033449
v 0.035901 0.078813 -0.024639
v 0.033902 0.065709 -0.008885
v 0.040842 0.089271 -0.002471
v 0.038346 0.085995 0.014904
v 0.043405 0.099603 0.017450
v 0.032458 0.086751 0.031525
v 0.000391 0.169281 -0.000803
v 0.008055 0.187551 -0.012758
v -0.000397 0.171675 0.015987
v 0.019160 0.191709 -0.015315
v 0.013028 0.170541 -0.008396
v 0.033644 0.186291 -0.006378
v 0.029085 0.160209 -0.004668
v 0.035659 0.169029 0.002113
v 0.037672 0.143577 0.007665
v 0.041219 0.165249 0.012590
v 0.016995 0.203931 -0.022099
v 0.019160 0.191709 -0.015315
v 0.025750 0.198135 -0.016335
v 0.012391 0.200781 -0.023889
v 0.016215 0.215397 -0.026333
v 0.005514 0.209853 -0.032399
v 0.036330 0.230265 0.037724
v 0.038814 0.228753 0.036231
v 0.037064 0.225603 0.036989
v 0.040563 0.231273 0.034739
v 0.039268 0.234171 0.036987
v 0.042940 0.235053 0.034046
v 0.038532 0.237951 0.035519
v 0.046286 0.236943 0.029096
v 0.038311 0.249165 0.027567
v 0.044904 0.230769 0.030220
v 0.042505 0.228249 0.029898
v 0.041404 0.229257 0.032470
v 0.043736 0.226233 0.028276
v 0.046587 0.227367 0.027151
v 0.044470 0.224469 0.027541
v 0.047408 0.224721 0.026070
v 0.046199 0.220941 0.028707
v 0.049482 0.221445 0.026587
v 0.046786 0.245763 0.000572
v 0.049731 0.255717 0.010121
v 0.051301 0.244377 -0.001700
v 0.046231 0.249291 0.010166
v 0.052386 0.238077 0.004998
v 0.052652 0.237069 0.014981
v 0.054182 0.235179 0.009211
v 0.053083 0.233037 0.013987
v 0.052564 0.230769 0.013123
v 0.034552 0.195111 0.029384
v 0.045617 0.199521 0.030674
v 0.034617 0.200781 0.029492
v 0.048533 0.199395 0.028921
v 0.050391 0.196875 0.028099
v 0.051578 0.199017 0.026651
v 0.053565 0.196623 0.023840
v 0.053630 0.198639 0.023948
v 0.054319 0.199017 0.020447
v 0.045320 0.200907 0.005716
v 0.054619 0.200529 0.017033
v 0.053472 0.200403 0.013166
v 0.054944 0.202545 0.018307
v 0.032468 0.200403 0.014173
v 0.053846 0.202671 0.023818
v 0.050413 0.202545 0.028380
v 0.052875 0.201285 0.025872
v 0.049160 0.200403 0.028986
v 0.053208 0.231399 0.006856
v 0.053142 0.228879 0.004544
v 0.051956 0.229383 0.008931
v 0.052535 0.230517 0.001821
v 0.053985 0.234297 0.004478
v 0.051647 0.233289 -0.001614
v 0.060590 0.216405 0.026969
v 0.060717 0.212751 0.024246
v 0.060762 0.212877 0.027012
v 0.059637 0.217539 0.024161
v 0.053089 0.223839 0.023538
v 0.053844 0.222957 0.021614
v 0.051987 0.225981 0.023171
v 0.052201 0.225603 0.020837
v 0.051403 0.228123 0.022934
v 0.054787 0.218421 0.008994
v 0.054675 0.218043 0.002447
v 0.056794 0.212121 0.004261
v 0.053424 0.221319 0.005991
v 0.052756 0.221697 0.009773
v 0.053294 0.223209 0.006510
v 0.052432 0.223335 0.009968
v 0.052906 0.224091 0.006597
v 0.051957 0.224091 0.009666
v 0.029085 0.160209 -0.004668
v 0.032707 0.149247 -0.019191
v 0.037672 0.143577 0.007665
v 0.019309 0.165879 -0.019226
v 0.013028 0.170541 -0.008396
v 0.009737 0.167139 -0.018766
v 0.000391 0.169281 -0.000803
v -0.002228 0.165627 -0.008343
v -0.009132 0.158571 0.009035
v 0.050253 0.224595 0.014659
v 0.050447 0.226359 0.013513
v 0.050057 0.225855 0.012865
v 0.051399 0.227493 0.016322
v 0.051162 0.224721 0.017640
v 0.052222 0.229383 0.018914
v 0.058857 0.204939 0.020660
v 0.057972 0.202167 0.021633
v 0.058882 0.203175 0.026084
v 0.056781 0.201663 0.017939
v 0.057428 0.203049 0.016815
v 0.055503 0.201159 0.013856
v 0.057255 0.206577 0.016037
v 0.057705 0.206577 0.010181
v 0.056648 0.213759 0.013315
v 0.051428 0.218295 0.027623
v 0.046199 0.220941 0.028707
v 0.049482 0.221445 0.026587
v 0.047671 0.213633 0.033114
v 0.050932 0.210609 0.029979
v 0.050155 0.206451 0.031622
v 0.054000 0.208845 0.027989
v 0.054757 0.204939 0.029739
v 0.032468 0.200403 0.014173
v 0.034552 0.195111 0.029384
v 0.034617 0.200781 0.029492
v 0.038153 0.186795 0.016784
v 0.045277 0.195111 0.005889
v 0.054750 0.196875 0.018718
v 0.053971 0.199395 0.016687
v 0.054319 0.199017 0.020447
v 0.007034 0.036981 0.115448
v -0.001375 0.046683 0.109770
v 0.011084 0.045927 0.095522
v -0.018757 0.032193 0.096254
v -0.005120 0.020727 0.099379
v 0.011745 0.029673 0.081454
v 0.034448 0.017829 0.103827
v 0.036727 0.028539 0.084377
v 0.051956 0.229383 0.008931
v 0.051675 0.228375 0.008953
v 0.050661 0.227745 0.011179
v 0.052797 0.228123 0.005927
v 0.053142 0.228879 0.004544
v 0.052904 0.227367 0.004393
v 0.052493 0.225855 0.002729
v 0.047408 0.224721 0.026070
v 0.050302 0.225603 0.024771
v 0.049482 0.221445 0.026587
v 0.048942 0.229383 0.026177
v 0.046587 0.227367 0.027151
v 0.045789 0.233037 0.029982
v 0.044904 0.230769 0.030220
v 0.033176 0.233037 0.039325
v 0.039268 0.234171 0.036987
v 0.036330 0.230265 0.037724
v 0.038532 0.237951 0.035519
v 0.031595 0.245511 0.034248
v 0.038311 0.249165 0.027567
v 0.040560 0.255591 0.030331
v 0.053424 0.221319 0.005991
v 0.052319 0.222201 0.001217
v 0.054675 0.218043 0.002447
v 0.052817 0.223839 0.003269
v 0.053294 0.223209 0.006510
v 0.052515 0.224595 0.003745
v 0.052906 0.224091 0.006597
v 0.041224 0.214263 -0.013578
v 0.042394 0.199017 -0.009430
v 0.050759 0.209475 -0.005049
v 0.034265 0.200655 -0.015865
v 0.029182 0.220311 -0.022366
v 0.023104 0.212877 -0.032972
v 0.025894 0.222201 -0.029062
v 0.025979 0.241479 0.036888
v 0.025982 0.238581 0.042031
v 0.032830 0.244251 0.039239
v 0.018612 0.231021 0.040285
v 0.015110 0.228501 0.038126
v 0.011850 0.226611 0.041996
v 0.002857 0.220059 0.036081
v 0.050155 0.206451 0.031622
v 0.047454 0.201033 0.031775
v 0.046074 0.206577 0.035838
v 0.050911 0.202923 0.031167
v 0.054757 0.204939 0.029739
v 0.051494 0.201537 0.029935
v 0.054994 0.202167 0.028420
v 0.035659 0.169029 0.002113
v 0.039809 0.182889 0.003882
v 0.033644 0.186291 -0.006378
v 0.041219 0.165249 0.012590
v 0.051647 0.233289 -0.001614
v 0.047624 0.226737 -0.006841
v 0.050220 0.227745 -0.003255
v 0.038890 0.228753 -0.014528
v 0.044968 0.241731 -0.005391
v 0.042780 0.231273 -0.013190
v 0.048941 0.238959 -0.008808
v 0.057972 0.202167 0.021633
v 0.057131 0.200907 0.025372
v 0.057715 0.201663 0.025610
v 0.054752 0.201285 0.021657
v 0.056781 0.201663 0.017939
v 0.054619 0.200529 0.017033
v 0.053472 0.200403 0.013166
v -0.027101 0.078183 0.057904
v -0.025271 0.050715 0.047249
v -0.039066 0.055629 0.033342
v -0.008998 0.051471 0.049378
v -0.005968 0.077049 0.057847
v 0.005889 0.053109 0.046754
v 0.017622 0.073269 0.047201
v -0.034034 0.062181 -0.005255
v -0.036021 0.086877 -0.003914
v -0.041854 0.082215 0.032371
v -0.023597 0.087885 -0.039014
v -0.020725 0.061677 -0.042063
v 0.001222 0.086877 -0.054956
v -0.001735 0.058653 -0.049357
v 0.012140 0.012537 -0.079597
v 0.005510 0.031059 -0.073261
v 0.002453 0.025011 -0.055108
v 0.016182 0.037737 -0.078497
v 0.033145 0.013923 -0.078400
v 0.032889 0.030555 -0.072220
v 0.042555 0.014553 -0.062005
v -0.009360 0.200529 0.024312
v -0.003921 0.187425 0.013548
v -0.012480 0.196497 0.011046
v 0.001617 0.191457 0.023743
v 0.053565 0.196623 0.023840
v 0.054750 0.196875 0.018718
v 0.054319 0.199017 0.020447
v 0.038153 0.186795 0.016784
v 0.050391 0.196875 0.028099
v 0.034552 0.195111 0.029384
v 0.035553 0.203175 0.039367
v 0.040349 0.204939 0.038543
v 0.040866 0.193851 0.034998
v 0.036656 0.210357 0.040468
v 0.030065 0.209223 0.040753
v 0.031124 0.216783 0.040558
v 0.046231 0.249291 0.010166
v 0.045675 0.256221 0.020496
v 0.049731 0.255717 0.010121
v 0.044616 0.248031 0.019956
v 0.052652 0.237069 0.014981
v 0.049350 0.239715 0.021963
v 0.031595 0.245511 0.034248
v 0.032830 0.244251 0.039239
v 0.040560 0.255591 0.030331
v 0.025979 0.241479 0.036888
v 0.033176 0.233037 0.039325
v 0.015110 0.228501 0.038126
v 0.030337 0.183141 0.026037
v 0.034526 0.171171 0.022491
v 0.018670 0.186543 0.028638
v 0.041219 0.165249 0.012590
v 0.043490 0.179109 0.015635
v 0.039809 0.182889 0.003882
v 0.051494 0.201537 0.029935
v 0.049160 0.200403 0.028986
v 0.045552 0.200277 0.030566
v 0.052875 0.201285 0.025872
v 0.054994 0.202167 0.028420
v 0.057131 0.200907 0.025372
v -0.020337 0.209475 0.024881
v -0.012480 0.196497 0.011046
v -0.025144 0.206703 0.009542
v -0.009360 0.200529 0.024312
v -0.008774 0.215145 0.028958
v -0.005058 0.203679 0.026578
v 0.055890 0.196497 0.010830
v 0.055503 0.201159 0.013856
v 0.057705 0.206577 0.010181
v 0.056390 0.197631 0.015087
v 0.058036 0.190953 0.021741
v 0.056390 0.197631 0.015087
v 0.056239 0.200277 0.016059
v 0.055503 0.201159 0.013856
v 0.057496 0.198639 0.021331
v 0.058447 0.195867 0.021936
v 0.058601 0.196749 0.026106
v 0.056612 0.183015 0.025243
v 0.057236 0.183519 0.020899
v 0.053154 0.181755 0.023646
v 0.058533 0.186165 0.020855
v 0.058363 0.185913 0.025955
v 0.051428 0.218295 0.027623
v 0.057846 0.217539 0.028030
v 0.050932 0.210609 0.029979
v 0.052226 0.222957 0.025527
v 0.049482 0.221445 0.026587
v -0.003032 0.266049 0.019187
v -0.015902 0.261009 -0.001009
v -0.004337 0.266679 0.005272
v -0.018248 0.253701 0.013189
v -0.009032 0.252819 0.030730
v 0.036884 0.264789 0.026660
v 0.045848 0.258111 0.020539
v 0.040366 0.261387 0.030742
v 0.039169 0.260253 0.017496
v 0.032793 0.264159 0.014713
v 0.044445 0.254457 -0.011398
v 0.048750 0.261261 -0.003254
v 0.040017 0.261639 -0.008737
v 0.052812 0.252567 -0.004078
v 0.047815 0.244629 -0.013864
v 0.030243 0.255339 -0.019622
v 0.032181 0.270711 0.003174
v 0.022623 0.270585 -0.006371
v 0.038487 0.267813 -0.002232
v 0.040017 0.261639 -0.008737
v 0.032181 0.270711 0.003174
v 0.032793 0.264159 0.014713
v 0.027929 0.266679 0.012490
v 0.044502 0.264789 0.009735
v 0.038487 0.267813 -0.002232
v 0.029891 0.261009 0.038506
v 0.023813 0.267687 0.030104
v 0.036884 0.264789 0.026660
v 0.019992 0.261387 0.035487
v 0.020277 0.254079 0.042078
v 0.023743 0.270711 0.021914
v 0.036884 0.264789 0.026660
v 0.023813 0.267687 0.030104
v 0.032793 0.264159 0.014713
v 0.027929 0.266679 0.012490
v 0.005341 0.255087 0.035323
v 0.023813 0.267687 0.030104
v 0.019992 0.261387 0.035487
v 0.023743 0.270711 0.021914
v 0.010216 0.270459 0.020929
v 0.016215 0.215397 -0.026333
v 0.027059 0.223839 -0.031526
v 0.016120 0.219429 -0.039212
v 0.023778 0.218295 -0.024998
v 0.023651 0.207837 -0.022276
v -0.005503 0.223587 0.040516
v 0.002857 0.220059 0.036081
v -0.002698 0.218043 0.033686
v 0.011850 0.226611 0.041996
v 0.011115 0.245133 0.042732
v 0.053762 0.183519 0.028572
v 0.046287 0.185535 0.031300
v 0.054519 0.186165 0.029588
v 0.030337 0.183141 0.026037
v 0.043490 0.179109 0.015635
v -0.029685 0.231777 0.004186
v -0.030471 0.214263 0.026119
v -0.034307 0.212247 0.007257
v -0.024378 0.234801 0.024516
v -0.027459 0.249543 0.003730
v 0.039513 0.245511 -0.020341
v 0.039578 0.226989 -0.019498
v 0.042624 0.233289 -0.021034
v 0.027059 0.223839 -0.031526
v 0.029588 0.238833 -0.029518
v 0.057239 0.206703 0.025307
v 0.056720 0.208215 0.025178
v 0.057150 0.208845 0.021245
v 0.054000 0.208845 0.027989
v 0.054757 0.204939 0.029739
v 0.038346 0.085995 0.014904
v 0.024332 0.062559 0.030233
v 0.032458 0.086751 0.031525
v 0.030975 0.062685 0.010954
v 0.033902 0.065709 -0.008885
v 0.050253 0.224595 0.014659
v 0.052371 0.221067 0.015003
v 0.051162 0.224721 0.017640
v 0.051419 0.222705 0.012929
v 0.050598 0.223965 0.013275
v 0.055053 0.218295 0.019712
v 0.053844 0.222957 0.021614
v 0.052957 0.221571 0.018914
v 0.059637 0.217539 0.024161
v 0.056478 0.210609 0.017680
v 0.056785 0.191835 0.025286
v 0.056785 0.194103 0.025286
v 0.057453 0.192843 0.021504
v 0.054367 0.192843 0.028356
v 0.054886 0.190953 0.028485
v 0.053846 0.202671 0.023818
v 0.054752 0.201285 0.021657
v 0.054944 0.202545 0.018307
v 0.054256 0.200907 0.024013
v 0.052875 0.201285 0.025872
v 0.055929 0.205191 0.004045
v 0.053290 0.203427 -0.000102
v 0.053662 0.193851 0.006877
v 0.054933 0.210483 -0.000060
v 0.056794 0.212121 0.004261
v 0.044470 0.224469 0.027541
v 0.043649 0.223839 0.028622
v 0.043023 0.225729 0.028558
v 0.043996 0.222705 0.029443
v 0.046199 0.220941 0.028707
v 0.034212 0.224721 0.038114
v 0.028876 0.221067 0.039998
v 0.030972 0.227493 0.039326
v 0.035768 0.222075 0.037768
v 0.037626 0.223713 0.036945
v 0.048340 0.096453 -0.003448
v 0.043405 0.099603 0.017450
v 0.050329 0.119763 -0.001851
v 0.040842 0.089271 -0.002471
v 0.035901 0.078813 -0.024639
v 0.023658 0.046683 -0.044770
v 0.003363 0.030177 -0.052126
v 0.003947 0.047313 -0.050420
v 0.017216 0.027783 -0.048397
v 0.034148 0.028035 -0.063274
v 0.008055 0.187551 -0.012758
v 0.012391 0.200781 -0.023889
v 0.000403 0.196623 -0.017421
v 0.019160 0.191709 -0.015315
v -0.001229 0.183393 -0.000565
v 0.000403 0.196623 -0.017421
v -0.011518 0.193599 -0.005701
v 0.008055 0.187551 -0.012758
v -0.012480 0.196497 0.011046
v -0.001229 0.183393 -0.000565
v -0.011518 0.193599 -0.005701
v -0.003921 0.187425 0.013548
v 0.005514 0.209853 -0.032399
v 0.000403 0.196623 -0.017421
v 0.012391 0.200781 -0.023889
v -0.009240 0.206955 -0.025885
v -0.009240 0.206955 -0.025885
v -0.011518 0.193599 -0.005701
v 0.000403 0.196623 -0.017421
v -0.023579 0.205191 -0.011096
v -0.011518 0.193599 -0.005701
v -0.025144 0.206703 0.009542
v -0.012480 0.196497 0.011046
v -0.023579 0.205191 -0.011096
v 0.005100 0.197883 0.029295
v -0.005058 0.203679 0.026578
v -0.000755 0.207585 0.031783
v 0.001617 0.191457 0.023743
v 0.038533 0.227241 0.036253
v 0.037064 0.225603 0.036989
v 0.038814 0.228753 0.036231
v 0.037863 0.224469 0.036362
v -0.008646 0.263025 -0.008750
v -0.017038 0.249795 -0.021494
v -0.001935 0.253449 -0.022778
v -0.016989 0.257481 -0.011381
v -0.008622 0.258489 -0.004061
v 0.002398 0.267687 -0.005537
v 0.004023 0.262773 0.001571
v -0.008646 0.263025 -0.008750
v 0.004023 0.262773 0.001571
v 0.007271 0.272349 0.011380
v -0.004337 0.266679 0.005272
v 0.017446 0.265797 0.007764
v 0.027059 0.223839 -0.031526
v 0.029182 0.220311 -0.022366
v 0.039578 0.226989 -0.019498
v 0.023778 0.218295 -0.024998
v 0.048967 0.197631 0.031601
v 0.055253 0.195867 0.028852
v 0.054670 0.194481 0.028615
v 0.054259 0.198639 0.028421
v -0.001935 0.253449 -0.022778
v 0.012505 0.266301 -0.015138
v -0.008646 0.263025 -0.008750
v 0.017316 0.253197 -0.027436
v -0.016285 0.232029 -0.025621
v -0.000217 0.214641 -0.040715
v 0.002487 0.235179 -0.034990
v -0.016828 0.212373 -0.031175
v 0.002487 0.235179 -0.034990
v -0.017038 0.249795 -0.021494
v -0.016285 0.232029 -0.025621
v -0.001935 0.253449 -0.022778
v 0.042116 0.227619 0.029984
v 0.043649 0.223839 0.028622
v 0.041167 0.228249 0.032319
v 0.043023 0.225729 0.028558
v 0.047454 0.201033 0.031775
v 0.045617 0.199521 0.030674
v 0.048533 0.199395 0.028921
v 0.045552 0.200277 0.030566
v 0.057131 0.200907 0.025372
v 0.054256 0.200907 0.024013
v 0.052875 0.201285 0.025872
v 0.054752 0.201285 0.021657
v 0.045277 0.195111 0.005889
v 0.053536 0.199647 0.013274
v 0.053971 0.199395 0.016687
v 0.045320 0.200907 0.005716
v -0.009221 0.212625 0.038488
v -0.002698 0.218043 0.033686
v -0.004338 0.221823 0.038052
v -0.000755 0.207585 0.031783
v 0.023778 0.218295 -0.024998
v 0.023104 0.212877 -0.032972
v 0.025894 0.222201 -0.029062
v 0.023651 0.207837 -0.022276
v 0.029743 0.200529 -0.024613
v 0.034265 0.200655 -0.015865
v 0.023104 0.212877 -0.032972
v 0.028970 0.201411 -0.017093
v 0.058533 0.186165 0.020855
v 0.054401 0.185661 0.013489
v 0.057236 0.183519 0.020899
v 0.055892 0.188811 0.013769
v 0.041224 0.214263 -0.013578
v 0.051278 0.217035 -0.004185
v 0.049311 0.221319 -0.005502
v 0.050759 0.209475 -0.005049
v 0.060717 0.212751 0.024246
v 0.057150 0.208845 0.021245
v 0.060762 0.212877 0.027012
v 0.056478 0.210609 0.017680
v 0.048533 0.199395 0.028921
v 0.049593 0.200151 0.030930
v 0.047454 0.201033 0.031775
v 0.051578 0.199017 0.026651
v 0.021311 0.198891 0.037193
v 0.011111 0.200403 0.035385
v 0.017401 0.214011 0.039249
v 0.020488 0.191709 0.033866
v 0.028876 0.221067 0.039998
v 0.026650 0.226485 0.039718
v 0.030972 0.227493 0.039326
v 0.017401 0.214011 0.039249
v -0.009032 0.252819 0.030730
v 0.010216 0.270459 0.020929
v 0.005341 0.255087 0.035323
v -0.003032 0.266049 0.019187
v 0.005341 0.255087 0.035323
v -0.015295 0.235431 0.035963
v -0.009032 0.252819 0.030730
v -0.002283 0.238455 0.041227
v 0.019992 0.261387 0.035487
v 0.011115 0.245133 0.042732
v 0.005341 0.255087 0.035323
v 0.020277 0.254079 0.042078
v 0.021381 0.244251 0.044648
v 0.011115 0.245133 0.042732
v 0.020277 0.254079 0.042078
v 0.012673 0.232911 0.045324
v -0.024378 0.234801 0.024516
v -0.009032 0.252819 0.030730
v -0.015295 0.235431 0.035963
v -0.018248 0.253701 0.013189
v 0.018510 0.273735 0.014916
v 0.023743 0.270711 0.021914
v 0.010216 0.270459 0.020929
v 0.027929 0.266679 0.012490
v 0.032075 0.252441 0.041897
v 0.025982 0.238581 0.042031
v 0.021381 0.244251 0.044648
v 0.032830 0.244251 0.039239
v 0.020277 0.254079 0.042078
v 0.032075 0.252441 0.041897
v 0.021381 0.244251 0.044648
v 0.029891 0.261009 0.038506
v 0.040366 0.261387 0.030742
v 0.032830 0.244251 0.039239
v 0.032075 0.252441 0.041897
v 0.040560 0.255591 0.030331
v 0.040366 0.261387 0.030742
v 0.045675 0.256221 0.020496
v 0.040560 0.255591 0.030331
v 0.045848 0.258111 0.020539
v -0.027459 0.249543 0.003730
v -0.025676 0.231273 -0.011894
v -0.023039 0.250803 -0.010685
v -0.029685 0.231777 0.004186
v -0.017038 0.249795 -0.021494
v -0.025676 0.231273 -0.011894
v -0.016285 0.232029 -0.025621
v -0.023039 0.250803 -0.010685
v 0.040017 0.261639 -0.008737
v 0.039513 0.245511 -0.020341
v 0.044445 0.254457 -0.011398
v 0.030243 0.255339 -0.019622
v 0.039513 0.245511 -0.020341
v 0.047815 0.244629 -0.013864
v 0.044445 0.254457 -0.011398
v 0.042624 0.233289 -0.021034
v 0.047815 0.244629 -0.013864
v 0.048941 0.238959 -0.008808
v 0.052812 0.252567 -0.004078
v 0.042780 0.231273 -0.013190
v 0.049925 0.261513 0.009710
v 0.045675 0.256221 0.020496
v 0.045848 0.258111 0.020539
v 0.049731 0.255717 0.010121
v 0.002487 0.235179 -0.034990
v 0.017316 0.253197 -0.027436
v -0.001935 0.253449 -0.022778
v 0.017073 0.235809 -0.035669
v 0.017316 0.253197 -0.027436
v 0.022623 0.270585 -0.006371
v 0.012505 0.266301 -0.015138
v 0.030243 0.255339 -0.019622
v 0.030243 0.255339 -0.019622
v 0.017073 0.235809 -0.035669
v 0.029588 0.238833 -0.029518
v 0.017316 0.253197 -0.027436
v 0.022623 0.270585 -0.006371
v 0.013442 0.272349 -0.002324
v 0.012505 0.266301 -0.015138
v 0.023473 0.273735 0.003849
v 0.044502 0.264789 0.009735
v 0.045848 0.258111 0.020539
v 0.039169 0.260253 0.017496
v 0.049925 0.261513 0.009710
v 0.044502 0.264789 0.009735
v 0.048750 0.261261 -0.003254
v 0.049925 0.261513 0.009710
v 0.038487 0.267813 -0.002232
v 0.029588 0.238833 -0.029518
v 0.016120 0.219429 -0.039212
v 0.027059 0.223839 -0.031526
v 0.017073 0.235809 -0.035669
v 0.016120 0.219429 -0.039212
v 0.005514 0.209853 -0.032399
v 0.016215 0.215397 -0.026333
v -0.000217 0.214641 -0.040715
v 0.002487 0.235179 -0.034990
v 0.016120 0.219429 -0.039212
v 0.017073 0.235809 -0.035669
v -0.000217 0.214641 -0.040715
v -0.002283 0.238455 0.041227
v -0.018406 0.219051 0.037391
v -0.015295 0.235431 0.035963
v -0.005503 0.223587 0.040516
v -0.018406 0.219051 0.037391
v -0.024378 0.234801 0.024516
v -0.015295 0.235431 0.035963
v -0.030471 0.214263 0.026119
v -0.004338 0.221823 0.038052
v 0.002857 0.220059 0.036081
v -0.009221 0.212625 0.038488
v -0.002698 0.218043 0.033686
v -0.020337 0.209475 0.024881
v -0.018406 0.219051 0.037391
v -0.008774 0.215145 0.028958
v -0.030471 0.214263 0.026119
v 0.050413 0.202545 0.028380
v 0.034617 0.200781 0.029492
v 0.049160 0.200403 0.028986
v 0.032468 0.200403 0.014173
v -0.029685 0.231777 0.004186
v -0.030777 0.211869 -0.014268
v -0.025676 0.231273 -0.011894
v -0.034307 0.212247 0.007257
v -0.030777 0.211869 -0.014268
v -0.016285 0.232029 -0.025621
v -0.025676 0.231273 -0.011894
v -0.016828 0.212373 -0.031175
v -0.034307 0.212247 0.007257
v -0.023579 0.205191 -0.011096
v -0.030777 0.211869 -0.014268
v -0.025144 0.206703 0.009542
v -0.025144 0.206703 0.009542
v -0.030471 0.214263 0.026119
v -0.020337 0.209475 0.024881
v -0.034307 0.212247 0.007257
v -0.009240 0.206955 -0.025885
v -0.000217 0.214641 -0.040715
v -0.016828 0.212373 -0.031175
v 0.005514 0.209853 -0.032399
v -0.016828 0.212373 -0.031175
v -0.023579 0.205191 -0.011096
v -0.009240 0.206955 -0.025885
v -0.030777 0.211869 -0.014268
v -0.039066 0.055629 0.033342
v -0.041854 0.082215 0.032371
v -0.027101 0.078183 0.057904
v -0.034034 0.062181 -0.005255
v -0.009132 0.158571 0.009035
v -0.000397 0.171675 0.015987
v 0.007456 0.175707 0.030525
v 0.000391 0.169281 -0.000803
v 0.005086 0.009009 -0.060512
v 0.002453 0.025011 -0.055108
v 0.015058 0.012159 -0.044895
v 0.012140 0.012537 -0.079597
v 0.036821 0.051471 0.096521
v 0.011745 0.029673 0.081454
v 0.036727 0.028539 0.084377
v 0.020246 0.046179 0.095603
v -0.000724 0.043533 0.080274
v -0.000555 0.057519 0.075174
v -0.019842 0.061047 0.089556
v 0.011084 0.045927 0.095522
v 0.007034 0.036981 0.115448
v 0.034448 0.017829 0.103827
v -0.005120 0.020727 0.099379
v 0.034435 0.038745 0.117505
v 0.016995 0.203931 -0.022099
v 0.025750 0.198135 -0.016335
v 0.023651 0.207837 -0.022276
v 0.043023 0.225729 0.028558
v 0.043736 0.226233 0.028276
v 0.044470 0.224469 0.027541
v 0.042394 0.199017 -0.009430
v 0.034265 0.200655 -0.015865
v 0.039477 0.191709 -0.007678
v 0.004023 0.262773 0.001571
v -0.004337 0.266679 0.005272
v -0.008622 0.258489 -0.004061
v -0.003032 0.266049 0.019187
v -0.004337 0.266679 0.005272
v 0.007271 0.272349 0.011380
v 0.012505 0.266301 -0.015138
v 0.002398 0.267687 -0.005537
v -0.008646 0.263025 -0.008750
v 0.056785 0.194103 0.025286
v 0.057799 0.194481 0.021590
v 0.057453 0.192843 0.021504
v 0.023473 0.273735 0.003849
v 0.022623 0.270585 -0.006371
v 0.032181 0.270711 0.003174
v 0.018510 0.273735 0.014916
v 0.010216 0.270459 0.020929
v 0.007271 0.272349 0.011380
v 0.004023 0.262773 0.001571
v 0.002398 0.267687 -0.005537
v 0.013442 0.272349 -0.002324
v 0.048409 0.188055 0.004007
v 0.033644 0.186291 -0.006378
v 0.039809 0.182889 0.003882
v 0.033644 0.186291 -0.006378
v 0.025750 0.198135 -0.016335
v 0.019160 0.191709 -0.015315
v 0.055503 0.201159 0.013856
v 0.053971 0.199395 0.016687
v 0.053536 0.199647 0.013274
v 0.051494 0.201537 0.029935
v 0.045552 0.200277 0.030566
v 0.047454 0.201033 0.031775
v 0.057496 0.198639 0.021331
v 0.058601 0.196749 0.026106
v 0.057607 0.198765 0.025674
v 0.055503 0.201159 0.013856
v 0.053536 0.199647 0.013274
v 0.053472 0.200403 0.013166
v 0.054944 0.202545 0.018307
v 0.054752 0.201285 0.021657
v 0.054619 0.200529 0.017033
v 0.053536 0.199647 0.013274
v 0.045320 0.200907 0.005716
v 0.053472 0.200403 0.013166
v 0.053472 0.200403 0.013166
v 0.056781 0.201663 0.017939
v 0.055503 0.201159 0.013856
v 0.057972 0.202167 0.021633
v 0.057715 0.201663 0.025610
v 0.058882 0.203175 0.026084
v 0.058857 0.204939 0.020660
v 0.058882 0.203175 0.026084
v 0.058947 0.205065 0.026192
v 0.023778 0.218295 -0.024998
v 0.025894 0.222201 -0.029062
v 0.029182 0.220311 -0.022366
v 0.051647 0.233289 -0.001614
v 0.050220 0.227745 -0.003255
v 0.052535 0.230517 0.001821
v 0.050253 0.224595 0.014659
v 0.050057 0.225855 0.012865
v 0.050598 0.223965 0.013275
v 0.053662 0.193851 0.006877
v 0.053290 0.203427 -0.000102
v 0.048409 0.188055 0.004007
v 0.056794 0.212121 0.004261
v 0.054675 0.218043 0.002447
v 0.054933 0.210483 -0.000060
v 0.059637 0.217539 0.024161
v 0.056478 0.210609 0.017680
v 0.060717 0.212751 0.024246
v 0.049160 0.200403 0.028986
v 0.034617 0.200781 0.029492
v 0.045552 0.200277 0.030566
v 0.045617 0.199521 0.030674
v 0.045552 0.200277 0.030566
v 0.034617 0.200781 0.029492
v 0.050911 0.202923 0.031167
v 0.051494 0.201537 0.029935
v 0.047454 0.201033 0.031775
v 0.058581 0.212751 0.028764
v 0.054000 0.208845 0.027989
v 0.050932 0.210609 0.029979
v 0.050932 0.210609 0.029979
v 0.057846 0.217539 0.028030
v 0.058581 0.212751 0.028764
v 0.038275 0.217917 0.038760
v 0.036656 0.210357 0.040468
v 0.031124 0.216783 0.040558
v 0.040955 0.211869 0.039061
v 0.040349 0.204939 0.038543
v 0.036656 0.210357 0.040468
v 0.011111 0.200403 0.035385
v 0.006679 0.201159 0.032168
v 0.001691 0.200277 0.037811
v 0.018670 0.186543 0.028638
v 0.001617 0.191457 0.023743
v 0.005100 0.197883 0.029295
v 0.016995 0.203931 -0.022099
v 0.023651 0.207837 -0.022276
v 0.016215 0.215397 -0.026333
v -0.003032 0.266049 0.019187
v 0.007271 0.272349 0.011380
v 0.010216 0.270459 0.020929
v 0.005341 0.255087 0.035323
v 0.011115 0.245133 0.042732
v -0.002283 0.238455 0.041227
v 0.018510 0.273735 0.014916
v 0.007271 0.272349 0.011380
v 0.017446 0.265797 0.007764
v 0.017446 0.265797 0.007764
v 0.027929 0.266679 0.012490
v 0.018510 0.273735 0.014916
v -0.008622 0.258489 -0.004061
v -0.004337 0.266679 0.005272
v -0.015902 0.261009 -0.001009
v -0.023039 0.250803 -0.010685
v -0.008622 0.258489 -0.004061
v -0.015902 0.261009 -0.001009
v -0.027459 0.249543 0.003730
v -0.015902 0.261009 -0.001009
v -0.018248 0.253701 0.013189
v -0.027459 0.249543 0.003730
v -0.023039 0.250803 -0.010685
v -0.015902 0.261009 -0.001009
v 0.029891 0.261009 0.038506
v 0.036884 0.264789 0.026660
v 0.040366 0.261387 0.030742
v 0.040366 0.261387 0.030742
v 0.032075 0.252441 0.041897
v 0.029891 0.261009 0.038506
v -0.024378 0.234801 0.024516
v -0.027459 0.249543 0.003730
v -0.018248 0.253701 0.013189
v -0.016989 0.257481 -0.011381
v -0.023039 0.250803 -0.010685
v -0.017038 0.249795 -0.021494
v -0.016989 0.257481 -0.011381
v -0.008622 0.258489 -0.004061
v -0.023039 0.250803 -0.010685
v 0.023473 0.273735 0.003849
v 0.027929 0.266679 0.012490
v 0.017446 0.265797 0.007764
v 0.042780 0.231273 -0.013190
v 0.047815 0.244629 -0.013864
v 0.042624 0.233289 -0.021034
v 0.052812 0.252567 -0.004078
v 0.048941 0.238959 -0.008808
v 0.051301 0.244377 -0.001700
v 0.051301 0.244377 -0.001700
v 0.049925 0.261513 0.009710
v 0.052812 0.252567 -0.004078
v 0.048750 0.261261 -0.003254
v 0.052812 0.252567 -0.004078
v 0.049925 0.261513 0.009710
v 0.049925 0.261513 0.009710
v 0.051301 0.244377 -0.001700
v 0.049731 0.255717 0.010121
v 0.029588 0.238833 -0.029518
v 0.039513 0.245511 -0.020341
v 0.030243 0.255339 -0.019622
v 0.017446 0.265797 0.007764
v 0.013442 0.272349 -0.002324
v 0.023473 0.273735 0.003849
v 0.002398 0.267687 -0.005537
v 0.012505 0.266301 -0.015138
v 0.013442 0.272349 -0.002324
v -0.008646 0.263025 -0.008750
v -0.008622 0.258489 -0.004061
v -0.016989 0.257481 -0.011381
v 0.004023 0.262773 0.001571
v 0.013442 0.272349 -0.002324
v 0.017446 0.265797 0.007764
v 0.032181 0.270711 0.003174
v 0.027929 0.266679 0.012490
v 0.023473 0.273735 0.003849
v 0.032793 0.264159 0.014713
v 0.044502 0.264789 0.009735
v 0.039169 0.260253 0.017496
v 0.040017 0.261639 -0.008737
v 0.048750 0.261261 -0.003254
v 0.038487 0.267813 -0.002232
v -0.008774 0.215145 0.028958
v -0.018406 0.219051 0.037391
v -0.005503 0.223587 0.040516
v 0.037626 0.223713 0.036945
v 0.037064 0.225603 0.036989
v 0.037863 0.224469 0.036362
v 0.011115 0.245133 0.042732
v -0.005503 0.223587 0.040516
v -0.002283 0.238455 0.041227
v 0.025982 0.238581 0.042031
v 0.018612 0.231021 0.040285
v 0.021381 0.244251 0.044648
v 0.011115 0.245133 0.042732
v 0.012673 0.232911 0.045324
v 0.011850 0.226611 0.041996
v 0.018612 0.231021 0.040285
v 0.011850 0.226611 0.041996
v 0.012673 0.232911 0.045324
v 0.012673 0.232911 0.045324
v 0.021381 0.244251 0.044648
v 0.018612 0.231021 0.040285
v -0.009360 0.200529 0.024312
v -0.005058 0.203679 0.026578
v 0.001617 0.191457 0.023743
v 0.047671 0.213633 0.033114
v 0.050155 0.206451 0.031622
v 0.046074 0.206577 0.035838
v 0.054000 0.208845 0.027989
v 0.060762 0.212877 0.027012
v 0.056720 0.208215 0.025178
v 0.060762 0.212877 0.027012
v 0.057150 0.208845 0.021245
v 0.056720 0.208215 0.025178
v 0.056648 0.213759 0.013315
v 0.057255 0.206577 0.016037
v 0.056478 0.210609 0.017680
v 0.039578 0.226989 -0.019498
v 0.038890 0.228753 -0.014528
v 0.042780 0.231273 -0.013190
v 0.042624 0.233289 -0.021034
v 0.039578 0.226989 -0.019498
v 0.042780 0.231273 -0.013190
v 0.058857 0.204939 0.020660
v 0.057255 0.206577 0.016037
v 0.057428 0.203049 0.016815
v 0.045320 0.200907 0.005716
v 0.045277 0.195111 0.005889
v 0.032468 0.200403 0.014173
v 0.045502 0.129465 0.019718
v 0.050329 0.119763 -0.001851
v 0.043405 0.099603 0.017450
v 0.038111 0.140427 0.017691
v 0.045502 0.129465 0.019718
v 0.035091 0.143199 0.026856
v 0.032707 0.149247 -0.019191
v 0.044901 0.139293 -0.007703
v 0.037672 0.143577 0.007665
v 0.003363 0.030177 -0.052126
v 0.002660 0.049455 -0.069197
v 0.003947 0.047313 -0.050420
v 0.036486 0.048195 -0.057182
v 0.034148 0.028035 -0.063274
v 0.023658 0.046683 -0.044770
v 0.032889 0.030555 -0.072220
v 0.034896 0.050337 -0.076218
v 0.016182 0.037737 -0.078497
v 0.052173 -0.043155 -0.058229
v 0.045652 -0.044163 -0.050489
v 0.035044 0.013167 -0.047349
v 0.052201 0.225603 0.020837
v 0.052957 0.221571 0.018914
v 0.053844 0.222957 0.021614
v 0.049482 0.221445 0.026587
v 0.050302 0.225603 0.024771
v 0.052226 0.222957 0.025527
v 0.031986 0.079947 0.037835
v 0.038101 0.093555 0.037247
v 0.017622 0.073269 0.047201
v 0.043741 0.094563 0.037093
v 0.038452 0.094815 0.044681
v 0.041590 0.132237 0.052350
v 0.035391 0.130851 0.056222
v 0.030530 0.154413 0.059142
v 0.024504 0.146475 0.063057
v 0.006983 0.156933 0.068146
v -0.000586 0.158949 0.059464
v -0.025812 0.160461 0.045370
v -0.026268 0.146601 0.043144
v -0.048734 0.151263 0.020188
v -0.053509 0.136269 0.021293
v -0.080318 0.126567 -0.000817
v -0.056574 0.115101 -0.007293
v -0.084539 0.125811 -0.013715
v -0.074670 0.128205 -0.022732
v -0.055599 0.156933 -0.004204
v -0.037805 0.154539 -0.022539
v -0.025722 0.173439 -0.016864
v -0.010304 0.164367 -0.033772
v 0.004095 0.178479 -0.020816
v 0.029386 0.161469 -0.042332
v 0.027578 0.174195 -0.030662
v 0.043530 0.159201 -0.023931
v 0.031453 0.170793 -0.020055
v 0.044901 0.139293 -0.007703
v 0.032707 0.149247 -0.019191
v 0.050603 -0.055881 -0.047143
v 0.057533 -0.055881 -0.056158
v 0.053751 -0.042273 -0.056826
v 0.048471 -0.044415 -0.068794
v 0.031270 -0.048951 -0.069777
v 0.051627 -0.057645 -0.066721
v 0.033908 -0.059787 -0.067834
v 0.043245 -0.039501 -0.029052
v 0.041038 -0.049707 0.000057
v 0.040201 0.003087 0.008939
v 0.031159 -0.045171 0.027895
v 0.010022 -0.031815 0.057059
v 0.006545 -0.047439 0.059589
v -0.021439 -0.030933 0.059499
v -0.026343 -0.037863 0.061123
v -0.054625 -0.043659 0.033136
v -0.054214 -0.036477 0.034065
v -0.057969 -0.049959 0.007510
v -0.058898 -0.053739 0.007186
v -0.045650 -0.056763 -0.023853
v -0.043749 -0.057897 -0.025582
v -0.043309 -0.064953 0.055883
v -0.068498 -0.051471 0.032799
v -0.070744 -0.047943 0.000192
v -0.051120 -0.058527 -0.028797
v -0.058898 -0.053739 0.007186
v -0.043749 -0.057897 -0.025582
v 0.030975 0.062685 0.010954
v 0.049606 0.073521 0.016517
v 0.039719 0.072639 0.032601
v 0.048254 0.075285 -0.002368
v 0.033902 0.065709 -0.008885
v 0.044732 0.067095 -0.036119
v 0.025610 0.059535 -0.033449
v 0.033379 0.061551 -0.049142
v 0.013525 0.058779 -0.042798
v 0.006815 0.060795 -0.060080
v -0.001735 0.058653 -0.049357
v -0.019111 0.064449 -0.053322
v -0.020725 0.061677 -0.042063
v -0.031805 0.069363 -0.033348
v -0.034034 0.062181 -0.005255
v -0.042355 0.067725 -0.006870
v -0.045535 0.063945 0.021353
v 0.022803 0.140301 0.072458
v 0.026995 0.142443 0.072585
v 0.024504 0.146475 0.063057
v 0.030414 0.136647 0.079498
v 0.022007 0.132363 0.078228
v 0.034502 0.128079 0.086302
v 0.029347 0.115983 0.100718
v 0.022768 -0.058023 -0.084660
v -0.006255 -0.042273 -0.088682
v -0.039502 -0.036351 -0.074291
v -0.053186 -0.048573 -0.048871
v -0.048563 -0.064071 -0.017692
v -0.039660 -0.045171 -0.051559
v -0.043749 -0.057897 -0.025582
v -0.045650 -0.056763 -0.023853
v 0.039619 -0.017325 -0.056860
v 0.043245 -0.039501 -0.029052
v 0.040201 0.003087 0.008939
v 0.037474 -0.029421 -0.066302
v 0.014651 -0.013167 -0.072727
v 0.010564 -0.018837 -0.078061
v -0.023768 -0.028413 -0.069634
v -0.025709 -0.021609 -0.064792
v -0.039054 -0.041265 -0.050306
v -0.039660 -0.045171 -0.051559
v -0.045650 -0.056763 -0.023853
v -0.039066 0.055629 0.033342
v -0.045535 0.063945 0.021353
v -0.034034 0.062181 -0.005255
v -0.042581 0.056007 0.044862
v -0.025271 0.050715 0.047249
v -0.022691 0.050967 0.061574
v -0.008998 0.051471 0.049378
v 0.005662 0.052479 0.064236
v 0.005889 0.053109 0.046754
v 0.020936 0.059661 0.059321
v 0.024332 0.062559 0.030233
v 0.039719 0.072639 0.032601
v 0.030975 0.062685 0.010954
v 0.032294 0.065835 0.046176
v 0.038706 0.078183 0.036296
v 0.039719 0.072639 0.032601
v 0.022471 0.072765 0.059428
v -0.055599 0.156933 -0.004204
v -0.080318 0.126567 -0.000817
v -0.084539 0.125811 -0.013715
v -0.048734 0.151263 0.020188
v -0.035531 0.168399 0.020634
v -0.025812 0.160461 0.045370
v -0.007534 0.175707 0.042030
v 0.006983 0.156933 0.068146
v 0.011472 0.170541 0.059716
v 0.030530 0.154413 0.059142
v 0.018273 0.168021 0.051219
v 0.034605 0.137151 0.043905
v 0.019612 0.145971 0.049533
v 0.019541 0.153405 0.074124
v -0.008341 0.156051 0.063683
v -0.000586 0.158949 0.059464
v -0.001759 0.153909 0.083688
v 0.017043 0.150633 0.087091
v -0.008988 0.148617 0.099057
v 0.015322 0.144711 0.100619
v -0.018232 0.134631 0.107404
v 0.006016 0.129969 0.111062
v -0.017341 0.098343 0.115247
v 0.000271 0.091035 0.115690
v -0.002904 0.067599 0.119214
v 0.010882 0.067347 0.118427
v 0.040894 -0.005607 -0.056450
v 0.043652 -0.022869 -0.069720
v 0.053172 -0.042651 -0.050451
v 0.012038 0.002583 -0.069981
v 0.004766 0.030933 -0.053705
v -0.019643 -0.012915 -0.073288
v -0.017379 0.030933 -0.047013
v -0.040415 -0.013041 -0.049635
v -0.038207 0.028035 -0.008774
v -0.052800 -0.018207 -0.019850
v -0.058052 -0.021231 0.012264
v -0.067639 -0.051597 -0.010787
v -0.066801 -0.053865 0.016785
v 0.004335 0.044037 -0.052710
v 0.030943 0.029295 -0.040475
v 0.031160 0.042399 -0.039135
v 0.004766 0.030933 -0.053705
v -0.017292 0.044415 -0.045890
v -0.017379 0.030933 -0.047013
v -0.037882 0.041391 -0.007500
v -0.038207 0.028035 -0.008774
v 0.026459 -0.067725 -0.058213
v 0.028165 -0.059535 -0.059532
v 0.033908 -0.059787 -0.067834
v 0.024966 -0.049833 -0.059962
v 0.031270 -0.048951 -0.069777
v 0.053751 -0.042273 -0.056826
v 0.041282 0.002961 0.009024
v 0.037370 0.024759 0.008876
v 0.039924 0.027153 -0.019412
v 0.027101 0.022743 0.035331
v 0.033262 -0.024885 0.039714
v 0.009543 0.021861 0.050144
v 0.010414 -0.020601 0.060646
v -0.019759 0.022365 0.050552
v -0.023815 -0.014175 0.060192
v -0.054273 -0.029673 0.042038
v -0.029363 -0.038619 0.068817
v -0.056345 -0.046431 0.046664
v 0.049606 0.073521 0.016517
v 0.032294 0.065835 0.046176
v 0.039719 0.072639 0.032601
v 0.041219 0.057267 0.012590
v 0.048352 0.070875 -0.018596
v 0.040873 0.054117 -0.021746
v 0.044732 0.067095 -0.036119
v 0.031160 0.042399 -0.039135
v 0.033379 0.061551 -0.049142
v 0.006815 0.060795 -0.060080
v -0.013844 0.066213 0.075074
v -0.030690 0.060921 0.088871
v -0.015990 0.055125 0.064163
v -0.030927 0.073899 0.089455
v -0.015859 0.091035 0.067318
v -0.029574 0.096075 0.077764
v -0.031288 0.125937 0.065858
v -0.023702 0.136773 0.067474
v -0.020538 0.148365 0.048521
v -0.018780 0.147609 0.060988
v -0.000586 0.158949 0.059464
v -0.027208 0.088011 -0.043312
v -0.036415 0.102123 -0.011909
v -0.035362 0.088263 -0.020920
v -0.020737 0.129465 -0.027650
v -0.012347 0.117117 -0.051360
v -0.002210 0.134883 -0.048925
v 0.001198 0.097335 -0.058175
v 0.005674 0.105903 -0.052927
v 0.039451 0.093303 -0.049556
v 0.014089 0.098847 -0.038433
v 0.041653 0.103635 -0.052496
v -0.040068 -0.017955 -0.047345
v -0.055946 -0.048825 -0.040009
v -0.050596 -0.022617 -0.019852
v -0.042239 -0.042021 -0.062945
v -0.023768 -0.028413 -0.069634
v -0.021376 -0.027531 -0.080332
v 0.014651 -0.013167 -0.072727
v 0.011250 -0.016947 -0.085971
v 0.039619 -0.017325 -0.056860
v 0.043652 -0.022869 -0.069720
v 0.053172 -0.042651 -0.050451
v 0.029602 0.131481 0.061023
v 0.038452 0.094815 0.044681
v 0.032627 0.095319 0.059940
v 0.035391 0.130851 0.056222
v 0.024504 0.146475 0.063057
v 0.009470 0.084483 0.072531
v -0.015859 0.091035 0.067318
v 0.013925 0.096075 0.078233
v -0.022124 0.098217 0.069612
v -0.029064 0.088767 0.063199
v -0.031288 0.125937 0.065858
v -0.039593 0.108927 0.054238
v -0.034919 0.125559 0.030703
v -0.046780 0.081837 0.034449
v -0.040770 0.100863 0.004819
v -0.043553 0.085743 0.011196
v 0.010022 -0.031815 0.057059
v 0.009619 -0.041517 0.067885
v 0.031086 -0.054999 0.048813
v -0.029363 -0.038619 0.068817
v -0.021439 -0.030933 0.059499
v -0.056345 -0.046431 0.046664
v -0.054625 -0.043659 0.033136
v -0.066801 -0.053865 0.016785
v -0.056239 -0.025515 0.009410
v -0.067639 -0.051597 -0.010787
v -0.050596 -0.022617 -0.019852
v 0.019309 0.165879 -0.019226
v 0.031453 0.170793 -0.020055
v 0.032707 0.149247 -0.019191
v 0.004095 0.178479 -0.020816
v 0.009737 0.167139 -0.018766
v -0.025722 0.173439 -0.016864
v -0.002228 0.165627 -0.008343
v -0.037186 0.159327 0.000020
v -0.009132 0.158571 0.009035
v -0.010742 0.162351 0.025437
v -0.020538 0.148365 0.048521
v -0.014923 0.155043 0.043677
v -0.000586 0.158949 0.059464
v -0.029650 0.137907 0.025773
v -0.034919 0.125559 0.030703
v -0.036561 0.113463 -0.002120
v -0.040770 0.100863 0.004819
v 0.045262 0.042651 -0.052607
v 0.036486 0.048195 -0.057182
v 0.023658 0.046683 -0.044770
v 0.034896 0.050337 -0.076218
v 0.040511 0.042525 -0.081062
v 0.017218 0.050715 -0.079708
v 0.012154 0.042399 -0.091071
v 0.002660 0.049455 -0.069197
v -0.004519 0.041391 -0.077965
v -0.001929 0.039501 -0.048212
v 0.009543 0.021861 0.050144
v 0.009803 0.034965 0.051311
v 0.027101 0.022743 0.035331
v -0.020471 0.035469 0.051568
v -0.019759 0.022365 0.050552
v -0.036774 0.037611 0.035933
v -0.036688 0.024129 0.034853
v -0.037882 0.041391 -0.007500
v -0.038207 0.028035 -0.008774
v -0.029064 0.088767 0.063199
v -0.046780 0.081837 0.034449
v -0.039593 0.108927 0.054238
v -0.028287 0.075915 0.061556
v 0.009470 0.084483 0.072531
v 0.006874 0.070119 0.066742
v 0.032627 0.095319 0.059940
v 0.031986 0.079947 0.037835
v 0.038452 0.094815 0.044681
v -0.046780 0.081837 0.034449
v -0.036021 0.086877 -0.003914
v -0.043553 0.085743 0.011196
v -0.041854 0.082215 0.032371
v -0.028287 0.075915 0.061556
v -0.027101 0.078183 0.057904
v 0.006874 0.070119 0.066742
v -0.005968 0.077049 0.057847
v 0.017622 0.073269 0.047201
v 0.036292 0.017073 0.080963
v 0.038212 0.042651 0.075106
v 0.037489 0.060795 0.094209
v 0.034977 0.053109 0.119385
v 0.033057 0.027531 0.125242
v 0.050965 0.134505 -0.021342
v 0.043530 0.159201 -0.023931
v 0.042982 0.150003 -0.036096
v 0.054514 0.135765 -0.013479
v 0.052377 0.098973 -0.008961
v 0.052901 0.097335 -0.000750
v 0.043669 0.083601 -0.009021
v 0.048340 0.096453 -0.003448
v 0.035901 0.078813 -0.024639
v -0.022691 0.050967 0.061574
v -0.020471 0.035469 0.051568
v -0.036774 0.037611 0.035933
v 0.009803 0.034965 0.051311
v 0.005662 0.052479 0.064236
v 0.020936 0.059661 0.059321
v -0.008988 0.148617 0.099057
v -0.017842 0.151137 0.073802
v -0.001759 0.153909 0.083688
v -0.025875 0.145467 0.082450
v -0.018232 0.134631 0.107404
v -0.032980 0.126819 0.089218
v -0.017341 0.098343 0.115247
v -0.026142 0.089019 0.104513
v -0.002904 0.067599 0.119214
v 0.015322 0.144711 0.100619
v 0.034502 0.128079 0.086302
v 0.029347 0.115983 0.100718
v 0.030414 0.136647 0.079498
v 0.017043 0.150633 0.087091
v 0.026995 0.142443 0.072585
v 0.019541 0.153405 0.074124
v 0.024504 0.146475 0.063057
v -0.000586 0.158949 0.059464
v 0.041653 0.103635 -0.052496
v 0.045262 0.042651 -0.052607
v 0.014089 0.098847 -0.038433
v 0.037816 0.102123 -0.072828
v 0.043933 0.124929 -0.069742
v 0.017110 0.109683 -0.079643
v 0.025367 0.139797 -0.075197
v -0.000904 0.109809 -0.067055
v 0.006767 0.143703 -0.067255
v -0.010304 0.164367 -0.033772
v 0.016900 0.162729 -0.036447
v 0.029386 0.161469 -0.042332
v -0.005832 0.155169 -0.035871
v -0.037805 0.154539 -0.022539
v -0.042043 0.139419 -0.026902
v -0.074670 0.128205 -0.022732
v -0.056574 0.115101 -0.007293
v 0.039924 0.027153 -0.019412
v 0.031160 0.042399 -0.039135
v 0.030943 0.029295 -0.040475
v 0.040184 0.040509 -0.018245
v 0.037370 0.024759 0.008876
v 0.037738 0.038115 0.009977
v 0.027361 0.036099 0.036498
v -0.032793 0.098595 0.078522
v -0.026142 0.089019 0.104513
v -0.030927 0.073899 0.089455
v -0.032980 0.126819 0.089218
v -0.036516 0.111951 0.067677
v -0.025875 0.145467 0.082450
v -0.032306 0.129339 0.062207
v -0.025803 0.137529 0.060064
v 0.006545 -0.047439 0.059589
v -0.043309 -0.064953 0.055883
v 0.031159 -0.045171 0.027895
v 0.038706 0.078183 0.036296
v 0.020936 0.059661 0.059321
v 0.039719 0.072639 0.032601
v 0.022471 0.072765 0.059428
v -0.029574 0.096075 0.077764
v -0.032793 0.098595 0.078522
v -0.030927 0.073899 0.089455
v -0.036516 0.111951 0.067677
v -0.023702 0.136773 0.067474
v -0.032306 0.129339 0.062207
v -0.025803 0.137529 0.060064
v 0.010882 0.067347 0.118427
v -0.016259 0.067221 0.116802
v -0.002904 0.067599 0.119214
v -0.030690 0.060921 0.088871
v 0.029860 0.061299 0.092766
v -0.015990 0.055125 0.064163
v 0.017980 0.055251 0.066389
v -0.020737 0.129465 -0.027650
v -0.036561 0.113463 -0.002120
v -0.036415 0.102123 -0.011909
v -0.018184 0.142569 -0.021687
v -0.002266 0.153153 -0.034339
v 0.002665 0.160713 -0.027600
v 0.016900 0.162729 -0.036447
v 0.038171 0.148869 -0.058047
v 0.016900 0.162729 -0.036447
v 0.012955 0.153909 -0.055244
v 0.042982 0.150003 -0.036096
v 0.050147 0.122661 -0.050838
v 0.047436 0.135261 -0.031863
v 0.054267 0.101619 -0.026855
v -0.043309 -0.064953 0.055883
v -0.026343 -0.037863 0.061123
v 0.006545 -0.047439 0.059589
v -0.054214 -0.036477 0.034065
v -0.068498 -0.051471 0.032799
v -0.058898 -0.053739 0.007186
v -0.070744 -0.047943 0.000192
v 0.025367 0.139797 -0.075197
v 0.012955 0.153909 -0.055244
v 0.006767 0.143703 -0.067255
v 0.038171 0.148869 -0.058047
v 0.043933 0.124929 -0.069742
v 0.050147 0.122661 -0.050838
v 0.041653 0.103635 -0.052496
v -0.000904 0.109809 -0.067055
v -0.001929 0.039501 -0.048212
v -0.004519 0.041391 -0.077965
v -0.001841 0.097965 -0.044884
v -0.001824 0.127323 -0.053420
v 0.014089 0.098847 -0.038433
v -0.002210 0.134883 -0.048925
v 0.025658 0.048951 0.042225
v 0.009803 0.034965 0.051311
v 0.020936 0.059661 0.059321
v 0.027361 0.036099 0.036498
v -0.039502 -0.036351 -0.074291
v -0.039660 -0.045171 -0.051559
v -0.053186 -0.048573 -0.048871
v -0.025709 -0.021609 -0.064792
v -0.006255 -0.042273 -0.088682
v 0.010564 -0.018837 -0.078061
v 0.037474 -0.029421 -0.066302
v 0.032294 0.065835 0.046176
v 0.020936 0.059661 0.059321
v 0.022471 0.072765 0.059428
v 0.025658 0.048951 0.042225
v 0.041219 0.057267 0.012590
v 0.027361 0.036099 0.036498
v 0.037738 0.038115 0.009977
v 0.023714 0.116109 0.077643
v 0.022803 0.140301 0.072458
v 0.029602 0.131481 0.061023
v 0.022007 0.132363 0.078228
v 0.013925 0.096075 0.078233
v 0.014459 0.101367 0.101873
v 0.014354 0.075789 0.106346
v 0.033682 0.078813 -0.048882
v 0.019098 0.085365 -0.045265
v 0.035901 0.078813 -0.024639
v 0.001222 0.086877 -0.054956
v 0.001997 0.084987 -0.058803
v -0.023597 0.087885 -0.039014
v -0.027208 0.088011 -0.043312
v -0.036774 0.037611 0.035933
v -0.042581 0.056007 0.044862
v -0.022691 0.050967 0.061574
v -0.045535 0.063945 0.021353
v -0.037882 0.041391 -0.007500
v -0.042355 0.067725 -0.006870
v -0.031805 0.069363 -0.033348
v 0.033262 -0.024885 0.039714
v 0.047602 -0.062811 0.025659
v 0.031086 -0.054999 0.048813
v 0.047553 -0.029925 0.016281
v 0.041282 0.002961 0.009024
v 0.040201 0.003087 0.008939
v 0.052336 -0.028161 -0.005850
v -0.002716 0.163737 0.040752
v -0.035531 0.168399 0.020634
v -0.010742 0.162351 0.025437
v -0.007534 0.175707 0.042030
v 0.006385 0.162729 0.045868
v 0.018273 0.168021 0.051219
v 0.019612 0.145971 0.049533
v 0.000271 0.091035 0.115690
v 0.014354 0.075789 0.106346
v 0.010882 0.067347 0.118427
v 0.018523 0.101871 0.104723
v 0.006016 0.129969 0.111062
v 0.029347 0.115983 0.100718
v 0.015322 0.144711 0.100619
v 0.027361 0.036099 0.036498
v 0.027101 0.022743 0.035331
v 0.009803 0.034965 0.051311
v 0.037370 0.024759 0.008876
v -0.019643 -0.012915 -0.073288
v -0.021376 -0.027531 -0.080332
v 0.011250 -0.016947 -0.085971
v -0.042239 -0.042021 -0.062945
v -0.040415 -0.013041 -0.049635
v -0.055946 -0.048825 -0.040009
v -0.052800 -0.018207 -0.019850
v -0.060355 0.035469 0.026289
v -0.042899 0.041643 -0.048143
v -0.046524 0.038493 0.029738
v -0.052453 0.015687 -0.052545
v -0.069974 0.009639 0.021779
v -0.042577 0.002835 -0.051276
v -0.060098 -0.003339 0.023048
v 0.041224 -0.067095 -0.047094
v 0.033422 -0.058023 -0.049314
v 0.050603 -0.055881 -0.047143
v 0.044732 0.067095 -0.036119
v 0.048836 0.081333 -0.005069
v 0.048254 0.075285 -0.002368
v 0.045685 0.080073 -0.033310
v 0.054514 0.135765 -0.013479
v 0.044901 0.139293 -0.007703
v 0.043530 0.159201 -0.023931
v 0.050329 0.119763 -0.001851
v 0.052901 0.097335 -0.000750
v 0.048340 0.096453 -0.003448
v 0.006815 0.060795 -0.060080
v 0.004335 0.044037 -0.052710
v 0.031160 0.042399 -0.039135
v -0.017292 0.044415 -0.045890
v -0.019111 0.064449 -0.053322
v -0.031805 0.069363 -0.033348
v 0.001997 0.084987 -0.058803
v 0.001198 0.097335 -0.058175
v -0.027208 0.088011 -0.043312
v 0.039451 0.093303 -0.049556
v 0.033682 0.078813 -0.048882
v 0.054267 0.101619 -0.026855
v 0.040894 -0.005607 -0.056450
v 0.030943 0.029295 -0.040475
v 0.004766 0.030933 -0.053705
v 0.050376 -0.017199 -0.030396
v 0.053172 -0.042651 -0.050451
v 0.058136 -0.057645 -0.026533
v -0.035531 0.168399 0.020634
v -0.037186 0.159327 0.000020
v -0.010742 0.162351 0.025437
v -0.049137 0.167391 -0.001766
v -0.055599 0.156933 -0.004204
v -0.025722 0.173439 -0.016864
v -0.042355 0.067725 -0.006870
v -0.043553 0.085743 0.011196
v -0.045535 0.063945 0.021353
v -0.042246 0.088389 -0.005466
v -0.035362 0.088263 -0.020920
v -0.036415 0.102123 -0.011909
v 0.014354 0.075789 0.106346
v 0.029860 0.061299 0.092766
v 0.010882 0.067347 0.118427
v 0.011055 0.067347 0.084221
v 0.013925 0.096075 0.078233
v -0.015859 0.091035 0.067318
v -0.057969 -0.049959 0.007510
v -0.056239 -0.025515 0.009410
v -0.054625 -0.043659 0.033136
v -0.050596 -0.022617 -0.019852
v -0.045650 -0.056763 -0.023853
v -0.039054 -0.041265 -0.050306
v 0.048352 0.070875 -0.018596
v 0.045685 0.080073 -0.033310
v 0.044732 0.067095 -0.036119
v 0.048836 0.081333 -0.005069
v 0.048254 0.075285 -0.002368
v 0.033422 -0.058023 -0.049314
v 0.047102 -0.043155 -0.047097
v 0.050603 -0.055881 -0.047143
v 0.030398 -0.047565 -0.048232
v 0.028165 -0.059535 -0.059532
v 0.024966 -0.049833 -0.059962
v -0.043749 -0.057897 -0.025582
v -0.023671 -0.071253 -0.018832
v -0.048563 -0.064071 -0.017692
v 0.033057 0.027531 0.125242
v 0.033888 0.009513 0.106074
v 0.036292 0.017073 0.080963
v 0.037489 0.060795 0.094209
v 0.036292 0.017073 0.080963
v 0.038212 0.042651 0.075106
v 0.033888 0.009513 0.106074
v 0.034977 0.053109 0.119385
v 0.033057 0.027531 0.125242
v -0.029650 0.137907 0.025773
v -0.053509 0.136269 0.021293
v -0.026268 0.146601 0.043144
v -0.056574 0.115101 -0.007293
v -0.024889 0.139041 0.002627
v -0.018184 0.142569 -0.021687
v 0.040184 0.040509 -0.018245
v 0.040873 0.054117 -0.021746
v 0.031160 0.042399 -0.039135
v 0.041219 0.057267 0.012590
v 0.037738 0.038115 0.009977
v 0.023714 0.116109 0.077643
v 0.009470 0.084483 0.072531
v 0.013925 0.096075 0.078233
v 0.032627 0.095319 0.059940
v 0.029602 0.131481 0.061023
v 0.014459 0.101367 0.101873
v 0.029347 0.115983 0.100718
v 0.022007 0.132363 0.078228
v 0.018523 0.101871 0.104723
v 0.014354 0.075789 0.106346
v -0.008341 0.156051 0.063683
v -0.018780 0.147609 0.060988
v -0.000586 0.158949 0.059464
v -0.017842 0.151137 0.073802
v -0.001759 0.153909 0.083688
v -0.054273 -0.029673 0.042038
v -0.036688 0.024129 0.034853
v -0.019759 0.022365 0.050552
v -0.058052 -0.021231 0.012264
v -0.066801 -0.053865 0.016785
v 0.010022 -0.031815 0.057059
v 0.047553 -0.029925 0.016281
v 0.040201 0.003087 0.008939
v 0.047602 -0.062811 0.025659
v 0.031086 -0.054999 0.048813
v 0.050376 -0.017199 -0.030396
v 0.039924 0.027153 -0.019412
v 0.030943 0.029295 -0.040475
v 0.041282 0.002961 0.009024
v 0.052336 -0.028161 -0.005850
v 0.047436 0.135261 -0.031863
v 0.050965 0.134505 -0.021342
v 0.042982 0.150003 -0.036096
v 0.052377 0.098973 -0.008961
v 0.054267 0.101619 -0.026855
v -0.036021 0.086877 -0.003914
v -0.045535 0.063945 0.021353
v -0.043553 0.085743 0.011196
v -0.042355 0.067725 -0.006870
v -0.031805 0.069363 -0.033348
v -0.042246 0.088389 -0.005466
v -0.040770 0.100863 0.004819
v -0.043553 0.085743 0.011196
v -0.036561 0.113463 -0.002120
v -0.036415 0.102123 -0.011909
v 0.011055 0.067347 0.084221
v 0.017980 0.055251 0.066389
v 0.029860 0.061299 0.092766
v -0.015990 0.055125 0.064163
v -0.013844 0.066213 0.075074
v -0.016259 0.067221 0.116802
v -0.026142 0.089019 0.104513
v -0.002904 0.067599 0.119214
v -0.030927 0.073899 0.089455
v -0.030690 0.060921 0.088871
v -0.002266 0.153153 -0.034339
v 0.012955 0.153909 -0.055244
v 0.016900 0.162729 -0.036447
v -0.000396 0.143325 -0.050309
v -0.002210 0.134883 -0.048925
v 0.039619 -0.017325 -0.056860
v 0.058136 -0.057645 -0.026533
v 0.053172 -0.042651 -0.050451
v 0.052336 -0.028161 -0.005850
v 0.040201 0.003087 0.008939
v -0.001824 0.127323 -0.053420
v -0.000396 0.143325 -0.050309
v -0.002210 0.134883 -0.048925
v 0.006767 0.143703 -0.067255
v -0.000904 0.109809 -0.067055
v -0.018184 0.142569 -0.021687
v -0.042043 0.139419 -0.026902
v -0.056574 0.115101 -0.007293
v -0.005832 0.155169 -0.035871
v 0.002665 0.160713 -0.027600
v 0.039141 0.001575 -0.060836
v 0.011829 0.045927 -0.059565
v 0.020528 0.005481 -0.073465
v 0.030766 0.044037 -0.047130
v 0.026600 0.042525 -0.038895
v 0.053751 -0.042273 -0.056826
v 0.030398 -0.047565 -0.048232
v 0.024966 -0.049833 -0.059962
v 0.047102 -0.043155 -0.047097
v 0.050603 -0.055881 -0.047143
v 0.057533 -0.055881 -0.056158
v 0.051627 -0.057645 -0.066721
v 0.048471 -0.044415 -0.068794
v -0.051120 -0.058527 -0.028797
v -0.043749 -0.057897 -0.025582
v 0.041106 0.117243 0.039558
v 0.041590 0.132237 0.052350
v 0.034605 0.137151 0.043905
v 0.043741 0.094563 0.037093
v 0.038101 0.093555 0.037247
v 0.009619 -0.041517 0.067885
v 0.010414 -0.020601 0.060646
v 0.031086 -0.054999 0.048813
v -0.023815 -0.014175 0.060192
v -0.029363 -0.038619 0.068817
v 0.037474 -0.029421 -0.066302
v 0.043245 -0.039501 -0.029052
v 0.022768 -0.058023 -0.084660
v -0.006255 -0.042273 -0.088682
v 0.024765 0.041769 -0.037057
v 0.003947 0.047313 -0.050420
v -0.001929 0.039501 -0.048212
v 0.023658 0.046683 -0.044770
v 0.045262 0.042651 -0.052607
v 0.017110 0.109683 -0.079643
v 0.040511 0.042525 -0.081062
v 0.037816 0.102123 -0.072828
v 0.012154 0.042399 -0.091071
v -0.004519 0.041391 -0.077965
v 0.043669 0.083601 -0.009021
v 0.033682 0.078813 -0.048882
v 0.035901 0.078813 -0.024639
v 0.054267 0.101619 -0.026855
v -0.014923 0.155043 0.043677
v -0.026268 0.146601 0.043144
v -0.000586 0.158949 0.059464
v -0.029650 0.137907 0.025773
v 0.050147 0.122661 -0.050838
v 0.039451 0.093303 -0.049556
v 0.054267 0.101619 -0.026855
v 0.041653 0.103635 -0.052496
v -0.017842 0.151137 0.073802
v -0.025803 0.137529 0.060064
v -0.018780 0.147609 0.060988
v -0.025875 0.145467 0.082450
v -0.024889 0.139041 0.002627
v -0.036561 0.113463 -0.002120
v -0.018184 0.142569 -0.021687
v -0.029650 0.137907 0.025773
v 0.024765 0.041769 -0.037057
v -0.001841 0.097965 -0.044884
v 0.014089 0.098847 -0.038433
v -0.001929 0.039501 -0.048212
v 0.012038 0.002583 -0.069981
v 0.011250 -0.016947 -0.085971
v 0.043652 -0.022869 -0.069720
v -0.019643 -0.012915 -0.073288
v -0.050596 -0.022617 -0.019852
v -0.052800 -0.018207 -0.019850
v -0.067639 -0.051597 -0.010787
v -0.055946 -0.048825 -0.040009
v -0.029068 0.044667 -0.044694
v -0.060098 -0.003339 0.023048
v -0.046524 0.038493 0.029738
v -0.042577 0.002835 -0.051276
v 0.039141 0.001575 -0.060836
v 0.015196 0.000567 -0.065704
v 0.034824 -0.002331 -0.053097
v 0.020528 0.005481 -0.073465
v 0.006021 0.044289 -0.051372
v 0.034824 -0.002331 -0.053097
v 0.015196 0.000567 -0.065704
v 0.026600 0.042525 -0.038895
v 0.020528 0.005481 -0.073465
v 0.006021 0.044289 -0.051372
v 0.015196 0.000567 -0.065704
v 0.011829 0.045927 -0.059565
v 0.011829 0.045927 -0.059565
v 0.026600 0.042525 -0.038895
v 0.006021 0.044289 -0.051372
v 0.030766 0.044037 -0.047130
v -0.060355 0.035469 0.026289
v -0.060098 -0.003339 0.023048
v -0.069974 0.009639 0.021779
v -0.046524 0.038493 0.029738
v -0.039054 -0.041265 -0.050306
v -0.040068 -0.017955 -0.047345
v -0.050596 -0.022617 -0.019852
v -0.023768 -0.028413 -0.069634
v 0.048254 0.075285 -0.002368
v 0.048352 0.070875 -0.018596
v 0.049606 0.073521 0.016517
v 0.030530 0.154413 0.059142
v 0.034605 0.137151 0.043905
v 0.041590 0.132237 0.052350
v 0.031986 0.079947 0.037835
v 0.017622 0.073269 0.047201
v 0.006874 0.070119 0.066742
v 0.024504 0.146475 0.063057
v 0.029602 0.131481 0.061023
v 0.022803 0.140301 0.072458
v 0.011472 0.170541 0.059716
v -0.007534 0.175707 0.042030
v 0.018273 0.168021 0.051219
v -0.020737 0.129465 -0.027650
v -0.002210 0.134883 -0.048925
v -0.002266 0.153153 -0.034339
v -0.015859 0.091035 0.067318
v -0.022124 0.098217 0.069612
v -0.031288 0.125937 0.065858
v -0.015859 0.091035 0.067318
v -0.013844 0.066213 0.075074
v 0.011055 0.067347 0.084221
v 0.043669 0.083601 -0.009021
v 0.052377 0.098973 -0.008961
v 0.054267 0.101619 -0.026855
v 0.027578 0.174195 -0.030662
v 0.031453 0.170793 -0.020055
v 0.004095 0.178479 -0.020816
v 0.042982 0.150003 -0.036096
v 0.043530 0.159201 -0.023931
v 0.029386 0.161469 -0.042332
v 0.033262 -0.024885 0.039714
v 0.031086 -0.054999 0.048813
v 0.010414 -0.020601 0.060646
v 0.050376 -0.017199 -0.030396
v 0.058136 -0.057645 -0.026533
v 0.052336 -0.028161 -0.005850
v -0.036688 0.024129 0.034853
v -0.058052 -0.021231 0.012264
v -0.038207 0.028035 -0.008774
v -0.037882 0.041391 -0.007500
v -0.017292 0.044415 -0.045890
v -0.031805 0.069363 -0.033348
v -0.056345 -0.046431 0.046664
v -0.066801 -0.053865 0.016785
v -0.054273 -0.029673 0.042038
v -0.018780 0.147609 0.060988
v -0.025803 0.137529 0.060064
v -0.023702 0.136773 0.067474
v -0.031288 0.125937 0.065858
v -0.034919 0.125559 0.030703
v -0.020538 0.148365 0.048521
v 0.029386 0.161469 -0.042332
v 0.016900 0.162729 -0.036447
v 0.042982 0.150003 -0.036096
v -0.023597 0.087885 -0.039014
v -0.027208 0.088011 -0.043312
v -0.036021 0.086877 -0.003914
v -0.035362 0.088263 -0.020920
v -0.036021 0.086877 -0.003914
v -0.027208 0.088011 -0.043312
v -0.035362 0.088263 -0.020920
v -0.031805 0.069363 -0.033348
v -0.036021 0.086877 -0.003914
v -0.031805 0.069363 -0.033348
v -0.035362 0.088263 -0.020920
v -0.042355 0.067725 -0.006870
v -0.027208 0.088011 -0.043312
v 0.001198 0.097335 -0.058175
v -0.012347 0.117117 -0.051360
v -0.049137 0.167391 -0.001766
v -0.025722 0.173439 -0.016864
v -0.037186 0.159327 0.000020
v 0.002665 0.160713 -0.027600
v 0.016900 0.162729 -0.036447
v -0.005832 0.155169 -0.035871
v 0.031159 -0.045171 0.027895
v 0.041038 -0.049707 0.000057
v 0.014089 0.098847 -0.038433
v 0.045262 0.042651 -0.052607
v 0.024765 0.041769 -0.037057
v 0.005674 0.105903 -0.052927
v 0.014089 0.098847 -0.038433
v -0.002210 0.134883 -0.048925
v 0.037816 0.102123 -0.072828
v 0.040511 0.042525 -0.081062
v 0.045262 0.042651 -0.052607
v -0.000396 0.143325 -0.050309
v 0.006767 0.143703 -0.067255
v 0.012955 0.153909 -0.055244
v 0.034824 -0.002331 -0.053097
v 0.026600 0.042525 -0.038895
v 0.039141 0.001575 -0.060836
v -0.046524 0.038493 0.029738
v -0.042899 0.041643 -0.048143
v -0.029068 0.044667 -0.044694
v -0.042577 0.002835 -0.051276
v -0.029068 0.044667 -0.044694
v -0.042899 0.041643 -0.048143
v -0.052453 0.015687 -0.052545
v -0.042577 0.002835 -0.051276
v -0.042899 0.041643 -0.048143
v -0.000904 0.109809 -0.067055
v -0.004519 0.041391 -0.077965
v 0.017110 0.109683 -0.079643
v 0.033422 -0.058023 -0.049314
v 0.028165 -0.059535 -0.059532
v 0.003947 0.047313 -0.050420
v 0.002660 0.049455 -0.069197
v -0.001929 0.039501 -0.048212
v -0.043749 -0.057897 -0.025582
v -0.045650 -0.056763 -0.023853
v -0.045650 -0.056763 -0.023853
v -0.043749 -0.057897 -0.025582
v 0.030687 0.223461 -0.035029
v 0.017073 0.235809 -0.035669
v 0.029588 0.238833 -0.029518
v 0.018107 0.220563 -0.041288
v 0.031152 0.209601 -0.050891
v 0.023387 0.209097 -0.062835
v -0.029587 0.220689 0.022942
v -0.047705 0.203553 0.007222
v -0.041557 0.207081 0.023814
v -0.035194 0.217287 0.006026
v -0.027459 0.249543 0.003730
v -0.032485 0.212121 -0.015152
v -0.027459 0.249543 0.003730
v -0.023039 0.250803 -0.010685
v -0.037486 0.213003 0.003434
v -0.043161 0.196875 -0.017998
v -0.022973 0.203427 -0.044093
v 0.000192 0.221823 -0.041990
v -0.005002 0.206199 -0.055773
v -0.017174 0.218673 -0.030526
v -0.047817 0.197757 0.000675
v -0.037486 0.213003 0.003434
v -0.043161 0.196875 -0.017998
v 0.002487 0.235179 -0.034990
v 0.000192 0.221823 -0.041990
v -0.016285 0.232029 -0.025621
v -0.023039 0.250803 -0.010685
v -0.017038 0.249795 -0.021494
v -0.030108 0.217791 -0.015845
v -0.032759 0.203427 -0.038360
v -0.041588 0.203049 -0.024676
v -0.021517 0.218421 -0.029681
v -0.030108 0.217791 -0.015845
v -0.021517 0.218421 -0.029681
v -0.041588 0.203049 -0.024676
v -0.021517 0.218421 -0.029681
v -0.030108 0.217791 -0.015845
v -0.017038 0.249795 -0.021494
v -0.018248 0.253701 0.013189
v -0.027459 0.249543 0.003730
v -0.029587 0.220689 0.022942
v -0.017174 0.218673 -0.030526
v -0.016285 0.232029 -0.025621
v 0.000192 0.221823 -0.041990
v 0.036323 0.194229 -0.041796
v 0.039578 0.226989 -0.019498
v 0.044716 0.200403 -0.027583
v 0.027059 0.223839 -0.031526
v 0.039578 0.226989 -0.019498
v 0.036114 0.186921 -0.029911
v 0.027059 0.223839 -0.031526
v 0.040964 0.194481 -0.014745
v -0.030777 0.211869 -0.014268
v -0.041519 0.189819 -0.018691
v -0.034307 0.212247 0.007257
v -0.041519 0.189819 -0.018691
v -0.047838 0.193725 0.001863
v -0.034307 0.212247 0.007257
v -0.006662 0.193977 0.054001
v 0.011850 0.226611 0.041996
v -0.005503 0.223587 0.040516
v -0.006662 0.193977 0.054001
v 0.009608 0.200151 0.050987
v 0.011850 0.226611 0.041996
v -0.030471 0.214263 0.026119
v -0.037183 0.183141 0.004428
v -0.030884 0.186669 0.022251
v -0.034307 0.212247 0.007257
v -0.007661 0.222327 0.044753
v -0.020781 0.220059 0.039554
v -0.021461 0.209601 0.057749
v -0.015295 0.235431 0.035963
v -0.002283 0.238455 0.041227
v 0.027059 0.223839 -0.031526
v 0.016623 0.204309 -0.063328
v 0.016120 0.219429 -0.039212
v 0.026138 0.205065 -0.052875
v -0.030777 0.211869 -0.014268
v -0.016828 0.212373 -0.031175
v -0.044265 0.189315 -0.021304
v -0.033192 0.189567 -0.040305
v -0.044265 0.189315 -0.021304
v -0.016828 0.212373 -0.031175
v -0.020781 0.220059 0.039554
v -0.035657 0.208971 0.059811
v -0.021461 0.209601 0.057749
v 0.015686 0.220059 -0.041891
v 0.002487 0.235179 -0.034990
v 0.017073 0.235809 -0.035669
v 0.001317 0.217791 -0.040607
v 0.014337 0.206829 -0.056369
v 0.001757 0.202419 -0.062627
v -0.022598 0.219303 0.037264
v -0.032976 0.216657 0.027331
v -0.035883 0.205065 0.044512
v -0.024378 0.234801 0.024516
v -0.015295 0.235431 0.035963
v -0.029286 0.204057 0.053778
v -0.005503 0.223587 0.040516
v -0.018406 0.219051 0.037391
v -0.015305 0.204687 0.054050
v -0.041954 0.181377 -0.022105
v -0.044252 0.185409 -0.000732
v -0.034307 0.212247 0.007257
v -0.030777 0.211869 -0.014268
v -0.041954 0.181377 -0.022105
v -0.034307 0.212247 0.007257
v -0.032976 0.216657 0.027331
v -0.049541 0.200655 0.041841
v -0.035883 0.205065 0.044512
v 0.027059 0.223839 -0.031526
v 0.017865 0.199647 -0.048051
v 0.016120 0.219429 -0.039212
v 0.032065 0.201159 -0.042031
v 0.011850 0.226611 0.041996
v 0.003706 0.187929 0.046302
v 0.018071 0.195237 0.039140
v -0.005503 0.223587 0.040516
v -0.038117 0.195615 0.031742
v -0.018406 0.219051 0.037391
v -0.030471 0.214263 0.026119
v -0.025468 0.197253 0.043252
v -0.043339 0.196119 0.008127
v -0.030471 0.214263 0.026119
v -0.034307 0.212247 0.007257
v -0.034814 0.197001 0.025495
v -0.020401 0.194607 -0.042992
v -0.000217 0.214641 -0.040715
v -0.001411 0.196245 -0.049552
v -0.016828 0.212373 -0.031175
v 0.008122 0.185409 -0.043226
v 0.016120 0.219429 -0.039212
v 0.024763 0.188937 -0.040730
v -0.000217 0.214641 -0.040715
v -0.000217 0.214641 -0.040715
v -0.024740 0.185409 -0.034800
v -0.016828 0.212373 -0.031175
v -0.007501 0.188433 -0.042806
v 0.016120 0.219429 -0.039212
v -0.009897 0.181503 -0.039455
v -0.000217 0.214641 -0.040715
v 0.006656 0.185787 -0.038083
v -0.018406 0.219051 0.037391
v -0.027770 0.184653 0.025966
v -0.014085 0.186417 0.036265
v -0.030471 0.214263 0.026119
v -0.016828 0.212373 -0.031175
v -0.038125 0.180117 -0.016467
v -0.030777 0.211869 -0.014268
v -0.016828 0.212373 -0.031175
v -0.024458 0.181503 -0.033352
v -0.038125 0.180117 -0.016467
v -0.020595 0.179739 0.025918
v -0.008774 0.215145 0.028958
v -0.020337 0.209475 0.024881
v -0.006847 0.185283 0.034121
v -0.032192 0.180747 0.003928
v -0.020337 0.209475 0.024881
v -0.025144 0.206703 0.009542
v -0.027298 0.178983 0.020391
v -0.009240 0.206955 -0.025885
v -0.033717 0.177723 -0.016470
v -0.023579 0.205191 -0.011096
v -0.018513 0.179235 -0.029574
v 0.011346 0.178353 -0.036638
v 0.016215 0.215397 -0.026333
v 0.023773 0.185157 -0.033080
v 0.005514 0.209853 -0.032399
v -0.023579 0.205191 -0.011096
v -0.031448 0.173187 -0.016363
v -0.025144 0.206703 0.009542
v -0.031448 0.173187 -0.016363
v -0.030463 0.172053 0.004359
v -0.025144 0.206703 0.009542
v 0.005514 0.209853 -0.032399
v -0.001425 0.178353 -0.036608
v -0.017649 0.177975 -0.030828
v -0.009240 0.206955 -0.025885
v 0.005514 0.209853 -0.032399
v -0.017649 0.177975 -0.030828
v 0.048878 0.196623 0.028273
v 0.053565 0.199143 0.023840
v 0.053392 0.197001 0.023797
v 0.048943 0.198765 0.028381
v 0.034465 0.194985 0.028261
v 0.034703 0.197253 0.028412
v 0.053971 0.198765 0.017422
v 0.053798 0.196623 0.017379
v 0.053565 0.199143 0.023840
v 0.044370 0.194985 0.006581
v 0.044543 0.197253 0.006624
v 0.048857 0.200025 0.028727
v 0.034768 0.200655 0.028520
v 0.034357 0.198639 0.028325
v 0.049095 0.202293 0.028878
v 0.053435 0.200403 0.023624
v 0.054273 0.200151 0.016947
v 0.054446 0.202293 0.016990
v 0.053435 0.200403 0.023624
v 0.044759 0.200781 0.006494
v 0.044348 0.198765 0.006300
v -0.013173 0.167643 -0.024845
v -0.011518 0.193599 -0.005701
v 0.000403 0.196623 -0.017421
v -0.020294 0.168399 -0.009542
v 0.009103 0.169659 -0.030586
v 0.000403 0.196623 -0.017421
v 0.012391 0.200781 -0.023889
v -0.007101 0.166635 -0.025260
v -0.016468 0.171801 0.025937
v -0.012480 0.196497 0.011046
v -0.026829 0.169407 0.010407
v -0.009360 0.200529 0.024312
v -0.011518 0.193599 -0.005701
v -0.024129 0.163233 0.007315
v -0.012480 0.196497 0.011046
v -0.021374 0.167013 -0.009628
v 0.053435 0.200403 0.023624
v 0.053608 0.202545 0.023667
v 0.049095 0.202293 0.028878
v 0.054446 0.202293 0.016990
v 0.053798 0.196623 0.017379
v 0.053392 0.197001 0.023797
v 0.053565 0.199143 0.023840
v -0.015990 0.055125 0.064163
v -0.031616 0.036225 0.094425
v -0.030690 0.060921 0.088871
v -0.015382 0.031185 0.068355
v 0.017980 0.055251 0.066389
v 0.013599 0.038745 0.075489
v 0.029860 0.061299 0.092766
v 0.018671 0.054747 0.099342
v 0.004686 0.052101 0.127442
v 0.037317 0.057771 0.094900
v 0.035041 0.051471 0.118023
v -0.018654 0.043029 0.123827
v 0.010817 0.067347 0.118319
v -0.002904 0.067599 0.119214
v 0.004686 0.052101 0.127442
v 0.001165 0.029169 0.128676
v 0.033359 0.028287 0.123297
v -0.001942 0.012411 0.102467
v 0.034103 0.012537 0.105210
v 0.036358 0.019593 0.082541
v -0.015382 0.031185 0.068355
v -0.001942 0.012411 0.102467
v -0.031616 0.036225 0.094425
v 0.004069 0.018207 0.073572
v 0.013599 0.038745 0.075489
v 0.036358 0.019593 0.082541
v 0.013599 0.038745 0.075489
v 0.037954 0.041391 0.077613
v 0.036358 0.019593 0.082541
v 0.037317 0.057771 0.094900
v 0.018671 0.054747 0.099342
v -0.000831 0.172809 0.014043
v -0.004375 0.168903 0.013526
v -0.001681 0.172809 0.037337
v 0.003606 0.172431 -0.008909
v 0.006482 0.175455 -0.005345
v 0.047015 0.118377 0.019544
v 0.041470 0.139923 0.033313
v 0.041170 0.135261 0.038196
v 0.045978 0.125055 0.020020
v 0.046833 0.141309 0.005542
v 0.011836 -0.034083 0.054940
v 0.019872 -0.035595 0.050700
v 0.037389 0.068103 0.038264
v 0.027718 0.064197 0.054217
v 0.035578 0.058275 0.044791
v 0.032627 0.095319 0.059940
v -0.016259 0.067221 0.116802
v -0.018654 0.043029 0.123827
v -0.002904 0.067599 0.119214
v -0.031616 0.036225 0.094425
v -0.001942 0.012411 0.102467
v -0.018654 0.043029 0.123827
v -0.031616 0.036225 0.094425
v 0.001165 0.029169 0.128676
v 0.029405 0.091161 -0.080710
v 0.038521 0.036981 -0.084864
v 0.027821 0.038493 -0.090195
v 0.040191 0.089523 -0.074990
v -0.003448 0.088263 -0.057589
v -0.005864 0.030681 -0.051580
v -0.001689 0.085617 -0.045122
v -0.008573 0.033075 -0.063917
v 0.006482 0.175455 -0.005345
v 0.021430 0.169911 -0.013739
v 0.003606 0.172431 -0.008909
v 0.021757 0.172935 -0.008791
v 0.014639 0.170289 0.045171
v 0.025849 0.160083 0.037407
v 0.016041 0.173313 0.040654
v 0.025830 0.156177 0.041534
v 0.048818 0.137151 0.000527
v 0.031830 0.160587 -0.004259
v 0.046833 0.141309 0.005542
v 0.033124 0.156807 -0.008711
v 0.031830 0.160587 -0.004259
v 0.021430 0.169911 -0.013739
v 0.021757 0.172935 -0.008791
v 0.033124 0.156807 -0.008711
v 0.049212 0.061929 0.009257
v 0.048832 0.073269 0.022568
v 0.046389 0.061299 0.020949
v 0.051720 0.074151 0.010984
v 0.042636 -0.017451 0.031583
v 0.026433 0.022491 0.037644
v 0.035706 -0.017955 0.042802
v 0.032519 0.023625 0.026490
v 0.036556 0.041139 0.019508
v 0.040347 0.021735 -0.000116
v 0.040758 0.042651 0.001548
v 0.036079 0.020223 0.017736
v 0.035127 -0.061299 0.049177
v 0.041603 -0.064071 0.038671
v 0.042636 -0.017451 0.031583
v 0.035127 -0.061299 0.049177
v 0.041603 -0.064071 0.038671
v 0.035706 -0.017955 0.042802
v 0.032627 0.095319 0.059940
v 0.037389 0.068103 0.038264
v 0.038452 0.094815 0.044681
v 0.049093 0.071883 -0.009046
v 0.050773 0.063189 -0.017258
v 0.048022 0.070623 -0.027953
v 0.052377 0.098973 -0.008961
v 0.049093 0.071883 -0.009046
v 0.054094 0.101619 -0.026898
v 0.048022 0.070623 -0.027953
v 0.054094 0.101619 -0.026898
v 0.049093 0.071883 -0.009046
v -0.031616 0.036225 0.094425
v -0.016259 0.067221 0.116802
v -0.030690 0.060921 0.088871
v -0.001942 0.012411 0.102467
v 0.004069 0.018207 0.073572
v 0.036358 0.019593 0.082541
v 0.029860 0.061299 0.092766
v 0.010817 0.067347 0.118319
v 0.004686 0.052101 0.127442
v 0.004686 0.052101 0.127442
v 0.033359 0.028287 0.123297
v 0.035041 0.051471 0.118023
v -0.001681 0.172809 0.037337
v 0.001883 0.175707 0.034461
v -0.000831 0.172809 0.014043
v 0.014639 0.170289 0.045171
v 0.016041 0.173313 0.040654
v 0.001883 0.175707 0.034461
v 0.014639 0.170289 0.045171
v 0.001883 0.175707 0.034461
v -0.001681 0.172809 0.037337
v 0.041170 0.135261 0.038196
v 0.041470 0.139923 0.033313
v 0.025849 0.160083 0.037407
v 0.041170 0.135261 0.038196
v 0.025849 0.160083 0.037407
v 0.025830 0.156177 0.041534
v 0.048818 0.137151 0.000527
v 0.046833 0.141309 0.005542
v 0.047015 0.118377 0.019544
v 0.048371 0.106659 0.011526
v 0.046090 0.122283 0.027302
v 0.044944 0.105651 0.025639
v 0.049171 0.123039 0.012369
v 0.046090 0.122283 0.027302
v 0.048371 0.106659 0.011526
v 0.053971 0.198765 0.017422
v 0.044370 0.194985 0.006581
v 0.044543 0.197253 0.006624
v 0.053798 0.196623 0.017379
v 0.053565 0.199143 0.023840
v 0.053392 0.197001 0.023797
v 0.048878 0.196623 0.028273
v 0.018242 0.266049 0.036244
v -0.000226 0.241983 0.047341
v 0.012849 0.243747 0.050510
v 0.004908 0.265293 0.034114
v 0.023743 0.270711 0.021914
v 0.010216 0.270459 0.020929
v 0.040120 0.212499 -0.016149
v 0.037199 0.208467 -0.022479
v 0.037443 0.195111 -0.012777
v 0.028900 0.222201 -0.024548
v 0.039578 0.226989 -0.019498
v 0.014701 0.212247 0.040136
v 0.000912 0.221949 0.037249
v 0.011850 0.226611 0.041996
v 0.008068 0.208089 0.042064
v 0.015606 0.194985 0.035771
v 0.048857 0.200025 0.028727
v 0.049095 0.202293 0.028878
v 0.053435 0.200403 0.023624
v 0.034768 0.200655 0.028520
v 0.034357 0.198639 0.028325
v 0.054273 0.200151 0.016947
v 0.044759 0.200781 0.006494
v 0.044348 0.198765 0.006300
v 0.054446 0.202293 0.016990
v 0.053435 0.200403 0.023624
v -0.003032 0.266049 0.019187
v -0.027168 0.247401 0.020607
v -0.011363 0.250551 0.034923
v -0.018768 0.258615 0.011591
v -0.004337 0.266679 0.005272
v -0.008646 0.263025 -0.008750
v 0.006683 0.260505 -0.029720
v -0.004360 0.252189 -0.031463
v 0.003561 0.265545 -0.012409
v 0.002398 0.267687 -0.005537
v 0.041757 0.254835 0.043577
v 0.032877 0.254961 0.044944
v 0.032042 0.231777 0.056764
v 0.029891 0.261009 0.038506
v 0.040366 0.261387 0.030742
v 0.052136 0.269577 0.019260
v 0.039169 0.260253 0.017496
v 0.045848 0.258111 0.020539
v 0.047530 0.271593 0.015265
v 0.057337 0.273861 0.009079
v 0.048813 0.270459 0.026696
v 0.043388 0.271215 0.025986
v 0.049056 0.273483 0.035663
v 0.039169 0.260253 0.017496
v 0.045848 0.258111 0.020539
v 0.042949 0.277137 0.015225
v 0.032793 0.264159 0.014713
v 0.039169 0.260253 0.017496
v 0.039491 0.278397 0.013628
v 0.045493 0.281043 0.005759
v 0.041031 0.278649 0.022552
v 0.037637 0.279909 0.021063
v 0.042767 0.287217 0.034738
v 0.032793 0.264159 0.014713
v 0.039169 0.260253 0.017496
v -0.031848 0.247275 0.000341
v -0.015902 0.261009 -0.001009
v -0.023039 0.250803 -0.010685
v -0.021320 0.257733 0.008567
v -0.026957 0.249543 0.013130
v 0.033071 0.225225 0.043798
v 0.028619 0.223335 0.043239
v 0.037457 0.203931 0.042780
v 0.025982 0.238581 0.042031
v 0.032830 0.244251 0.039239
v 0.021728 0.220815 0.047673
v 0.016694 0.218799 0.048346
v 0.022311 0.202797 0.046441
v 0.012673 0.232911 0.045324
v 0.021381 0.244251 0.044648
v 0.024431 0.236817 0.050459
v 0.014599 0.232407 0.050487
v 0.025363 0.210609 0.054456
v 0.011115 0.245133 0.042732
v 0.020277 0.254079 0.042078
v 0.021810 0.216783 0.040715
v 0.016732 0.213507 0.040826
v 0.022652 0.194733 0.039180
v 0.011850 0.226611 0.041996
v 0.018612 0.231021 0.040285
v 0.014701 0.212247 0.040136
v 0.008068 0.208089 0.042064
v 0.015606 0.194985 0.035771
v 0.000912 0.221949 0.037249
v 0.011850 0.226611 0.041996
v 0.057521 0.229887 -0.007495
v 0.047815 0.244629 -0.013864
v 0.052812 0.252567 -0.004078
v 0.056135 0.226233 -0.012248
v 0.054062 0.208845 -0.009827
v 0.054908 0.225477 -0.004749
v 0.048941 0.238959 -0.008808
v 0.051301 0.244377 -0.001700
v 0.051622 0.223587 -0.007772
v 0.057179 0.204057 -0.000969
v 0.050428 0.221193 -0.015875
v 0.042624 0.233289 -0.021034
v 0.047815 0.244629 -0.013864
v 0.047616 0.219177 -0.020065
v 0.049953 0.203049 -0.014708
v 0.054123 0.237195 -0.015596
v 0.039513 0.245511 -0.020341
v 0.044445 0.254457 -0.011398
v 0.047787 0.232785 -0.022961
v 0.057860 0.211239 -0.017695
v 0.051145 0.221697 -0.008809
v 0.042780 0.231273 -0.013190
v 0.048941 0.238959 -0.008808
v 0.048355 0.218295 -0.012719
v 0.048360 0.196245 -0.005372
v 0.045245 0.217035 -0.011290
v 0.039578 0.226989 -0.019498
v 0.042780 0.231273 -0.013190
v 0.042001 0.213759 -0.015221
v 0.044749 0.194985 -0.009669
v 0.040120 0.212499 -0.016149
v 0.028900 0.222201 -0.024548
v 0.039578 0.226989 -0.019498
v 0.037199 0.208467 -0.022479
v 0.037443 0.195111 -0.012777
v 0.049024 0.251307 -0.015031
v 0.053846 0.249795 -0.008962
v 0.056220 0.224847 -0.014063
v 0.048750 0.261261 -0.003254
v 0.040017 0.261639 -0.008737
v 0.061505 0.249921 0.004517
v 0.048750 0.261261 -0.003254
v 0.049925 0.261513 0.009710
v 0.054605 0.248787 -0.005008
v 0.059681 0.223083 -0.008058
v 0.056922 0.242739 0.002272
v 0.052812 0.252567 -0.004078
v 0.049925 0.261513 0.009710
v 0.055557 0.240093 -0.002934
v 0.057827 0.225351 -0.001358
v 0.048608 0.268317 0.010208
v 0.053990 0.261891 0.012560
v 0.061758 0.250425 -0.005337
v 0.045848 0.258111 0.020539
v 0.039169 0.260253 0.017496
v 0.032684 0.229635 0.047558
v 0.028212 0.225855 0.049657
v 0.032317 0.208467 0.047926
v 0.021381 0.244251 0.044648
v 0.032075 0.252441 0.041897
v 0.016175 0.274869 0.013967
v 0.027929 0.266679 0.012490
v 0.017446 0.265797 0.007764
v 0.023417 0.275625 0.018435
v 0.014241 0.277893 0.030564
v 0.031752 0.274365 0.009311
v 0.027929 0.266679 0.012490
v 0.032793 0.264159 0.014713
v 0.017446 0.265797 0.007764
v 0.019691 0.274239 0.003182
v 0.030199 0.250299 0.047581
v 0.021838 0.245889 0.049812
v 0.026228 0.223965 0.055406
v 0.020277 0.254079 0.042078
v 0.029891 0.261009 0.038506
v 0.048943 0.198765 0.028381
v 0.048878 0.196623 0.028273
v 0.053565 0.199143 0.023840
v 0.034465 0.194985 0.028261
v 0.034703 0.197253 0.028412
v -0.009032 0.252819 0.030730
v -0.031223 0.224721 0.032451
v -0.013756 0.228249 0.043417
v -0.018248 0.253701 0.013189
v -0.008938 0.245259 0.042139
v 0.010216 0.270459 0.020929
v -0.003032 0.266049 0.019187
v 0.004417 0.248157 0.043816
v 0.002702 0.178605 0.030441
v 0.005100 0.197883 0.029295
v 0.001617 0.191457 0.023743
v 0.012042 0.177723 0.039382
v 0.025144 0.178857 -0.019057
v 0.025750 0.198135 -0.016335
v 0.037937 0.177975 -0.018071
v 0.019160 0.191709 -0.015315
v -0.015803 0.261135 0.018482
v 0.007271 0.272349 0.011380
v -0.004337 0.266679 0.005272
v -0.004929 0.266301 0.026060
v 0.013442 0.272349 -0.002324
v 0.026353 0.268569 -0.020225
v 0.017274 0.265923 -0.025059
v 0.023473 0.273735 0.003849
v 0.009839 0.261387 -0.028382
v 0.013442 0.272349 -0.002324
v 0.021230 0.265797 -0.023614
v 0.002398 0.267687 -0.005537
v -0.000756 0.231525 -0.038921
v -0.017038 0.249795 -0.021494
v -0.001935 0.253449 -0.022778
v -0.018340 0.229761 -0.028797
v -0.005480 0.254205 -0.025499
v -0.016989 0.257481 -0.011381
v -0.008646 0.263025 -0.008750
v -0.013758 0.248031 -0.027287
v -0.023039 0.250803 -0.010685
v -0.017276 0.250803 -0.021645
v -0.024169 0.242865 -0.021619
v -0.016989 0.257481 -0.011381
v -0.014657 0.262647 0.020145
v -0.015902 0.261009 -0.001009
v -0.024947 0.253701 0.013539
v -0.004337 0.266679 0.005272
v 0.023813 0.267687 0.030104
v 0.036959 0.259119 0.041462
v 0.036884 0.264789 0.026660
v 0.028251 0.259245 0.042872
v 0.014475 0.242865 -0.043663
v 0.012505 0.266301 -0.015138
v 0.023491 0.246393 -0.035263
v -0.008646 0.263025 -0.008750
v 0.032399 0.249921 -0.026797
v 0.012505 0.266301 -0.015138
v 0.022623 0.270585 -0.006371
v 0.023491 0.246393 -0.035263
v 0.023651 0.207837 -0.022276
v 0.019155 0.183267 -0.023397
v 0.016995 0.203931 -0.022099
v 0.030352 0.188181 -0.018217
v -0.004538 0.183015 0.028912
v -0.000755 0.207585 0.031783
v -0.005987 0.205443 0.026990
v 0.006874 0.187929 0.033961
v 0.032793 0.264159 0.014713
v 0.031770 0.272727 0.002980
v 0.027929 0.266679 0.012490
v 0.043680 0.267939 0.009347
v 0.036864 0.267813 0.028583
v 0.032793 0.264159 0.014713
v 0.024241 0.271215 0.023232
v 0.039169 0.260253 0.017496
v 0.023555 0.270081 0.031141
v 0.034060 0.268065 0.036148
v 0.024241 0.271215 0.023232
v 0.026979 0.260631 0.047605
v 0.051178 0.231021 -0.025880
v 0.030243 0.255339 -0.019622
v 0.040017 0.261639 -0.008737
v 0.040366 0.227745 -0.037023
v 0.027517 0.221445 0.043607
v 0.022634 0.218043 0.044042
v 0.028400 0.196119 0.038961
v 0.018612 0.231021 0.040285
v 0.032830 0.244251 0.039239
v 0.037219 0.233541 0.043363
v 0.040560 0.255591 0.030331
v 0.031839 0.231399 0.043950
v -0.003921 0.187425 0.013548
v -0.000755 0.166257 0.031783
v 0.001617 0.191457 0.023743
v -0.009535 0.163863 0.020596
v 0.039513 0.245511 -0.020341
v 0.035938 0.212751 -0.035098
v 0.029588 0.238833 -0.029518
v 0.046446 0.216531 -0.024948
v -0.001273 0.183141 -0.001126
v 0.005545 0.159453 -0.018159
v -0.007265 0.154035 -0.011344
v 0.008055 0.187551 -0.012758
v 0.023845 0.166509 -0.022686
v 0.008055 0.187551 -0.012758
v 0.019160 0.191709 -0.015315
v 0.009605 0.163989 -0.021921
v 0.004015 0.222957 -0.045903
v 0.017316 0.253197 -0.027436
v 0.019597 0.224217 -0.042477
v -0.001935 0.253449 -0.022778
v -0.005503 0.223587 0.040516
v -0.018423 0.200025 0.044457
v -0.006945 0.200781 0.049615
v -0.018406 0.219051 0.037391
v 0.032075 0.252441 0.041897
v 0.039443 0.242487 0.040704
v 0.040366 0.261387 0.030742
v 0.034712 0.239841 0.043106
v -0.017385 0.222957 0.046185
v 0.005341 0.255087 0.035323
v -0.009032 0.252819 0.030730
v -0.003358 0.225981 0.049223
v 0.011115 0.245133 0.042732
v -0.002083 0.212247 0.049633
v 0.012179 0.217161 0.050618
v -0.002283 0.238455 0.041227
v -0.002405 0.227871 0.054236
v 0.019992 0.261387 0.035487
v 0.005341 0.255087 0.035323
v 0.012918 0.231525 0.056495
v 0.053608 0.202545 0.023667
v 0.053435 0.200403 0.023624
v 0.049095 0.202293 0.028878
v 0.053435 0.200403 0.023624
v 0.053608 0.202545 0.023667
v 0.054446 0.202293 0.016990
v -0.016285 0.232029 -0.025621
v -0.031946 0.207585 -0.017681
v -0.025676 0.231273 -0.011894
v -0.016285 0.232029 -0.025621
v -0.022492 0.207963 -0.034974
v -0.031946 0.207585 -0.017681
v -0.025676 0.231273 -0.011894
v -0.036524 0.202797 -0.012578
v -0.029685 0.231777 0.004186
v -0.036524 0.202797 -0.012578
v -0.041029 0.203301 0.004387
v -0.029685 0.231777 0.004186
v 0.034571 0.248409 0.058037
v 0.036959 0.259119 0.041462
v 0.028251 0.259245 0.042872
v -0.026957 0.249543 0.013130
v -0.031848 0.247275 0.000341
v -0.037550 0.239967 0.004796
v 0.036312 0.256599 -0.024445
v 0.022623 0.270585 -0.006371
v 0.047143 0.258615 -0.016694
v 0.039169 0.260253 0.017496
v 0.039522 0.268065 0.029338
v 0.045848 0.258111 0.020539
v 0.027929 0.266679 0.012490
v 0.024241 0.271215 0.023232
v 0.032793 0.264159 0.014713
v 0.044863 0.268569 0.000551
v 0.031770 0.272727 0.002980
v 0.043680 0.267939 0.009347
v 0.036864 0.267813 0.028583
v 0.024241 0.271215 0.023232
v 0.034060 0.268065 0.036148
v 0.039169 0.260253 0.017496
v 0.043680 0.267939 0.009347
v 0.032793 0.264159 0.014713
v 0.037987 0.269829 -0.006489
v 0.031770 0.272727 0.002980
v 0.044863 0.268569 0.000551
v 0.003045 0.268191 0.026854
v 0.018510 0.273735 0.014916
v 0.007271 0.272349 0.011380
v 0.044863 0.268569 0.000551
v 0.044489 0.259497 -0.010836
v 0.037987 0.269829 -0.006489
v 0.031752 0.274365 0.009311
v 0.029727 0.270207 -0.015343
v 0.019691 0.274239 0.003182
v 0.038487 0.267813 -0.002232
v 0.044502 0.264789 0.009735
v 0.060718 0.257229 -0.009269
v 0.049925 0.261513 0.009710
v 0.045848 0.258111 0.020539
v 0.059197 0.247023 0.011195
v 0.059197 0.247023 0.011195
v 0.058782 0.246267 0.004389
v 0.049925 0.261513 0.009710
v 0.059197 0.247023 0.011195
v 0.062411 0.229761 0.003090
v 0.058782 0.246267 0.004389
v 0.049731 0.255717 0.010121
v 0.045675 0.256221 0.020496
v 0.052262 0.247779 0.014333
v 0.052262 0.247779 0.014333
v 0.054550 0.247653 0.009578
v 0.049731 0.255717 0.010121
v 0.052262 0.247779 0.014333
v 0.057986 0.235305 0.010894
v 0.054550 0.247653 0.009578
v 0.051301 0.244377 -0.001700
v 0.049731 0.255717 0.010121
v 0.057438 0.233793 -0.001272
v 0.057438 0.233793 -0.001272
v 0.054259 0.231651 -0.005829
v 0.051301 0.244377 -0.001700
v 0.057438 0.233793 -0.001272
v 0.054456 0.213759 -0.001832
v 0.054259 0.231651 -0.005829
v 0.040560 0.255591 0.030331
v 0.044214 0.247023 0.032987
v 0.045724 0.249291 0.028405
v -0.014801 0.148617 -0.002847
v -0.011918 0.155043 0.011003
v -0.001273 0.183141 -0.001126
v -0.011918 0.155043 0.011003
v -0.003921 0.187425 0.013548
v -0.001273 0.183141 -0.001126
v 0.047606 0.246519 0.033006
v 0.045848 0.258111 0.020539
v 0.040366 0.261387 0.030742
v 0.040366 0.261387 0.030742
v 0.042985 0.245889 0.037547
v 0.047606 0.246519 0.033006
v 0.030563 0.261261 0.042806
v 0.036884 0.264789 0.026660
v 0.023813 0.267687 0.030104
v 0.023813 0.267687 0.030104
v 0.022200 0.260505 0.042098
v 0.030563 0.261261 0.042806
v 0.027517 0.221445 0.043607
v 0.025982 0.238581 0.042031
v 0.018612 0.231021 0.040285
v 0.032181 0.270711 0.003174
v 0.047143 0.258615 -0.016694
v 0.022623 0.270585 -0.006371
v 0.031839 0.231399 0.043950
v 0.036982 0.216657 0.044682
v 0.037219 0.233541 0.043363
v 0.044214 0.247023 0.032987
v 0.046636 0.235179 0.035794
v 0.045724 0.249291 0.028405
v 0.039522 0.268065 0.029338
v 0.036983 0.255213 0.046151
v 0.044818 0.263151 0.032035
v 0.042985 0.245889 0.037547
v 0.045797 0.229887 0.042472
v 0.047606 0.246519 0.033006
v 0.034712 0.239841 0.043106
v 0.040397 0.225981 0.044982
v 0.039443 0.242487 0.040704
v 0.045724 0.249291 0.028405
v 0.045675 0.256221 0.020496
v 0.040560 0.255591 0.030331
v 0.044818 0.263151 0.032035
v 0.045848 0.258111 0.020539
v 0.039522 0.268065 0.029338
v 0.022200 0.260505 0.042098
v 0.025969 0.257481 0.056444
v 0.030563 0.261261 0.042806
v -0.015382 0.031185 0.068355
v -0.015990 0.055125 0.064163
v -0.031616 0.036225 0.094425
v 0.017980 0.055251 0.066389
v 0.013599 0.038745 0.075489
v 0.029860 0.061299 0.092766
v 0.018671 0.054747 0.099342
v 0.004686 0.052101 0.127442
v 0.037317 0.057771 0.094900
v 0.035041 0.051471 0.118023
v -0.001942 0.012411 0.102467
v 0.034103 0.012537 0.105210
v 0.036358 0.019593 0.082541
v 0.033359 0.028287 0.123297
v 0.001165 0.029169 0.128676
v 0.004686 0.052101 0.127442
v -0.018654 0.043029 0.123827
v 0.010817 0.067347 0.118319
v -0.002904 0.067599 0.119214
v 0.013599 0.038745 0.075489
v 0.037317 0.057771 0.094900
v 0.018671 0.054747 0.099342
v 0.037954 0.041391 0.077613
v 0.036358 0.019593 0.082541
v -0.000831 0.172809 0.014043
v 0.003606 0.172431 -0.008909
v 0.006482 0.175455 -0.005345
v -0.004375 0.168903 0.013526
v -0.001681 0.172809 0.037337
v -0.016259 0.067221 0.116802
v -0.031616 0.036225 0.094425
v -0.030690 0.060921 0.088871
v -0.018654 0.043029 0.123827
v -0.002904 0.067599 0.119214
v 0.032627 0.095319 0.059940
v 0.037389 0.068103 0.038264
v 0.027718 0.064197 0.054217
v 0.038452 0.094815 0.044681
v -0.001942 0.012411 0.102467
v -0.015382 0.031185 0.068355
v -0.031616 0.036225 0.094425
v 0.004069 0.018207 0.073572
v 0.004069 0.018207 0.073572
v 0.036358 0.019593 0.082541
v 0.013599 0.038745 0.075489
v -0.001942 0.012411 0.102467
v -0.018654 0.043029 0.123827
v -0.001942 0.012411 0.102467
v -0.031616 0.036225 0.094425
v 0.001165 0.029169 0.128676
v -0.005864 0.030681 -0.051580
v -0.003448 0.088263 -0.057589
v -0.001689 0.085617 -0.045122
v -0.008573 0.033075 -0.063917
v 0.014639 0.170289 0.045171
v 0.001883 0.175707 0.034461
v 0.016041 0.173313 0.040654
v -0.001681 0.172809 0.037337
v 0.021430 0.169911 -0.013739
v 0.006482 0.175455 -0.005345
v 0.003606 0.172431 -0.008909
v 0.021757 0.172935 -0.008791
v 0.047015 0.118377 0.019544
v 0.041470 0.139923 0.033313
v 0.045978 0.125055 0.020020
v 0.041170 0.135261 0.038196
v 0.046833 0.141309 0.005542
v 0.047015 0.118377 0.019544
v 0.045978 0.125055 0.020020
v 0.048818 0.137151 0.000527
v 0.048832 0.073269 0.022568
v 0.049212 0.061929 0.009257
v 0.046389 0.061299 0.020949
v 0.051720 0.074151 0.010984
v 0.040347 0.021735 -0.000116
v 0.036556 0.041139 0.019508
v 0.040758 0.042651 0.001548
v 0.036079 0.020223 0.017736
v 0.037389 0.068103 0.038264
v 0.035578 0.058275 0.044791
v 0.027718 0.064197 0.054217
v 0.048022 0.070623 -0.027953
v 0.050773 0.063189 -0.017258
v 0.049093 0.071883 -0.009046
v 0.054094 0.101619 -0.026898
v 0.049093 0.071883 -0.009046
v 0.052377 0.098973 -0.008961
v 0.049093 0.071883 -0.009046
v 0.054094 0.101619 -0.026898
v 0.048022 0.070623 -0.027953
v -0.031616 0.036225 0.094425
v -0.015990 0.055125 0.064163
v -0.030690 0.060921 0.088871
v -0.015382 0.031185 0.068355
v 0.004069 0.018207 0.073572
v 0.013599 0.038745 0.075489
v 0.004686 0.052101 0.127442
v 0.010817 0.067347 0.118319
v 0.029860 0.061299 0.092766
v 0.035041 0.051471 0.118023
v 0.033359 0.028287 0.123297
v 0.004686 0.052101 0.127442
v 0.038521 0.036981 -0.084864
v 0.029405 0.091161 -0.080710
v 0.027821 0.038493 -0.090195
v 0.040191 0.089523 -0.074990
v 0.029405 0.091161 -0.080710
v 0.038521 0.036981 -0.084864
v -0.000831 0.172809 0.014043
v 0.001883 0.175707 0.034461
v -0.001681 0.172809 0.037337
v 0.016041 0.173313 0.040654
v 0.025849 0.160083 0.037407
v 0.014639 0.170289 0.045171
v 0.014639 0.170289 0.045171
v 0.025849 0.160083 0.037407
v 0.025830 0.156177 0.041534
v 0.025849 0.160083 0.037407
v 0.041470 0.139923 0.033313
v 0.041170 0.135261 0.038196
v 0.025830 0.156177 0.041534
v 0.025849 0.160083 0.037407
v 0.041170 0.135261 0.038196
v 0.031830 0.160587 -0.004259
v 0.048818 0.137151 0.000527
v 0.046833 0.141309 0.005542
v 0.021757 0.172935 -0.008791
v 0.021430 0.169911 -0.013739
v 0.031830 0.160587 -0.004259
v 0.021430 0.169911 -0.013739
v 0.033124 0.156807 -0.008711
v 0.031830 0.160587 -0.004259
v 0.033124 0.156807 -0.008711
v 0.048818 0.137151 0.000527
v 0.031830 0.160587 -0.004259
v 0.044944 0.105651 0.025639
v 0.046090 0.122283 0.027302
v 0.048371 0.106659 0.011526
v 0.048371 0.106659 0.011526
v 0.046090 0.122283 0.027302
v 0.049171 0.123039 0.012369
v 0.005100 0.197883 0.029295
v 0.002702 0.178605 0.030441
v 0.001617 0.191457 0.023743
v 0.012042 0.177723 0.039382
v 0.025750 0.198135 -0.016335
v 0.025144 0.178857 -0.019057
v 0.037937 0.177975 -0.018071
v 0.019160 0.191709 -0.015315
v -0.000755 0.166257 0.031783
v -0.003921 0.187425 0.013548
v 0.001617 0.191457 0.023743
v -0.009535 0.163863 0.020596
v 0.005545 0.159453 -0.018159
v -0.001273 0.183141 -0.001126
v -0.007265 0.154035 -0.011344
v 0.008055 0.187551 -0.012758
v 0.008055 0.187551 -0.012758
v 0.023845 0.166509 -0.022686
v 0.019160 0.191709 -0.015315
v 0.009605 0.163989 -0.021921
v -0.001273 0.183141 -0.001126
v -0.011918 0.155043 0.011003
v -0.014801 0.148617 -0.002847
v -0.001273 0.183141 -0.001126
v -0.003921 0.187425 0.013548
v -0.011918 0.155043 0.011003
v 0.011836 -0.034083 0.054940
v 0.019872 -0.035595 0.050700
v 0.042636 -0.017451 0.031583
v 0.035706 -0.017955 0.042802
v 0.026433 0.022491 0.037644
v 0.042636 -0.017451 0.031583
v 0.026433 0.022491 0.037644
v 0.032519 0.023625 0.026490
v 0.035127 -0.061299 0.049177
v 0.041603 -0.064071 0.038671
v 0.035127 -0.061299 0.049177
v 0.042636 -0.017451 0.031583
v 0.041603 -0.064071 0.038671
v 0.035706 -0.017955 0.042802
v 0.042636 -0.017451 0.031583
v 0.035127 -0.061299 0.049177
vn 0.1951 0.0084 -0.9808
vn -0.3255 -0.5538 -0.7664
vn 0.3531 -0.3723 -0.8583
vn 0.4346 -0.0395 -0.8998
vn -0.7864 -0.5606 0.2595
vn -0.5412 -0.0159 0.8407
vn -0.7516 0.3825 -0.5374
vn -0.3871 -0.0486 0.9208
vn -0.5816 -0.7686 -0.2664
vn -0.7667 0.4130 -0.4915
vn -0.2876 -0.6973 -0.6566
vn -0.8440 0.3534 -0.4035
vn -0.2894 -0.6975 -0.6556
vn -0.4382 0.2759 -0.8555
vn 0.2405 -0.5122 -0.8245
vn -0.3491 0.3178 -0.8816
vn -0.9333 0.3483 -0.0877
vn -0.5833 -0.7673 -0.2665
vn -0.6816 -0.7003 0.2123
vn -0.9319 0.3565 -0.0669
vn -0.7885 0.4082 0.4601
vn -0.6813 -0.7001 0.2137
vn -0.8896 0.3349 0.3107
vn -0.6800 -0.7016 0.2128
vn -0.4574 -0.5200 0.7214
vn -0.8914 0.3332 0.3072
vn -0.2059 -0.5603 0.8023
vn -0.4478 0.0750 0.8910
vn -0.3400 -0.7568 0.5583
vn -0.5350 0.1087 0.8378
vn -0.3424 -0.7545 0.5599
vn -0.9494 0.0674 0.3066
vn -0.5742 -0.8035 0.1569
vn -0.9387 0.1693 0.3002
vn -0.6640 0.3418 -0.6650
vn -0.2583 -0.8013 -0.5396
vn -0.5428 -0.8021 -0.2492
vn -0.6401 0.3092 -0.7033
vn 0.4678 -0.5528 -0.6896
vn 0.2680 0.2234 -0.9372
vn 0.1340 0.2474 -0.9596
vn 0.0214 -0.8389 -0.5439
vn 0.1751 0.0698 0.9821
vn 0.1650 -0.7384 0.6538
vn 0.4442 0.0044 0.8959
vn -0.0408 -0.5070 0.8610
vn -0.5742 -0.8037 0.1561
vn -0.9801 0.1978 -0.0190
vn -0.5446 -0.8009 -0.2491
vn -0.5743 -0.8036 0.1565
vn -0.9881 0.1435 0.0548
vn -0.9801 0.1978 -0.0189
vn -0.3817 0.2350 -0.8939
vn -0.3284 0.1948 -0.9242
vn 0.0199 -0.8388 -0.5441
vn 0.0205 -0.8399 -0.5423
vn -0.2613 -0.8001 -0.5400
vn 0.1086 -0.0682 -0.9917
vn 0.4076 -0.3015 -0.8620
vn -0.1992 -0.3455 -0.9170
vn 0.1013 -0.0630 -0.9929
vn 0.4089 -0.3026 -0.8609
vn 0.0956 0.0953 -0.9908
vn 0.1266 0.0875 -0.9881
vn -0.2008 -0.3466 -0.9163
vn 0.8396 0.0651 -0.5392
vn 0.6210 -0.5898 -0.5161
vn 0.6207 -0.4996 -0.6042
vn 0.9514 -0.0052 -0.3080
vn 0.8308 0.0124 -0.5565
vn 0.7851 -0.0630 -0.6162
vn 0.6208 -0.5897 -0.5166
vn 0.7078 -0.6672 0.2320
vn -0.0009 0.0756 0.9971
vn 0.6070 -0.5858 0.5369
vn 0.7918 -0.5806 0.1898
vn -0.1049 -0.0043 0.9945
vn -0.0776 -0.0648 0.9949
vn 0.1319 0.0047 0.9912
vn 0.1648 -0.7399 0.6523
vn 0.6448 -0.6678 0.3718
vn 0.0573 -0.0711 0.9958
vn -0.0682 0.0465 0.9966
vn 0.6456 -0.6692 0.3681
vn 0.6042 -0.5866 0.5393
vn 0.0504 0.0386 0.9980
vn 0.1948 -0.1727 0.9655
vn 0.7460 0.0826 -0.6608
vn 0.6766 0.0044 -0.7363
vn 0.6952 -0.0563 -0.7166
vn 0.8063 -0.5844 0.0917
vn 0.7036 0.0561 -0.7084
vn 0.7817 0.0466 -0.6219
vn 0.8537 -0.1654 -0.4938
vn 0.7054 -0.6688 0.2350
vn 0.6221 -0.5880 -0.5170
vn 0.6636 0.3745 -0.6476
vn 0.7478 0.3212 -0.5811
vn 0.6213 -0.4978 -0.6051
vn 0.3573 0.4299 -0.8292
vn 0.6214 -0.4978 -0.6051
vn 0.4085 -0.3048 -0.8604
vn 0.3045 0.4554 -0.8366
vn -0.9638 0.0260 0.2654
vn -0.8188 -0.3535 0.4524
vn -0.9400 -0.0309 0.3399
vn -0.8789 -0.4758 0.0336
vn -0.6318 -0.0859 0.7704
vn -0.3758 -0.3100 0.8733
vn -0.5911 -0.1065 0.7996
vn -0.8187 -0.3535 0.4524
vn -0.3699 0.3450 0.8626
vn -0.0410 -0.5052 0.8620
vn -0.4094 0.3626 0.8372
vn -0.3741 -0.3134 0.8728
vn 0.7481 0.0850 -0.6581
vn 0.6682 -0.5820 0.4635
vn 0.8050 -0.5861 0.0920
vn 0.7007 0.0551 -0.7113
vn 0.8062 -0.5845 0.0917
vn 0.7056 -0.6684 0.2353
vn 0.8167 0.2482 -0.5210
vn 0.8388 -0.3711 0.3984
vn 0.6666 -0.5832 0.4644
vn 0.6682 -0.5820 0.4634
vn 0.7811 0.1322 -0.6103
vn 0.8151 0.2477 -0.5236
vn 0.7825 0.1283 -0.6092
vn 0.8360 -0.1047 -0.5386
vn 0.8168 0.2445 -0.5225
vn -0.9057 -0.1041 -0.4109
vn -0.7606 0.2236 -0.6095
vn -0.5531 -0.4739 -0.6852
vn -0.7644 0.2292 -0.6026
vn -0.0390 -0.5050 0.8622
vn 0.1652 -0.7384 0.6538
vn -0.0491 0.3675 0.9287
vn 0.1650 -0.7370 0.6555
vn 0.0585 0.3135 0.9478
vn -0.0454 0.3658 0.9296
vn 0.7647 0.1012 -0.6364
vn 0.8029 0.0838 -0.5902
vn 0.8366 -0.0566 -0.5448
vn 0.7076 -0.2256 -0.6697
vn 0.8208 0.0253 -0.5707
vn 0.3130 0.7599 -0.5697
vn 0.6211 -0.4997 -0.6038
vn 0.4089 -0.3026 -0.8610
vn 0.5679 0.6048 -0.5583
vn -0.4745 0.2231 -0.8515
vn -0.1995 -0.3484 -0.9158
vn -0.5592 -0.4729 -0.6809
vn -0.4394 0.1884 -0.8783
vn -0.9291 0.3019 -0.2136
vn -0.8779 -0.4776 0.0341
vn -0.9061 0.3879 -0.1689
vn -0.9061 -0.1057 -0.4096
vn 0.7913 -0.5817 0.1881
vn 0.8549 -0.3710 0.3627
vn 0.1215 0.3008 0.9459
vn 0.1179 0.3001 0.9466
vn 0.0207 0.2173 0.9759
vn 0.7917 -0.5805 0.1900
vn 0.1195 0.2975 0.9472
vn 0.0772 0.0769 0.9940
vn 0.0223 0.2135 0.9767
vn 0.8910 0.1482 -0.4292
vn 0.9368 0.0936 -0.3372
vn 0.9758 -0.1447 -0.1641
vn 0.8216 0.0264 -0.5694
vn 0.9414 0.1382 -0.3076
vn 0.9493 0.2185 -0.2262
vn 0.9378 0.1436 -0.3160
vn 0.9457 0.1141 -0.3043
vn 0.9424 0.1391 -0.3041
vn 0.9283 0.2985 0.2217
vn 0.8409 0.3977 0.3671
vn 0.8377 0.3743 0.3976
vn 0.8669 0.2777 0.4140
vn 0.8376 -0.3746 0.3976
vn 0.8970 -0.1788 0.4043
vn 0.0279 0.0931 0.9953
vn -0.0336 -0.2337 0.9717
vn 0.1283 -0.0310 0.9912
vn 0.0881 0.0758 0.9932
vn 0.1447 -0.0645 0.9874
vn 0.2261 0.1926 0.9549
vn 0.1296 -0.0300 0.9911
vn 0.4264 0.1120 0.8976
vn 0.3051 0.1671 0.9376
vn 0.4210 0.0108 0.9070
vn 0.8000 0.4123 0.4359
vn 0.8536 -0.3746 0.3621
vn 0.8972 -0.1788 0.4039
vn 0.8161 0.3752 0.4396
vn 0.8675 0.2805 0.4108
vn -0.1104 0.6459 -0.7554
vn -0.1306 0.4864 -0.8639
vn -0.2097 0.3536 -0.9116
vn -0.0898 0.7800 -0.6193
vn 0.0005 0.8200 -0.5724
vn 0.3374 0.6758 -0.6554
vn 0.2615 0.5627 -0.7842
vn 0.2102 0.3467 -0.9141
vn 0.3098 0.8066 -0.5034
vn 0.3806 0.8632 -0.3316
vn -0.8178 -0.3555 0.4526
vn -0.8923 0.3587 0.2741
vn -0.8789 -0.4758 0.0337
vn -0.8838 0.2125 0.4168
vn 0.5743 0.2834 -0.7681
vn 0.4811 0.2683 -0.8346
vn 0.4917 0.2266 -0.8407
vn 0.6180 0.2660 -0.7398
vn -0.2009 -0.3467 -0.9162
vn -0.4014 0.4913 -0.7730
vn -0.3260 0.4238 -0.8450
vn -0.5547 -0.4703 -0.6864
vn 0.4313 0.2610 0.8636
vn 0.4294 0.1129 0.8960
vn 0.7792 0.2966 0.5521
vn 0.3445 0.2086 0.9153
vn -0.3729 -0.3131 0.8734
vn -0.6757 0.1256 0.7264
vn -0.8183 -0.3554 0.4517
vn -0.6469 0.3849 0.6583
vn -0.2263 0.7203 0.6557
vn -0.3749 -0.3095 0.8739
vn -0.0494 0.5997 0.7987
vn -0.6640 0.5948 -0.4531
vn -0.5552 -0.4702 -0.6860
vn -0.9061 -0.1078 -0.4090
vn -0.1293 0.4833 -0.8659
vn 0.2059 0.3470 -0.9150
vn -0.2079 0.3540 -0.9118
vn 0.2629 0.5611 -0.7849
vn 0.4900 0.2278 -0.8414
vn 0.2102 0.3466 -0.9142
vn -0.5553 -0.4703 -0.6859
vn -0.6716 0.6333 -0.3845
vn -0.8038 0.5429 -0.2433
vn -0.9056 -0.1076 -0.4103
vn -0.8799 -0.4741 0.0327
vn -0.7099 0.6193 -0.3354
vn -0.8014 0.5452 -0.2460
vn 0.4294 0.2609 0.8646
vn 0.3209 0.2505 0.9134
vn 0.3446 0.2086 0.9153
vn -0.5449 0.6664 0.5089
vn -0.4575 0.7705 0.4439
vn -0.3464 0.8033 0.4844
vn -0.6719 0.5155 0.5318
vn -0.8184 0.3421 0.4617
vn -0.5513 0.3386 0.7625
vn -0.2487 0.7233 0.6442
vn -0.1489 0.8604 0.4874
vn 0.0394 0.8660 0.4985
vn -0.4047 0.5198 0.7523
vn -0.5479 0.3382 0.7651
vn -0.3078 0.2190 0.9259
vn 0.5758 0.3683 -0.7299
vn 0.6113 0.3211 -0.7234
vn 0.6960 0.1568 -0.7007
vn 0.4806 0.2700 -0.8343
vn 0.5590 0.4465 -0.6987
vn -0.1917 0.3287 0.9248
vn -0.3432 0.2497 0.9055
vn -0.1575 0.4389 0.8846
vn -0.1394 0.3127 0.9396
vn -0.0659 0.1481 0.9868
vn 0.7804 -0.5396 -0.3158
vn 0.7545 -0.6120 -0.2370
vn 0.7544 -0.6121 -0.2371
vn 0.8213 -0.4935 -0.2862
vn -0.9049 0.4224 0.0527
vn -0.9762 0.2167 -0.0107
vn -0.9037 0.3528 -0.2424
vn -0.9000 0.1802 -0.3968
vn -0.9007 0.3559 -0.2490
vn -0.2025 0.2773 0.9392
vn -0.3420 0.2485 0.9062
vn -0.1575 0.2619 0.9522
vn -0.3059 0.2183 0.9267
vn -0.6924 0.6231 0.3639
vn -0.9049 0.4225 0.0526
vn 0.7795 -0.5397 -0.3178
vn -0.8152 0.5125 0.2698
vn -0.9048 0.4225 0.0526
vn -0.6929 0.6217 0.3653
vn -0.8595 0.4742 0.1905
vn -0.7352 0.6667 0.1226
vn -0.7352 0.6667 0.1227
vn -0.8135 0.5158 0.2684
vn -0.7403 0.6579 0.1382
vn 0.1842 0.7167 0.6726
vn 0.1469 0.6931 0.7057
vn 0.7814 0.2941 0.5504
vn 0.1339 0.6131 0.7786
vn 0.1484 0.4448 0.8832
vn -0.7805 0.5395 0.3159
vn -0.9045 0.4230 0.0547
vn -0.6927 0.6218 0.3655
vn -0.8213 0.4935 0.2862
vn -0.7545 0.6120 0.2370
vn 0.6609 0.4996 -0.5600
vn 0.6234 0.6774 -0.3906
vn 0.4009 0.6108 -0.6828
vn 0.7657 0.3745 -0.5229
vn 0.7871 0.1933 -0.5858
vn 0.7629 0.4766 -0.4368
vn 0.7464 0.3189 -0.5840
vn 0.7741 0.2238 -0.5922
vn 0.6261 0.6769 -0.3871
vn 0.9280 0.2978 0.2238
vn -0.0683 0.5352 0.8420
vn -0.1557 0.4418 0.8835
vn 0.1441 0.6915 0.7078
vn -0.0169 0.4782 0.8781
vn 0.1157 0.2663 0.9569
vn -0.6349 0.5332 0.5592
vn -0.5845 0.5511 0.5956
vn -0.5410 0.4676 0.6991
vn -0.8000 0.3590 -0.4808
vn -0.6549 0.2236 -0.7219
vn -0.8989 0.1801 -0.3993
vn -0.8129 0.3799 -0.4414
vn 0.3312 0.6187 -0.7124
vn 0.4630 0.5713 -0.6777
vn 0.4009 0.6093 -0.6842
vn 0.4903 0.5865 -0.6446
vn 0.7218 0.3996 0.5650
vn 0.7809 0.2978 0.5491
vn 0.7002 0.6389 0.3186
vn 0.6389 0.3629 0.6783
vn 0.3293 0.6195 -0.7126
vn 0.2677 0.6703 -0.6921
vn 0.2351 0.6798 -0.6947
vn 0.0947 0.5896 -0.8021
vn 0.0906 0.5886 -0.8033
vn -0.0162 0.5262 -0.8502
vn 0.1526 0.4652 -0.8719
vn -0.2218 0.6317 -0.7428
vn -0.3191 0.6107 0.7247
vn -0.3102 0.4936 0.8125
vn -0.5815 0.5509 0.5987
vn -0.3007 0.5793 0.7576
vn -0.2888 0.6387 0.7132
vn -0.2680 0.5984 0.7551
vn -0.3190 0.6123 0.7234
vn -0.2596 0.5957 0.7601
vn -0.7545 0.6120 0.2371
vn -0.7800 0.5410 0.3144
vn -0.7544 0.6120 0.2371
vn -0.6525 0.2243 -0.7238
vn -0.5026 0.5413 -0.6741
vn -0.2116 0.3547 -0.9107
vn -0.5029 0.5443 -0.6714
vn -0.4803 0.6718 -0.5639
vn -0.4738 0.6652 -0.5770
vn -0.5031 0.5443 -0.6713
vn -0.5334 0.5124 -0.6730
vn -0.5040 0.5408 -0.6735
vn -0.6523 0.2241 -0.7240
vn -0.5365 0.5084 -0.6736
vn 0.8927 0.4430 0.0833
vn 0.6994 0.6390 0.3202
vn 0.9272 0.2994 0.2251
vn 0.9279 0.2992 0.2222
vn 0.9191 0.3799 -0.1048
vn 0.8928 0.4433 0.0794
vn 0.9208 0.3758 -0.1045
vn 0.9716 0.2186 -0.0902
vn 0.8940 0.4408 0.0801
vn 0.7210 0.3987 0.5668
vn 0.6510 0.3259 0.6856
vn 0.1644 0.8654 0.4734
vn -0.0787 0.8571 0.5091
vn 0.4490 0.8894 0.0860
vn 0.0998 0.8386 0.5356
vn 0.1632 0.8648 0.4749
vn 0.1020 0.8295 0.5491
vn -0.0790 0.8572 0.5088
vn 0.4487 0.8895 0.0860
vn 0.0278 0.9357 0.3516
vn 0.0243 0.9352 0.3534
vn -0.1058 0.9241 0.3673
vn -0.0807 0.8566 0.5097
vn 0.0241 0.9363 0.3505
vn -0.0998 0.9682 0.2296
vn -0.1055 0.9257 0.3632
vn 0.4201 0.8795 -0.2236
vn 0.3872 0.9044 0.1795
vn 0.3493 0.9224 0.1647
vn 0.3213 0.9433 -0.0833
vn 0.0961 0.9664 0.2384
vn 0.0189 0.9429 0.3325
vn -0.0818 0.8571 0.5086
vn -0.5090 0.7914 0.3385
vn -0.5442 0.8140 0.2028
vn -0.1966 0.8872 -0.4175
vn -0.5544 0.7432 0.3745
vn -0.5368 0.7249 0.4316
vn 0.4226 0.7507 0.5078
vn 0.7003 0.6396 0.3170
vn 0.3516 0.9222 0.1610
vn 0.6489 0.6758 0.3497
vn 0.7788 0.6246 -0.0577
vn -0.1037 0.8484 0.5191
vn -0.1835 0.7211 0.6680
vn -0.2146 0.5410 0.8132
vn 0.2026 0.9539 0.2212
vn -0.2146 0.8354 0.5060
vn -0.2172 0.8331 0.5086
vn -0.2829 0.7338 0.6176
vn -0.5078 0.7914 0.3403
vn -0.2434 0.7255 0.6437
vn -0.5571 0.4700 -0.6847
vn -0.3556 0.4588 -0.8143
vn -0.2219 0.6317 -0.7428
vn -0.4929 0.3289 -0.8055
vn -0.7789 0.5837 -0.2292
vn -0.8403 0.4834 -0.2455
vn -0.7837 0.5794 -0.2240
vn -0.8659 0.4318 -0.2525
vn -0.1006 0.7979 -0.5944
vn -0.0172 0.7714 -0.6361
vn 0.2669 0.7533 -0.6011
vn -0.4315 0.8773 -0.2102
vn -0.0966 0.7985 -0.5942
vn 0.2518 0.7459 -0.6167
vn 0.2345 0.8382 -0.4924
vn 0.2671 0.7534 -0.6009
vn 0.4841 0.8178 -0.3113
vn 0.4385 0.8815 -0.1752
vn 0.2038 0.9301 0.3056
vn 0.6323 0.5980 -0.4925
vn 0.5933 0.8038 -0.0433
vn 0.6109 0.7630 0.2113
vn 0.3728 0.7104 0.5970
vn 0.6988 0.6404 0.3187
vn -0.9053 0.4217 0.0507
vn -0.8677 0.4279 -0.2528
vn -0.7709 0.5622 -0.2995
vn -0.8677 0.4280 -0.2528
vn -0.9053 0.4216 0.0507
vn -0.8428 0.4799 -0.2436
vn -0.7849 0.4115 -0.4633
vn -0.5607 0.4688 -0.6825
vn -0.7703 0.5623 -0.3009
vn -0.7095 0.5617 -0.4255
vn -0.6222 0.6904 -0.3692
vn -0.6209 0.6845 -0.3821
vn -0.6222 0.6904 -0.3691
vn -0.7097 0.5617 -0.4252
vn -0.7836 0.4152 -0.4622
vn -0.5606 0.4687 -0.6827
vn -0.7850 0.4114 -0.4632
vn -0.7116 0.5582 -0.4267
vn 0.2530 0.8747 -0.4134
vn 0.2344 0.8393 -0.4905
vn 0.2021 0.8436 -0.4975
vn 0.6988 0.6395 0.3206
vn 0.5928 0.8040 -0.0458
vn 0.3497 0.9222 0.1648
vn 0.2031 0.9289 0.3097
vn 0.3886 0.9037 0.1800
vn 0.3136 0.9382 0.1463
vn 0.3892 0.9033 0.1803
vn 0.2024 0.9292 0.3094
vn 0.1492 0.8568 0.4937
vn 0.3894 0.9037 0.1780
vn 0.3231 0.9426 -0.0840
vn 0.3149 0.9381 0.1446
vn 0.1510 0.8573 0.4922
vn 0.2047 0.9299 0.3057
vn 0.4370 0.8830 -0.1713
vn 0.3892 0.9038 0.1780
vn 0.1506 0.8562 0.4943
vn 0.3510 0.9224 0.1609
vn 0.4308 0.9024 0.0076
vn 0.3580 0.8884 0.2872
vn 0.3262 0.8617 -0.3886
vn -0.1850 0.7181 0.6709
vn -0.2667 0.5656 0.7804
vn 0.2353 0.8401 -0.4887
vn 0.2550 0.8758 -0.4099
vn 0.2972 0.9547 0.0134
vn -0.7117 0.7024 -0.0120
vn -0.7193 0.6938 0.0356
vn -0.7454 0.6432 0.1751
vn -0.4940 0.8517 -0.1750
vn -0.7684 0.5656 -0.2995
vn 0.2994 0.6473 -0.7009
vn 0.3511 0.9224 0.1607
vn 0.1925 0.7819 -0.5930
vn 0.1755 0.9315 -0.3186
vn -0.2654 0.6080 0.7482
vn -0.2200 0.7529 0.6203
vn 0.0431 0.9140 0.4035
vn 0.3495 0.9224 0.1648
vn 0.4981 0.3744 -0.7821
vn 0.3904 0.9027 0.1808
vn 0.3505 0.9223 0.1628
vn 0.4915 0.4662 -0.7356
vn 0.4824 0.6814 -0.5505
vn -0.1884 0.4985 0.8462
vn -0.1162 0.6467 0.7538
vn 0.1310 0.9058 0.4029
vn 0.3885 0.9037 0.1800
vn 0.3504 0.9223 0.1629
vn -0.2565 0.7142 0.6513
vn -0.1655 0.9837 -0.0697
vn -0.1943 0.9161 0.3508
vn 0.3137 0.9382 0.1464
vn 0.2339 0.7811 -0.5790
vn 0.1922 0.8662 -0.4613
vn 0.0052 0.9830 -0.1836
vn -0.1653 0.9838 -0.0696
vn -0.1283 0.9431 -0.3069
vn -0.4373 0.8993 -0.0025
vn -0.4347 0.9005 0.0098
vn -0.0639 0.9658 -0.2512
vn -0.3098 0.9418 0.1305
vn -0.1235 0.9489 -0.2904
vn -0.0415 0.9562 0.2897
vn -0.6495 0.7593 0.0391
vn -0.4037 0.7624 -0.5057
vn -0.4312 0.8769 -0.2124
vn -0.4366 0.7307 -0.5248
vn -0.7032 0.6078 -0.3689
vn -0.7684 0.5648 -0.3010
vn -0.6985 0.6147 -0.3665
vn -0.6495 0.7594 0.0392
vn -0.4927 0.8529 -0.1726
vn -0.5882 0.8083 -0.0281
vn -0.7340 0.6791 -0.0089
vn -0.2838 0.9055 -0.3156
vn -0.4299 0.8778 -0.2115
vn -0.3921 0.8350 -0.3861
vn -0.4409 0.8700 0.2205
vn -0.2451 0.9044 -0.3494
vn -0.2091 0.9104 -0.3570
vn -0.2450 0.9044 -0.3493
vn -0.4409 0.8701 0.2205
vn -0.3952 0.8326 -0.3880
vn -0.4321 0.8765 -0.2121
vn -0.4947 0.7436 -0.4498
vn -0.7272 0.6665 0.1640
vn -0.7120 0.7021 -0.0099
vn 0.1862 0.9587 -0.2148
vn -0.1819 0.9612 0.2073
vn -0.1952 0.9152 0.3526
vn 0.0765 0.9819 -0.1734
vn -0.2559 0.7157 0.6498
vn -0.2677 -0.6703 0.6921
vn -0.2351 -0.6798 0.6947
vn 0.0929 0.5891 -0.8027
vn 0.8550 0.4047 -0.3242
vn 0.9664 0.2388 -0.0948
vn 0.9844 0.1400 -0.1061
vn 0.9394 0.3342 -0.0760
vn 0.8591 0.4125 -0.3029
vn 0.9538 0.1292 -0.2713
vn 0.9606 0.2775 0.0185
vn 0.9608 0.2497 0.1202
vn 0.8578 0.3368 0.3883
vn 0.8857 0.2319 0.4022
vn 0.7256 0.2475 0.6421
vn 0.7893 0.1306 0.5999
vn 0.7419 0.0978 0.6633
vn 0.7118 0.0335 0.7016
vn 0.5828 -0.4394 0.6836
vn 0.6612 -0.2700 0.7000
vn 0.7448 -0.3266 0.5819
vn 0.6498 -0.0839 0.7555
vn 0.7546 -0.0355 0.6553
vn 0.6227 0.0093 0.7824
vn 0.6931 0.2537 0.6747
vn 0.6059 0.2323 0.7609
vn 0.6432 0.2074 0.7371
vn 0.4882 0.2066 0.8480
vn 0.5595 0.2382 0.7939
vn 0.3242 0.1766 0.9294
vn 0.4207 0.1744 0.8903
vn 0.3189 0.0235 0.9475
vn 0.0526 0.1080 0.9928
vn -0.1600 -0.0340 0.9865
vn -0.0483 -0.1180 0.9918
vn -0.1174 -0.3112 0.9431
vn 0.2693 -0.1067 0.9571
vn -0.0131 -0.5064 0.8622
vn 0.1748 -0.2212 0.9594
vn 0.2534 -0.1888 0.9488
vn 0.5104 -0.0722 0.8569
vn 0.6772 0.1027 0.7286
vn 0.6144 -0.0020 0.7890
vn 0.6672 0.0403 0.7438
vn 0.6087 -0.0813 0.7892
vn 0.8598 -0.3186 0.3989
vn 0.6430 -0.1597 0.7490
vn 0.9079 -0.0492 0.4164
vn 0.6786 0.2746 0.6812
vn 0.8467 0.3646 0.3875
vn 0.8941 0.1843 0.4081
vn 0.9291 0.3634 0.0694
vn 0.9199 0.3517 0.1734
vn 0.9260 0.3660 0.0929
vn 0.8105 0.5584 0.1769
vn 0.9596 0.2807 -0.0215
vn 0.6863 0.2889 0.6675
vn 0.7059 0.3428 0.6199
vn 0.8939 0.1862 0.4078
vn 0.6300 0.1295 0.7657
vn 0.6090 0.0188 0.7930
vn 0.6557 0.0118 0.7549
vn 0.5396 -0.0573 0.8400
vn 0.6408 0.0625 0.7652
vn -0.3228 -0.5510 -0.7695
vn 0.8752 0.1616 -0.4560
vn 0.8759 0.0460 -0.4802
vn -0.1602 -0.8125 -0.5606
vn 0.2544 -0.4502 -0.8559
vn 0.5131 -0.3870 -0.7661
vn 0.5900 -0.3316 -0.7361
vn 0.5026 -0.5098 -0.6982
vn 0.6419 -0.5141 -0.5690
vn 0.6339 -0.3000 -0.7128
vn 0.8981 -0.1013 -0.4279
vn 0.7145 -0.1128 -0.6904
vn 0.8618 -0.0127 -0.5071
vn 0.7801 0.1170 -0.6146
vn 0.9452 0.1787 -0.2734
vn 0.9220 0.0310 -0.3859
vn 0.9108 0.1812 -0.3710
vn 0.9307 0.0162 -0.3654
vn 0.9574 0.2138 -0.1941
vn 0.9632 -0.0212 -0.2679
vn 0.9710 0.2347 -0.0461
vn 0.9985 0.0148 -0.0520
vn 0.9637 0.2553 0.0781
vn 0.9905 -0.0310 0.1337
vn 0.9227 0.3249 0.2077
vn 0.9473 -0.0043 0.3204
vn 0.9696 0.2369 0.0610
vn 0.9459 -0.0588 0.3190
vn 0.9959 -0.0392 0.0820
vn 0.8919 -0.4514 0.0274
vn 0.8998 -0.3700 -0.2311
vn 0.9131 -0.4077 0.0049
vn 0.9552 -0.2644 -0.1331
vn 0.9879 0.1002 0.1181
vn 0.9608 0.2496 0.1203
vn 0.9715 0.1326 0.1966
vn 0.8857 0.2338 0.4011
vn 0.8697 0.2954 0.3955
vn 0.7893 0.1327 0.5995
vn 0.8807 0.2525 0.4008
vn 0.7392 0.2162 0.6379
vn 0.8965 -0.1776 0.4058
vn 0.8546 -0.3729 0.3613
vn 0.4226 0.1738 0.8895
vn 0.4474 0.1443 0.8826
vn 0.1895 -0.0150 0.9818
vn 0.5943 0.2472 0.7653
vn 0.5605 0.2397 0.7927
vn 0.6503 0.2615 0.7132
vn 0.6449 0.2073 0.7356
vn 0.7264 0.2561 0.6378
vn 0.6955 0.2548 0.6718
vn 0.7637 0.3249 0.5579
vn 0.7559 -0.0349 0.6537
vn 0.8668 -0.0092 0.4986
vn 0.7462 -0.3263 0.5802
vn 0.8641 -0.0632 0.4993
vn 0.6145 -0.4538 0.6454
vn 0.7182 -0.0447 0.6944
vn 0.4249 -0.3742 0.8243
vn 0.9578 0.2585 0.1253
vn 0.9694 0.2378 0.0608
vn 0.9215 0.3284 0.2072
vn 0.9738 0.2275 0.0009
vn 0.9638 0.2659 0.0180
vn 0.9398 0.3336 -0.0740
vn 0.9662 0.2513 -0.0579
vn 0.9672 0.2361 -0.0938
vn 0.9563 0.1475 -0.2526
vn 0.9849 0.0604 -0.1620
vn 0.9391 -0.0526 -0.3395
vn 0.9771 -0.0831 -0.1956
vn 0.8430 -0.2166 -0.4923
vn 0.8823 -0.1971 -0.4275
vn 0.6336 -0.5219 -0.5711
vn 0.6847 -0.5412 -0.4882
vn 0.7462 -0.4958 -0.4443
vn 0.6221 -0.7590 -0.1921
vn 0.5556 -0.8289 0.0650
vn 0.2244 -0.9582 0.1774
vn 0.2198 -0.8244 0.5216
vn 0.6503 -0.6984 0.2989
vn 0.5230 -0.2079 0.8266
vn 0.8817 -0.2440 0.4038
vn 0.8836 0.2401 0.4021
vn 0.9681 -0.2043 -0.1452
vn 0.9939 0.1025 0.0399
vn 0.8826 -0.1899 -0.4300
vn 0.9762 -0.0990 -0.1929
vn 0.7085 -0.4153 0.5706
vn 0.8462 -0.3479 0.4036
vn 0.4679 -0.3657 0.8045
vn 0.8212 -0.5493 0.1546
vn 0.8492 -0.5114 0.1316
vn 0.9433 -0.3000 0.1421
vn 0.9687 0.0093 0.2480
vn 0.9285 0.3180 0.1917
vn 0.7740 0.5554 0.3040
vn 0.8188 0.1411 0.5565
vn 0.6380 0.4860 0.5973
vn 0.4213 0.0426 0.9059
vn 0.1865 0.5569 0.8094
vn -0.0376 0.1249 0.9915
vn -0.4305 0.7642 0.4803
vn -0.6800 0.5076 0.5290
vn -0.5873 0.8091 -0.0201
vn -0.6261 0.7605 -0.1721
vn 0.7290 0.2981 -0.6162
vn 0.6697 -0.5808 0.4628
vn 0.8055 -0.5851 0.0936
vn 0.8263 0.4452 -0.3449
vn 0.9236 0.0658 -0.3776
vn 0.9646 0.2314 -0.1263
vn 0.9807 0.0296 -0.1931
vn 0.9970 0.0371 0.0684
vn 0.9636 -0.2658 0.0290
vn 0.9125 -0.4091 0.0066
vn 0.9297 -0.3264 0.1703
vn 0.8912 -0.4525 0.0311
vn 0.9458 -0.0629 0.3185
vn 0.9027 0.3831 0.1957
vn 0.8242 0.5445 0.1556
vn 0.9840 0.0879 0.1550
vn 0.9771 0.1970 -0.0806
vn 0.9397 0.3099 0.1447
vn 0.9502 -0.2449 0.1926
vn 0.8820 0.4360 0.1789
vn 0.7594 0.1074 0.6417
vn 0.8216 0.4632 0.3324
vn 0.1942 0.0762 0.9780
vn 0.4154 0.7835 0.4621
vn -0.7061 -0.1339 0.6954
vn -0.6466 0.4939 0.5814
vn -0.8706 -0.4346 0.2306
vn -0.9875 -0.1568 0.0128
vn -0.3586 -0.8664 -0.3475
vn -0.0288 -0.8616 -0.5068
vn -0.2404 -0.1451 0.9598
vn 0.5861 0.1759 0.7909
vn 0.4256 0.0315 0.9044
vn -0.4337 -0.0752 0.8979
vn -0.9180 -0.3424 0.2002
vn -0.9353 -0.3508 -0.0457
vn -0.5694 -0.3175 -0.7583
vn -0.4240 -0.1721 -0.8891
vn 0.3612 -0.0975 -0.9274
vn 0.6235 0.1081 -0.7743
vn 0.9889 0.1454 0.0291
vn 0.9174 0.3971 -0.0267
vn 0.5437 0.3676 0.7545
vn 0.8413 -0.0847 -0.5339
vn 0.9235 0.0369 0.3819
vn 0.7343 -0.1619 -0.6593
vn 0.9265 -0.1979 0.3201
vn -0.0253 -0.5597 0.8283
vn 0.1451 -0.6099 0.7791
vn -0.1689 -0.3630 0.9164
vn 0.0793 -0.5582 0.8259
vn 0.2550 -0.2044 0.9451
vn 0.5214 -0.2076 0.8277
vn 0.6810 0.1029 0.7251
vn 0.8820 0.2420 0.4045
vn 0.8796 0.2552 0.4014
vn 0.9929 0.1111 0.0427
vn 0.9991 0.0402 0.0163
vn 0.9947 -0.0486 -0.0905
vn 0.9937 -0.0806 -0.0782
vn 0.9877 -0.1540 -0.0266
vn 0.8645 -0.3195 0.3880
vn 0.9093 -0.0470 0.4134
vn 0.6852 0.2354 0.6893
vn 0.7647 0.3250 0.5564
vn 0.8668 -0.0053 0.4986
vn 0.7265 0.2559 0.6378
vn 0.6438 0.2238 0.7317
vn 0.6498 0.2625 0.7133
vn 0.5648 0.3294 0.7566
vn 0.5947 0.2471 0.7650
vn 0.5680 0.2326 0.7895
vn 0.4440 0.1441 0.8843
vn 0.5334 0.0600 0.8437
vn 0.3715 -0.0534 0.9269
vn 0.4923 -0.0778 0.8669
vn 0.1914 -0.2135 0.9580
vn -0.3506 0.2985 0.8877
vn -0.1146 0.9173 -0.3813
vn -0.1026 0.2241 0.9692
vn -0.1932 0.9803 -0.0411
vn 0.0821 0.9903 -0.1124
vn 0.1983 0.1241 -0.9722
vn -0.2761 -0.1812 -0.9439
vn -0.9947 -0.1025 -0.0083
vn -0.9925 -0.1158 -0.0394
vn -0.2306 0.2558 0.9388
vn 0.2730 0.0846 0.9583
vn 0.9857 -0.1456 0.0851
vn 0.9211 -0.3692 0.1235
vn 0.3411 -0.4451 -0.8280
vn -0.2086 -0.5579 0.8033
vn -0.7879 -0.5589 0.2586
vn -0.4132 -0.3802 0.8275
vn -0.9428 -0.3332 0.0133
vn -0.0413 -0.5070 0.8609
vn 0.3414 0.0096 0.9399
vn 0.4068 -0.0289 0.9131
vn 0.4857 0.2074 0.8492
vn 0.4331 -0.0945 0.8964
vn 0.3257 -0.0595 0.9436
vn 0.3263 0.0557 0.9436
vn 0.0202 0.0487 0.9986
vn -0.1331 0.1146 0.9845
vn -0.1604 -0.0349 0.9864
vn -0.0140 -0.0365 0.9992
vn -0.2215 -0.3944 0.8918
vn 0.2189 0.0387 0.9750
vn 0.4953 -0.5154 0.6993
vn 0.6472 -0.6568 0.3870
vn 0.3593 -0.8938 0.2685
vn 0.8395 -0.3589 0.4079
vn 0.6376 0.0362 0.7695
vn 0.9043 0.1286 0.4071
vn 0.9068 0.1191 0.4044
vn 0.9958 0.0902 -0.0154
vn 0.9899 0.1242 -0.0681
vn 0.9937 0.0747 -0.0833
vn 0.9847 0.1371 -0.1079
vn -0.2008 0.2557 0.9457
vn 0.6525 0.3233 0.6853
vn 0.5390 0.5622 0.6273
vn 0.0645 0.0572 0.9963
vn -0.9327 -0.0163 0.3603
vn -0.7735 -0.3349 0.5381
vn -0.9038 0.0865 -0.4192
vn -0.8997 -0.0322 -0.4353
vn -0.2165 0.0926 -0.9719
vn -0.1938 -0.0831 -0.9775
vn 0.7152 -0.2067 -0.6677
vn 0.9595 -0.0884 -0.2673
vn 0.9632 -0.0206 -0.2682
vn 0.9963 -0.0798 -0.0323
vn 0.9307 0.0161 -0.3653
vn 0.9236 -0.0515 -0.3798
vn 0.9215 0.0292 -0.3874
vn 0.7635 0.0559 -0.6434
vn 0.6340 -0.0261 -0.7729
vn 0.6506 0.1217 -0.7496
vn 0.7404 -0.0299 -0.6715
vn 0.6220 -0.5880 -0.5171
vn 0.5534 0.1155 0.8249
vn 0.9113 0.0073 0.4116
vn 0.5800 0.0417 0.8135
vn 0.8381 0.3910 0.3804
vn 0.3819 0.4781 0.7909
vn 0.8365 0.3937 0.3811
vn 0.5401 0.3802 0.7508
vn 0.8575 0.3343 0.3910
vn 0.6470 0.2772 0.7103
vn 0.8564 0.3380 0.3903
vn 0.7255 0.2475 0.6422
vn 0.2370 0.1551 0.9591
vn 0.2162 0.0360 0.9757
vn -0.2237 -0.3967 0.8903
vn -0.7873 -0.5578 0.2625
vn -0.5218 -0.8172 0.2447
vn -0.4640 -0.4691 0.7514
vn -0.2342 -0.4176 0.8779
vn -0.1734 -0.3713 0.9122
vn -0.2186 -0.5342 0.8166
vn -0.0171 -0.5391 0.8421
vn -0.1243 -0.3050 0.9442
vn 0.4807 -0.2016 -0.8534
vn -0.0333 -0.1494 -0.9882
vn 0.0049 -0.2091 -0.9779
vn 0.6082 -0.1634 -0.7768
vn 0.7815 -0.2266 -0.5813
vn 0.9165 -0.3206 -0.2394
vn 0.9453 -0.3260 -0.0084
vn 0.9288 -0.3669 0.0521
vn 0.8939 -0.4027 0.1968
vn 0.9286 -0.3064 0.2095
vn 0.8060 -0.4888 0.3339
vn -0.7696 0.5796 -0.2680
vn -0.2389 -0.7291 -0.6414
vn -0.8352 0.5384 0.1119
vn 0.2141 -0.6400 -0.7379
vn -0.1084 0.2639 -0.9584
vn 0.1598 -0.6011 -0.7830
vn 0.6627 0.1914 -0.7240
vn 0.7517 -0.2337 -0.6167
vn 0.8143 0.4106 -0.4103
vn 0.9833 -0.1819 0.0059
vn 0.8060 0.0166 -0.5917
vn 0.2331 -0.3073 -0.9226
vn 0.2577 -0.4566 -0.8515
vn 0.2439 -0.5122 -0.8235
vn 0.4682 -0.5494 -0.6920
vn 0.0189 -0.8407 -0.5411
vn 0.4361 -0.0945 0.8949
vn 0.6469 -0.0822 0.7582
vn 0.4086 -0.0296 0.9122
vn 0.6591 -0.2680 0.7027
vn 0.5059 0.0213 0.8623
vn 0.7109 0.0381 0.7022
vn 0.5443 0.2274 0.8075
vn 0.7887 0.1325 0.6003
vn 0.7375 0.2195 0.6387
vn 0.5799 -0.4425 0.6840
vn 0.6116 -0.4563 0.6463
vn 0.7442 -0.3286 0.5815
vn 0.4231 -0.3752 0.8247
vn 0.5319 -0.2676 0.8034
vn 0.4192 0.0142 0.9078
vn 0.4274 0.1217 0.8959
vn 0.5623 0.3291 0.7586
vn 0.3413 0.4066 0.8474
vn 0.8271 0.4442 -0.3443
vn 0.8368 -0.3744 0.3995
vn 0.6681 -0.5821 0.4635
vn 0.9667 0.2185 0.1331
vn 0.9648 0.2320 -0.1240
vn 0.9714 0.1347 0.1956
vn 0.9967 0.0415 0.0698
vn 0.9879 0.1002 0.1183
vn 0.9138 -0.4061 0.0060
vn 0.6539 0.7483 -0.1118
vn 0.7104 0.6055 0.3589
vn 0.9926 0.1208 -0.0082
vn 0.7597 0.2329 0.6071
vn -0.4737 0.4079 -0.7806
vn 0.7323 0.2618 0.6287
vn -0.8521 0.3457 -0.3928
vn 0.8942 0.1842 0.4080
vn 0.9599 0.2456 0.1349
vn 0.6378 0.1590 0.7536
vn -0.5079 -0.8260 0.2443
vn 0.8981 0.4245 0.1148
vn -0.7149 -0.6818 0.1555
vn 0.7114 -0.6260 0.3194
vn -0.6731 -0.6602 -0.3333
vn -0.2216 -0.8445 -0.4876
vn -0.3631 -0.8832 -0.2970
vn -0.0700 -0.8109 -0.5810
vn 0.9963 -0.0800 -0.0302
vn 0.9301 -0.3239 0.1731
vn 0.9595 -0.0886 -0.2674
vn 0.9809 0.0248 -0.1928
vn 0.9243 0.0617 -0.3767
vn 0.9843 0.1203 -0.1295
vn 0.9114 0.0073 0.4115
vn 0.8441 0.4832 -0.2326
vn 0.8377 0.3935 0.3786
vn 0.9188 0.3846 -0.0885
vn 0.8592 0.3342 0.3874
vn 0.9591 0.2826 0.0179
vn 0.8578 0.3387 0.3866
vn 0.9661 0.2515 -0.0582
vn 0.9461 0.1793 -0.2698
vn 0.9576 0.1514 -0.2452
vn 0.9646 0.2434 -0.1015
vn 0.9641 0.2648 0.0183
vn 0.9775 0.2109 -0.0009
vn 0.9578 0.2589 0.1249
vn 0.9626 0.2590 0.0788
vn 0.9215 0.3286 0.2068
vn 0.8363 0.3694 -0.4051
vn 0.7848 0.6167 -0.0614
vn 0.8543 0.5058 -0.1196
vn 0.5872 0.7880 -0.1852
vn 0.0387 0.7751 -0.6307
vn -0.0380 0.9491 -0.3127
vn -0.8002 0.5017 -0.3286
vn -0.5141 0.8129 -0.2737
vn -0.8059 0.5719 -0.1529
vn 0.9582 0.0179 -0.2855
vn 0.9003 -0.3681 -0.2323
vn 0.9959 -0.0406 0.0808
vn 0.9557 -0.2613 -0.1358
vn 0.9547 0.1253 -0.2699
vn 0.9602 0.2519 0.1204
vn 0.9995 -0.0076 -0.0320
vn 0.8294 -0.5528 -0.0810
vn 0.8280 -0.4290 0.3610
vn 0.8754 -0.4512 -0.1732
vn 0.9975 0.0260 -0.0660
vn 0.9939 -0.0590 -0.0930
vn 0.9952 0.0297 -0.0935
vn 0.9902 0.0284 -0.1366
vn 0.9669 0.2369 -0.0943
vn 0.3211 0.3980 0.8594
vn 0.5632 0.3299 0.7576
vn 0.3407 0.4079 0.8471
vn 0.5676 0.2345 0.7892
vn 0.5717 0.1359 0.8091
vn 0.5934 0.0720 0.8017
vn 0.6032 0.1198 0.7886
vn 0.6444 0.0890 0.7595
vn 0.6557 -0.6803 0.3275
vn 0.6559 0.7486 -0.0972
vn 0.9931 0.1168 -0.0064
vn 0.0009 1.0000 0.0090
vn 0.3617 0.7404 0.5665
vn -0.9011 0.4057 0.1530
vn 0.9643 0.2239 0.1413
vn 0.9582 0.2544 0.1311
vn 0.1522 0.3037 0.9405
vn -0.4939 0.3022 0.8153
vn 0.8496 0.4859 -0.2053
vn -0.6250 -0.7447 0.2340
vn -0.3599 -0.9059 0.2231
vn 0.2286 -0.2041 -0.9519
vn -0.1032 -0.8390 0.5342
vn 0.1006 -0.2894 -0.9519
vn 0.9303 -0.3235 0.1731
vn 0.9474 -0.0085 0.3200
vn 0.9457 -0.0627 0.3190
vn 0.9903 -0.0332 0.1346
vn 0.9968 -0.0799 0.0023
vn 0.9986 0.0126 -0.0518
vn 0.9636 -0.0219 -0.2666
vn 0.4273 0.1217 0.8959
vn 0.6461 0.2761 0.7116
vn 0.3393 0.4067 0.8482
vn 0.7244 0.2494 0.6427
vn 0.5323 -0.2673 0.8032
vn 0.7410 0.0977 0.6643
vn 0.5827 -0.4394 0.6837
vn 0.3278 0.0593 0.9429
vn 0.5026 0.0237 0.8642
vn 0.4343 -0.0944 0.8958
vn 0.5425 0.2269 0.8089
vn 0.2888 0.4373 0.8517
vn 0.7385 0.2159 0.6387
vn 0.8538 -0.3735 0.3625
vn 0.9646 0.2426 -0.1034
vn 0.9114 0.1819 -0.3692
vn 0.9457 0.1799 -0.2705
vn 0.9574 0.2139 -0.1938
vn 0.9775 0.2110 -0.0032
vn 0.9700 0.2385 -0.0469
vn 0.9629 0.2590 0.0761
vn 0.6331 -0.0264 -0.7736
vn 0.6290 -0.3068 -0.7143
vn 0.7115 -0.1094 -0.6941
vn 0.5211 -0.3845 -0.7620
vn 0.7417 -0.0278 -0.6702
vn 0.8758 0.0464 -0.4805
vn 0.8867 -0.0740 -0.4564
vn 0.0168 0.2882 0.9574
vn 0.6052 -0.5872 0.5375
vn 0.7920 -0.5796 0.1917
vn 0.6443 -0.6682 0.3720
vn 0.6414 -0.7470 -0.1750
vn 0.1636 -0.7375 0.6553
vn -0.0153 -0.0348 0.9993
vn 0.5789 0.0120 0.8153
vn 0.5931 -0.0537 0.8033
vn 0.5543 -0.0147 0.8322
vn 0.5915 0.0467 0.8049
vn 0.6357 0.0032 0.7719
vn 0.4429 -0.4549 0.7726
vn 0.5024 -0.5528 0.6648
vn 0.8766 0.0128 -0.4811
vn 0.5660 -0.6079 -0.5568
vn 0.5297 -0.3219 -0.7848
vn 0.9890 -0.1172 0.0900
vn 0.9231 0.0642 -0.3791
vn 0.7623 0.0573 -0.6446
vn 0.9234 -0.0528 -0.3802
vn 0.6499 0.1232 -0.7500
vn 0.7280 0.2990 -0.6169
vn 0.7076 -0.6676 0.2317
vn 0.8056 -0.5851 0.0936
vn 0.8800 -0.4587 -0.1237
vn 0.4020 -0.9136 0.0618
vn 0.7497 -0.6199 0.2318
vn -0.3570 -0.9259 -0.1235
vn 0.9625 -0.1837 -0.1998
vn -0.1858 -0.9615 0.2027
vn 0.7907 0.5986 0.1288
vn -0.4768 -0.3004 0.8261
vn -0.4649 -0.3528 0.8120
vn -0.9208 -0.1812 0.3454
vn 0.0211 -0.3447 0.9385
vn 0.1770 -0.2970 0.9383
vn 0.4402 -0.3268 0.8363
vn 0.6821 -0.3688 0.6314
vn -0.9654 -0.0656 -0.2523
vn -0.9656 -0.0640 -0.2520
vn -0.9968 -0.0672 0.0432
vn -0.8458 -0.0295 -0.5327
vn -0.6735 -0.0527 -0.7373
vn -0.0204 -0.1372 -0.9903
vn 0.0046 -0.1804 -0.9836
vn -0.5015 -0.2448 -0.8298
vn -0.8222 -0.2161 -0.5266
vn -0.8663 -0.3278 0.3768
vn -0.0741 -0.0290 -0.9968
vn 0.6200 0.0912 -0.7793
vn 0.8835 0.3522 -0.3088
vn 0.9425 0.3321 -0.0363
vn -0.4571 -0.5219 0.7202
vn -0.8483 -0.4778 0.2280
vn -0.6807 -0.7005 0.2145
vn -0.6398 -0.2390 0.7305
vn -0.8508 0.3604 -0.3824
vn -0.8944 0.4220 0.1482
vn 0.9589 0.2462 0.1409
vn -0.0112 0.9999 -0.0080
vn -0.4805 0.4186 -0.7707
vn 0.6584 0.7470 -0.0919
vn 0.2759 -0.1071 0.9552
vn 0.3878 -0.0467 0.9206
vn 0.1935 -0.2106 0.9582
vn 0.1886 -0.0200 0.9818
vn -0.0469 -0.1193 0.9918
vn 0.0525 0.1080 0.9928
vn 0.9665 0.2188 0.1343
vn 0.8980 -0.1776 0.4025
vn 0.8376 -0.3726 0.3995
vn 0.8822 0.2525 0.3975
vn 0.9712 0.1346 0.1966
vn 0.8707 0.2953 0.3933
vn 0.2893 0.4405 0.8499
vn 0.7921 -0.5795 0.1916
vn 0.8549 -0.3711 0.3627
vn 0.0198 0.2887 0.9572
vn 0.3262 0.0581 0.9435
vn 0.1160 -0.6754 0.7283
vn 0.7784 0.3127 0.5443
vn -0.1790 -0.4658 0.8666
vn 0.9518 0.1345 0.2756
vn 0.4001 -0.9099 0.1096
vn 0.6511 -0.4662 -0.5989
vn 0.4913 -0.2040 0.8467
vn 0.0253 -0.9541 -0.2985
vn 0.6229 0.5821 0.5226
vn -0.3274 -0.9237 -0.1993
vn 0.4864 -0.4803 0.7299
vn 0.2526 -0.9414 0.2236
vn -0.3909 -0.8433 0.3689
vn -0.6790 -0.7021 0.2147
vn -0.5732 -0.8040 0.1584
vn -0.4556 -0.5210 0.7218
vn -0.2063 -0.5570 0.8045
vn -0.4117 -0.3771 0.8297
vn 0.9849 -0.0482 -0.1660
vn 0.9997 0.0050 0.0248
vn 0.9979 0.0647 -0.0007
vn 0.9988 0.0072 -0.0485
vn 0.9911 0.1196 0.0578
vn 0.9980 0.0090 -0.0630
vn 0.9898 0.1423 -0.0118
vn 0.9959 0.0055 -0.0898
vn 0.9578 0.2795 0.0678
vn 0.9864 -0.1632 -0.0204
vn 0.9079 -0.0467 0.4167
vn 0.6517 -0.6984 0.2959
vn 0.5336 -0.8182 -0.2141
vn 0.2097 -0.9731 0.0952
vn 0.9667 -0.2091 -0.1473
vn 0.8811 -0.2480 0.4026
vn 0.3168 0.3982 0.8609
vn 0.3804 0.4768 0.7924
vn 0.5037 0.0797 0.8602
vn 0.5400 0.3785 0.7517
vn 0.3362 0.4087 0.8485
vn -0.5109 0.7906 0.3376
vn -0.4929 0.8527 -0.1728
vn -0.6923 0.6231 0.3638
vn -0.5838 0.5519 0.5954
vn 0.4512 0.8886 0.0825
vn 0.7805 0.2943 0.5516
vn 0.3886 0.9037 0.1799
vn 0.6246 0.6763 -0.3906
vn 0.4009 0.6093 -0.6841
vn 0.9421 0.1375 -0.3057
vn 0.8214 0.0261 -0.5697
vn 0.3289 0.6211 -0.7114
vn 0.2971 0.9547 0.0175
vn 0.2365 0.8385 -0.4909
vn 0.3238 0.8612 -0.3918
vn 0.3994 0.6107 -0.6838
vn 0.2972 0.9546 0.0180
vn 0.3866 0.9042 0.1813
vn 0.3132 0.9380 0.1483
vn 0.3574 0.8881 0.2892
vn 0.1443 0.6928 0.7065
vn -0.0787 0.8562 0.5107
vn 0.4493 0.8892 0.0862
vn -0.2869 0.6396 0.7131
vn -0.1559 0.4417 0.8835
vn 0.2064 0.9536 0.2190
vn 0.4499 0.8891 0.0841
vn -0.0788 0.8572 0.5090
vn 0.3892 0.9038 0.1779
vn 0.3148 0.9381 0.1446
vn -0.3183 0.6139 0.7223
vn -0.0829 0.8567 0.5091
vn -0.2893 0.6401 0.7117
vn 0.2061 0.9537 0.2192
vn -0.2150 0.8335 0.5089
vn 0.4672 -0.5526 -0.6902
vn 0.4082 -0.3009 -0.8619
vn -0.6123 -0.3293 -0.7188
vn -0.3249 -0.5540 -0.7665
vn -0.0411 -0.5052 0.8620
vn -0.0140 -0.0342 0.9993
vn -0.9432 -0.3321 0.0119
vn 0.1656 -0.7398 0.6521
vn -0.3428 0.2463 0.9065
vn 0.1943 -0.8253 0.5303
vn 0.0673 -0.5536 0.8300
vn 0.5153 -0.2108 0.8307
vn 0.1493 -0.5871 0.7957
vn 0.4155 -0.8784 0.2362
vn -0.9765 0.2155 -0.0068
vn -0.8177 -0.3553 0.4530
vn -0.9238 -0.3598 0.1307
vn -0.8208 0.3408 0.4585
vn -0.9055 0.4209 0.0537
vn 0.4809 0.2662 -0.8354
vn 0.6221 -0.5892 -0.5157
vn 0.7059 -0.2276 -0.6708
vn 0.4931 0.2249 -0.8404
vn 0.9037 0.1265 0.4090
vn 0.9111 0.0189 0.4117
vn 0.9896 0.1293 -0.0635
vn 0.6057 0.1218 0.7863
vn 0.6488 0.0858 0.7561
vn 0.9386 -0.2837 0.1966
vn 0.8258 -0.3370 0.4523
vn 0.8675 -0.3564 0.3470
vn 0.9231 -0.3280 0.2007
vn 0.9566 -0.2827 -0.0706
vn 0.9586 0.0198 -0.2841
vn 0.9395 0.3340 -0.0761
vn 0.9538 0.1295 -0.2710
vn 0.9736 0.2282 -0.0005
vn 0.9693 0.2389 0.0582
vn 0.8537 0.4042 -0.3284
vn 0.9196 0.3827 -0.0889
vn 0.8576 0.4136 -0.3056
vn 0.8442 0.4819 -0.2347
vn 0.9780 0.0849 -0.1903
vn 0.8802 0.2512 0.4028
vn 0.8632 -0.3155 0.3940
vn 0.9993 0.0301 0.0213
vn 0.6707 0.0287 0.7412
vn 0.6846 0.1020 0.7217
vn -0.7071 -0.6387 -0.3033
vn -0.4475 -0.8848 -0.1299
vn -0.7433 -0.6446 0.1789
vn -0.5624 -0.7855 -0.2583
vn -0.4041 -0.8914 -0.2052
vn 0.9464 -0.0486 -0.3194
vn 0.8988 -0.1001 -0.4269
vn 0.8469 -0.2067 -0.4900
vn 0.8656 -0.0235 -0.5001
vn 0.9611 0.1321 -0.2426
vn 0.4181 0.0150 0.9083
vn 0.6837 0.2355 0.6907
vn 0.7193 -0.0408 0.6935
vn 0.6427 0.2244 0.7325
vn 0.5644 0.3297 0.7568
vn 0.3209 0.0225 0.9468
vn 0.3278 -0.0595 0.9429
vn 0.3236 0.1726 0.9303
vn 0.8343 -0.5074 0.2158
vn 0.9098 -0.3002 0.2865
vn 0.9704 0.0387 0.2385
vn 0.7732 -0.6019 0.1994
vn 0.8034 -0.5916 -0.0673
vn 0.2810 -0.2542 0.9254
vn -0.7738 0.0165 0.6332
vn -0.7766 -0.0355 0.6290
vn 0.0453 -0.1122 0.9927
vn 0.8612 -0.2451 0.4452
vn -0.3883 -0.4727 -0.7911
vn 0.2400 -0.5143 -0.8233
vn -0.2866 -0.6961 -0.6582
vn 0.2310 -0.3081 -0.9229
vn -0.7160 -0.6232 -0.3146
vn -0.2931 -0.7154 -0.6343
vn -0.5616 -0.7883 -0.2514
vn -0.4190 -0.4855 -0.7673
vn -0.6754 -0.7086 0.2041
vn -0.7058 -0.6263 -0.3311
vn -0.5645 -0.7843 -0.2574
vn -0.8498 -0.4832 0.2104
vn 0.0190 -0.8391 -0.5437
vn -0.2853 -0.6977 -0.6571
vn 0.2420 -0.5133 -0.8233
vn -0.2573 -0.8005 -0.5413
vn -0.2603 -0.8007 -0.5396
vn -0.5806 -0.7687 -0.2683
vn -0.2883 -0.6984 -0.6551
vn -0.5424 -0.8017 -0.2511
vn -0.5824 -0.7687 -0.2644
vn -0.5739 -0.8041 0.1549
vn -0.6794 -0.7027 0.2112
vn -0.5441 -0.8018 -0.2474
vn -0.4665 -0.4646 0.7527
vn -0.4123 -0.3819 0.8272
vn -0.7875 -0.5585 0.2606
vn -0.6384 -0.2406 0.7311
vn 0.6201 0.0093 0.7845
vn 0.4661 -0.0253 0.8844
vn 0.6465 -0.0835 0.7584
vn 0.6057 0.2304 0.7616
vn -0.4315 0.8772 -0.2103
vn -0.5576 0.4714 -0.6833
vn -0.2221 0.6333 -0.7414
vn -0.6501 0.7588 0.0412
vn -0.4069 0.9118 0.0553
vn -0.4412 0.8694 0.2224
vn -0.2566 0.9630 -0.0827
vn -0.4310 0.8770 -0.2123
vn -0.2582 0.9629 -0.0788
vn -0.1283 0.9431 -0.3068
vn -0.1955 0.8866 -0.4192
vn -0.1664 0.9837 -0.0679
vn 0.6210 -0.4996 -0.6040
vn 0.7403 -0.0260 -0.6718
vn 0.6215 -0.5897 -0.5158
vn -0.6136 -0.3285 -0.7181
vn 0.5912 -0.0373 0.8057
vn 0.6116 -0.1823 0.7699
vn 0.5677 -0.0794 0.8194
vn 0.6911 0.2659 0.6721
vn -0.1002 0.7975 -0.5950
vn 0.0907 0.5895 -0.8027
vn -0.6521 0.2232 -0.7245
vn -0.1997 -0.3484 -0.9158
vn -0.2120 0.3533 -0.9112
vn -0.5115 -0.3552 -0.7824
vn -0.2121 0.3535 -0.9111
vn -0.5574 0.4691 -0.6850
vn -0.6522 0.2223 -0.7247
vn -0.2215 0.6302 -0.7442
vn 0.8654 -0.0598 0.4974
vn 0.6844 0.2338 0.6906
vn 0.8670 -0.0055 0.4982
vn 0.7179 -0.0442 0.6947
vn 0.4954 0.4822 0.7226
vn 0.8321 0.2461 0.4971
vn 0.6991 0.5025 0.5087
vn 0.7007 0.2581 0.6651
vn 0.3239 -0.9354 0.1422
vn -0.5987 -0.7525 -0.2744
vn -0.4091 -0.8931 -0.1869
vn -0.4067 -0.8932 -0.1919
vn 0.3418 0.7616 0.5505
vn 0.7229 0.6133 0.3184
vn 0.8119 0.5558 0.1784
vn 0.6475 0.1212 0.7523
vn 0.2188 0.0388 0.9750
vn 0.2445 -0.0801 0.9663
vn -0.7875 -0.5586 0.2605
vn -0.6141 -0.3308 -0.7165
vn 0.8759 0.0462 -0.4803
vn 0.8868 -0.0730 -0.4563
vn -0.3234 -0.5534 -0.7676
vn 0.8745 0.1582 -0.4586
vn 0.5158 -0.3910 -0.7623
vn 0.8757 0.0474 -0.4806
vn -0.1632 -0.8117 -0.5608
vn 0.9656 -0.2114 -0.1512
vn 0.6766 -0.5530 -0.4862
vn 0.5276 -0.8190 -0.2255
vn 0.8792 -0.2085 -0.4283
vn 0.6341 -0.0260 -0.7728
vn 0.7778 0.1153 -0.6179
vn 0.9223 0.0291 -0.3853
vn 0.7119 -0.1100 -0.6936
vn 0.9840 0.1225 -0.1295
vn 0.9938 0.0462 -0.1015
vn 0.9111 0.0092 0.4121
vn 0.9780 0.0849 -0.1904
vn 0.6799 0.5419 0.4941
vn 0.6589 0.4324 0.6156
vn 0.6148 0.2747 0.7392
vn 0.6558 0.5361 0.5316
vn -0.1211 -0.3097 0.9431
vn -0.2309 -0.3883 0.8922
vn -0.1635 -0.0355 0.9859
vn -0.1828 -0.4986 0.8474
vn 0.3187 0.0225 0.9476
vn 0.0221 0.0477 0.9986
vn 0.3260 -0.0585 0.9436
vn -0.1586 -0.0339 0.9868
vn -0.5812 0.5524 0.5976
vn -0.2171 0.8332 0.5086
vn -0.3190 0.6140 0.7220
vn -0.5081 0.7912 0.3404
vn -0.3196 0.6107 0.7245
vn -0.5480 0.3393 0.7646
vn -0.5818 0.5504 0.5988
vn -0.3073 0.2195 0.9260
vn -0.2898 0.6372 0.7142
vn -0.3439 0.2499 0.9051
vn -0.3180 0.6111 0.7249
vn -0.1556 0.4399 0.8844
vn 0.1284 -0.0308 0.9912
vn -0.3421 0.2475 0.9065
vn -0.1556 0.4379 0.8854
vn -0.0334 -0.2358 0.9712
vn -0.8186 0.3432 0.4606
vn -0.5847 0.5504 0.5960
vn -0.5511 0.3389 0.7625
vn -0.6934 0.6215 0.3647
vn 0.1862 0.9588 -0.2148
vn 0.2067 0.9535 0.2193
vn -0.2143 0.8352 0.5064
vn 0.3156 0.9377 0.1453
vn 0.4284 0.1089 0.8970
vn 0.6052 -0.5873 0.5375
vn 0.1319 -0.0331 0.9907
vn 0.7917 -0.5813 0.1878
vn -0.1538 0.4389 0.8853
vn 0.4282 0.1112 0.8968
vn 0.1294 -0.0302 0.9911
vn 0.1458 0.6901 0.7088
vn 0.7809 0.2940 0.5511
vn 0.7911 -0.5819 0.1884
vn 0.8550 -0.3724 0.3610
vn 0.7815 0.2943 0.5502
vn 0.8972 -0.1751 0.4055
vn 0.8555 -0.3705 0.3618
vn 0.6977 0.6420 0.3179
vn -0.9007 0.1780 -0.3963
vn -0.7696 0.5639 -0.2995
vn -0.9766 0.2148 -0.0109
vn -0.5589 0.4697 -0.6834
vn -0.8991 0.1778 -0.4000
vn -0.6553 0.2217 -0.7221
vn -0.7696 0.5638 -0.2996
vn 0.4017 0.6076 -0.6851
vn 0.4803 0.2702 -0.8345
vn 0.5573 0.4475 -0.6994
vn 0.3311 0.6183 -0.7128
vn 0.4822 0.2682 -0.8340
vn 0.8210 0.0259 -0.5703
vn 0.7073 -0.2276 -0.6693
vn 0.8226 0.0223 -0.5682
vn 0.8048 -0.5857 0.0957
vn 0.9422 0.1356 -0.3063
vn 0.7057 -0.6683 0.2353
vn 0.9283 0.2961 0.2248
vn 0.8982 -0.1751 0.4033
vn 0.6974 0.6421 0.3184
vn 0.8385 -0.3707 0.3994
vn -0.2087 0.3555 -0.9111
vn 0.0908 0.5882 -0.8036
vn 0.2062 0.3474 -0.9148
vn 0.0942 0.5900 -0.8019
vn 0.2348 0.8382 -0.4923
vn -0.0966 0.7984 -0.5943
vn 0.3284 0.6211 -0.7116
vn 0.3298 0.6179 -0.7138
vn 0.2097 0.3478 -0.9138
vn 0.4905 0.2284 -0.8410
vn 0.0947 0.5881 -0.8032
vn 0.2327 0.8403 -0.4896
vn -0.3099 0.9418 0.1305
vn -0.0979 0.7999 -0.5922
vn 0.3570 0.8875 0.2913
vn 0.3498 0.9227 0.1623
vn 0.9288 0.2961 0.2229
vn 0.3584 0.8882 0.2875
vn 0.6243 0.6786 -0.3870
vn 0.9285 0.2960 0.2245
vn 0.3269 0.8614 -0.3887
vn 0.4915 0.2244 -0.8415
vn 0.4094 -0.3006 -0.8614
vn 0.2098 0.3453 -0.9147
vn 0.4085 -0.3005 -0.8618
vn 0.0227 -0.8400 -0.5422
vn 0.4678 -0.5512 -0.6908
vn -0.2022 -0.3452 -0.9165
vn -0.2082 0.3527 -0.9123
vn 0.4101 -0.3042 -0.8598
vn 0.2063 0.3459 -0.9153
vn -0.2014 -0.3484 -0.9154
vn -0.3069 0.2156 0.9270
vn -0.3740 -0.3093 0.8743
vn -0.5487 0.3368 0.7652
vn -0.0409 -0.5052 0.8620
vn -0.3726 -0.3129 0.8736
vn -0.8190 0.3404 0.4619
vn -0.5514 0.3374 0.7629
vn -0.8184 -0.3554 0.4516
vn 0.2455 -0.0803 0.9661
vn -0.0139 -0.0365 0.9992
vn 0.2193 0.0368 0.9750
vn -0.9432 -0.3321 0.0118
vn -0.3885 -0.8445 0.3686
vn -0.3752 -0.3094 0.8738
vn -0.2073 -0.5591 0.8027
vn -0.8199 -0.3519 0.4516
vn -0.1974 -0.8426 -0.5010
vn 0.9885 0.1512 -0.0025
vn -0.0944 -0.8352 -0.5418
vn 0.7119 -0.6260 0.3183
vn -0.9764 0.2159 -0.0109
vn -0.9068 -0.1038 -0.4086
vn -0.9003 0.1797 -0.3964
vn -0.9238 -0.3595 0.1320
vn -0.9058 -0.1038 -0.4107
vn -0.6553 0.2228 -0.7218
vn -0.8988 0.1797 -0.3997
vn -0.5107 -0.3550 -0.7830
vn -0.9253 -0.3559 0.1313
vn -0.5438 -0.8020 -0.2471
vn -0.9061 -0.1037 -0.4102
vn -0.5719 -0.8056 0.1545
vn -0.5710 -0.8056 0.1578
vn -0.8195 -0.3514 0.4527
vn -0.3901 -0.8446 0.3668
vn -0.9247 -0.3576 0.1308
vn -0.2563 -0.8022 -0.5393
vn -0.2010 -0.3447 -0.9170
vn -0.5127 -0.3514 -0.7833
vn 0.0202 -0.8401 -0.5420
vn -0.5120 -0.3513 -0.7839
vn -0.5420 -0.8020 -0.2512
vn -0.2593 -0.8022 -0.5379
vn -0.9065 -0.1036 -0.4092
vn -0.9304 -0.1574 0.3309
vn -0.9923 -0.1008 0.0721
vn -0.4725 -0.2880 0.8330
vn -0.9670 -0.0985 -0.2351
vn -0.7758 0.6309 0.0076
vn -0.9451 0.1409 0.2950
vn -0.7389 0.3346 0.5849
vn -0.7565 0.5388 -0.3706
vn -0.9680 -0.1996 -0.1523
vn -0.9669 -0.0715 0.2449
vn -0.3905 -0.1987 0.8989
vn -0.4867 0.0830 -0.8696
vn -0.1195 0.9793 -0.1633
vn -0.1021 -0.2032 -0.9738
vn 0.0962 -0.2934 -0.9511
vn -0.1772 0.9474 0.2664
vn -0.1096 -0.2385 -0.9649
vn 0.4155 -0.3345 -0.8459
vn -0.9932 -0.1059 -0.0483
vn 0.9945 -0.0193 0.1032
vn -0.0332 0.1923 0.9808
vn -0.0600 -0.8882 0.4555
vn -0.2658 -0.9585 0.1027
vn -0.0642 0.2238 0.9725
vn 0.8080 0.0159 -0.5890
vn -0.3233 -0.5533 -0.7677
vn 0.7176 -0.0432 0.6951
vn 0.4237 -0.3733 0.8253
vn 0.4199 0.0122 0.9075
vn 0.6293 -0.2973 -0.7180
vn 0.5241 -0.3719 -0.7662
vn 0.5168 -0.4921 -0.7006
vn -0.2582 0.9629 -0.0789
vn -0.1953 0.8867 -0.4191
vn -0.4081 0.9110 0.0593
vn -0.5088 0.7924 0.3366
vn -0.1282 0.9431 -0.3067
vn -0.1000 0.7995 -0.5923
vn -0.4412 0.8694 0.2225
vn -0.4301 0.8776 -0.2118
vn 0.8644 -0.3176 0.3899
vn 0.9952 -0.0905 -0.0381
vn 0.9994 0.0287 0.0182
vn -0.0427 0.9557 0.2913
vn 0.2351 0.8402 -0.4886
vn 0.2971 0.9547 0.0135
vn 0.1863 0.9587 -0.2148
vn -0.2160 0.8354 0.5054
vn -0.2576 0.9627 -0.0831
vn -0.4411 0.8695 0.2223
vn -0.3098 0.9418 0.1306
vn 0.6316 -0.5167 -0.5780
vn 0.5948 -0.3105 -0.7415
vn 0.7089 -0.5717 -0.4131
vn 0.6000 -0.3256 -0.7307
vn 0.2495 -0.4480 -0.8585
vn 0.2253 -0.2983 -0.9275
vn 0.9146 0.3581 -0.1876
vn 0.8391 0.5150 0.1751
vn 0.7599 0.6379 0.1247
vn 0.4896 -0.4163 0.7661
vn 0.7009 0.2615 0.6636
vn 0.5796 -0.0332 0.8143
vn 0.9603 0.2722 0.0616
vn 0.9080 -0.0495 0.4160
vn 0.8461 0.3676 0.3860
vn 0.9879 0.1157 -0.1033
vn 0.7966 0.5953 0.1053
vn 0.9540 0.2828 0.0992
vn -0.7235 -0.6693 0.1690
vn -0.4482 -0.8936 -0.0228
vn -0.4794 -0.8129 0.3308
vn 0.9331 0.3267 0.1505
vn 0.6543 0.1805 0.7344
vn 0.9725 0.2136 0.0933
vn 0.9570 0.2718 0.1011
vn 0.9015 -0.4034 -0.1567
vn 0.9937 -0.0194 -0.1108
vn 0.8820 -0.4558 -0.1200
vn 0.6886 -0.6904 0.2219
vn 0.8804 -0.3473 0.3230
vn 0.9958 0.0903 -0.0140
vn 0.8572 -0.3383 0.3884
vn 0.9032 0.1292 0.4094
vn -0.6137 -0.3285 -0.7180
vn 0.8869 -0.0731 -0.4562
vn 0.7404 -0.0281 -0.6716
vn 0.9242 0.0616 -0.3768
vn 0.9242 -0.0529 -0.3782
vn 0.9589 -0.0896 -0.2692
vn 0.9581 0.0201 -0.2857
vn 0.9960 -0.0378 0.0806
vn 0.9698 0.2369 0.0587
vn 0.8330 -0.2173 -0.5087
vn 0.8904 -0.0957 -0.4450
vn 0.6355 -0.5005 -0.5880
vn 0.9568 0.1503 -0.2490
vn 0.9452 0.1780 -0.2735
vn 0.8618 -0.0076 -0.5073
vn 0.8442 0.4819 -0.2346
vn 0.9843 0.1203 -0.1294
vn -0.0978 -0.9279 -0.3599
vn 0.9882 0.1486 -0.0363
vn 0.6809 0.4058 0.6097
vn 0.7167 0.2919 0.6334
vn 0.7022 0.1729 0.6907
vn 0.9824 0.1856 0.0192
vn 0.6219 0.0390 0.7821
vn 0.4871 -0.4290 0.7607
vn 0.5867 -0.0408 0.8088
vn 0.5540 0.1174 0.8242
vn 0.5800 0.0421 0.8135
vn 0.5042 0.0816 0.8597
vn 0.5019 0.0802 0.8612
vn 0.3805 0.4768 0.7924
vn 0.4193 0.1723 0.8913
vn 0.1891 -0.0150 0.9818
vn 0.0544 0.1088 0.9926
vn 0.4507 0.1337 0.8826
vn 0.3891 -0.0593 0.9193
vn 0.1944 -0.0241 0.9806
vn -0.2226 -0.3972 0.8903
vn -0.5229 -0.8168 0.2439
vn 0.2367 0.1524 0.9596
vn -0.1350 -0.3359 0.9322
vn -0.6298 -0.2480 0.7361
vn -0.4547 -0.4719 0.7554
vn 0.8076 0.0164 -0.5895
vn -0.3232 -0.5533 -0.7677
vn 0.4679 -0.5512 -0.6909
vn -0.5073 0.7927 0.3380
vn -0.1273 0.9426 -0.3087
vn -0.2171 0.8351 0.5055
vn -0.3190 0.6107 0.7248
vn -0.3438 0.2499 0.9052
vn -0.3066 0.2197 0.9261
vn 0.1864 0.9592 -0.2127
vn -0.1662 0.9838 -0.0678
vn -0.1663 0.9837 -0.0679
vn 0.3136 0.9382 0.1464
vn 0.1858 0.9593 -0.2127
vn -0.4093 0.9105 0.0587
vn -0.4933 0.8525 -0.1731
vn -0.7709 0.5629 -0.2981
vn -0.4079 0.9111 0.0593
vn -0.4931 0.8526 -0.1729
vn -0.4921 0.8528 -0.1748
vn -0.6915 0.6247 0.3628
vn -0.9042 0.4240 0.0513
vn -0.7693 0.5652 -0.2980
vn -0.4940 0.8517 -0.1748
vn 0.1472 0.6928 0.7059
vn 0.4493 0.8892 0.0861
vn 0.7792 0.2970 0.5519
vn 0.4290 0.1132 0.8962
vn 0.1462 0.6916 0.7073
vn -0.8186 0.3434 0.4604
vn -0.6928 0.6217 0.3654
vn -0.6495 0.7594 0.0391
vn -0.7686 0.5642 -0.3015
vn -0.5600 0.4706 -0.6819
vn -0.4065 0.9120 0.0554
vn -0.7696 0.5639 -0.2997
vn -0.0403 0.9568 0.2880
vn -0.1647 0.9837 -0.0718
vn 0.7066 -0.6680 0.2334
vn 0.8210 0.0255 -0.5704
vn 0.7060 -0.2269 -0.6709
vn 0.9427 0.1356 -0.3050
vn 0.8056 -0.5850 0.0936
vn 0.6666 -0.5826 0.4650
vn 0.9286 0.2958 0.2242
vn 0.9415 0.1382 -0.3075
vn 0.6245 0.6774 -0.3887
vn 0.9423 0.1394 -0.3045
vn 0.9281 0.2989 0.2220
vn 0.9287 0.2960 0.2234
vn 0.6666 -0.5833 0.4641
vn 0.4911 0.2285 -0.8406
vn 0.4798 0.2702 -0.8347
vn 0.3303 0.6179 -0.7135
vn -0.1636 0.9840 -0.0711
vn -0.3099 0.9418 0.1306
vn -0.0399 0.9567 0.2883
vn -0.4413 0.8694 0.2224
vn -0.4307 0.8772 -0.2121
vn -0.2568 0.9629 -0.0828
vn -0.1646 0.9838 -0.0717
vn 0.2971 0.9547 0.0156
vn 0.3134 0.9380 0.1484
vn -0.0414 0.9562 0.2896
vn 0.3885 0.9037 0.1799
vn 0.3567 0.8877 0.2911
vn 0.4008 0.6109 -0.6827
vn 0.6231 0.6779 -0.3902
vn 0.3263 0.8600 -0.3923
vn -0.2067 -0.5587 0.8032
vn -0.3753 -0.3096 0.8737
vn 0.4889 0.2088 0.8470
vn 0.4648 -0.0239 0.8851
vn 0.6076 0.2322 0.7595
vn -0.3428 0.2465 0.9065
vn -0.3051 0.2162 0.9274
vn 0.6063 -0.5877 0.5358
vn 0.6458 -0.6690 0.3680
vn 0.1299 -0.0343 0.9909
vn -0.3440 0.2478 0.9057
vn -0.0357 -0.2357 0.9712
vn 0.1671 -0.7385 0.6533
vn 0.6449 -0.6687 0.3700
vn -0.0352 -0.2346 0.9715
vn -0.0355 -0.2351 0.9713
vn 0.1300 -0.0322 0.9910
vn -0.4544 -0.5201 0.7232
vn -0.4094 -0.3801 0.8294
vn 0.5675 0.2332 0.7897
vn 0.5985 0.0691 0.7982
vn 0.5529 0.0676 0.8305
vn 0.5801 0.0418 0.8135
vn 0.9118 0.0093 0.4106
vn 0.9116 -0.0243 0.4104
vn 0.9109 0.0092 0.4125
vn 0.9937 0.0464 -0.1025
vn 0.9108 -0.0241 0.4122
vn 0.9664 0.2396 -0.0933
vn 0.9940 0.0755 -0.0792
vn 0.9845 0.1403 -0.1049
vn 0.6514 0.1246 -0.7484
vn 0.7051 -0.6693 0.2343
vn 0.7062 -0.2265 -0.6708
vn 0.7066 -0.6680 0.2335
vn 0.9988 0.0404 -0.0270
vn 0.9946 0.0341 -0.0982
vn 0.9959 0.0433 -0.0789
vn 0.6495 0.1410 0.7472
vn 0.3484 0.7643 0.5426
vn 0.6727 -0.6606 0.3333
vn 0.9067 0.3224 0.2721
vn 0.9824 -0.0162 0.1860
vn 0.9326 -0.2857 0.2206
vn 0.9788 0.1173 0.1681
vn 0.9369 0.3197 0.1415
vn 0.9056 0.1665 0.3901
vn 0.7893 0.5954 -0.1502
vn 0.7429 0.6676 0.0483
vn 0.9141 0.3842 -0.1296
vn -0.7673 -0.0087 0.6412
vn -0.9003 0.0298 -0.4342
vn -0.7767 -0.0324 0.6290
vn 0.9228 -0.2157 0.3194
vn 0.9260 -0.1122 0.3605
vn 0.2573 -0.2269 0.9393
vn 0.7931 0.0162 -0.6088
vn 0.7562 -0.2123 -0.6189
vn -0.1600 -0.0052 -0.9871
vn 0.9908 0.1269 0.0479
vn 0.4287 0.0265 0.9031
vn 0.5415 0.1744 0.8224
vn 0.9596 0.2807 0.0179
vn 0.8587 0.4120 -0.3049
vn 0.9193 0.3828 -0.0910
vn 0.3374 0.4064 0.8491
vn 0.6471 0.2772 0.7103
vn 0.5382 0.3787 0.7529
vn 0.7498 -0.6068 0.2638
vn 0.8360 -0.4015 0.3740
vn 0.7275 -0.4956 0.4745
vn 0.8782 -0.2311 0.4187
vn 0.7500 -0.3028 0.5880
vn 0.9382 0.1311 0.3202
vn 0.6277 -0.0771 0.7746
vn 0.6962 0.3184 0.6434
vn 0.5768 0.0598 0.8147
vn -0.1062 0.3961 0.9121
vn -0.3160 0.9294 0.1909
vn -0.7192 0.3196 0.6170
vn -0.1593 -0.6497 0.7433
vn -0.7567 0.1835 0.6275
vn -0.1982 -0.6079 0.7688
vn -0.7607 0.5588 0.3303
vn 0.1149 -0.9930 -0.0292
vn -0.7366 0.6596 -0.1495
vn -0.5289 0.6334 -0.5649
vn -0.7667 0.6244 -0.1490
vn -0.4713 0.5092 -0.7201
vn -0.4247 0.6333 -0.6470
vn -0.3701 0.0872 -0.9249
vn -0.0141 0.9852 0.1707
vn 0.3253 0.6645 -0.6727
vn 0.4303 0.8546 -0.2906
vn 0.8685 0.4703 -0.1566
vn 0.5651 0.7825 0.2615
vn 0.6973 0.7130 -0.0738
vn 0.7641 0.6283 -0.1461
vn 0.9385 0.2407 0.2475
vn 0.9129 0.3895 -0.1223
vn 0.4062 0.2547 0.8776
vn 0.6774 0.0543 -0.7336
vn -0.4132 -0.2502 -0.8756
vn 0.5093 0.1216 -0.8520
vn -0.4235 0.0055 -0.9059
vn 0.9993 -0.0371 0.0040
vn 0.9641 -0.2092 0.1635
vn 0.8523 -0.5044 0.1385
vn 0.9321 -0.0044 0.3621
vn 0.6329 0.0381 0.7733
vn 0.3863 0.1053 0.9164
vn -0.1560 0.3436 0.9261
vn -0.3732 0.4359 0.8190
vn 0.9082 0.0214 -0.4179
vn 0.8578 0.1008 -0.5040
vn -0.9638 0.2028 -0.1730
vn -0.9485 0.1617 -0.2724
vn -0.9308 -0.3351 -0.1457
vn -0.9192 -0.1473 0.3653
vn -0.3622 0.9300 -0.0625
vn 0.0553 0.7891 -0.6118
vn 0.0987 0.9798 0.1737
vn -0.0912 0.9956 0.0201
vn 0.9384 -0.2777 0.2057
vn 0.9710 -0.0524 0.2335
vn 0.8831 0.1551 0.4428
vn 0.9852 0.1709 0.0097
vn 0.9562 -0.2891 -0.0467
vn 0.8930 -0.3428 -0.2917
vn 0.7915 -0.1870 -0.5819
vn 0.5926 -0.4217 -0.6863
vn 0.4968 -0.0947 -0.8627
vn 0.0342 -0.3563 -0.9338
vn 0.0192 -0.2352 -0.9718
vn -0.6078 -0.2860 -0.7408
vn -0.6892 -0.1902 -0.6991
vn -0.8963 -0.0875 -0.4347
vn -0.9491 -0.1822 -0.2571
vn 0.5132 0.8318 0.2115
vn -0.9871 -0.1516 -0.0510
vn 0.8956 0.2105 0.3920
vn 0.7825 0.6081 0.1335
vn 0.6518 0.3896 0.6507
vn 0.7133 0.6378 0.2906
vn 0.8424 -0.0023 0.5389
vn 0.7204 0.5224 0.4563
vn 0.6425 0.2948 0.7073
vn -0.3639 0.9225 0.1284
vn -0.3101 0.6281 0.7136
vn -0.5015 0.8388 0.2119
vn -0.8050 0.4908 0.3333
vn -0.9677 -0.1369 -0.2119
vn 0.9404 0.1656 -0.2971
vn 0.9876 -0.0525 0.1477
vn 0.8148 -0.5639 0.1350
vn 0.7454 0.3388 -0.5741
vn 0.2815 0.5753 -0.7680
vn -0.0155 0.6721 -0.7403
vn 0.5489 -0.3401 0.7636
vn 0.6498 -0.2517 0.7172
vn -0.9291 0.2078 -0.3058
vn -0.9597 0.1266 -0.2507
vn -0.9304 -0.1508 -0.3340
vn -0.9055 -0.3370 0.2579
vn -0.9785 -0.2012 -0.0464
vn -0.9465 -0.2033 -0.2504
vn -0.8469 -0.4249 0.3198
vn -0.4203 -0.4137 0.8076
vn -0.3741 -0.5083 0.7757
vn 0.0330 -0.2546 0.9665
vn 0.2261 -0.5406 0.8103
vn 0.4416 -0.2972 0.8466
vn 0.6675 -0.4135 0.6192
vn 0.8363 -0.3226 0.4433
vn 0.8678 0.0944 0.4879
vn 0.9294 -0.3083 0.2028
vn 0.8335 -0.1910 0.5184
vn 0.8641 -0.0527 0.5006
vn 0.8449 0.0800 0.5289
vn 0.7900 -0.0438 0.6115
vn -0.7477 0.6440 -0.1619
vn -0.7548 0.5715 0.3219
vn -0.7370 0.6607 -0.1423
vn -0.7285 0.4950 0.4736
vn -0.6805 0.6268 0.3795
vn -0.7394 0.0335 0.6724
vn 0.0086 0.9950 -0.0993
vn -0.0475 0.5348 0.8436
vn 0.2869 0.8021 0.5238
vn 0.7353 0.5130 0.4430
vn 0.6112 0.7907 -0.0357
vn 0.6957 0.5928 0.4057
vn 0.6263 0.5967 0.5017
vn 0.3731 0.9185 0.1309
vn -0.2427 0.9692 0.0417
vn -0.3093 0.9469 0.0882
vn -0.0467 0.9728 0.2269
vn 0.4763 0.8156 0.3285
vn -0.1744 0.8387 0.5159
vn 0.4390 0.5919 0.6760
vn -0.4126 0.4781 0.7754
vn 0.2459 0.2378 0.9397
vn -0.4488 -0.0234 0.8933
vn 0.3803 0.2205 0.8982
vn -0.1684 -0.2251 0.9597
vn 0.5375 -0.1056 0.8366
vn 0.7507 0.4678 -0.4665
vn 0.6972 0.4927 -0.5208
vn 0.9644 0.2567 -0.0635
vn 0.2536 0.5209 -0.8151
vn 0.0703 0.3776 -0.9233
vn -0.4051 0.4138 -0.8153
vn -0.6975 0.2870 -0.6566
vn -0.8130 0.3514 -0.4643
vn -0.9385 0.2632 -0.2236
vn -0.9513 0.1902 -0.2427
vn -0.9414 0.3305 0.0672
vn -0.8774 0.2240 -0.4243
vn -0.9516 0.2301 0.2037
vn 0.1425 -0.1213 -0.9823
vn 0.7345 0.1927 -0.6507
vn 0.7769 -0.1824 -0.6027
vn 0.0746 0.2948 -0.9526
vn -0.5713 -0.1828 -0.8001
vn -0.6839 0.2689 -0.6782
vn -0.9627 -0.1282 -0.2384
vn -0.9350 0.2948 -0.1974
vn -0.9995 -0.0032 -0.0316
vn -0.4587 0.0065 -0.8886
vn -0.9188 -0.3013 -0.2552
vn -0.4066 -0.2516 -0.8783
vn 0.9214 0.2690 0.2804
vn 0.9682 0.0753 0.2385
vn 0.9727 0.0452 0.2278
vn 0.9842 0.1002 -0.1459
vn 0.8071 0.0523 0.5880
vn 0.7873 0.2223 0.5752
vn 0.3648 0.0592 0.9292
vn 0.3723 0.2347 0.8979
vn -0.3984 0.1398 0.9065
vn -0.2607 0.2906 0.9206
vn -0.7996 0.3249 0.5050
vn -0.4607 0.3459 0.8174
vn -0.8241 0.2578 0.5043
vn 0.9674 -0.1060 0.2299
vn 0.8485 -0.2332 0.4751
vn 0.8955 -0.0771 0.4383
vn 0.8862 -0.4113 0.2134
vn 0.9911 -0.1244 -0.0480
vn 0.9299 -0.3518 -0.1076
vn 0.9092 -0.3164 -0.2705
vn 0.7499 -0.3019 -0.5886
vn 0.5521 -0.4292 -0.7148
vn 0.0167 -0.4523 -0.8917
vn -0.3701 0.2894 -0.8827
vn -0.8984 -0.2234 -0.3780
vn -0.2912 0.1320 -0.9475
vn -0.8819 -0.2522 -0.3984
vn -0.2436 -0.5213 -0.8179
vn -0.5093 -0.3903 -0.7670
vn -0.8675 -0.0066 0.4974
vn -0.7970 0.5084 0.3260
vn -0.7739 0.6242 0.1071
vn -0.7066 0.7071 0.0276
vn -0.2485 0.9601 0.1284
vn -0.8222 0.1822 -0.5393
vn -0.9049 0.2440 -0.3487
vn -0.8490 0.2414 -0.4700
vn -0.7963 0.4425 -0.4125
vn -0.5434 0.2790 -0.7917
vn -0.5280 0.5758 -0.6242
vn 0.1398 0.4753 -0.8686
vn 0.3197 0.5004 -0.8046
vn 0.0824 0.2764 -0.9575
vn -0.1300 0.9865 0.0999
vn 0.2650 -0.7217 -0.6395
vn -0.8603 0.1155 -0.4965
vn -0.9932 0.1118 -0.0331
vn -0.8845 -0.3673 -0.2878
vn -0.7533 0.3610 -0.5497
vn -0.5958 0.7435 -0.3035
vn -0.5635 0.7226 -0.4004
vn 0.2893 0.5704 -0.7687
vn -0.0101 0.6393 -0.7689
vn 0.9085 0.0784 -0.4105
vn 0.6658 0.4444 -0.5993
vn 0.9727 0.1804 -0.1460
vn 0.7986 0.0318 0.6010
vn 0.8702 -0.1338 0.4742
vn 0.8414 -0.2094 0.4982
vn 0.5694 -0.0942 0.8166
vn 0.6831 0.2379 0.6905
vn 0.1881 -0.2363 0.9533
vn -0.0535 0.5456 -0.8363
vn 0.4251 -0.7881 0.4452
vn -0.5850 -0.1624 0.7946
vn -0.6115 -0.0804 0.7872
vn -0.9082 0.3146 0.2762
vn -0.9325 0.1083 0.3445
vn -0.9204 0.3907 0.0137
vn -0.9873 0.1298 0.0914
vn -0.9708 0.2257 -0.0809
vn -0.9789 0.1988 0.0476
vn 0.6352 -0.0502 0.7707
vn 0.2939 0.2256 0.9288
vn 0.7820 0.1353 0.6084
vn -0.3974 0.3657 0.8416
vn -0.1769 0.3339 0.9259
vn -0.7502 0.5785 0.3203
vn -0.7651 0.6058 0.2184
vn -0.9199 0.3356 0.2030
vn -0.9899 0.1414 0.0067
vn -0.8708 0.2500 -0.4234
vn -0.9238 -0.2648 -0.2764
vn 0.5232 0.6344 -0.5691
vn 0.5299 0.7662 0.3636
vn 0.7463 0.6204 -0.2411
vn 0.0347 0.9353 0.3522
vn -0.1279 0.8528 -0.5063
vn -0.4840 0.6192 -0.6184
vn -0.5573 0.8005 -0.2205
vn 0.2209 0.9610 0.1663
vn -0.5808 0.8082 -0.0971
vn -0.5062 0.8615 -0.0397
vn -0.7782 0.6107 0.1467
vn -0.6537 0.7239 0.2206
vn -0.2676 0.9499 0.1615
vn -0.8778 0.4781 -0.0286
vn -0.9402 0.3403 0.0154
vn -0.9270 0.3401 -0.1584
vn -0.9776 0.1997 -0.0666
vn 0.9485 -0.0003 0.3169
vn 0.9232 -0.2118 0.3207
vn 0.3028 -0.2071 0.9303
vn 0.7191 -0.1370 -0.6812
vn 0.6394 0.1623 -0.7516
vn -0.2181 -0.0849 -0.9722
vn -0.1620 0.1941 -0.9675
vn -0.8866 -0.0138 -0.4623
vn -0.8229 0.1589 -0.5455
vn -0.9125 -0.0469 0.4064
vn 0.3658 0.0577 0.9289
vn 0.4349 -0.3034 0.8478
vn 0.8098 0.0373 0.5855
vn -0.3102 -0.2842 0.9072
vn -0.3625 0.1376 0.9218
vn -0.8586 -0.2933 0.4205
vn -0.9242 0.1775 0.3381
vn -0.9629 -0.1303 -0.2364
vn -0.9357 0.2945 -0.1942
vn -0.6846 -0.1983 0.7015
vn -0.9862 0.1022 0.1299
vn -0.9247 0.0745 0.3734
vn -0.4728 -0.1748 0.8637
vn 0.1112 -0.6837 0.7213
vn 0.3812 -0.4778 0.7914
vn 0.8266 -0.3489 0.4416
vn 0.7027 -0.6534 0.2816
vn 0.8432 -0.3184 0.4331
vn -0.9960 -0.0518 0.0724
vn -0.9674 -0.0514 -0.2478
vn -0.9949 0.0978 0.0251
vn -0.9894 -0.1359 0.0517
vn -0.4334 -0.3543 0.8286
vn -0.4845 -0.3752 0.7902
vn 0.4327 -0.4449 0.7841
vn 0.1612 -0.3641 0.9173
vn 0.7454 -0.3632 0.5590
vn 0.9479 0.1242 -0.2933
vn 0.8401 0.5423 0.0093
vn 0.8893 0.4048 -0.2130
vn 0.9357 0.2578 0.2407
vn 0.9634 -0.2063 -0.1710
vn 0.9769 -0.2080 0.0481
vn 0.8010 -0.5978 0.0324
vn 0.9337 -0.3567 -0.0322
vn 0.8868 -0.4400 -0.1414
vn -0.3536 -0.5598 0.7494
vn -0.2945 -0.2859 0.9119
vn -0.8640 -0.2755 0.4214
vn 0.4172 -0.3834 0.8240
vn 0.1738 -0.5524 0.8152
vn 0.6408 -0.3558 0.6803
vn -0.1735 0.8730 0.4558
vn -0.5566 0.8304 0.0231
vn -0.0897 0.9605 0.2636
vn -0.7930 0.6064 0.0578
vn -0.4130 0.4421 0.7962
vn -0.9454 0.1228 0.3018
vn -0.3359 0.0727 0.9391
vn -0.9178 -0.0492 0.3941
vn -0.2146 -0.1588 0.9637
vn 0.5201 0.6137 0.5941
vn 0.7555 0.4973 0.4264
vn 0.6681 0.2670 0.6945
vn 0.7529 0.6067 0.2551
vn 0.5026 0.8076 0.3086
vn 0.8015 0.5838 0.1294
vn 0.4473 0.8875 0.1112
vn 0.6873 0.3327 0.6458
vn -0.2545 0.9671 0.0008
vn 0.9282 -0.3536 -0.1155
vn 0.8745 0.0677 0.4802
vn -0.2266 -0.3994 0.8883
vn 0.8134 0.0155 -0.5815
vn 0.6924 0.0303 -0.7208
vn -0.0900 0.2663 -0.9597
vn -0.0680 0.4173 -0.9062
vn -0.8583 0.2590 -0.4429
vn -0.7307 0.4556 -0.5085
vn -0.4485 0.4812 -0.7531
vn -0.0312 0.9516 -0.3056
vn 0.3064 0.6576 -0.6882
vn 0.1970 -0.5108 -0.8368
vn -0.4333 0.2691 -0.8601
vn 0.2359 -0.4963 -0.8355
vn -0.5078 0.5982 -0.6199
vn 0.1401 -0.9871 -0.0771
vn 0.9840 0.0945 -0.1513
vn 0.7794 -0.1837 -0.5990
vn 0.7394 0.1898 -0.6460
vn 0.9933 -0.0660 -0.0944
vn 0.9728 0.0236 0.2305
vn 0.9695 -0.1104 0.2190
vn 0.8518 -0.1153 0.5110
vn -0.9515 -0.2732 -0.1413
vn -0.8525 0.2898 0.4351
vn -0.9233 0.0125 -0.3838
vn -0.9129 0.2100 0.3500
vn -0.7838 -0.2830 -0.5528
vn -0.7968 0.5936 0.1132
vn -0.9147 0.4032 -0.0266
vn -0.7822 0.5954 -0.1836
vn 0.8695 -0.0266 0.4932
vn 0.6650 -0.4103 0.6240
vn 0.8575 0.0990 0.5049
vn 0.7850 -0.0110 0.6194
vn -0.6364 -0.3969 -0.6614
vn -0.9559 -0.2461 -0.1606
vn -0.8923 -0.0141 -0.4512
vn -0.8324 -0.2638 -0.4873
vn -0.9399 0.2579 0.2238
vn -0.9024 0.4247 0.0734
vn -0.7899 0.5941 -0.1520
vn 0.4569 0.2318 0.8588
vn -0.5562 0.2102 0.8040
vn -0.0571 0.2423 0.9685
vn -0.9953 -0.0694 -0.0669
vn 0.9975 -0.0237 0.0664
vn -0.4562 -0.2266 -0.8605
vn 0.5598 -0.2006 -0.8039
vn -0.8434 0.3054 -0.4421
vn -0.9079 0.3289 -0.2600
vn -0.9022 0.2135 -0.3747
vn -0.8009 0.4471 -0.3984
vn -0.6381 0.6288 -0.4443
vn -0.5042 0.7358 -0.4521
vn -0.0110 0.8764 -0.4814
vn 0.6461 0.7355 -0.2038
vn -0.1525 0.9447 -0.2902
vn -0.2625 0.9307 -0.2546
vn 0.8388 0.4559 -0.2977
vn 0.9960 -0.0081 -0.0895
vn 0.9675 0.2254 -0.1150
vn 0.9828 -0.0944 -0.1586
vn -0.4247 0.1381 0.8947
vn -0.3611 0.0679 0.9300
vn 0.3407 -0.2195 0.9142
vn -0.7411 0.5456 0.3913
vn -0.6290 0.7650 0.1384
vn 0.0602 0.9496 -0.3076
vn 0.4431 0.8634 -0.2415
vn 0.0557 0.5577 -0.8282
vn -0.4119 0.7646 -0.4957
vn -0.7193 0.4936 -0.4888
vn 0.5104 0.6111 -0.6051
vn 0.8014 0.1307 -0.5837
vn 0.8087 0.0109 -0.5882
vn 0.8528 -0.5035 -0.1388
vn -0.8888 -0.0304 -0.4572
vn -0.9237 0.0039 0.3832
vn -0.8270 0.1365 -0.5453
vn -0.7938 0.0845 0.6023
vn -0.9852 -0.0226 0.1697
vn 0.1034 -0.0622 0.9927
vn -0.9595 -0.0865 0.2680
vn 0.8023 -0.2929 0.5202
vn 0.4630 -0.3861 0.7978
vn 0.7457 -0.3571 0.5625
vn 0.8467 -0.1252 0.5171
vn -0.6435 0.7555 -0.1226
vn -0.4809 0.6961 0.5330
vn -0.1853 0.7589 0.6242
vn -0.5469 0.6964 -0.4647
vn -0.0433 0.4678 -0.8828
vn 0.0810 0.3778 -0.9223
vn 0.7141 0.0183 -0.6998
vn 0.8538 -0.1580 0.4960
vn 0.7123 -0.3905 0.5833
vn 0.8039 -0.0079 0.5948
vn 0.7809 -0.3640 0.5076
vn 0.9509 -0.2368 0.1991
vn 0.8455 -0.1252 0.5190
vn 0.9663 -0.1363 0.2182
vn 0.4805 0.0515 0.8755
vn 0.9207 0.1961 0.3374
vn 0.7905 0.3013 0.5332
vn 0.9336 -0.0771 0.3500
vn 0.8909 -0.4282 0.1514
vn 0.9949 -0.1010 -0.0010
vn 0.9640 0.1775 0.1978
vn 0.7143 -0.4041 -0.5715
vn 0.5714 -0.2898 -0.7678
vn 0.9017 -0.3560 -0.2455
vn -0.0398 -0.3173 -0.9475
vn 0.0033 -0.2791 -0.9602
vn -0.8545 -0.0470 -0.5172
vn -0.8433 0.0253 -0.5368
vn -0.8761 -0.2524 0.4108
vn -0.8489 -0.4231 0.3168
vn -0.3470 -0.5451 0.7632
vn -0.9688 -0.2404 -0.0603
vn -0.9709 -0.0704 -0.2288
vn -0.9493 -0.1779 -0.2591
vn -0.8723 -0.1997 -0.4464
vn 0.7916 0.1346 0.5960
vn 0.8433 0.1182 0.5243
vn 0.7441 0.1172 0.6577
vn 0.8566 0.1976 0.4766
vn 0.9616 0.0245 0.2734
vn 0.8091 -0.5843 0.0631
vn 0.9322 0.3526 0.0815
vn -0.3646 0.8161 0.4484
vn -0.7613 0.5798 0.2903
vn -0.6070 0.7947 0.0022
vn 0.1560 0.9502 -0.2697
vn 0.2874 0.6495 0.7040
vn 0.6211 0.7691 -0.1510
vn 0.6249 0.5932 0.5076
vn 0.2597 0.0509 0.9644
vn 0.9144 0.3934 0.0952
vn 0.4750 0.0489 0.8786
vn 0.4712 0.0029 0.8820
vn 0.2029 0.2045 0.9576
vn 0.5100 0.1763 0.8419
vn 0.3931 0.5735 0.7187
vn 0.8493 -0.1154 0.5151
vn 0.8107 0.0311 0.5846
vn 0.4400 -0.3073 0.8438
vn 0.9723 0.0225 0.2325
vn -0.4543 0.4791 -0.7511
vn -0.5425 0.4096 -0.7334
vn -0.0653 0.5037 -0.8614
vn -0.7740 0.3017 -0.5566
vn -0.8130 0.3487 -0.4663
vn -0.9953 0.0905 -0.0351
vn -0.9563 0.1524 -0.2497
vn -0.7910 0.5715 0.2184
vn -0.2526 0.5642 -0.7860
vn 0.1312 0.7765 0.6163
vn -0.8314 0.0730 -0.5508
vn -0.9387 -0.3254 0.1137
vn 0.2801 -0.3514 -0.8934
vn -0.1321 -0.4952 0.8587
vn -0.4687 -0.3145 0.8255
vn -0.5023 -0.0198 0.8645
vn 0.4049 0.3169 0.8577
vn 0.8933 -0.3435 -0.2900
vn 0.9995 0.0141 -0.0268
vn 0.9891 0.1453 -0.0238
vn 0.9852 0.0404 -0.1668
vn 0.9706 0.2169 0.1042
vn 0.7447 0.6628 -0.0788
vn 0.8423 0.5261 -0.1170
vn 0.9967 0.0681 0.0441
vn 0.9912 -0.1225 0.0500
vn 0.9155 -0.4024 0.0059
vn 0.0645 -0.4032 -0.9128
vn 0.1489 -0.1273 -0.9806
vn 0.7741 -0.2015 -0.6002
vn -0.5739 -0.1558 -0.8039
vn -0.6185 -0.3215 -0.7171
vn -0.8982 -0.2195 -0.3807
vn 0.0053 0.0150 -0.9999
vn -0.3038 0.0068 -0.9527
vn -0.8086 0.2225 -0.5446
vn 0.4685 -0.5940 -0.6539
vn 0.6936 -0.3423 -0.6338
vn 0.9505 -0.2754 -0.1438
vn 0.7504 0.4363 -0.4965
vn 0.7436 0.2893 -0.6028
vn 0.0631 0.3729 -0.9257
vn 0.9734 0.2113 -0.0882
vn 0.9498 0.2346 -0.2072
vn 0.9821 0.1884 0.0006
vn -0.7412 0.5702 0.3542
vn 0.2236 0.9636 0.1467
vn -0.6029 0.7975 -0.0217
vn -0.8295 0.5444 -0.1250
vn -0.7796 0.6187 -0.0977
vn -0.4937 0.6381 -0.5908
vn -0.9714 0.0512 -0.2320
vn -0.9964 0.0833 0.0186
vn -0.9992 -0.0154 -0.0368
vn -0.9641 0.1128 -0.2405
vn -0.8617 0.1874 -0.4716
vn -0.9042 0.2512 -0.3455
vn 0.9736 0.2092 0.0912
vn 0.9115 0.3491 -0.2176
vn 0.5143 -0.0083 0.8576
vn 0.5968 0.3614 -0.7164
vn 0.9396 -0.3178 0.1269
vn -0.2765 -0.5201 -0.8081
vn -0.9910 0.0858 -0.1031
vn -0.9974 0.0678 -0.0236
vn -0.8796 0.1902 0.4360
vn -0.8614 -0.3769 -0.3405
vn -0.9006 -0.2738 -0.3376
vn -0.8807 0.1311 -0.4552
vn 0.9877 -0.1356 -0.0780
vn 0.9877 0.0239 -0.1548
vn 0.9037 -0.3440 -0.2548
vn 0.9993 -0.0081 -0.0377
vn 0.9900 0.1308 -0.0532
vn -0.4237 -0.1782 0.8881
vn 0.2345 0.0222 0.9719
vn 0.3692 0.3322 0.8680
vn -0.6451 -0.2584 0.7191
vn -0.9859 -0.1668 -0.0103
vn -0.9154 -0.3146 -0.2510
vn 0.1570 0.9636 -0.2162
vn 0.0947 -0.8110 -0.5773
vn 0.1840 0.2817 -0.9417
vn 0.0191 -0.9727 0.2312
vn 0.0783 0.8021 0.5921
vn -0.0076 -0.2908 0.9567
vn -0.8747 0.4822 -0.0487
vn -0.5025 -0.3786 0.7773
vn -0.2549 -0.6702 0.6970
vn 0.0975 -0.9944 -0.0408
vn -0.9179 0.3509 -0.1852
vn -0.8198 0.4790 -0.3138
vn 0.9926 -0.0755 -0.0947
vn 0.9636 -0.2002 -0.1770
vn 0.7754 -0.1956 -0.6005
vn 0.9538 -0.2183 0.2063
vn 0.9671 -0.1352 0.2155
vn 0.8778 -0.1483 0.4554
vn 0.1756 -0.3570 0.9174
vn 0.5731 -0.8188 0.0339
vn 0.8012 -0.2078 0.5612
vn 0.9284 -0.0011 0.3715
vn 0.9870 -0.0372 0.1564
vn 0.3585 0.3398 0.8695
vn 0.7075 0.1288 0.6949
vn 0.4145 -0.0113 0.9100
vn 0.8773 0.2088 0.4322
vn -0.3080 0.9494 -0.0623
vn -0.6780 0.7245 -0.1240
vn -0.3210 0.9253 -0.2021
vn -0.5135 0.8580 -0.0089
vn -0.0563 0.9742 0.2186
vn -0.7964 0.2564 0.5477
vn -0.9283 0.1747 0.3281
vn -0.3880 0.1000 0.9162
vn -0.9415 0.3364 0.0187
vn -0.9547 0.2362 0.1811
vn 0.5868 -0.1188 0.8010
vn 0.8982 0.1841 0.3992
vn 0.8532 -0.5151 0.0818
vn 0.8614 0.0773 0.5020
vn 0.7231 0.0340 0.6899
vn 0.9417 0.3277 -0.0768
vn 0.9811 0.1520 -0.1195
vn 0.7303 0.2456 -0.6374
vn 0.9615 0.1025 0.2549
vn 0.9319 0.3531 0.0834
vn 0.9712 0.1717 -0.1650
vn 0.9266 0.0033 -0.3760
vn 0.8736 0.4302 -0.2275
vn 0.9992 -0.0056 -0.0397
vn 0.9971 -0.0619 -0.0453
vn -0.9661 -0.0805 -0.2454
vn -0.9995 -0.0229 -0.0239
vn -0.9955 0.0917 0.0223
vn 0.9214 -0.3359 0.1957
vn -0.8996 -0.0262 -0.4359
vn -0.9589 0.1816 -0.2180
vn -0.9734 0.2140 -0.0817
vn -0.9796 0.1976 0.0372
vn -0.9141 0.3469 -0.2101
vn -0.8973 0.2259 -0.3791
vn 0.3359 0.6935 -0.6373
vn 0.3875 0.5257 -0.7573
vn 0.8942 0.4386 -0.0895
vn -0.3343 0.3666 -0.8682
vn -0.3688 0.4678 -0.8032
vn -0.4681 -0.1202 0.8755
vn -0.6516 -0.2049 0.7304
vn -0.0355 0.0137 0.9993
vn -0.9096 -0.4074 -0.0816
vn -0.8514 -0.5231 -0.0377
vn -0.7569 0.5706 -0.3185
vn -0.1817 0.9087 -0.3759
vn -0.0299 0.9487 -0.3146
vn -0.8782 0.3674 -0.3062
vn -0.9310 -0.2897 -0.2219
vn 0.8799 0.0507 -0.4725
vn 0.9945 0.1026 -0.0220
vn 0.9383 0.0887 -0.3343
vn 0.9715 0.1991 0.1285
vn 0.8231 -0.5484 0.1474
vn -0.9788 0.1770 -0.1034
vn -0.8952 0.2615 -0.3610
vn -0.9810 -0.1940 -0.0100
vn -0.6910 0.4079 -0.5968
vn -0.7778 0.1884 -0.5996
vn -0.8159 0.5015 -0.2878
vn -0.1123 -0.2458 -0.9628
vn 0.0769 -0.9891 -0.1256
vn 0.1437 -0.5777 -0.8035
vn -0.4663 0.8444 -0.2637
vn 0.7429 -0.3354 -0.5793
vn 0.0363 0.8549 -0.5175
vn -0.3104 -0.1157 -0.9435
vn 0.6941 0.7182 -0.0489
vn 0.0876 0.7227 0.6856
vn 0.9329 0.2533 0.2560
vn -0.6539 -0.2247 0.7224
vn -0.9251 -0.2855 -0.2503
vn 0.2403 0.0307 0.9702
vn 0.3658 0.3444 0.8646
vn 0.6873 0.0894 -0.7209
vn 0.4691 0.1310 -0.8734
vn 0.9572 0.2690 -0.1068
vn 0.9611 0.0258 0.2750
vn 0.9738 0.1286 0.1877
vn 0.7658 0.5740 0.2898
vn 0.9240 -0.1728 0.3410
vn 0.8332 -0.4195 0.3603
vn 0.3260 0.2959 0.8979
vn 0.4053 0.3009 0.8633
vn 0.7912 0.2156 0.5723
vn -0.1847 0.3685 0.9111
vn -0.3697 0.3500 0.8607
vn -0.0023 0.4583 -0.8888
vn 0.6013 0.1213 -0.7897
vn 0.7423 0.0687 -0.6665
vn -0.0838 -0.1387 0.9868
vn -0.8289 0.0087 0.5593
vn -0.9087 -0.0161 0.4171
vn 0.3167 -0.1576 0.9353
vn 0.9505 -0.0027 0.3107
vn -0.1023 0.1028 -0.9894
vn 0.6270 0.1369 -0.7669
vn 0.7956 0.0289 -0.6051
vn -0.1660 0.1778 -0.9700
vn -0.8278 0.1449 -0.5420
vn 0.8136 -0.5815 0.0013
vn 0.7419 -0.4457 -0.5009
vn 0.9606 -0.1292 -0.2462
vn 0.9356 -0.3471 -0.0645
vn -0.6661 0.7247 0.1764
vn -0.1886 -0.6865 0.7023
vn -0.1949 0.9768 0.0886
vn -0.9120 0.4095 -0.0243
vn 0.9917 -0.0294 -0.1248
vn 0.3980 -0.2753 -0.8751
vn 0.9674 -0.1492 -0.2048
vn 0.4732 -0.8034 -0.3614
vn -0.5506 0.8344 0.0263
vn -0.7731 0.6087 -0.1782
vn -0.7437 0.6678 -0.0308
vn -0.7582 0.6421 0.1134
vn -0.8828 0.4386 -0.1683
vn -0.9221 0.3403 -0.1843
vn -0.7858 0.5462 -0.2901
vn -0.8532 0.5215 -0.0007
vn -0.0514 -0.0032 0.9987
vn -0.7104 -0.0455 0.7023
vn 0.0400 -0.3328 0.9422
vn -0.8923 -0.0116 0.4514
vn 0.2085 0.6326 -0.7459
vn -0.0102 0.5980 -0.8014
vn 0.6326 0.5220 -0.5721
vn -0.4932 0.5472 -0.6763
vn -0.8872 -0.3835 -0.2566
vn -0.9127 0.1711 -0.3710
vn -0.8776 0.2072 -0.4322
vn -0.9929 0.0870 -0.0806
vn 0.6681 0.5163 -0.5358
vn -0.1321 -0.4955 0.8585
vn 0.1302 0.7776 0.6151
vn 0.2800 -0.3511 -0.8935
vn 0.7113 -0.3884 -0.5858
vn -0.7402 -0.6619 -0.1183
vn -0.0353 -0.6979 0.7153
vn -0.3962 -0.0907 -0.9137
vn -0.9498 0.3056 -0.0674
vn 0.0029 -0.7163 0.6978
vn -0.6942 -0.7036 -0.1515
vn 0.0872 0.6740 0.7335
vn -0.3617 -0.1949 -0.9117
vn -0.9516 0.2993 -0.0704
vn -0.6547 -0.7492 -0.1002
vn 0.0094 0.8308 -0.5566
vn 0.0664 0.8156 -0.5749
vn 0.1489 0.7091 0.6892
vn -0.9282 0.3671 -0.0612
vn 0.7606 0.6427 -0.0919
vn -0.7914 0.5695 0.2222
vn -0.1321 -0.4954 0.8586
vn -0.9379 -0.3263 0.1180
vn 0.1301 0.7778 0.6149
vn -0.9126 0.0207 -0.4083
vn -0.8654 0.0257 -0.5005
vn -0.8379 -0.4407 -0.3220
vn -0.5655 0.2570 -0.7837
vn 0.9998 -0.0107 0.0171
vn 0.9513 -0.3044 -0.0494
vn 0.9379 -0.2208 0.2676
vn 0.7959 0.4335 0.4227
vn 0.6849 0.6199 0.3830
vn 0.9260 0.2454 0.2869
vn 0.8101 -0.4530 0.3722
vn 0.7610 -0.2831 0.5837
vn 0.4869 -0.3854 0.7838
vn 0.6997 0.2728 0.6602
vn 0.7792 0.2056 0.5921
vn 0.8963 0.1056 0.4306
vn 0.2787 0.8040 0.5253
vn 0.1128 0.9741 -0.1962
vn 0.6183 0.7858 -0.0181
vn -0.8179 0.1886 -0.5435
vn -0.7095 0.1090 -0.6962
vn -0.5324 0.6280 -0.5676
vn 0.3737 -0.0164 0.9274
vn 0.7728 -0.1518 0.6163
vn 0.7477 0.6108 0.2605
vn -0.3125 -0.5260 -0.7909
vn -0.2740 0.0939 -0.9571
vn 0.7050 0.1087 -0.7008
vn 0.7119 -0.6947 -0.1033
vn 0.9535 -0.2990 -0.0382
vn 0.9142 -0.3838 -0.1302
vn 0.4326 0.8323 -0.3466
vn 0.5677 0.7739 0.2805
vn 0.0296 0.9597 0.2795
vn 0.8622 0.4517 -0.2292
vn 0.8067 0.5910 -0.0039
vn 0.2479 0.7733 -0.5836
vn 0.7844 0.1136 0.6097
vn 0.7075 0.1264 0.6953
vn 0.3692 0.1894 0.9098
vn 0.9692 0.1581 -0.1887
vn 0.9817 0.1740 -0.0777
vn 0.9907 0.1341 -0.0211
vn -0.9330 0.1559 0.3242
vn -0.9528 0.2914 0.0849
vn -0.9393 0.2767 -0.2028
vn -0.9722 -0.0572 -0.2269
vn -0.5725 -0.1145 -0.8119
vn -0.8808 -0.1806 -0.4377
vn -0.8298 0.2387 0.5045
vn -0.9552 0.2607 0.1404
vn -0.8075 0.3155 0.4984
vn -0.7428 0.6694 -0.0087
vn -0.7875 0.5986 -0.1470
vn -0.9058 0.3767 0.1942
vn -0.9799 0.1343 0.1476
vn -0.9660 0.2578 0.0191
vn -0.7172 0.6683 0.1976
vn 0.2828 0.7182 -0.6358
vn -0.0669 0.9805 -0.1846
vn 0.8571 0.4106 -0.3111
vn -0.8514 -0.0597 -0.5211
vn -0.8480 0.0125 -0.5299
vn -0.9623 -0.0951 -0.2547
vn -0.8687 0.1367 -0.4762
vn -0.9667 -0.0310 -0.2539
vn -0.8420 0.0769 -0.5340
vn -0.8678 0.1364 -0.4778
vn -0.8932 0.0248 -0.4490
vn -0.9673 -0.0187 -0.2529
vn -0.8981 0.0198 -0.4393
vn -0.8753 0.1257 -0.4669
vn -0.9685 0.0449 -0.2447
vn -0.8075 0.1970 -0.5560
vn -0.2656 -0.0452 -0.9630
vn -0.6403 0.2221 -0.7353
vn -0.8116 0.5687 -0.1339
vn -0.4869 0.6771 -0.5517
vn 0.2276 0.9588 0.1700
vn -0.4965 0.8485 -0.1832
vn 0.1611 0.9755 -0.1496
vn 0.1237 -0.4817 -0.8676
vn -0.0674 -0.3450 0.9362
vn 0.9300 0.1215 0.3469
vn -0.1259 0.0041 0.9920
vn 0.9960 -0.0652 -0.0618
vn 0.8200 -0.0603 -0.5692
vn 0.7713 0.6219 0.1354
vn 0.8320 0.0283 -0.5541
vn 0.6533 0.1312 -0.7456
vn 0.9307 0.0278 0.3648
vn -0.7972 0.5103 -0.3226
vn -0.5856 0.5635 -0.5826
vn -0.3355 0.7709 -0.5414
vn 0.0042 -0.6792 0.7339
vn 0.0562 0.6807 0.7304
vn 0.7481 -0.3571 -0.5593
vn 0.1313 0.7765 0.6163
vn 0.6656 0.5194 -0.5359
vn 0.2801 -0.3512 -0.8934
vn 0.6673 0.5185 -0.5347
vn -0.2540 0.5653 -0.7848
vn -0.8290 0.0742 -0.5543
vn 0.2800 -0.3512 -0.8935
vn -0.2539 0.5654 -0.7848
vn -0.9087 0.0054 -0.4174
vn -0.7930 0.1362 -0.5938
vn -0.0331 0.0827 -0.9960
vn -0.8051 0.0176 0.5929
vn -0.8965 0.1122 -0.4286
vn -0.9033 0.0455 0.4266
vn -0.2616 -0.5627 0.7842
vn 0.2082 0.3467 -0.9146
vn 0.4917 0.2265 -0.8408
vn -0.3380 -0.6766 0.6542
vn -0.3086 -0.8061 0.5049
vn -0.3806 -0.8633 0.3315
vn 0.8142 -0.5142 -0.2697
vn 0.7350 -0.6669 -0.1227
vn 0.7402 -0.6582 -0.1373
vn 0.8595 -0.4743 -0.1905
vn -0.9049 0.4223 0.0528
vn 0.8668 -0.4299 0.2526
vn -0.7697 0.5638 -0.2996
vn 0.8429 -0.4798 0.2437
vn 0.7789 -0.5838 0.2290
vn 0.4804 -0.6717 0.5639
vn 0.5031 -0.5443 0.6713
vn 0.4738 -0.6652 0.5770
vn 0.5358 -0.5120 0.6715
vn 0.7836 -0.5793 0.2244
vn 0.8409 -0.4835 0.2430
vn 0.7789 -0.5839 0.2290
vn -0.2099 0.3537 -0.9115
vn 0.5024 -0.5414 0.6741
vn -0.6537 0.2226 -0.7233
vn 0.7397 -0.4160 0.5290
vn 0.6209 -0.6845 0.3821
vn 0.6222 -0.6904 0.3692
vn 0.7095 -0.5617 0.4256
vn 0.7380 -0.4197 0.5285
vn 0.7097 -0.5617 0.4252
vn 0.6222 -0.6904 0.3691
vn 0.7116 -0.5582 0.4267
vn 0.7396 -0.4159 0.5292
vn -0.5590 0.4697 -0.6833
vn -0.6924 0.6230 0.3639
vn 0.8139 -0.5136 -0.2718
vn 0.5365 -0.5083 0.6736
vn 0.5039 -0.5408 0.6736
vn -0.6635 -0.3745 0.6477
vn -0.6219 0.5880 0.5172
vn -0.7478 -0.3212 0.5811
vn -0.6215 0.4978 0.6049
vn -0.6211 0.5896 0.5163
vn -0.8407 -0.0647 0.5376
vn -0.6208 0.4996 0.6042
vn -0.9514 0.0052 0.3080
vn 0.9056 0.1076 0.4102
vn 0.8037 -0.5430 0.2433
vn 0.8789 0.4758 -0.0336
vn 0.8014 -0.5452 0.2460
vn 0.7100 -0.6192 0.3354
vn 0.8799 0.4741 -0.0329
vn 0.0491 -0.3675 -0.9287
vn -0.1650 0.7384 -0.6538
vn 0.0411 0.5052 -0.8620
vn 0.0454 -0.3657 -0.9296
vn -0.0585 -0.3135 -0.9478
vn -0.1649 0.7370 -0.6555
vn 0.8188 0.3535 -0.4524
vn 0.9638 -0.0261 -0.2654
vn 0.9400 0.0309 -0.3399
vn 0.8789 0.4758 -0.0337
vn 0.4050 -0.5199 -0.7521
vn 0.2506 -0.7221 -0.6448
vn 0.1515 -0.8602 -0.4869
vn -0.5497 0.3382 0.7639
vn -0.3064 0.2177 0.9267
vn -0.6214 0.4978 0.6050
vn -0.3129 -0.7600 0.5697
vn -0.4090 0.3026 0.8609
vn -0.5679 -0.6048 0.5583
vn 0.9062 0.1077 0.4088
vn 0.5553 0.4703 0.6859
vn 0.6640 -0.5948 0.4531
vn 0.6717 -0.6333 0.3843
vn 0.5554 0.4704 0.6858
vn 0.2470 -0.7245 -0.6435
vn -0.0394 -0.8659 -0.4986
vn 0.1472 -0.8607 -0.4873
vn 0.1301 -0.4849 0.8648
vn -0.2098 0.3537 -0.9115
vn 0.1100 -0.6473 0.7543
vn 0.0898 -0.7800 0.6193
vn -0.0006 -0.8200 0.5724
vn 0.6719 -0.5156 -0.5318
vn 0.5466 -0.6650 -0.5090
vn 0.4594 -0.7698 -0.4431
vn -0.8196 0.3414 0.4601
vn -0.5496 0.3382 0.7639
vn 0.2257 -0.7199 -0.6563
vn 0.0406 0.5069 -0.8610
vn 0.3748 0.3093 -0.8740
vn 0.0494 -0.5997 -0.7987
vn 0.9290 -0.3020 0.2137
vn 0.9061 -0.3878 0.1691
vn 0.9061 0.1057 0.4096
vn 0.9293 -0.3007 0.2143
vn 0.8779 0.4776 -0.0341
vn 0.5432 -0.6678 -0.5088
vn 0.3464 -0.8033 -0.4844
vn 0.4558 -0.7711 -0.4446
vn -0.6214 0.4978 0.6051
vn -0.3573 -0.4300 0.8291
vn -0.4085 0.3048 0.8604
vn -0.3037 -0.4557 0.8367
vn -0.1771 -0.0694 -0.9818
vn -0.4442 -0.0043 -0.8959
vn 0.0407 0.5071 -0.8609
vn 0.6749 -0.4208 -0.6062
vn 0.3730 0.3131 -0.8734
vn 0.8183 0.3554 -0.4517
vn 0.6471 -0.3852 -0.6579
vn 0.8923 -0.3587 -0.2741
vn 0.8179 0.3553 -0.4526
vn 0.8840 -0.2121 -0.4166
vn 0.4013 -0.4913 0.7730
vn 0.2000 0.3485 0.9157
vn 0.3259 -0.4239 0.8450
vn 0.5548 0.4703 0.6863
vn -0.0956 -0.0953 0.9908
vn -0.4089 0.3027 0.8609
vn -0.1265 -0.0874 0.9881
vn 0.2007 0.3467 0.9162
vn 0.1997 0.3484 0.9158
vn 0.4744 -0.2231 0.8516
vn 0.5541 0.4739 0.6844
vn 0.4394 -0.1883 0.8783
vn -0.4074 0.3016 0.8620
vn -0.1086 0.0683 0.9917
vn 0.1994 0.3454 0.9170
vn -0.1004 0.0624 0.9930
vn 0.3758 0.3102 -0.8732
vn 0.6318 0.0859 -0.7703
vn 0.5912 0.1065 -0.7995
vn 0.8187 0.3535 -0.4524
vn 0.5531 0.4740 0.6851
vn 0.7606 -0.2236 0.6095
vn 0.9057 0.1041 0.4110
vn 0.5531 0.4739 0.6852
vn 0.7644 -0.2292 0.6027
vn 0.4478 -0.0750 -0.8910
vn 0.2057 0.5604 -0.8023
vn 0.3400 0.7568 -0.5582
vn 0.5350 -0.1087 -0.8378
vn 0.9494 -0.0674 -0.3067
vn 0.3423 0.7545 -0.5600
vn 0.5742 0.8035 -0.1569
vn 0.9387 -0.1693 -0.3003
vn 0.2584 0.8014 0.5395
vn 0.6640 -0.3418 0.6650
vn 0.5428 0.8021 0.2491
vn 0.6401 -0.3092 0.7033
vn -0.2679 -0.2234 0.9372
vn -0.4678 0.5530 0.6895
vn -0.1340 -0.2474 0.9596
vn -0.0213 0.8388 0.5440
vn 0.5446 0.8009 0.2491
vn 0.9801 -0.1978 0.0190
vn 0.5743 0.8037 -0.1561
vn 0.9801 -0.1978 0.0189
vn 0.9883 -0.1424 -0.0547
vn 0.5743 0.8036 -0.1564
vn -0.0196 0.8388 0.5440
vn 0.3284 -0.1948 0.9242
vn 0.3817 -0.2350 0.8939
vn 0.2588 0.8001 0.5412
vn -0.0203 0.8400 0.5422
vn 0.4979 -0.0014 0.8672
vn 0.9088 -0.0016 0.4172
vn 0.9088 -0.0020 0.4171
vn 0.2516 -0.0012 0.9678
vn -0.0010 -0.0003 1.0000
vn -0.0008 -0.0009 1.0000
vn 0.8960 -0.0022 -0.4440
vn 0.9814 -0.0018 -0.1920
vn 0.9106 -0.0017 0.4133
vn 0.7548 -0.0013 -0.6559
vn 0.7549 -0.0018 -0.6558
vn -0.2569 0.0005 -0.9664
vn 0.0239 0.0081 -0.9997
vn 0.0255 0.0199 -0.9995
vn -0.5368 -0.0137 -0.8436
vn -0.9104 -0.0198 -0.4132
vn -0.8949 -0.0068 0.4463
vn -0.9876 -0.0195 0.1556
vn -0.9120 -0.0200 -0.4097
vn -0.7337 -0.0002 0.6794
vn -0.7329 0.0116 0.6802
vn 0.7667 -0.4130 0.4915
vn 0.5817 0.7686 0.2664
vn 0.2874 0.6972 0.6567
vn 0.8440 -0.3534 0.4035
vn 0.4382 -0.2759 0.8555
vn 0.2875 0.6973 0.6566
vn -0.2405 0.5123 0.8245
vn 0.3491 -0.3178 0.8816
vn 0.8904 -0.3341 -0.3090
vn 0.6816 0.7000 -0.2132
vn 0.7885 -0.4082 -0.4601
vn 0.4574 0.5199 -0.7215
vn 0.5833 0.7673 0.2664
vn 0.9333 -0.3483 0.0878
vn 0.6816 0.7003 -0.2124
vn 0.9319 -0.3565 0.0670
vn -0.9112 -0.0189 -0.4115
vn -0.9112 -0.0192 -0.4114
vn -0.5398 -0.0141 -0.8417
vn -0.9882 -0.0188 0.1517
vn 0.9822 -0.0017 -0.1877
vn 0.9106 -0.0022 0.4133
vn 0.9106 -0.0017 0.4134
vn -0.4570 -0.2346 -0.8580
vn 0.9981 0.0206 0.0583
vn -0.9948 -0.0789 -0.0643
vn 0.4573 0.2919 0.8401
vn 0.5906 -0.4670 -0.6581
vn -0.5839 0.7053 0.4019
vn 0.7155 -0.6787 0.1656
vn -0.7093 0.3126 -0.6318
vn 0.2110 -0.7776 -0.5923
vn -0.0245 0.9267 -0.3751
vn 0.1925 0.6870 0.7007
vn 0.6000 -0.0303 -0.7994
vn 0.2641 0.3040 0.9153
vn -0.0596 0.2487 0.9668
vn -0.1550 -0.5716 -0.8058
vn 0.0929 0.4991 -0.8616
vn 0.0354 -0.5596 0.8280
vn 0.0761 0.9791 -0.1887
vn -0.0184 -0.9765 0.2149
vn 0.2116 -0.7059 -0.6760
vn 0.3994 0.6744 0.6210
vn 0.4652 0.8558 -0.2262
vn 0.7952 0.5788 -0.1807
vn 0.0513 0.5948 0.8023
vn -0.6049 -0.2940 0.7400
vn 0.2719 -0.5206 -0.8094
vn 0.2007 -0.2640 0.9434
vn 0.0410 0.3630 -0.9309
vn 0.1978 -0.6571 -0.7274
vn -0.1007 0.9878 -0.1190
vn 0.2023 -0.9784 0.0418
vn 0.6877 -0.7211 0.0843
vn 0.7318 -0.6755 0.0903
vn 0.5689 -0.8008 -0.1873
vn 0.5061 -0.8000 0.3223
vn 0.2387 -0.8561 0.4584
vn -0.9722 -0.1408 -0.1872
vn -0.9375 -0.2247 -0.2659
vn -0.8764 -0.3083 -0.3700
vn -0.9719 -0.1360 -0.1922
vn -0.9617 -0.2377 -0.1362
vn -0.8763 0.0393 -0.4802
vn -0.8575 0.0595 -0.5111
vn -0.8102 -0.2120 -0.5464
vn -0.8103 0.3064 -0.4996
vn -0.5488 0.1998 0.8117
vn 0.4892 -0.1644 -0.8565
vn -0.0560 0.2416 0.9688
vn 0.9987 0.0251 0.0445
vn 0.4842 0.8730 -0.0575
vn 0.2633 0.3462 -0.9005
vn 0.7865 0.6176 0.0075
vn 0.2815 0.3448 -0.8955
vn -0.4876 -0.1483 0.8604
vn -0.4556 -0.1445 0.8784
vn -0.4649 -0.1456 0.8733
vn -0.4782 -0.1472 0.8659
vn 0.9818 -0.0586 -0.1806
vn 0.9773 -0.0610 -0.2027
vn 0.9856 -0.0567 -0.1594
vn 0.9726 -0.0631 -0.2237
vn 0.2296 -0.8645 0.4471
vn -0.4303 -0.7453 0.5093
vn 0.4940 -0.8142 0.3052
vn -0.4488 -0.7403 0.5005
vn -0.3853 -0.7157 -0.5825
vn -0.7705 -0.4522 -0.4492
vn -0.4025 -0.7125 -0.5748
vn -0.7644 -0.4571 -0.4546
vn -0.8736 -0.4793 0.0838
vn -0.8019 -0.5416 0.2522
vn -0.9188 -0.3937 -0.0279
vn -0.7950 -0.5489 0.2581
vn -0.7888 -0.5511 0.2722
vn -0.4128 -0.7706 0.4856
vn -0.4321 -0.7640 0.4792
vn -0.7819 -0.5605 0.2728
vn 0.9498 -0.2240 0.2184
vn 0.9499 -0.2235 0.2183
vn 0.9498 -0.2238 0.2186
vn 0.9501 -0.2232 0.2180
vn -0.8267 -0.2156 -0.5198
vn -0.8399 -0.2582 -0.4774
vn -0.8275 -0.2127 -0.5197
vn -0.8351 -0.2560 -0.4869
vn 0.9731 -0.0427 0.2266
vn 0.9730 -0.0431 0.2266
vn 0.9734 -0.0410 0.2256
vn 0.9728 -0.0435 0.2277
vn -0.8469 -0.0989 -0.5224
vn -0.8502 0.0222 -0.5261
vn -0.8487 0.0230 -0.5284
vn -0.8521 -0.1015 -0.5135
vn -0.8326 0.2571 -0.4907
vn -0.8979 0.1134 -0.4253
vn -0.8850 0.1692 -0.4337
vn -0.9857 -0.1655 0.0322
vn -0.9646 -0.2544 0.0691
vn -0.9827 -0.1742 0.0627
vn -0.9883 0.1524 0.0101
vn -0.9951 0.0983 -0.0127
vn -0.9675 0.2354 0.0924
vn -0.9927 0.1117 0.0461
vn -0.9570 0.2715 0.1023
vn -0.9926 0.1208 0.0121
vn 0.9982 0.0192 0.0572
vn -0.5560 0.2149 0.8029
vn -0.9949 -0.0777 -0.0645
vn 0.0885 0.9652 -0.2460
vn -0.1283 0.7447 0.6549
vn 0.2179 -0.7440 -0.6317
vn 0.9662 -0.2315 0.1130
vn 0.4691 0.2148 0.8566
vn -0.4116 -0.0145 -0.9112
vn -0.1189 -0.6598 -0.7420
vn 0.3769 -0.3073 0.8738
vn 0.2707 0.6552 0.7053
vn 0.5648 -0.8039 -0.1863
vn 0.3366 -0.8618 -0.3795
vn 0.6854 -0.7233 0.0841
vn -0.3249 -0.7432 -0.5849
vn -0.3439 -0.7366 -0.5824
vn 0.3109 -0.8621 -0.4002
vn -0.3219 -0.7421 -0.5880
vn 0.3152 -0.8588 -0.4039
vn 0.5483 -0.8083 -0.2145
vn -0.8067 -0.3843 -0.4489
vn -0.8835 -0.2965 -0.3627
vn -0.6873 -0.4547 -0.5664
vn -0.8426 -0.4011 -0.3594
vn -0.7340 -0.4797 -0.4807
vn -0.7282 -0.4889 -0.4803
vn -0.9395 -0.3401 -0.0412
vn -0.9571 -0.2472 -0.1514
vn -0.9511 -0.1507 -0.2696
vn -0.9686 0.0914 -0.2311
vn -0.9787 0.0562 -0.1975
vn -0.9787 0.0560 -0.1973
vn -0.9788 0.0557 -0.1973
vn -0.8957 0.0017 0.4446
vn -0.7548 0.0012 0.6559
vn -0.7549 0.0018 0.6559
vn -0.9815 0.0018 0.1913
vn -0.9101 0.0027 -0.4143
vn -0.9097 0.0022 -0.4153
vn -0.5017 0.0011 -0.8650
vn 0.1838 -0.7207 -0.6684
vn 0.2146 -0.5410 -0.8132
vn 0.2666 -0.5657 -0.7803
vn 0.1036 -0.8487 -0.5186
vn -0.2027 -0.9538 -0.2217
vn -0.2159 0.8344 0.5072
vn 0.7799 -0.0070 -0.6259
vn 0.8839 0.0851 -0.4599
vn 0.9325 -0.2016 -0.2996
vn 0.6457 0.0951 -0.7576
vn 0.0464 -0.0151 0.9988
vn -0.1415 0.0864 0.9862
vn 0.1663 -0.7394 0.6524
vn 0.2392 0.0780 0.9678
vn 0.3928 -0.2076 0.8959
vn 0.2575 -0.0010 0.9663
vn 0.5363 0.0132 0.8439
vn 0.9104 0.0198 0.4133
vn -0.0241 -0.0081 0.9997
vn -0.0255 -0.0199 0.9995
vn 0.8952 0.0064 -0.4457
vn 0.7339 0.0002 -0.6793
vn 0.7329 -0.0116 -0.6802
vn 0.9876 0.0185 -0.1558
vn 0.9120 0.0200 0.4096
vn 0.5090 -0.7914 -0.3385
vn 0.5544 -0.7432 -0.3745
vn 0.5368 -0.7249 -0.4316
vn 0.5442 -0.8141 -0.2026
vn -0.4314 0.8773 -0.2103
vn 0.3937 -0.8338 0.3870
vn 0.4947 -0.7436 0.4498
vn 0.2838 -0.9055 0.3156
vn -0.1842 -0.7167 -0.6726
vn -0.1340 -0.6131 -0.7786
vn -0.1483 -0.4444 -0.8835
vn 0.1463 0.6917 0.7072
vn -0.7814 -0.2942 -0.5504
vn 0.2657 -0.6094 -0.7470
vn 0.3505 0.9223 0.1630
vn 0.6988 0.6403 0.3187
vn 0.2200 -0.7529 -0.6203
vn -0.0431 -0.9140 -0.4035
vn -0.2997 -0.6468 0.7013
vn -0.1924 -0.7808 0.5944
vn -0.1756 -0.9315 0.3186
vn 0.3504 0.9223 0.1628
vn 0.6988 0.6405 0.3186
vn 0.1877 -0.4998 -0.8455
vn 0.3904 0.9027 0.1807
vn 0.3504 0.9224 0.1628
vn 0.1162 -0.6467 -0.7538
vn -0.1310 -0.9058 -0.4029
vn -0.4981 -0.3760 0.7813
vn -0.4915 -0.4662 0.7356
vn -0.4824 -0.6814 0.5505
vn 0.3505 0.9223 0.1629
vn 0.7117 -0.7024 0.0120
vn -0.4923 0.8527 -0.1748
vn -0.7696 0.5639 -0.2996
vn 0.7193 -0.6938 -0.0356
vn 0.7454 -0.6432 -0.1751
vn 0.0010 -0.0755 -0.9971
vn 0.1049 0.0043 -0.9945
vn 0.0776 0.0648 -0.9949
vn -0.6051 0.5873 -0.5375
vn -0.7917 0.5806 -0.1898
vn -0.0279 -0.0931 -0.9953
vn -0.0880 -0.0758 -0.9932
vn -0.1448 0.0645 -0.9874
vn 0.0336 0.2336 -0.9718
vn 0.1916 -0.3287 -0.9248
vn 0.1394 -0.3127 -0.9396
vn 0.0657 -0.1481 -0.9868
vn -0.3440 0.2480 0.9056
vn -0.1557 0.4399 0.8845
vn -0.1320 -0.0046 -0.9912
vn -0.0573 0.0711 -0.9958
vn -0.1649 0.7399 -0.6522
vn -0.6447 0.6679 -0.3719
vn -0.0464 0.0151 -0.9988
vn -0.2392 -0.0780 -0.9678
vn -0.3928 0.2076 -0.8959
vn 0.1418 -0.0861 -0.9862
vn -0.1663 0.7394 -0.6524
vn -0.8910 -0.1482 0.4292
vn 0.8218 0.0241 -0.5692
vn 0.9421 0.1375 -0.3058
vn -0.9368 -0.0936 0.3372
vn -0.9758 0.1447 0.1641
vn -0.7470 -0.0838 0.6595
vn -0.8057 0.5849 -0.0938
vn -0.6682 0.5820 -0.4635
vn -0.6766 -0.0044 0.7363
vn -0.6952 0.0563 0.7166
vn -0.7647 -0.1012 0.6364
vn -0.7076 0.2255 0.6697
vn 0.8218 0.0242 -0.5692
vn -0.8029 -0.0838 0.5902
vn -0.8366 0.0566 0.5449
vn -0.5758 -0.3683 0.7299
vn 0.4803 0.2681 -0.8351
vn -0.5590 -0.4465 0.6987
vn -0.6113 -0.3211 0.7233
vn -0.6960 -0.1568 0.7007
vn -0.7022 -0.0550 0.7098
vn -0.7055 0.6684 -0.2353
vn -0.8062 0.5844 -0.0918
vn -0.7818 -0.0466 0.6218
vn -0.8537 0.1654 0.4938
vn -0.8308 -0.0123 0.5565
vn -0.6209 0.5896 0.5166
vn -0.7079 0.6671 -0.2321
vn -0.7851 0.0630 0.6161
vn -0.7851 0.0630 0.6162
vn -0.7799 0.0070 0.6259
vn -0.6456 -0.0948 0.7578
vn -0.6220 0.5880 0.5170
vn -0.8839 -0.0851 0.4599
vn -0.9325 0.2016 0.2996
vn -0.6610 -0.4996 0.5599
vn -0.7657 -0.3745 0.5229
vn -0.7870 -0.1933 0.5859
vn -0.7629 -0.4766 0.4368
vn 0.6246 0.6774 -0.3887
vn -0.9280 -0.2978 -0.2238
vn -0.7465 -0.3189 0.5840
vn -0.7740 -0.2238 0.5923
vn -0.9493 -0.2185 0.2262
vn -0.9283 -0.2984 -0.2217
vn -0.9378 -0.1436 0.3160
vn -0.9458 -0.1144 0.3039
vn -0.4240 -0.7504 -0.5071
vn -0.6489 -0.6758 -0.3497
vn -0.7788 -0.6246 0.0578
vn -0.2261 -0.1926 -0.9549
vn -0.3051 -0.1671 -0.9376
vn -0.4210 -0.0109 -0.9070
vn 0.4281 0.1112 0.8969
vn -0.2339 -0.7811 0.5790
vn -0.1653 0.9838 -0.0698
vn -0.1922 -0.8662 0.4613
vn -0.0052 -0.9830 0.1836
vn 0.2565 -0.7143 -0.6511
vn 0.3137 0.9382 0.1463
vn -0.1655 0.9837 -0.0700
vn 0.1966 -0.9160 -0.3497
vn 0.0683 -0.5352 -0.8419
vn 0.0169 -0.4781 -0.8781
vn -0.1157 -0.2662 -0.9569
vn -0.1556 0.4400 0.8844
vn -0.2509 0.0010 -0.9680
vn -0.4985 0.0010 -0.8669
vn -0.9088 0.0018 -0.4171
vn -0.0449 0.2247 -0.9734
vn 0.1212 0.3918 -0.9120
vn -0.5829 0.5511 0.5971
vn 0.6349 -0.5332 -0.5592
vn 0.5410 -0.4676 -0.6990
vn 0.2829 -0.7338 -0.6176
vn -0.2161 0.8343 0.5072
vn 0.5079 -0.7914 -0.3403
vn 0.2436 -0.7255 -0.6437
vn 0.8076 -0.1312 -0.5749
vn 0.4651 0.4661 -0.7527
vn 0.6398 0.2391 -0.7304
vn 0.6845 -0.1248 -0.7183
vn 0.1034 -0.1393 0.9848
vn -0.2587 0.4581 0.8504
vn -0.0856 -0.1335 0.9873
vn -0.2332 0.3075 0.9226
vn 0.4374 -0.8993 0.0025
vn -0.1282 0.9431 -0.3069
vn -0.1966 0.8872 -0.4173
vn 0.4347 -0.9005 -0.0098
vn 0.0639 -0.9658 0.2512
vn 0.1235 -0.9489 0.2904
vn 0.0416 -0.9562 -0.2897
vn 0.2451 -0.9044 0.3494
vn 0.2091 -0.9104 0.3570
vn -0.4407 0.8701 0.2205
vn 0.3557 -0.4588 0.8142
vn -0.5588 0.4697 -0.6834
vn 0.4929 -0.3289 0.8055
vn 0.4037 -0.7624 0.5057
vn -0.4315 0.8773 -0.2103
vn 0.4366 -0.7307 0.5248
vn 0.7032 -0.6078 0.3689
vn 0.6985 -0.6147 0.3665
vn 0.5881 -0.8083 0.0280
vn -0.4922 0.8528 -0.1746
vn 0.7340 -0.6791 0.0089
vn 0.0788 -0.8570 -0.5092
vn -0.1644 -0.8654 -0.4733
vn -0.4484 -0.8897 -0.0857
vn -0.0998 -0.8386 -0.5356
vn 0.0172 -0.7714 0.6361
vn -0.0986 0.7986 -0.5937
vn -0.2671 -0.7533 0.6010
vn -0.2518 -0.7459 0.6167
vn -0.0985 0.7986 -0.5938
vn 0.2346 0.8392 -0.4906
vn -0.2670 -0.7534 0.6009
vn 0.3243 0.5545 0.7664
vn -0.1948 -0.0083 0.9808
vn -0.3520 0.3734 0.8583
vn -0.4343 0.0394 0.8999
vn 0.5398 0.0162 -0.8416
vn 0.7874 0.5595 -0.2589
vn 0.7516 -0.3824 0.5374
vn 0.3867 0.0481 -0.9209
vn 0.3896 0.9031 0.1806
vn -0.2025 -0.9291 -0.3095
vn -0.1492 -0.8568 -0.4937
vn -0.4208 -0.8787 0.2256
vn -0.3218 -0.9430 0.0852
vn -0.0189 -0.9429 -0.3326
vn -0.0944 -0.9662 -0.2397
vn -0.3200 -0.9439 0.0815
vn 0.0818 -0.8571 -0.5086
vn -0.4629 -0.5713 0.6777
vn 0.3294 0.6195 -0.7126
vn 0.4009 0.6092 -0.6842
vn -0.4903 -0.5865 0.6447
vn 0.0664 -0.0471 -0.9967
vn -0.0504 -0.0386 -0.9980
vn -0.1950 0.1727 -0.9655
vn -0.6453 0.6695 -0.3680
vn -0.7913 0.5817 -0.1881
vn -0.1188 -0.3011 -0.9462
vn -0.8550 0.3709 -0.3626
vn -0.0207 -0.2173 -0.9759
vn 0.8486 0.4786 -0.2256
vn 0.8377 -0.2803 -0.4687
vn 0.6384 0.2404 -0.7312
vn 0.8969 -0.2905 -0.3335
vn 0.4802 0.2681 -0.8352
vn -0.5743 -0.2834 0.7681
vn -0.6182 -0.2659 0.7397
vn 0.7210 0.6101 0.3286
vn 0.6894 -0.2795 0.6683
vn 0.5557 -0.3726 0.7432
vn 0.3885 0.4729 0.7908
vn 0.2034 -0.2873 0.9360
vn 0.3903 0.4733 0.7897
vn -0.2330 0.3076 0.9225
vn 0.1151 -0.3507 0.9294
vn 0.0162 -0.5262 0.8502
vn 0.0927 0.5889 -0.8029
vn -0.1535 -0.4649 0.8720
vn -0.2219 0.6316 -0.7429
vn 0.0410 0.5052 -0.8620
vn 0.3784 -0.4090 -0.8304
vn 0.4095 -0.3626 -0.8372
vn 0.3740 0.3134 -0.8728
vn -0.4313 -0.2610 -0.8636
vn -0.7792 -0.2966 -0.5521
vn -0.3445 -0.2086 -0.9153
vn 0.3102 -0.4936 -0.8125
vn 0.3010 -0.5792 -0.7576
vn -0.3439 0.2479 0.9057
vn 0.2025 -0.2773 -0.9392
vn 0.1562 -0.2625 -0.9522
vn -0.3064 0.2176 0.9267
vn 0.2679 -0.5984 -0.7551
vn 0.2589 -0.5958 -0.7603
vn 0.9104 0.0203 0.4133
vn 0.9104 0.0201 0.4133
vn 0.5397 0.0140 0.8417
vn 0.9120 0.0200 0.4097
vn 0.9120 0.0203 0.4097
vn 0.9882 0.0190 -0.1517
vn 0.8000 -0.3589 0.4808
vn -0.8997 0.1787 -0.3982
vn -0.6538 0.2226 -0.7232
vn 0.8129 -0.3799 0.4414
vn -0.8998 0.1785 -0.3981
vn 0.9038 -0.3528 0.2423
vn -0.9764 0.2156 -0.0089
vn 0.9038 -0.3527 0.2423
vn 0.9002 -0.3569 0.2497
vn -0.9764 0.2156 -0.0087
vn -0.1020 -0.8295 -0.5491
vn -0.1630 -0.8648 -0.4748
vn 0.7453 -0.6432 -0.1752
vn 0.7123 -0.7018 0.0099
vn 0.7272 -0.6665 -0.1640
vn -0.2021 -0.8436 0.4975
vn -0.2530 -0.8747 0.4135
vn -0.5928 -0.8040 0.0458
vn -0.3231 -0.9426 0.0840
vn -0.3189 -0.9424 -0.1012
vn -0.2046 -0.9299 -0.3057
vn -0.1511 -0.8572 -0.4923
vn -0.4192 -0.8803 0.2221
vn -0.3203 -0.9438 0.0812
vn -0.0975 -0.9667 -0.2368
vn 0.3506 0.9223 0.1628
vn -0.1506 -0.8561 -0.4944
vn 0.3887 0.9037 0.1799
vn -0.4829 -0.8190 0.3100
vn -0.2040 -0.9300 -0.3057
vn -0.2859 -0.9532 0.0979
vn 0.1821 -0.9612 -0.2074
vn -0.1862 -0.9587 0.2148
vn -0.1281 0.9431 -0.3069
vn -0.6323 -0.5980 0.4925
vn -0.4852 -0.8166 0.3127
vn 0.2558 -0.7157 -0.6499
vn -0.0765 -0.9819 0.1734
vn 0.1952 -0.9152 -0.3526
vn -0.3263 -0.8617 0.3886
vn -0.3580 -0.8885 -0.2872
vn -0.4308 -0.9024 -0.0075
vn -0.9272 -0.2993 -0.2252
vn -0.8927 -0.4430 -0.0833
vn -0.8928 -0.4433 -0.0794
vn -0.9191 -0.3799 0.1048
vn -0.9279 -0.2993 -0.2222
vn -0.8940 -0.4410 -0.0797
vn -0.9716 -0.2186 0.0902
vn -0.9208 -0.3760 0.1041
vn -0.8368 0.3746 -0.3993
vn -0.8970 0.1788 -0.4043
vn -0.8409 -0.3976 -0.3671
vn -0.8377 -0.3743 -0.3977
vn -0.8369 0.3745 -0.3991
vn -0.8415 -0.3957 -0.3679
vn -0.8669 -0.2777 -0.4140
vn -0.8382 -0.3733 -0.3976
vn -0.6666 0.5832 -0.4644
vn -0.8388 0.3712 -0.3984
vn -0.8167 -0.2482 0.5210
vn -0.8151 -0.2477 0.5236
vn -0.7811 -0.1322 0.6103
vn -0.6682 0.5820 -0.4634
vn -0.8168 -0.2445 0.5225
vn -0.8360 0.1047 0.5386
vn -0.7825 -0.1283 0.6093
vn -0.8544 0.3743 -0.3604
vn -0.8150 -0.3768 -0.4403
vn -0.7999 -0.4122 -0.4362
vn 0.9310 -0.3640 -0.0266
vn 0.9444 -0.3114 0.1056
vn 0.7225 0.6085 0.3282
vn 0.9445 -0.3098 0.1095
vn 0.8483 0.4781 -0.2276
vn 0.7210 0.6100 0.3286
vn -0.7229 -0.4001 -0.5633
vn -0.7812 -0.2973 -0.5489
vn -0.7792 -0.2971 -0.5519
vn -0.6389 -0.3629 -0.6783
vn -0.7205 -0.3997 -0.5667
vn -0.0278 -0.9358 -0.3515
vn -0.4485 -0.8897 -0.0858
vn 0.0790 -0.8573 -0.5088
vn 0.0807 -0.8566 -0.5097
vn 0.1058 -0.9241 -0.3672
vn -0.0242 -0.9352 -0.3534
vn 0.0704 -0.0467 -0.9964
vn -0.6041 0.5867 -0.5393
vn -0.6457 0.6690 -0.3680
vn -0.2979 -0.9545 -0.0134
vn -0.2550 -0.8758 0.4099
vn 0.2345 0.8393 -0.4904
vn -0.0223 -0.2135 -0.9767
vn -0.0772 -0.0770 -0.9940
vn -0.1196 -0.2975 -0.9472
vn -0.8171 -0.3734 -0.4393
vn -0.8675 -0.2805 -0.4108
vn -0.8010 -0.4105 -0.4358
vn -0.5931 -0.8037 0.0479
vn -0.3728 -0.7104 -0.5970
vn -0.6109 -0.7630 -0.2113
vn -0.6510 -0.3259 -0.6856
vn -0.7211 -0.3985 -0.5668
vn -0.3209 -0.2505 -0.9134
vn -0.4294 -0.2609 -0.8646
vn -0.7999 -0.4124 -0.4359
vn -0.8971 0.1788 -0.4040
vn -0.8544 0.3743 -0.3605
vn -0.6085 -0.7653 -0.2100
vn 0.6989 0.6403 0.3187
vn -0.5941 -0.8030 0.0472
vn 0.1054 -0.9257 -0.3632
vn 0.0998 -0.9682 -0.2296
vn -0.0241 -0.9363 -0.3505
vn -0.4600 -0.2977 -0.8365
vn -0.4430 -0.2401 -0.8638
vn -0.9981 -0.0209 -0.0576
vn 0.5815 -0.4830 -0.6547
vn 0.5824 -0.7063 -0.4026
vn 0.6829 -0.6908 0.2375
vn 0.7915 -0.4297 0.4346
vn -0.0268 0.7506 0.6602
vn -0.0239 0.9398 -0.3408
vn 0.1926 0.6869 0.7008
vn -0.0578 -0.9784 0.1985
vn -0.0129 -0.9784 0.2064
vn 0.2116 -0.7058 -0.6760
vn 0.0203 -0.4970 0.8675
vn -0.0861 -0.5158 0.8524
vn 0.3218 0.5100 0.7977
vn -0.5947 -0.0358 0.8031
vn 0.3058 0.2948 0.9053
vn -0.0579 0.2474 0.9672
vn -0.2192 0.2279 -0.9487
vn -0.1038 0.9843 -0.1428
vn -0.2719 0.9617 -0.0341
vn 0.0424 0.3517 -0.9351
vn 0.1977 -0.6571 -0.7274
vn -0.6876 0.7211 -0.0843
vn -0.5046 0.8015 -0.3209
vn -0.2362 0.8587 -0.4549
vn -0.7316 0.6757 -0.0902
vn -0.5687 0.8010 0.1869
vn -0.5589 0.1986 0.8051
vn -0.9983 -0.0142 -0.0567
vn -0.9949 -0.0778 -0.0646
vn -0.4909 0.1688 0.8547
vn -0.0579 0.2424 0.9684
vn 0.8170 -0.2847 0.5014
vn 0.8863 -0.1344 0.4432
vn 0.8638 -0.1414 0.4836
vn 0.8853 -0.1654 0.4347
vn -0.4978 -0.8311 0.2478
vn -0.2934 -0.6499 -0.7011
vn -0.7546 -0.6186 0.2190
vn -0.1554 -0.7017 -0.6954
vn 0.1009 -0.7105 -0.6964
vn 0.2042 -0.6682 -0.7154
vn 0.2301 0.4786 -0.8473
vn -0.1066 -0.9654 0.2379
vn -0.3759 -0.2211 0.8999
vn -0.4986 -0.8661 0.0354
vn -0.7389 -0.6735 -0.0210
vn -0.2815 -0.3448 0.8955
vn -0.9773 0.0613 0.2027
vn -0.9819 0.0581 0.1805
vn -0.9856 0.0567 0.1595
vn -0.9729 0.0626 0.2227
vn 0.3243 0.7422 0.5865
vn -0.3139 0.8597 0.4030
vn 0.3439 0.7366 0.5824
vn -0.5478 0.8088 0.2141
vn 0.4305 0.7512 -0.5003
vn -0.2322 0.8624 -0.4499
vn -0.5004 0.8066 -0.3148
vn 0.4495 0.7446 -0.4935
vn 0.9800 0.1431 0.1383
vn 0.9372 0.2234 0.2678
vn 0.9816 0.1404 0.1295
vn 0.8764 0.3072 0.3710
vn 0.9563 0.2492 0.1532
vn 0.9557 0.1409 0.2584
vn 0.9579 0.1313 0.2552
vn 0.9371 0.3460 0.0468
vn 0.9502 -0.2233 0.2174
vn 0.9730 -0.0425 0.2267
vn 0.9731 -0.0421 0.2266
vn 0.9734 -0.0408 0.2256
vn 0.9727 -0.0436 0.2278
vn 0.8483 0.1252 0.5145
vn 0.8102 0.2120 0.5464
vn 0.8354 0.1348 0.5329
vn 0.9829 0.1748 -0.0578
vn 0.9646 0.2544 -0.0691
vn 0.9859 0.1631 -0.0383
vn 0.9643 -0.2526 -0.0792
vn 0.9946 -0.1032 0.0114
vn 0.9884 -0.1512 -0.0107
vn 0.9927 -0.1200 -0.0142
vn 0.9575 -0.2679 -0.1069
vn 0.9928 -0.1116 -0.0429
vn -0.9981 -0.0130 -0.0598
vn -0.4552 -0.2268 -0.8610
vn -0.2013 -0.3239 -0.9244
vn 0.0632 -0.5203 -0.8516
vn 0.6412 0.2443 -0.7274
vn 0.4118 0.0824 0.9075
vn 0.9662 -0.2315 0.1131
vn 0.2707 0.6553 0.7052
vn 0.1103 0.6578 0.7451
vn 0.4491 0.1441 -0.8818
vn 0.4492 0.1436 -0.8818
vn 0.4651 0.1457 -0.8732
vn 0.4794 0.1472 -0.8652
vn 0.4939 0.1486 -0.8568
vn 0.4937 0.1492 -0.8568
vn -0.6855 0.7232 -0.0840
vn -0.3363 0.8621 0.3791
vn -0.5648 0.8039 0.1863
vn 0.4011 0.7096 0.5793
vn 0.7718 0.4710 0.4273
vn 0.3823 0.7165 0.5836
vn 0.3827 0.6991 0.6040
vn 0.7702 0.4481 0.4538
vn 0.7645 0.4572 0.4545
vn 0.6875 0.4543 0.5665
vn 0.8843 0.3024 0.3558
vn 0.8074 0.3867 0.4456
vn 0.7281 0.4882 0.4812
vn 0.7341 0.4789 0.4813
vn 0.8425 0.4020 0.3586
vn 0.8041 0.5470 -0.2329
vn 0.8737 0.4797 -0.0803
vn 0.9191 0.3930 0.0270
vn 0.4314 0.7588 -0.4880
vn 0.4129 0.7630 -0.4974
vn 0.7901 0.5474 -0.2761
vn 0.4118 0.7713 -0.4853
vn 0.7818 0.5608 -0.2724
vn 0.7884 0.5524 -0.2707
vn 0.7950 0.5490 -0.2581
vn 0.8739 0.4747 -0.1042
vn 0.8014 0.5404 -0.2563
vn 0.9686 -0.0914 0.2311
vn 0.9788 -0.0557 0.1972
vn 0.9788 -0.0560 0.1972
vn 0.9787 -0.0560 0.1973
vn -0.4650 -0.4660 0.7527
vn -0.8076 0.1313 0.5750
vn -0.6403 -0.2400 0.7297
vn -0.6844 0.1248 0.7184
vn 0.2588 -0.4581 -0.8504
vn -0.1032 0.1390 -0.9849
vn 0.0856 0.1334 -0.9874
vn 0.2320 -0.3086 -0.9224
vn -0.8377 0.2803 0.4688
vn -0.8486 -0.4784 0.2256
vn -0.6384 -0.2404 0.7311
vn -0.8969 0.2905 0.3335
vn -0.6894 0.2795 -0.6683
vn -0.7211 -0.6100 -0.3285
vn -0.5557 0.3726 -0.7432
vn -0.3886 -0.4729 -0.7908
vn -0.3902 -0.4732 -0.7898
vn -0.2034 0.2873 -0.9360
vn 0.2331 -0.3075 -0.9225
vn -0.1153 0.3504 -0.9295
vn -0.7225 -0.6086 -0.3281
vn -0.9444 0.3114 -0.1056
vn -0.9310 0.3640 0.0265
vn -0.7210 -0.6100 -0.3287
vn -0.8483 -0.4782 0.2275
vn -0.9444 0.3099 -0.1096
vn 0.8216 0.2099 0.5301
vn 0.8294 0.2132 0.5164
vn 0.8104 0.2395 0.5346
vn 0.8543 0.2347 0.4637
vn 0.8455 0.2617 0.4655
vn 0.8353 0.2560 0.4866
vn 0.8538 -0.0252 0.5199
vn 0.8610 0.0875 0.5010
vn 0.8490 -0.0231 0.5278
vn 0.8488 0.1034 0.5184
vn 0.8400 0.1006 0.5332
vn 0.8370 -0.0110 0.5470
vt 0.582802 0.855843
vt 0.604228 0.896898
vt 0.590692 0.898027
vt 0.604228 0.855856
vt 0.879549 0.460728
vt 0.855290 0.417182
vt 0.864401 0.461948
vt 0.879549 0.417401
vt 0.299216 0.328395
vt 0.216908 0.363404
vt 0.303038 0.364015
vt 0.210423 0.328395
vt 0.554755 0.291174
vt 0.578359 0.239583
vt 0.578359 0.303962
vt 0.555519 0.225624
vt 0.388960 0.297368
vt 0.352245 0.387493
vt 0.388960 0.389884
vt 0.357219 0.300888
vt 0.349233 0.348309
vt 0.349233 0.250927
vt 0.316214 0.345689
vt 0.008764 0.290877
vt 0.002631 0.328907
vt 0.101629 0.328907
vt 0.558457 0.720639
vt 0.543491 0.655441
vt 0.543491 0.714151
vt 0.566348 0.664724
vt 0.300363 0.223583
vt 0.334787 0.126272
vt 0.341841 0.223583
vt 0.303707 0.132951
vt 0.433657 0.173247
vt 0.394667 0.261463
vt 0.434231 0.261463
vt 0.397080 0.185359
vt 0.633155 0.266082
vt 0.612435 0.192989
vt 0.635640 0.201052
vt 0.612435 0.258131
vt 0.117335 0.731726
vt 0.079466 0.668423
vt 0.085832 0.725350
vt 0.117335 0.672318
vt 0.314907 0.285737
vt 0.218299 0.323364
vt 0.317820 0.323364
vt 0.140432 0.295647
vt 0.051819 0.260968
vt 0.036755 0.295647
vt 0.678140 0.204181
vt 0.656266 0.184315
vt 0.678140 0.136558
vt 0.234842 0.672596
vt 0.234842 0.604973
vt 0.260539 0.630365
vt 0.122648 0.002845
vt 0.090485 0.131193
vt 0.127498 0.104289
vt 0.090485 0.027665
vt 0.638412 0.639336
vt 0.601990 0.569085
vt 0.635664 0.565728
vt 0.601754 0.639336
vt 0.579401 0.787159
vt 0.540690 0.728700
vt 0.580207 0.728700
vt 0.545653 0.779429
vt 0.684448 0.145907
vt 0.694753 0.141902
vt 0.690919 0.106348
vt 0.698465 0.167343
vt 0.684448 0.172769
vt 0.638030 0.118678
vt 0.627925 0.151519
vt 0.644879 0.151519
vt 0.629151 0.117940
vt 0.632367 0.079321
vt 0.698465 0.221814
vt 0.684059 0.243020
vt 0.698465 0.248528
vt 0.688237 0.217685
vt 0.692618 0.182194
vt 0.518936 0.581145
vt 0.500427 0.604384
vt 0.519229 0.609771
vt 0.509860 0.575499
vt 0.519229 0.534299
vt 0.701237 0.614726
vt 0.692552 0.612755
vt 0.701237 0.574951
vt 0.693186 0.641184
vt 0.665002 0.047909
vt 0.675206 0.044468
vt 0.675368 0.002235
vt 0.675368 0.070216
vt 0.498841 0.155215
vt 0.537707 0.072790
vt 0.507918 0.084763
vt 0.537707 0.152660
vt 0.696617 0.761290
vt 0.656793 0.700116
vt 0.696617 0.712106
vt 0.664799 0.759552
vt 0.759442 0.352928
vt 0.725258 0.291712
vt 0.725969 0.342396
vt 0.759442 0.299540
vt 0.757595 0.763138
vt 0.721338 0.702095
vt 0.721338 0.762022
vt 0.756875 0.708915
vt 0.766050 0.415067
vt 0.733129 0.355611
vt 0.733129 0.415753
vt 0.768681 0.363071
vt 0.652270 0.225287
vt 0.652270 0.260539
vt 0.638368 0.249195
vt 0.629499 0.914413
vt 0.629499 0.946069
vt 0.644879 0.933610
vt 0.829659 0.720955
vt 0.829659 0.770529
vt 0.809269 0.748311
vt 0.720639 0.927591
vt 0.710112 0.894099
vt 0.720639 0.893472
vt 0.175368 0.911748
vt 0.184779 0.879901
vt 0.184779 0.916505
vt 0.143701 0.125294
vt 0.034198 0.161682
vt 0.159834 0.161682
vt 0.194942 0.197714
vt 0.177483 0.161940
vt 0.069306 0.197714
vt 0.123517 0.230974
vt 0.104578 0.202898
vt 0.192170 0.202899
vt 0.395930 0.267184
vt 0.417601 0.327416
vt 0.395930 0.354776
vt 0.259511 0.110326
vt 0.268886 0.106718
vt 0.258736 0.077370
vt 0.275321 0.133273
vt 0.258736 0.153367
vt 0.632131 0.659333
vt 0.650284 0.722487
vt 0.632131 0.715226
vt 0.652270 0.675208
vt 0.376949 0.746508
vt 0.343295 0.685002
vt 0.376949 0.694996
vt 0.343980 0.734493
vt 0.537707 0.679063
vt 0.498703 0.610599
vt 0.500571 0.664648
vt 0.537707 0.618293
vt 0.698530 0.866916
vt 0.720639 0.886940
vt 0.720639 0.843321
vt 0.474882 0.684609
vt 0.464679 0.687203
vt 0.474882 0.716943
vt 0.785312 0.949765
vt 0.785312 0.919068
vt 0.775569 0.945774
vt 0.519916 0.198410
vt 0.528576 0.190981
vt 0.522976 0.159425
vt 0.539555 0.226053
vt 0.519916 0.241137
vt 0.571452 0.615374
vt 0.580049 0.608462
vt 0.569903 0.583097
vt 0.588522 0.630266
vt 0.569903 0.654118
vt 0.840763 0.131254
vt 0.848839 0.125880
vt 0.836835 0.105637
vt 0.853680 0.142203
vt 0.836834 0.153367
vt 0.595972 0.555757
vt 0.580103 0.578603
vt 0.596837 0.598685
vt 0.586605 0.552042
vt 0.596837 0.522810
vt 0.213660 0.509964
vt 0.194603 0.537843
vt 0.214344 0.552490
vt 0.204897 0.502753
vt 0.214344 0.471413
vt 0.842465 0.396929
vt 0.829333 0.404623
vt 0.846289 0.415753
vt 0.837091 0.388784
vt 0.846289 0.368208
vt 0.301190 0.491826
vt 0.266676 0.490132
vt 0.293515 0.524773
vt 0.271382 0.453903
vt 0.301190 0.441796
vt 0.576787 0.202427
vt 0.540942 0.209775
vt 0.578359 0.233746
vt 0.548243 0.169973
vt 0.578359 0.154590
vt 0.513680 0.870310
vt 0.548794 0.824220
vt 0.548794 0.867692
vt 0.514247 0.832240
vt 0.741778 0.588621
vt 0.768681 0.648575
vt 0.743217 0.638403
vt 0.768681 0.593606
vt 0.067758 0.741256
vt 0.033662 0.684506
vt 0.070216 0.679846
vt 0.033662 0.742812
vt 0.847266 0.010972
vt 0.864767 0.025166
vt 0.847266 0.049890
vt 0.855499 0.003688
vt 0.042696 0.674444
vt 0.082227 0.604442
vt 0.082227 0.662605
vt 0.050744 0.609714
vt 0.486920 0.682759
vt 0.470163 0.613978
vt 0.470163 0.676796
vt 0.493360 0.624867
vt 0.286408 0.369835
vt 0.194766 0.369835
vt 0.214032 0.404666
vt 0.133041 0.900669
vt 0.101492 0.900669
vt 0.105784 0.934983
vt 0.886940 0.515444
vt 0.861305 0.533817
vt 0.886940 0.559881
vt 0.254819 0.393580
vt 0.346461 0.393580
vt 0.328263 0.358213
vt 0.002529 0.506295
vt 0.002529 0.421972
vt 0.035108 0.486612
vt 0.493360 0.331679
vt 0.461869 0.273620
vt 0.493360 0.247356
vt 0.173285 0.947917
vt 0.173285 0.916919
vt 0.182931 0.942646
vt 0.466567 0.430684
vt 0.438134 0.398533
vt 0.462615 0.381086
vt 0.432892 0.435916
vt 0.466567 0.467238
vt 0.432224 0.467491
vt 0.423144 0.138900
vt 0.390528 0.106992
vt 0.421421 0.088829
vt 0.386835 0.148401
vt 0.422687 0.169389
vt 0.386835 0.180160
vt 0.446209 0.304329
vt 0.464954 0.298887
vt 0.451424 0.256520
vt 0.467491 0.330285
vt 0.446209 0.342765
vt 0.060977 0.483469
vt 0.040272 0.508574
vt 0.060977 0.519230
vt 0.041844 0.480146
vt 0.050681 0.436320
vt 0.390397 0.399017
vt 0.426840 0.423426
vt 0.390226 0.426840
vt 0.426840 0.394152
vt 0.426584 0.337738
vt 0.122878 0.662009
vt 0.088543 0.594093
vt 0.087398 0.663357
vt 0.122878 0.592031
vt 0.441622 0.796398
vt 0.404804 0.739860
vt 0.414795 0.790836
vt 0.441622 0.745150
vt 0.172769 0.632730
vt 0.139457 0.653194
vt 0.139457 0.582028
vt 0.191480 0.138589
vt 0.226355 0.198459
vt 0.203659 0.211572
vt 0.224058 0.130292
vt 0.226355 0.092192
vt 0.774225 0.416840
vt 0.774225 0.474882
vt 0.753878 0.443685
vt 0.464720 0.592710
vt 0.443697 0.607994
vt 0.464720 0.619010
vt 0.448539 0.591442
vt 0.447943 0.544154
vt 0.476735 0.190662
vt 0.439483 0.251300
vt 0.478578 0.251300
vt 0.440212 0.194889
vt 0.440724 0.165620
vt 0.598684 0.052093
vt 0.581005 0.073565
vt 0.598684 0.079455
vt 0.584860 0.048819
vt 0.591277 0.002801
vt 0.571047 0.342797
vt 0.549454 0.343811
vt 0.550380 0.294687
vt 0.549454 0.369186
vt 0.572815 0.374178
vt 0.264234 0.593486
vt 0.246379 0.605540
vt 0.264234 0.619010
vt 0.248622 0.585434
vt 0.254362 0.543917
vt 0.181084 0.441796
vt 0.144408 0.503492
vt 0.142843 0.445580
vt 0.181084 0.524773
vt 0.813028 0.770541
vt 0.782776 0.812571
vt 0.813028 0.814876
vt 0.782725 0.760977
vt 0.545099 0.520640
vt 0.515280 0.457953
vt 0.510933 0.532164
vt 0.545099 0.450259
vt 0.665759 0.918461
vt 0.654390 0.946673
vt 0.676292 0.947917
vt 0.654390 0.915505
vt 0.617104 0.419449
vt 0.657814 0.347476
vt 0.625673 0.353063
vt 0.657814 0.418492
vt 0.240732 0.397153
vt 0.317820 0.436079
vt 0.317145 0.405097
vt 0.230188 0.436079
vt 0.045798 0.604228
vt 0.083151 0.527169
vt 0.083151 0.598565
vt 0.050863 0.536857
vt 0.543808 0.083151
vt 0.578359 0.002237
vt 0.576537 0.070182
vt 0.543808 0.011252
vt 0.914714 0.787523
vt 0.890529 0.824115
vt 0.918353 0.824115
vt 0.914780 0.872158
vt 0.883536 0.833625
vt 0.916505 0.833625
vt 0.859223 0.820420
vt 0.820197 0.780873
vt 0.859223 0.773840
vt 0.379589 0.815051
vt 0.417601 0.855574
vt 0.379589 0.861071
vt 0.825963 0.534294
vt 0.825963 0.583902
vt 0.801979 0.564292
vt 0.513686 0.911037
vt 0.491692 0.939858
vt 0.513686 0.942374
vt 0.934303 0.912809
vt 0.946069 0.881484
vt 0.933468 0.881484
vt 0.933135 0.442668
vt 0.922248 0.413693
vt 0.922248 0.449013
vt 0.949765 0.321516
vt 0.949765 0.290918
vt 0.939559 0.315699
vt 0.437356 0.941585
vt 0.416583 0.970091
vt 0.441622 0.970091
vt 0.421032 0.941604
vt 0.913116 0.388036
vt 0.929439 0.388036
vt 0.920764 0.352969
vt 0.478712 0.966395
vt 0.502599 0.959072
vt 0.478712 0.937794
vt 0.971938 0.472807
vt 0.956773 0.471107
vt 0.956773 0.497056
vt 0.964547 0.631945
vt 0.964547 0.604750
vt 0.949748 0.628222
vt 0.687062 0.662697
vt 0.672862 0.685817
vt 0.687379 0.687379
vt 0.661608 0.662994
vt 0.687379 0.647837
vt 0.665914 0.649198
vt 0.685174 0.619967
vt 0.579402 0.361416
vt 0.609766 0.352318
vt 0.609771 0.386189
vt 0.609771 0.313401
vt 0.576671 0.309506
vt 0.400971 0.596722
vt 0.383958 0.617638
vt 0.396827 0.622706
vt 0.385133 0.595972
vt 0.383958 0.550233
vt 0.412206 0.489629
vt 0.432383 0.497413
vt 0.421836 0.440982
vt 0.432383 0.522925
vt 0.409928 0.512900
vt 0.726182 0.067444
vt 0.701517 0.002666
vt 0.701517 0.060105
vt 0.725841 0.008384
vt 0.242659 0.787353
vt 0.277169 0.835202
vt 0.277169 0.785566
vt 0.241160 0.826585
vt 0.713248 0.923096
vt 0.682564 0.953461
vt 0.712845 0.952388
vt 0.682564 0.921617
vt 0.502599 0.395885
vt 0.471010 0.336805
vt 0.493692 0.341605
vt 0.471010 0.421297
vt 0.697008 0.559063
vt 0.720639 0.513329
vt 0.720639 0.569120
vt 0.699368 0.503979
vt 0.883245 0.492035
vt 0.865694 0.488414
vt 0.875288 0.511838
vt 0.883245 0.468541
vt 0.169997 0.712143
vt 0.156274 0.714919
vt 0.156274 0.675743
vt 0.160750 0.737269
vt 0.187551 0.681835
vt 0.187551 0.613255
vt 0.162737 0.674281
vt 0.722065 0.142513
vt 0.753899 0.203257
vt 0.753899 0.141735
vt 0.201409 0.665888
vt 0.176952 0.725565
vt 0.201409 0.728030
vt 0.569120 0.840745
vt 0.569120 0.791554
vt 0.547281 0.809669
vt 0.820168 0.862644
vt 0.792876 0.903570
vt 0.824115 0.903570
vt 0.719715 0.311353
vt 0.719715 0.246859
vt 0.690892 0.258905
vt 0.332197 0.629847
vt 0.332197 0.696617
vt 0.354776 0.640937
vt 0.283933 0.965552
vt 0.297494 0.942468
vt 0.297494 0.968243
vt 0.117128 0.808738
vt 0.117128 0.835202
vt 0.125650 0.828598
vt 0.973786 0.871557
vt 0.952982 0.855200
vt 0.952982 0.881397
vt 0.624554 0.973786
vt 0.624554 0.948339
vt 0.615096 0.968422
vt 0.959988 0.411373
vt 0.975634 0.432383
vt 0.975634 0.407070
vt 0.805637 0.988569
vt 0.796735 0.967346
vt 0.791018 0.988569
vt 0.853680 0.212184
vt 0.829425 0.252840
vt 0.853680 0.258691
vt 0.764382 0.729750
vt 0.764382 0.787159
vt 0.785311 0.742627
vt 0.691074 0.594989
vt 0.691074 0.528218
vt 0.667156 0.588790
vt 0.505263 0.706724
vt 0.535610 0.712193
vt 0.535860 0.688612
vt 0.535860 0.747114
vt 0.507362 0.750203
vt 0.002920 0.198031
vt 0.016630 0.225431
vt 0.002920 0.223755
vt 0.012903 0.199296
vt 0.003155 0.180946
vt 0.840077 0.444322
vt 0.851832 0.445076
vt 0.848956 0.423960
vt 0.851832 0.471187
vt 0.838366 0.468244
vt 0.737536 0.102194
vt 0.746508 0.134590
vt 0.732070 0.136737
vt 0.744726 0.102545
vt 0.732070 0.075538
vt 0.809333 0.607520
vt 0.802249 0.606416
vt 0.807235 0.588508
vt 0.795662 0.634268
vt 0.809333 0.639336
vt 0.726522 0.947047
vt 0.744294 0.922650
vt 0.726522 0.922514
vt 0.742628 0.943328
vt 0.746508 0.953461
vt 0.696097 0.819082
vt 0.711539 0.817568
vt 0.706818 0.790276
vt 0.713248 0.838898
vt 0.692423 0.838898
vt 0.112715 0.849984
vt 0.087136 0.801981
vt 0.089051 0.843094
vt 0.112715 0.805684
vt 0.232696 0.781572
vt 0.214617 0.820142
vt 0.214617 0.774896
vt 0.236517 0.825963
vt 0.026793 0.716019
vt 0.007318 0.650298
vt 0.002964 0.698653
vt 0.026793 0.658237
vt 0.665205 0.516752
vt 0.644400 0.557347
vt 0.650786 0.508288
vt 0.665205 0.577435
vt 0.776514 0.058845
vt 0.798246 0.009203
vt 0.774052 0.003249
vt 0.798246 0.059129
vt 0.797442 0.094895
vt 0.784563 0.118259
vt 0.784563 0.064096
vt 0.805637 0.110355
vt 0.686297 0.818572
vt 0.686297 0.766739
vt 0.705857 0.780261
vt 0.809333 0.491418
vt 0.809333 0.543251
vt 0.789725 0.532095
vt 0.375102 0.753721
vt 0.350437 0.801942
vt 0.350522 0.747661
vt 0.375102 0.395064
vt 0.345608 0.405135
vt 0.375102 0.424992
vt 0.750203 0.216984
vt 0.731575 0.230974
vt 0.731575 0.170975
vt 0.345537 0.814876
vt 0.345537 0.763797
vt 0.321625 0.809394
vt 0.659662 0.002862
vt 0.618952 0.074836
vt 0.627521 0.008449
vt 0.659662 0.073879
vt 0.489719 0.145749
vt 0.476627 0.137369
vt 0.483818 0.133466
vt 0.481300 0.150815
vt 0.487971 0.153556
vt 0.485772 0.159132
vt 0.491630 0.160315
vt 0.489110 0.168272
vt 0.497056 0.164901
vt 0.496553 0.177182
vt 0.482958 0.181084
vt 0.482216 0.173806
vt 0.473740 0.177846
vt 0.480625 0.169494
vt 0.469926 0.170486
vt 0.470528 0.167173
vt 0.462261 0.166607
vt 0.464468 0.163935
vt 0.460315 0.162798
vt 0.464984 0.157460
vt 0.461480 0.157622
vt 0.464763 0.156174
vt 0.460389 0.156909
vt 0.464263 0.152574
vt 0.454820 0.154453
vt 0.457463 0.145133
vt 0.441336 0.154260
vt 0.444492 0.148027
vt 0.429417 0.146681
vt 0.441094 0.134787
vt 0.432742 0.118425
vt 0.449860 0.123156
vt 0.448359 0.096563
vt 0.458858 0.106153
vt 0.470472 0.096563
vt 0.467823 0.109298
vt 0.485981 0.097665
vt 0.476315 0.107820
vt 0.486267 0.099722
vt 0.487047 0.102475
vt 0.493669 0.100691
vt 0.487831 0.105058
vt 0.496517 0.105891
vt 0.487360 0.109826
vt 0.496500 0.109647
vt 0.496048 0.110573
vt 0.488513 0.111394
vt 0.478443 0.111208
vt 0.479945 0.112529
vt 0.475022 0.114616
vt 0.759889 0.928264
vt 0.761827 0.928078
vt 0.764986 0.921188
vt 0.756503 0.936627
vt 0.752503 0.936718
vt 0.757674 0.941313
vt 0.749417 0.944766
vt 0.764986 0.951613
vt 0.013587 0.014956
vt 0.024229 0.020805
vt 0.002586 0.038806
vt 0.030002 0.013148
vt 0.033339 0.004550
vt 0.040662 0.024063
vt 0.064659 0.002198
vt 0.065431 0.015630
vt 0.084075 0.017157
vt 0.059452 0.027908
vt 0.071718 0.040753
vt 0.058225 0.046238
vt 0.067971 0.052225
vt 0.054349 0.059346
vt 0.066966 0.063517
vt 0.048441 0.063076
vt 0.059916 0.070161
vt 0.054388 0.073930
vt 0.063436 0.075126
vt 0.058286 0.076708
vt 0.064006 0.076297
vt 0.060351 0.080143
vt 0.067097 0.077957
vt 0.063332 0.083250
vt 0.072049 0.081304
vt 0.068159 0.086315
vt 0.076188 0.083225
vt 0.069338 0.087165
vt 0.072586 0.088419
vt 0.073290 0.092405
vt 0.076770 0.090268
vt 0.074347 0.096312
vt 0.079902 0.093773
vt 0.073500 0.100829
vt 0.082257 0.099617
vt 0.070404 0.107456
vt 0.084075 0.111083
vt 0.078982 0.118465
vt 0.067893 0.131946
vt 0.051672 0.124374
vt 0.060965 0.144128
vt 0.043911 0.134207
vt 0.889563 0.767636
vt 0.896965 0.761551
vt 0.890353 0.756327
vt 0.899875 0.773513
vt 0.891770 0.777472
vt 0.897250 0.781108
vt 0.890416 0.780845
vt 0.895855 0.784056
vt 0.889969 0.782071
vt 0.894984 0.785323
vt 0.886305 0.787435
vt 0.891189 0.790408
vt 0.889956 0.793254
vt 0.892384 0.791235
vt 0.896435 0.796398
vt 0.895655 0.792427
vt 0.899875 0.794195
vt 0.502445 0.343045
vt 0.506235 0.345537
vt 0.501805 0.344444
vt 0.508616 0.343903
vt 0.503310 0.339900
vt 0.513908 0.341392
vt 0.504583 0.331966
vt 0.514074 0.327159
vt 0.499652 0.320686
vt 0.511571 0.314355
vt 0.501566 0.309245
vt 0.515318 0.297766
vt 0.507952 0.291765
vt 0.522132 0.286685
vt 0.501331 0.279181
vt 0.522071 0.280521
vt 0.499652 0.266150
vt 0.536139 0.279705
vt 0.527636 0.263268
vt 0.538246 0.270814
vt 0.543624 0.278145
vt 0.536207 0.284681
vt 0.545098 0.284680
vt 0.544084 0.291249
vt 0.536347 0.292985
vt 0.262134 0.210473
vt 0.267742 0.194105
vt 0.257854 0.197657
vt 0.276258 0.211005
vt 0.273631 0.218150
vt 0.291839 0.217853
vt 0.278417 0.230852
vt 0.298418 0.234065
vt 0.283714 0.244361
vt 0.296126 0.244759
vt 0.280841 0.256119
vt 0.288030 0.261123
vt 0.277122 0.269878
vt 0.285555 0.276588
vt 0.268058 0.276596
vt 0.278947 0.286178
vt 0.259267 0.287164
vt 0.257854 0.299342
vt 0.664480 0.808724
vt 0.677080 0.812277
vt 0.661711 0.818572
vt 0.678140 0.803411
vt 0.661877 0.794885
vt 0.672689 0.786616
vt 0.667606 0.782309
vt 0.673391 0.776497
vt 0.665332 0.774556
vt 0.671592 0.765823
vt 0.663223 0.771931
vt 0.667561 0.766182
vt 0.661711 0.769158
vt 0.661663 0.592302
vt 0.647234 0.602980
vt 0.641584 0.589615
vt 0.659652 0.603052
vt 0.666445 0.603251
vt 0.670748 0.613106
vt 0.662924 0.620994
vt 0.651988 0.619623
vt 0.663180 0.633734
vt 0.649920 0.635148
vt 0.660290 0.643751
vt 0.643566 0.644907
vt 0.655580 0.649812
vt 0.641584 0.656576
vt 0.651561 0.658738
vt 0.859945 0.660708
vt 0.871637 0.687422
vt 0.871723 0.660708
vt 0.859945 0.689043
vt 0.848508 0.660708
vt 0.848508 0.688275
vt 0.859945 0.690750
vt 0.871637 0.688872
vt 0.883245 0.660708
vt 0.883245 0.687251
vt 0.883245 0.696298
vt 0.871637 0.696724
vt 0.883245 0.705857
vt 0.871637 0.705857
vt 0.611842 0.140461
vt 0.622706 0.133071
vt 0.611712 0.115951
vt 0.620025 0.159565
vt 0.614554 0.162407
vt 0.622706 0.174055
vt 0.615363 0.177934
vt 0.620410 0.184050
vt 0.616959 0.184726
vt 0.613356 0.178470
vt 0.604099 0.169587
vt 0.610720 0.179581
vt 0.608253 0.180676
vt 0.613303 0.185935
vt 0.608492 0.189399
vt 0.768538 0.255735
vt 0.764075 0.254786
vt 0.761400 0.260539
vt 0.764669 0.253367
vt 0.770865 0.254025
vt 0.765432 0.250196
vt 0.776073 0.251345
vt 0.766448 0.242225
vt 0.775779 0.237113
vt 0.761155 0.231110
vt 0.772864 0.224397
vt 0.762698 0.219613
vt 0.776073 0.207695
vt 0.768516 0.201936
vt 0.479901 0.849366
vt 0.497056 0.832894
vt 0.480072 0.832894
vt 0.497056 0.846464
vt 0.497056 0.861912
vt 0.478792 0.849963
vt 0.480499 0.863960
vt 0.462320 0.851500
vt 0.462320 0.877701
vt 0.480499 0.862936
vt 0.480072 0.877701
vt 0.497056 0.877701
vt 0.855199 0.285452
vt 0.872158 0.269471
vt 0.857695 0.264763
vt 0.870837 0.291470
vt 0.872158 0.310429
vt 0.617702 0.696504
vt 0.620129 0.700629
vt 0.625477 0.701282
vt 0.612039 0.708041
vt 0.610147 0.697929
vt 0.600959 0.708628
vt 0.599160 0.690160
vt 0.594960 0.684753
vt 0.616041 0.670059
vt 0.595269 0.665603
vt 0.625477 0.645370
vt 0.584697 0.643326
vt 0.970191 0.803551
vt 0.973893 0.797439
vt 0.972746 0.797504
vt 0.975386 0.797215
vt 0.975087 0.808903
vt 0.980218 0.800875
vt 0.983025 0.804331
vt 0.981586 0.812260
vt 0.973779 0.818032
vt 0.983025 0.820419
vt 0.144354 0.915379
vt 0.136673 0.927071
vt 0.145976 0.927071
vt 0.136161 0.915379
vt 0.137100 0.903942
vt 0.135478 0.915379
vt 0.127541 0.915379
vt 0.134795 0.927071
vt 0.127541 0.927071
vt 0.127541 0.938678
vt 0.171845 0.810770
vt 0.160874 0.810970
vt 0.167143 0.806154
vt 0.159963 0.815669
vt 0.166569 0.819602
vt 0.152555 0.825584
vt 0.169662 0.832698
vt 0.143703 0.836590
vt 0.169230 0.839531
vt 0.156323 0.853680
vt 0.171845 0.850492
vt 0.893546 0.464279
vt 0.899875 0.463630
vt 0.887261 0.458015
vt 0.899830 0.470543
vt 0.894237 0.472914
vt 0.896132 0.485668
vt 0.889591 0.483924
vt 0.896311 0.489769
vt 0.889716 0.490926
vt 0.895179 0.495467
vt 0.887261 0.498904
vt 0.124055 0.500128
vt 0.137661 0.524773
vt 0.130348 0.484602
vt 0.116307 0.509479
vt 0.117621 0.493017
vt 0.109805 0.488121
vt 0.113390 0.456919
vt 0.126727 0.458689
vt 0.131736 0.440666
vt 0.137661 0.466871
vt 0.500079 0.748086
vt 0.482561 0.744427
vt 0.496855 0.738341
vt 0.486307 0.753868
vt 0.502737 0.758705
vt 0.489924 0.762993
vt 0.506295 0.768591
vt 0.489400 0.777117
vt 0.494831 0.787531
vt 0.482561 0.792703
vt 0.764314 0.701564
vt 0.777268 0.702325
vt 0.766207 0.713248
vt 0.779768 0.695067
vt 0.767176 0.690275
vt 0.779268 0.684654
vt 0.764118 0.674915
vt 0.774911 0.672679
vt 0.766019 0.656756
vt 0.779768 0.662687
vt 0.087644 0.955853
vt 0.095045 0.970559
vt 0.101629 0.954163
vt 0.083634 0.968597
vt 0.074394 0.947777
vt 0.074394 0.975634
vt 0.830446 0.522213
vt 0.836445 0.519488
vt 0.834208 0.511905
vt 0.841458 0.526464
vt 0.834449 0.530482
vt 0.841449 0.534754
vt 0.831445 0.536429
vt 0.848136 0.541877
vt 0.830446 0.559881
vt 0.986592 0.256924
vt 0.982614 0.256178
vt 0.976883 0.260539
vt 0.982202 0.252115
vt 0.986721 0.250818
vt 0.979907 0.248416
vt 0.985191 0.245439
vt 0.976883 0.240952
vt 0.983962 0.239573
vt 0.615137 0.866066
vt 0.639336 0.874006
vt 0.611052 0.874006
vt 0.634798 0.862330
vt 0.615887 0.848424
vt 0.629716 0.837606
vt 0.620074 0.839186
vt 0.625575 0.831576
vt 0.622111 0.828555
vt 0.894471 0.437056
vt 0.899875 0.446322
vt 0.898619 0.436082
vt 0.899513 0.450010
vt 0.897180 0.451316
vt 0.898067 0.453836
vt 0.894471 0.455344
vt 0.896057 0.456405
vt 0.546114 0.971652
vt 0.551031 0.984691
vt 0.548373 0.981714
vt 0.552993 0.984512
vt 0.558033 0.964265
vt 0.558033 0.985602
vt 0.555648 0.986721
vt 0.049890 0.036899
vt 0.041346 0.037780
vt 0.048606 0.033787
vt 0.040726 0.044339
vt 0.049890 0.044979
vt 0.040854 0.055434
vt 0.940526 0.610286
vt 0.933217 0.605256
vt 0.939325 0.603478
vt 0.935451 0.613625
vt 0.939612 0.625830
vt 0.932864 0.625292
vt 0.940526 0.629832
vt 0.934247 0.632157
vt 0.940439 0.635640
vt 0.979330 0.888206
vt 0.969187 0.882042
vt 0.976757 0.876167
vt 0.971117 0.891936
vt 0.976493 0.895724
vt 0.969669 0.895269
vt 0.975016 0.898632
vt 0.969187 0.896483
vt 0.974109 0.899875
vt 0.689779 0.282150
vt 0.681020 0.282143
vt 0.687089 0.264091
vt 0.685818 0.295564
vt 0.696572 0.296261
vt 0.682208 0.306253
vt 0.696617 0.307907
vt 0.681020 0.319947
vt 0.686809 0.330755
vt 0.039149 0.377967
vt 0.034981 0.379222
vt 0.033023 0.375088
vt 0.035060 0.383923
vt 0.040651 0.383843
vt 0.033023 0.389884
vt 0.936043 0.456181
vt 0.932319 0.449956
vt 0.938678 0.444789
vt 0.927948 0.455247
vt 0.928728 0.458592
vt 0.922473 0.460677
vt 0.932933 0.464862
vt 0.926262 0.472727
vt 0.938678 0.476730
vt 0.938678 0.589056
vt 0.930186 0.593997
vt 0.936815 0.596837
vt 0.925712 0.580484
vt 0.932960 0.576687
vt 0.929402 0.567825
vt 0.938678 0.570690
vt 0.937528 0.563467
vt 0.591817 0.963190
vt 0.604455 0.970021
vt 0.605569 0.965932
vt 0.591817 0.975994
vt 0.607467 0.984220
vt 0.609771 0.982865
vt 0.608407 0.986721
vt 0.772016 0.870847
vt 0.765243 0.882622
vt 0.779768 0.890636
vt 0.756032 0.863220
vt 0.757771 0.860483
vt 0.770759 0.870756
vt 0.766009 0.847516
vt 0.779768 0.856257
vt 0.105892 0.276733
vt 0.108827 0.275728
vt 0.109020 0.277169
vt 0.107736 0.270115
vt 0.104648 0.268541
vt 0.107944 0.265814
vt 0.109020 0.261954
vt 0.979863 0.201376
vt 0.985679 0.199998
vt 0.979526 0.195392
vt 0.986721 0.208280
vt 0.980569 0.206924
vt 0.982776 0.216192
vt 0.979526 0.212942
vt 0.825101 0.010132
vt 0.838898 0.010919
vt 0.833816 0.003265
vt 0.836724 0.017216
vt 0.823042 0.028379
vt 0.838898 0.040589
vt 0.833188 0.051738
vt 0.489562 0.239310
vt 0.483809 0.231591
vt 0.493360 0.229973
vt 0.483984 0.237674
vt 0.486527 0.241308
vt 0.483809 0.238965
vt 0.485460 0.242061
vt 0.655966 0.751878
vt 0.638543 0.729386
vt 0.655966 0.735210
vt 0.630069 0.746591
vt 0.654956 0.773098
vt 0.634699 0.787159
vt 0.652496 0.785992
vt 0.712507 0.761429
vt 0.702507 0.759276
vt 0.709742 0.774225
vt 0.709956 0.745435
vt 0.713248 0.737013
vt 0.702507 0.733604
vt 0.707775 0.718660
vt 0.984873 0.756520
vt 0.974189 0.760095
vt 0.984873 0.766834
vt 0.977610 0.754459
vt 0.981630 0.747888
vt 0.974852 0.752412
vt 0.974763 0.745549
vt 0.187941 0.011593
vt 0.194018 0.015766
vt 0.190755 0.024021
vt 0.194018 0.002293
vt 0.123802 0.976126
vt 0.110340 0.963355
vt 0.123731 0.962023
vt 0.103624 0.962023
vt 0.112648 0.984722
vt 0.103951 0.971059
vt 0.102616 0.986721
vt 0.180885 0.957487
vt 0.180113 0.950967
vt 0.181077 0.950344
vt 0.179122 0.958242
vt 0.181084 0.964347
vt 0.179122 0.966885
vt 0.180993 0.971938
vt 0.346681 0.920584
vt 0.362167 0.919348
vt 0.360262 0.906811
vt 0.362132 0.929612
vt 0.347237 0.930725
vt 0.361284 0.940526
vt 0.347772 0.940526
vt 0.934338 0.674242
vt 0.946626 0.674444
vt 0.946763 0.655753
vt 0.933283 0.655360
vt 0.947917 0.642712
vt 0.932382 0.642712
vt 0.919833 0.161521
vt 0.926911 0.162658
vt 0.923497 0.173692
vt 0.929439 0.151221
vt 0.919833 0.149679
vt 0.929004 0.139396
vt 0.920072 0.137961
vt 0.970091 0.376100
vt 0.956231 0.401206
vt 0.970091 0.402819
vt 0.955463 0.378941
vt 0.916434 0.994022
vt 0.920552 0.991449
vt 0.920333 0.994112
vt 0.909917 0.977325
vt 0.923896 0.977325
vt 0.874801 0.801961
vt 0.883244 0.798661
vt 0.873569 0.782764
vt 0.883236 0.810592
vt 0.873419 0.816460
vt 0.883244 0.825963
vt 0.903092 0.608351
vt 0.922048 0.619178
vt 0.902390 0.620858
vt 0.920718 0.605228
vt 0.908701 0.583741
vt 0.922048 0.587822
vt 0.452355 0.708589
vt 0.443432 0.708919
vt 0.457295 0.733573
vt 0.444985 0.695920
vt 0.458252 0.691200
vt 0.443432 0.671543
vt 0.984290 0.316354
vt 0.977012 0.315182
vt 0.984873 0.325211
vt 0.978525 0.304176
vt 0.984873 0.307861
vt 0.633793 0.964347
vt 0.631831 0.966885
vt 0.633702 0.971938
vt 0.631831 0.958242
vt 0.633594 0.957487
vt 0.632822 0.950967
vt 0.760045 0.173664
vt 0.781616 0.140618
vt 0.760411 0.139251
vt 0.778614 0.179022
vt 0.764637 0.197714
vt 0.781616 0.190219
vt 0.501724 0.021435
vt 0.510605 0.022537
vt 0.511838 0.035108
vt 0.508399 0.015981
vt 0.511838 0.002390
vt 0.973463 0.367741
vt 0.977391 0.366983
vt 0.979330 0.371406
vt 0.979330 0.358171
vt 0.975055 0.356007
vt 0.978974 0.348211
vt 0.312740 0.010076
vt 0.305234 0.011534
vt 0.307462 0.002673
vt 0.305234 0.016510
vt 0.314125 0.016630
vt 0.816981 0.707315
vt 0.824115 0.705310
vt 0.813689 0.694092
vt 0.817256 0.715095
vt 0.813689 0.714607
vt 0.244614 0.755245
vt 0.282712 0.779124
vt 0.256000 0.779768
vt 0.282712 0.745357
vt 0.247604 0.721580
vt 0.948025 0.722564
vt 0.968243 0.711065
vt 0.946306 0.711065
vt 0.966992 0.724802
vt 0.964080 0.739117
vt 0.440471 0.915042
vt 0.423206 0.926647
vt 0.441622 0.931287
vt 0.420844 0.909125
vt 0.441622 0.895654
vt 0.136737 0.852797
vt 0.099035 0.896179
vt 0.130827 0.896179
vt 0.095311 0.878864
vt 0.101811 0.861755
vt 0.956944 0.937326
vt 0.934062 0.945185
vt 0.942883 0.951613
vt 0.934062 0.922051
vt 0.959004 0.921408
vt 0.083151 0.833432
vt 0.063508 0.843819
vt 0.083151 0.859223
vt 0.065406 0.827385
vt 0.075070 0.812576
vt 0.930610 0.769255
vt 0.953461 0.753958
vt 0.928493 0.753041
vt 0.953461 0.777075
vt 0.944692 0.783464
vt 0.181084 0.853938
vt 0.139639 0.879077
vt 0.146974 0.862651
vt 0.144248 0.896179
vt 0.174813 0.896179
vt 0.492844 0.805691
vt 0.508143 0.827783
vt 0.482372 0.827811
vt 0.506902 0.810905
vt 0.508143 0.777700
vt 0.460100 0.625353
vt 0.440706 0.625474
vt 0.446058 0.614442
vt 0.436185 0.649419
vt 0.460100 0.682759
vt 0.892473 0.603333
vt 0.884195 0.591930
vt 0.888320 0.606076
vt 0.884195 0.565300
vt 0.901722 0.587304
vt 0.040651 0.631357
vt 0.002416 0.589707
vt 0.037408 0.585781
vt 0.002416 0.637672
vt 0.035787 0.657814
vt 0.088694 0.901128
vt 0.053787 0.900253
vt 0.069326 0.903570
vt 0.053787 0.861303
vt 0.079949 0.870396
vt 0.498112 0.086356
vt 0.500752 0.087137
vt 0.500752 0.093970
vt 0.493442 0.094237
vt 0.716193 0.160021
vt 0.703537 0.141857
vt 0.704472 0.160758
vt 0.716943 0.141857
vt 0.179649 0.251761
vt 0.184779 0.245552
vt 0.184779 0.254995
vt 0.179177 0.247261
vt 0.176582 0.248528
vt 0.621115 0.796009
vt 0.621390 0.803789
vt 0.617823 0.803301
vt 0.628249 0.794004
vt 0.617823 0.782786
vt 0.192030 0.057696
vt 0.195866 0.057356
vt 0.194106 0.064610
vt 0.192030 0.064673
vt 0.051988 0.109407
vt 0.053586 0.111502
vt 0.051988 0.114563
vt 0.053543 0.109326
vt 0.950296 0.803351
vt 0.941502 0.801153
vt 0.951613 0.784787
vt 0.943381 0.813073
vt 0.951613 0.814876
vt 0.291951 0.534696
vt 0.287701 0.536033
vt 0.291035 0.541403
vt 0.287701 0.533145
vt 0.288625 0.527361
vt 0.089383 0.308897
vt 0.077549 0.312519
vt 0.092390 0.315972
vt 0.086814 0.302719
vt 0.092390 0.300280
vt 0.868110 0.133521
vt 0.881397 0.145976
vt 0.862711 0.145976
vt 0.874968 0.130216
vt 0.865192 0.120008
vt 0.975527 0.178801
vt 0.984873 0.167190
vt 0.975316 0.167366
vt 0.984145 0.178642
vt 0.984873 0.190323
vt 0.155214 0.946895
vt 0.136111 0.973703
vt 0.130521 0.944953
vt 0.155214 0.973786
vt 0.725534 0.877338
vt 0.748154 0.914657
vt 0.753899 0.875816
vt 0.725534 0.913162
vt 0.905418 0.391994
vt 0.886257 0.430751
vt 0.905418 0.432383
vt 0.883407 0.391381
vt 0.049194 0.971851
vt 0.068368 0.945093
vt 0.068368 0.971938
vt 0.043680 0.943086
vt 0.857174 0.916505
vt 0.834554 0.879185
vt 0.834554 0.915010
vt 0.862919 0.877664
vt 0.554446 0.887309
vt 0.576511 0.849113
vt 0.554619 0.850517
vt 0.576511 0.892483
vt 0.023431 0.901949
vt 0.039304 0.936324
vt 0.023431 0.936830
vt 0.040651 0.914187
vt 0.127737 0.306466
vt 0.124379 0.304278
vt 0.129345 0.310429
vt 0.129345 0.301409
vt 0.094686 0.927770
vt 0.077355 0.911192
vt 0.087512 0.944222
vt 0.096085 0.911192
vt 0.960285 0.437484
vt 0.973786 0.459928
vt 0.958103 0.463796
vt 0.972102 0.437484
vt 0.446348 0.349354
vt 0.465644 0.364022
vt 0.461564 0.339715
vt 0.446348 0.376949
vt 0.827811 0.908655
vt 0.813481 0.920015
vt 0.824061 0.940526
vt 0.810978 0.908655
vt 0.499118 0.243770
vt 0.503894 0.254606
vt 0.506295 0.253373
vt 0.499118 0.254995
vt 0.320742 0.787557
vt 0.291804 0.761310
vt 0.291804 0.801942
vt 0.323364 0.747313
vt 0.162809 0.799376
vt 0.196894 0.742976
vt 0.203257 0.800094
vt 0.162809 0.744747
vt 0.691074 0.876926
vt 0.652678 0.910120
vt 0.652503 0.876926
vt 0.680148 0.916505
vt 0.034619 0.254200
vt 0.033402 0.246392
vt 0.033402 0.254995
vt 0.036956 0.251620
vt 0.345453 0.201816
vt 0.347385 0.206846
vt 0.347385 0.199254
vt 0.346938 0.206953
vt 0.084998 0.077703
vt 0.084176 0.077419
vt 0.084176 0.084998
vt 0.189757 0.400142
vt 0.192900 0.410398
vt 0.191706 0.413905
vt 0.194018 0.400142
vt 0.964547 0.814445
vt 0.955715 0.804560
vt 0.956222 0.814876
vt 0.964547 0.788180
vt 0.957562 0.091313
vt 0.966395 0.101197
vt 0.958070 0.101629
vt 0.966395 0.074932
vt 0.885359 0.723520
vt 0.894331 0.709372
vt 0.894331 0.750203
vt 0.880303 0.715372
vt 0.148485 0.104091
vt 0.143513 0.117963
vt 0.143513 0.103871
vt 0.149671 0.118259
vt 0.643689 0.583902
vt 0.657133 0.576949
vt 0.657814 0.583902
vt 0.647161 0.567600
vt 0.986721 0.960075
vt 0.980530 0.966432
vt 0.985998 0.953754
vt 0.986721 0.971938
vt 0.060091 0.443740
vt 0.058457 0.444894
vt 0.060977 0.449013
vt 0.060977 0.435143
vt 0.894331 0.265348
vt 0.877096 0.273761
vt 0.894331 0.293799
vt 0.891580 0.251971
vt 0.830754 0.315741
vt 0.819898 0.330755
vt 0.833354 0.330755
vt 0.822077 0.304596
vt 0.243908 0.833973
vt 0.206130 0.879549
vt 0.206130 0.834281
vt 0.237300 0.871634
vt 0.057282 0.853680
vt 0.023454 0.805583
vt 0.057282 0.814217
vt 0.023478 0.843018
vt 0.188455 0.975634
vt 0.210648 0.946893
vt 0.185533 0.946893
vt 0.204722 0.969412
vt 0.907266 0.683566
vt 0.890810 0.673433
vt 0.894016 0.696617
vt 0.907266 0.657426
vt 0.007318 0.861675
vt 0.046195 0.899875
vt 0.008586 0.895996
vt 0.046195 0.856176
vt 0.946041 0.896593
vt 0.962699 0.912748
vt 0.962699 0.888156
vt 0.945783 0.916505
vt 0.449496 0.984873
vt 0.463578 0.961351
vt 0.449496 0.960185
vt 0.463796 0.978303
vt 0.732715 0.430456
vt 0.748356 0.445276
vt 0.748356 0.420696
vt 0.732798 0.452709
vt 0.481366 0.922048
vt 0.489665 0.885528
vt 0.475398 0.892502
vt 0.489665 0.915356
vt 0.948321 0.969579
vt 0.959004 0.990191
vt 0.959004 0.969909
vt 0.955512 0.990416
vt 0.875649 0.599253
vt 0.840347 0.558368
vt 0.846421 0.604228
vt 0.875853 0.558368
vt 0.869026 0.942938
vt 0.894331 0.913627
vt 0.863991 0.913627
vt 0.891831 0.946069
vt 0.027717 0.970091
vt 0.002965 0.943568
vt 0.011931 0.966554
vt 0.027717 0.941198
vt 0.903570 0.629739
vt 0.887055 0.639946
vt 0.900148 0.654118
vt 0.887055 0.613892
vt 0.016630 0.833660
vt 0.003693 0.828165
vt 0.003693 0.855528
vt 0.007947 0.808833
vt 0.988569 0.646244
vt 0.977986 0.666863
vt 0.981571 0.667053
vt 0.977986 0.646654
vt 0.319349 0.832036
vt 0.355814 0.866614
vt 0.360319 0.820074
vt 0.319964 0.866614
vt 0.872158 0.828233
vt 0.831483 0.874005
vt 0.868775 0.865839
vt 0.831483 0.830175
vt 0.449013 0.848136
vt 0.413359 0.799382
vt 0.413890 0.835936
vt 0.449013 0.808805
vt 0.909114 0.230079
vt 0.891846 0.236445
vt 0.892502 0.210493
vt 0.909114 0.249452
vt 0.830954 0.971339
vt 0.817420 0.990416
vt 0.831506 0.990416
vt 0.819598 0.968386
vt 0.976179 0.159746
vt 0.988569 0.136875
vt 0.988023 0.160758
vt 0.966177 0.136875
vt 0.077607 0.938678
vt 0.051493 0.905364
vt 0.070552 0.909724
vt 0.051493 0.938507
vt 0.255316 0.968243
vt 0.273473 0.938768
vt 0.272618 0.960945
vt 0.245104 0.938768
vt 0.255540 0.886723
vt 0.284560 0.844597
vt 0.284560 0.886940
vt 0.247995 0.841994
vt 0.397275 0.944222
vt 0.375414 0.911775
vt 0.375414 0.939636
vt 0.392506 0.916695
vt 0.585592 0.725276
vt 0.624554 0.771609
vt 0.584586 0.772377
vt 0.624554 0.711682
vt 0.964596 0.693929
vt 0.973786 0.703303
vt 0.973786 0.678644
vt 0.962851 0.704009
vt 0.790554 0.909116
vt 0.813028 0.938975
vt 0.806660 0.911702
vt 0.790554 0.942374
vt 0.127498 0.283913
vt 0.117716 0.273095
vt 0.125637 0.284560
vt 0.127498 0.263048
vt 0.843339 0.196919
vt 0.881397 0.154056
vt 0.874294 0.199562
vt 0.843339 0.154718
vt 0.314481 0.871157
vt 0.351040 0.904679
vt 0.351080 0.874357
vt 0.314481 0.910961
vt 0.903570 0.167174
vt 0.884877 0.203380
vt 0.903570 0.206953
vt 0.883911 0.165653
vt 0.293459 0.806690
vt 0.312277 0.846858
vt 0.291808 0.848136
vt 0.312277 0.799962
vt 0.901797 0.578359
vt 0.909114 0.539269
vt 0.909114 0.577478
vt 0.898439 0.542390
vt 0.406514 0.907266
vt 0.379762 0.865930
vt 0.377703 0.905441
vt 0.406514 0.865229
vt 0.936830 0.822085
vt 0.925423 0.829278
vt 0.931739 0.840745
vt 0.925423 0.807002
vt 0.301789 0.116411
vt 0.310429 0.099637
vt 0.301789 0.091547
vt 0.535860 0.003346
vt 0.527837 0.003346
vt 0.535092 0.014782
vt 0.533385 0.014782
vt 0.249013 0.975677
vt 0.266082 0.993941
vt 0.249013 0.994112
vt 0.262583 0.975677
vt 0.205487 0.897413
vt 0.216192 0.906039
vt 0.205487 0.920200
vt 0.213837 0.882969
vt 0.068368 0.978378
vt 0.051896 0.995960
vt 0.067259 0.995960
vt 0.051896 0.978208
vt 0.558033 0.958066
vt 0.543111 0.929043
vt 0.543111 0.959004
vt 0.170784 0.101629
vt 0.173692 0.098097
vt 0.170784 0.094859
vt 0.971938 0.183014
vt 0.962242 0.199561
vt 0.962242 0.173397
vt 0.399123 0.979650
vt 0.382238 0.974051
vt 0.382238 0.994112
vt 0.245756 0.869922
vt 0.245756 0.909114
vt 0.226822 0.891292
vt 0.186784 0.476840
vt 0.199561 0.498811
vt 0.186784 0.517382
vt 0.086846 0.011087
vt 0.084218 0.004752
vt 0.086846 0.003622
vt 0.465643 0.136737
vt 0.465643 0.117328
vt 0.448740 0.135349
vt 0.988569 0.616089
vt 0.969338 0.616089
vt 0.985974 0.637488
vt 0.173692 0.157062
vt 0.160396 0.146344
vt 0.173692 0.128110
vt 0.805821 0.177388
vt 0.805821 0.152878
vt 0.816724 0.170055
vt 0.002715 0.895882
vt 0.016630 0.924039
vt 0.002715 0.931287
vt 0.077523 0.067033
vt 0.079455 0.064472
vt 0.079455 0.072064
vt 0.249452 0.293478
vt 0.249452 0.301190
vt 0.153618 0.134889
vt 0.153618 0.124922
vt 0.157062 0.126420
vt 0.064673 0.092544
vt 0.064217 0.097872
vt 0.064673 0.097933
vt 0.126544 0.114687
vt 0.127498 0.111368
vt 0.127498 0.116411
vt 0.072064 0.068368
vt 0.072064 0.058091
vt 0.077607 0.059129
vt 0.077607 0.051418
vt 0.039639 0.446363
vt 0.040651 0.453437
vt 0.039639 0.454557
vt 0.307352 0.454557
vt 0.307352 0.442864
vt 0.312277 0.446399
vt 0.227278 0.216192
vt 0.217049 0.216192
vt 0.224718 0.205537
vt 0.252515 0.284560
vt 0.252515 0.270457
vt 0.260539 0.276896
vt 0.112715 0.125978
vt 0.108400 0.131193
vt 0.108400 0.124872
vt 0.968243 0.153528
vt 0.958301 0.169997
vt 0.958301 0.143361
vt 0.109020 0.302913
vt 0.106985 0.312277
vt 0.100593 0.302913
vt 0.311138 0.125650
vt 0.311138 0.110334
vt 0.317820 0.120137
vt 0.059129 0.096860
vt 0.059129 0.107172
vt 0.073912 0.073912
vt 0.073912 0.063634
vt 0.382493 0.402453
vt 0.379569 0.400650
vt 0.379569 0.408362
vt 0.326658 0.011087
vt 0.327059 0.002222
vt 0.318774 0.002222
vt 0.294508 0.272940
vt 0.294508 0.288256
vt 0.301190 0.282743
vt 0.339994 0.110857
vt 0.330452 0.104735
vt 0.330452 0.120106
vt 0.125650 0.125650
vt 0.121898 0.114673
vt 0.117223 0.125650
vt 0.245756 0.217917
vt 0.237122 0.230496
vt 0.245756 0.234670
vt 0.222602 0.894035
vt 0.222602 0.929439
vt 0.236517 0.922192
vt 0.593450 0.911790
vt 0.606076 0.906780
vt 0.606076 0.938678
vt 0.215235 0.952128
vt 0.215235 0.977482
vt 0.238365 0.963351
vt 0.914657 0.762267
vt 0.907135 0.744420
vt 0.907135 0.781616
vt 0.769030 0.726940
vt 0.789007 0.714954
vt 0.789007 0.739117
vt 0.315560 0.984873
vt 0.328053 0.960224
vt 0.336298 0.984873
vt 0.971201 0.557717
vt 0.984873 0.572815
vt 0.984873 0.551081
vt 0.389550 0.498904
vt 0.404666 0.470638
vt 0.389550 0.470239
vt 0.502100 0.912809
vt 0.532164 0.892250
vt 0.502100 0.873714
vt 0.829659 0.955158
vt 0.805852 0.944859
vt 0.805852 0.971938
vt 0.674444 0.953748
vt 0.662866 0.976779
vt 0.674444 0.977482
vt 0.280477 0.957156
vt 0.280477 0.926865
vt 0.293799 0.937809
vt 0.447884 0.878231
vt 0.473035 0.915152
vt 0.447884 0.916505
vt 0.494013 0.986721
vt 0.511838 0.986721
vt 0.503567 0.963573
vt 0.242061 0.204356
vt 0.232885 0.221735
vt 0.232885 0.176931
vt 0.341841 0.411123
vt 0.323601 0.423144
vt 0.323601 0.402080
vt 0.950825 0.524600
vt 0.964547 0.546946
vt 0.964547 0.520049
vt 0.565560 0.966395
vt 0.565560 0.938989
vt 0.576511 0.953204
vt 0.369558 0.874604
vt 0.369558 0.912809
vt 0.356478 0.885591
vt 0.959004 0.429552
vt 0.945452 0.418754
vt 0.945452 0.449013
vt 0.540728 0.910961
vt 0.540728 0.872756
vt 0.546946 0.902263
vt 0.926643 0.942813
vt 0.929439 0.970091
vt 0.904477 0.970091
vt 0.243909 0.986721
vt 0.225942 0.979467
vt 0.243909 0.965656
vt 0.564971 0.984873
vt 0.575825 0.961890
vt 0.587598 0.984873
vt 0.120224 0.924192
vt 0.106889 0.953461
vt 0.123802 0.953461
vt 0.639728 0.944388
vt 0.661510 0.963393
vt 0.639728 0.971938
vt 0.469981 0.971994
vt 0.469981 0.992264
vt 0.485969 0.977465
vt 0.633793 0.460100
vt 0.620629 0.441076
vt 0.619069 0.460100
vt 0.046195 0.990416
vt 0.042230 0.972208
vt 0.029623 0.990416
vt 0.372822 0.946145
vt 0.372822 0.973786
vt 0.399123 0.960968
vt 0.054225 0.087139
vt 0.055434 0.092390
vt 0.055434 0.086654
vt 0.332015 0.777920
vt 0.332015 0.720484
vt 0.345537 0.752352
vt 0.171845 0.964370
vt 0.161612 0.947701
vt 0.161612 0.973786
vt 0.084998 0.068368
vt 0.080695 0.043587
vt 0.084998 0.027338
vt 0.411559 0.573960
vt 0.404462 0.587598
vt 0.417601 0.587598
vt 0.957465 0.639361
vt 0.971938 0.661509
vt 0.971938 0.635708
vt 0.942150 0.341841
vt 0.951613 0.335146
vt 0.942150 0.323108
vt 0.497265 0.014782
vt 0.502599 0.002724
vt 0.492286 0.002724
vt 0.399171 0.359447
vt 0.399171 0.373254
vt 0.402819 0.365225
vt 0.088742 0.389884
vt 0.088742 0.376077
vt 0.092390 0.381855
vt 0.432030 0.388036
vt 0.432030 0.374851
vt 0.437927 0.382362
vt 0.506511 0.171845
vt 0.506511 0.160576
vt 0.515534 0.161165
vt 0.473028 0.328907
vt 0.485969 0.328907
vt 0.478980 0.315600
vt 0.120106 0.301208
vt 0.120106 0.310429
vt 0.114033 0.305945
vt 0.495208 0.131193
vt 0.490971 0.131193
vt 0.494239 0.117204
vt 0.208800 0.990416
vt 0.191475 0.979918
vt 0.208800 0.972920
vt 0.288256 0.206953
vt 0.283154 0.196148
vt 0.281460 0.206953
vt 0.670748 0.434231
vt 0.663025 0.424911
vt 0.670748 0.415186
vt 0.489665 0.117909
vt 0.480106 0.129345
vt 0.480106 0.117909
vt 0.347385 0.360343
vt 0.340188 0.354722
vt 0.340188 0.369558
vt 0.107035 0.439027
vt 0.116411 0.440889
vt 0.107035 0.450861
vt 0.955308 0.185218
vt 0.944741 0.189809
vt 0.955308 0.214344
vt 0.414326 0.011087
vt 0.414326 0.003401
vt 0.417601 0.004897
vt 0.386609 0.092095
vt 0.386609 0.099781
vt 0.389884 0.093591
vt 0.169859 0.011382
vt 0.178613 0.016014
vt 0.171667 0.002751
vt 0.176441 0.017509
vt 0.171992 0.023209
vt 0.177202 0.029988
vt 0.173156 0.030076
vt 0.180479 0.041620
vt 0.174866 0.040644
vt 0.175938 0.055183
vt 0.171387 0.065692
vt 0.183594 0.076803
vt 0.179192 0.085670
vt 0.185295 0.097561
vt 0.178661 0.100176
vt 0.182947 0.117644
vt 0.169859 0.119056
vt 0.192086 0.123802
vt 0.199562 0.108170
vt 0.193057 0.089028
vt 0.189380 0.071099
vt 0.182999 0.055353
vt 0.190274 0.049913
vt 0.188330 0.037514
vt 0.194037 0.044444
vt 0.936830 0.110633
vt 0.928979 0.110803
vt 0.928979 0.120106
vt 0.936830 0.100391
vt 0.936830 0.086650
vt 0.928979 0.100391
vt 0.928979 0.086650
vt 0.238564 0.247427
vt 0.255028 0.240246
vt 0.261463 0.264234
vt 0.224617 0.258444
vt 0.219656 0.251370
vt 0.208198 0.262788
vt 0.205864 0.258638
vt 0.184895 0.261802
vt 0.184454 0.259800
vt 0.170193 0.259953
vt 0.169295 0.257896
vt 0.152344 0.264234
vt 0.151694 0.262111
vt 0.990416 0.690710
vt 0.989022 0.675035
vt 0.979882 0.692922
vt 0.979882 0.674823
vt 0.872209 0.650423
vt 0.879549 0.650380
vt 0.879521 0.645515
vt 0.873528 0.642392
vt 0.879549 0.635785
vt 0.872637 0.635996
vt 0.879529 0.632457
vt 0.872768 0.629168
vt 0.877784 0.625810
vt 0.872903 0.623192
vt 0.877740 0.618385
vt 0.872518 0.615598
vt 0.877285 0.613522
vt 0.872637 0.606807
vt 0.877245 0.606695
vt 0.939017 0.686998
vt 0.946069 0.688219
vt 0.941687 0.678802
vt 0.946069 0.696208
vt 0.936690 0.694140
vt 0.944681 0.702398
vt 0.940465 0.709552
vt 0.304886 0.974167
vt 0.293624 0.990800
vt 0.294160 0.975072
vt 0.302669 0.992129
vt 0.304886 0.992264
vt 0.106359 0.254749
vt 0.120306 0.243731
vt 0.143204 0.260539
vt 0.101397 0.247674
vt 0.089940 0.259092
vt 0.087606 0.254942
vt 0.066637 0.258107
vt 0.066195 0.256104
vt 0.051934 0.256258
vt 0.051037 0.254200
vt 0.034086 0.260539
vt 0.875977 0.844723
vt 0.880726 0.842605
vt 0.876018 0.835931
vt 0.881224 0.847463
vt 0.876430 0.852314
vt 0.881333 0.854887
vt 0.876347 0.858290
vt 0.883138 0.861519
vt 0.876277 0.865119
vt 0.883187 0.864847
vt 0.877224 0.871507
vt 0.883245 0.874577
vt 0.875977 0.879549
vt 0.291951 0.088662
vt 0.286971 0.096085
vt 0.289754 0.095653
vt 0.286971 0.081057
vt 0.478578 0.073766
vt 0.461207 0.081770
vt 0.469781 0.088694
vt 0.465281 0.061965
vt 0.473751 0.054133
vt 0.465380 0.041137
vt 0.471636 0.035954
vt 0.459619 0.018936
vt 0.466639 0.019716
vt 0.465315 0.005817
vt 0.474357 0.014924
vt 0.473491 0.002404
vt 0.478578 0.009801
vt 0.438495 0.595695
vt 0.417726 0.598765
vt 0.418706 0.604228
vt 0.426949 0.591708
vt 0.441418 0.588619
vt 0.424840 0.577439
vt 0.441622 0.575993
vt 0.423480 0.568236
vt 0.439859 0.565815
vt 0.420497 0.548057
vt 0.434306 0.543428
vt 0.417726 0.529314
vt 0.429715 0.527542
vt 0.369170 0.622890
vt 0.354832 0.622976
vt 0.354747 0.611880
vt 0.369170 0.637143
vt 0.393580 0.637229
vt 0.366183 0.652506
vt 0.393580 0.653701
vt 0.371902 0.666247
vt 0.393580 0.679987
vt 0.373694 0.679987
vt 0.354832 0.679987
vt 0.354747 0.666247
vt 0.373254 0.834921
vt 0.365146 0.823228
vt 0.373254 0.823228
vt 0.365146 0.834921
vt 0.373254 0.848320
vt 0.365146 0.848320
vt 0.373254 0.868462
vt 0.365146 0.868462
vt 0.923435 0.711375
vt 0.923435 0.720678
vt 0.931287 0.711375
vt 0.931287 0.720678
vt 0.931287 0.744660
vt 0.035672 0.749253
vt 0.042499 0.749253
vt 0.042499 0.763164
vt 0.018090 0.763079
vt 0.042499 0.774259
vt 0.018090 0.774174
vt 0.042499 0.788512
vt 0.018090 0.788427
vt 0.015103 0.803789
vt 0.003666 0.788512
vt 0.003666 0.803789
vt 0.888015 0.351080
vt 0.885570 0.335979
vt 0.884947 0.343206
vt 0.899875 0.346733
vt 0.896163 0.332640
vt 0.885685 0.327119
vt 0.899875 0.318463
vt 0.887449 0.321018
vt 0.886764 0.309725
vt 0.716943 0.327715
vt 0.698082 0.316535
vt 0.716943 0.316535
vt 0.698252 0.327715
vt 0.716943 0.351527
vt 0.698082 0.344955
vt 0.716687 0.365439
vt 0.707640 0.370815
vt 0.714383 0.379094
vt 0.705933 0.376704
vt 0.706531 0.381569
vt 0.829659 0.145805
vt 0.820031 0.158910
vt 0.827098 0.156249
vt 0.806527 0.143736
vt 0.819373 0.132562
vt 0.803949 0.127374
vt 0.826346 0.127418
vt 0.820210 0.125562
vt 0.829659 0.109249
vt 0.818259 0.124204
vt 0.821981 0.109739
vt 0.966391 0.243166
vt 0.971938 0.247604
vt 0.965281 0.247604
vt 0.971938 0.243166
vt 0.969719 0.239240
vt 0.971938 0.238045
vt 0.969719 0.231815
vt 0.971938 0.232668
vt 0.969719 0.226779
vt 0.971938 0.226779
vt 0.971938 0.222427
vt 0.951775 0.130929
vt 0.962700 0.113689
vt 0.951775 0.113689
vt 0.962700 0.131100
vt 0.951775 0.142280
vt 0.831506 0.343918
vt 0.820107 0.358874
vt 0.823829 0.344408
vt 0.822058 0.360231
vt 0.828194 0.362087
vt 0.805797 0.362044
vt 0.821221 0.367232
vt 0.808375 0.378406
vt 0.831506 0.380474
vt 0.821878 0.393580
vt 0.828946 0.390919
vt 0.407991 0.952961
vt 0.410210 0.952961
vt 0.410210 0.948609
vt 0.410210 0.958850
vt 0.407991 0.957997
vt 0.410210 0.964227
vt 0.407991 0.965422
vt 0.410210 0.969348
vt 0.404662 0.969348
vt 0.410210 0.973786
vt 0.403553 0.973786
vt 0.469215 0.802260
vt 0.469122 0.792701
vt 0.474882 0.789401
vt 0.459141 0.811410
vt 0.469860 0.811279
vt 0.454692 0.829163
vt 0.469613 0.824566
vt 0.465526 0.838898
vt 0.474882 0.831604
vt 0.850232 0.373937
vt 0.861071 0.374962
vt 0.857401 0.363867
vt 0.861071 0.389300
vt 0.850232 0.391007
vt 0.861071 0.408759
vt 0.850232 0.410210
vt 0.066115 0.522925
vt 0.075759 0.522925
vt 0.075759 0.510806
vt 0.066115 0.510806
vt 0.148954 0.743773
vt 0.157062 0.743773
vt 0.148954 0.734214
vt 0.157062 0.755466
vt 0.148954 0.755466
vt 0.157062 0.768865
vt 0.148954 0.768865
vt 0.157062 0.789007
vt 0.148954 0.789007
vt 0.808631 0.271088
vt 0.816002 0.288256
vt 0.802996 0.277672
vt 0.816234 0.270590
vt 0.807763 0.252640
vt 0.816724 0.252757
vt 0.802996 0.238664
vt 0.816666 0.237649
vt 0.807549 0.236420
vt 0.447047 0.769015
vt 0.447166 0.779768
vt 0.446852 0.751349
vt 0.446911 0.733510
vt 0.446852 0.728134
vt 0.191812 0.887260
vt 0.197083 0.899875
vt 0.191715 0.897965
vt 0.195814 0.887856
vt 0.191822 0.880296
vt 0.197169 0.875428
vt 0.191715 0.868279
vt 0.199561 0.874321
vt 0.194952 0.860076
vt 0.895487 0.368762
vt 0.904007 0.365026
vt 0.899242 0.354161
vt 0.909114 0.376672
vt 0.896870 0.379990
vt 0.895487 0.386189
vt 0.709369 0.619369
vt 0.724134 0.632854
vt 0.709369 0.633793
vt 0.726182 0.620393
vt 0.709369 0.610066
vt 0.725926 0.610066
vt 0.709369 0.589668
vt 0.723707 0.587108
vt 0.709369 0.570721
vt 0.768699 0.501343
vt 0.780342 0.489786
vt 0.771096 0.481306
vt 0.784371 0.497767
vt 0.776498 0.511275
vt 0.785312 0.509747
vt 0.778687 0.518611
vt 0.782891 0.522234
vt 0.768699 0.537707
vt 0.054834 0.787746
vt 0.079455 0.801942
vt 0.046649 0.801942
vt 0.059500 0.777432
vt 0.050541 0.769902
vt 0.064032 0.766154
vt 0.050723 0.758481
vt 0.070736 0.754356
vt 0.058716 0.747523
vt 0.585304 0.674314
vt 0.572784 0.663557
vt 0.577032 0.652922
vt 0.581157 0.683304
vt 0.587598 0.695016
vt 0.581041 0.697819
vt 0.585826 0.715158
vt 0.572784 0.716943
vt 0.899158 0.264952
vt 0.907266 0.255393
vt 0.899158 0.255393
vt 0.907266 0.264952
vt 0.899158 0.279376
vt 0.907266 0.279376
vt 0.907266 0.293799
vt 0.848705 0.718005
vt 0.834617 0.704890
vt 0.851770 0.700945
vt 0.835128 0.727950
vt 0.851832 0.727737
vt 0.834617 0.738268
vt 0.850902 0.740249
vt 0.847132 0.748356
vt 0.184763 0.135846
vt 0.180504 0.127007
vt 0.180504 0.136737
vt 0.184779 0.127908
vt 0.860325 0.234345
vt 0.865872 0.233748
vt 0.860325 0.249452
vt 0.870310 0.221202
vt 0.860325 0.212155
vt 0.869883 0.211216
vt 0.867323 0.203450
vt 0.013334 0.379932
vt 0.013575 0.393812
vt 0.014782 0.386932
vt 0.003799 0.399123
vt 0.003799 0.374501
vt 0.848384 0.507418
vt 0.859223 0.525170
vt 0.848384 0.526621
vt 0.859223 0.505711
vt 0.848384 0.490348
vt 0.859223 0.491372
vt 0.855553 0.480277
vt 0.896179 0.022242
vt 0.888769 0.044296
vt 0.896023 0.044347
vt 0.888845 0.021423
vt 0.896179 0.010123
vt 0.888725 0.014253
vt 0.889143 0.003331
vt 0.789007 0.636970
vt 0.773273 0.641801
vt 0.779783 0.655966
vt 0.773273 0.620359
vt 0.786821 0.618858
vt 0.775997 0.605326
vt 0.785961 0.601255
vt 0.874494 0.335280
vt 0.871488 0.319006
vt 0.881397 0.323606
vt 0.865870 0.331359
vt 0.875410 0.346667
vt 0.867315 0.348798
vt 0.881397 0.364015
vt 0.002570 0.275368
vt 0.012641 0.244131
vt 0.002569 0.244131
vt 0.014603 0.273661
vt 0.012555 0.285183
vt 0.025869 0.272552
vt 0.022626 0.288256
vt 0.526621 0.442924
vt 0.514587 0.434560
vt 0.517830 0.450861
vt 0.526621 0.434560
vt 0.792364 0.402666
vt 0.781540 0.389134
vt 0.791504 0.385063
vt 0.778817 0.404167
vt 0.794550 0.420778
vt 0.778817 0.425609
vt 0.785327 0.439774
vt 0.546946 0.257092
vt 0.539795 0.262324
vt 0.545597 0.266082
vt 0.537912 0.250630
vt 0.546946 0.239195
vt 0.530892 0.246083
vt 0.538780 0.233906
vt 0.404773 0.804021
vt 0.391630 0.812376
vt 0.399258 0.816724
vt 0.394700 0.807069
vt 0.408362 0.790578
vt 0.391630 0.779670
vt 0.395934 0.762975
vt 0.864631 0.480029
vt 0.864572 0.474652
vt 0.864572 0.497868
vt 0.864767 0.515534
vt 0.923375 0.057179
vt 0.932593 0.057179
vt 0.932678 0.045316
vt 0.934983 0.066653
vt 0.923375 0.079455
vt 0.934983 0.079455
vt 0.930395 0.268826
vt 0.944222 0.254488
vt 0.930310 0.254403
vt 0.944222 0.268826
vt 0.944222 0.286408
vt 0.882102 0.239503
vt 0.871737 0.260539
vt 0.885092 0.252452
vt 0.871737 0.242237
vt 0.879283 0.230912
vt 0.876869 0.221662
vt 0.881654 0.217061
vt 0.816125 0.484011
vt 0.833354 0.480410
vt 0.815458 0.467488
vt 0.829948 0.497405
vt 0.816175 0.507077
vt 0.832880 0.507198
vt 0.815458 0.517382
vt 0.036956 0.281771
vt 0.029888 0.277798
vt 0.032272 0.290103
vt 0.036956 0.265225
vt 0.301242 0.868651
vt 0.289806 0.868580
vt 0.289901 0.853303
vt 0.289720 0.882320
vt 0.306875 0.882427
vt 0.289720 0.896061
vt 0.308581 0.896179
vt 0.275146 0.894759
vt 0.275146 0.931287
vt 0.280864 0.894759
vt 0.256882 0.931287
vt 0.256882 0.894759
vt 0.251164 0.931287
vt 0.251164 0.894759
vt 0.029565 0.443521
vt 0.022993 0.437803
vt 0.022993 0.450861
vt 0.178656 0.143637
vt 0.182916 0.152476
vt 0.178656 0.153367
vt 0.182931 0.144538
vt 0.970441 0.967380
vt 0.977482 0.978821
vt 0.968636 0.979330
vt 0.974776 0.970119
vt 0.974888 0.955695
vt 0.977482 0.955228
vt 0.933135 0.786024
vt 0.923886 0.785025
vt 0.925251 0.772382
vt 0.922612 0.796820
vt 0.931776 0.797810
vt 0.933135 0.807485
vt 0.811340 0.036221
vt 0.803764 0.035410
vt 0.808087 0.053586
vt 0.806068 0.017086
vt 0.814876 0.018736
vt 0.803764 0.002500
vt 0.801712 0.204538
vt 0.814876 0.225093
vt 0.802901 0.232822
vt 0.811034 0.198521
vt 0.803141 0.186449
vt 0.814876 0.178977
vt 0.949611 0.229485
vt 0.962700 0.235875
vt 0.962700 0.220973
vt 0.956658 0.244145
vt 0.952782 0.249452
vt 0.537707 0.326068
vt 0.519683 0.333854
vt 0.528092 0.347385
vt 0.526695 0.321007
vt 0.531762 0.307282
vt 0.519683 0.307077
vt 0.691298 0.448808
vt 0.699378 0.441080
vt 0.686551 0.427251
vt 0.704009 0.462511
vt 0.686551 0.478705
vt 0.700495 0.493360
vt 0.696288 0.021338
vt 0.682294 0.021924
vt 0.690812 0.035108
vt 0.680402 0.002987
vt 0.696618 0.002987
vt 0.138581 0.273441
vt 0.133601 0.265836
vt 0.140432 0.264776
vt 0.133601 0.280864
vt 0.136384 0.280432
vt 0.975173 0.392095
vt 0.983025 0.378951
vt 0.975173 0.379037
vt 0.983025 0.392095
vt 0.975173 0.400971
vt 0.983025 0.400971
vt 0.092390 0.978122
vt 0.080868 0.995960
vt 0.080868 0.978122
vt 0.092390 0.995960
vt 0.568465 0.910681
vt 0.576511 0.912307
vt 0.571108 0.898835
vt 0.576132 0.933135
vt 0.568465 0.922641
vt 0.337655 0.242962
vt 0.346019 0.242962
vt 0.337655 0.254995
vt 0.347385 0.228453
vt 0.337655 0.228453
vt 0.195866 0.816385
vt 0.203131 0.827811
vt 0.195551 0.826496
vt 0.205105 0.813177
vt 0.195551 0.807869
vt 0.909989 0.418557
vt 0.918353 0.408572
vt 0.909989 0.395087
vt 0.915194 0.418728
vt 0.909989 0.432383
vt 0.981793 0.453166
vt 0.990416 0.460100
vt 0.978022 0.457238
vt 0.989202 0.451238
vt 0.978022 0.441547
vt 0.846289 0.066565
vt 0.831902 0.089911
vt 0.846289 0.097933
vt 0.831502 0.064867
vt 0.839857 0.049884
vt 0.136737 0.005083
vt 0.128629 0.007814
vt 0.128629 0.012935
vt 0.128629 0.002863
vt 0.132384 0.002863
vt 0.718403 0.969997
vt 0.742812 0.970082
vt 0.742812 0.981177
vt 0.735985 0.956171
vt 0.718403 0.956171
vt 0.949927 0.273209
vt 0.960852 0.273380
vt 0.949927 0.284560
vt 0.960852 0.255969
vt 0.949927 0.255969
vt 0.205105 0.002411
vt 0.199557 0.009239
vt 0.203654 0.006764
vt 0.199557 0.002411
vt 0.968243 0.839814
vt 0.953001 0.836453
vt 0.956203 0.848136
vt 0.953538 0.821521
vt 0.968243 0.824219
vt 0.903570 0.524389
vt 0.892390 0.524389
vt 0.892390 0.543251
vt 0.892390 0.503991
vt 0.903570 0.503991
vt 0.931531 0.545914
vt 0.947917 0.543695
vt 0.931531 0.558033
vt 0.942711 0.526882
vt 0.931531 0.527052
vt 0.988569 0.415583
vt 0.981215 0.426566
vt 0.988123 0.426840
vt 0.981215 0.409313
vt 0.981323 0.406584
vt 0.049890 0.145515
vt 0.041783 0.143296
vt 0.045538 0.143296
vt 0.041783 0.148246
vt 0.041783 0.153367
vt 0.974623 0.926697
vt 0.972026 0.934655
vt 0.977482 0.936830
vt 0.964557 0.921295
vt 0.977482 0.912990
vt 0.412360 0.876149
vt 0.419449 0.880287
vt 0.412360 0.899875
vt 0.418689 0.865792
vt 0.413656 0.861081
vt 0.467402 0.922138
vt 0.447089 0.953461
vt 0.447089 0.922138
vt 0.467402 0.953461
vt 0.473035 0.953461
vt 0.207416 0.647780
vt 0.207416 0.703085
vt 0.207416 0.681065
vt 0.207416 0.638221
vt 0.215268 0.638306
vt 0.155215 0.246431
vt 0.147363 0.246431
vt 0.147363 0.256843
vt 0.976623 0.286945
vt 0.972289 0.284205
vt 0.979330 0.295647
vt 0.976736 0.272521
vt 0.979330 0.272053
vt 0.754343 0.965077
vt 0.768681 0.964991
vt 0.754258 0.953982
vt 0.768681 0.979244
vt 0.754258 0.979330
vt 0.344383 0.569120
vt 0.344383 0.552945
vt 0.358472 0.553389
vt 0.533607 0.433199
vt 0.543251 0.445318
vt 0.533607 0.445318
vt 0.543251 0.433199
vt 0.935797 0.378797
vt 0.947917 0.348297
vt 0.947917 0.377893
vt 0.937868 0.347629
vt 0.924328 0.346729
vt 0.437927 0.098157
vt 0.427426 0.109020
vt 0.431228 0.105218
vt 0.427426 0.089346
vt 0.950815 0.506238
vt 0.955308 0.511467
vt 0.947895 0.491340
vt 0.947895 0.521077
vt 0.096597 0.338880
vt 0.105324 0.349233
vt 0.105324 0.334467
vt 0.097637 0.348943
vt 0.552158 0.462353
vt 0.563577 0.473035
vt 0.551688 0.471286
vt 0.563577 0.456960
vt 0.762700 0.937235
vt 0.768681 0.925757
vt 0.768681 0.946069
vt 0.959004 0.553336
vt 0.945805 0.582054
vt 0.957119 0.581694
vt 0.945805 0.552459
vt 0.953460 0.174271
vt 0.941863 0.165696
vt 0.950473 0.154337
vt 0.941863 0.184779
vt 0.098159 0.942941
vt 0.099781 0.944222
vt 0.099781 0.925360
vt 0.909182 0.482701
vt 0.931287 0.519230
vt 0.909182 0.519230
vt 0.931287 0.482701
vt 0.790855 0.890636
vt 0.785393 0.870323
vt 0.785393 0.890636
vt 0.790855 0.870323
vt 0.971951 0.060977
vt 0.992264 0.038019
vt 0.971951 0.038019
vt 0.992264 0.060977
vt 0.938589 0.118349
vt 0.944222 0.149671
vt 0.944222 0.118349
vt 0.938589 0.149671
vt 0.508143 0.835215
vt 0.502681 0.855528
vt 0.502681 0.835215
vt 0.508143 0.855528
vt 0.988569 0.291068
vt 0.983362 0.275449
vt 0.988569 0.278095
vt 0.983362 0.293799
vt 0.217054 0.412044
vt 0.229126 0.419146
vt 0.220438 0.436079
vt 0.229126 0.403449
vt 0.247682 0.069344
vt 0.249452 0.062309
vt 0.249452 0.077607
vt 0.491892 0.421297
vt 0.500752 0.421297
vt 0.494379 0.409470
vt 0.003604 0.003369
vt 0.003696 0.013102
vt 0.003604 0.018478
vt 0.476730 0.162606
vt 0.475231 0.154511
vt 0.471829 0.162606
vt 0.890988 0.139752
vt 0.898027 0.155214
vt 0.898027 0.134010
vt 0.519600 0.995960
vt 0.530316 0.983330
vt 0.519600 0.979013
vt 0.403101 0.064882
vt 0.404666 0.063093
vt 0.404666 0.079455
vt 0.984873 0.798246
vt 0.984873 0.774690
vt 0.964476 0.774837
vt 0.439774 0.361394
vt 0.437873 0.370395
vt 0.439774 0.375102
vt 0.855880 0.703329
vt 0.862919 0.697586
vt 0.862919 0.718791
vt 0.247450 0.085641
vt 0.253147 0.085641
vt 0.250997 0.099781
vt 0.084998 0.133041
vt 0.084913 0.118617
vt 0.073903 0.133041
vt 0.023130 0.153367
vt 0.036956 0.139029
vt 0.036956 0.153367
vt 0.796398 0.961561
vt 0.774196 0.949968
vt 0.774196 0.975634
vt 0.973266 0.090542
vt 0.973266 0.068266
vt 0.984873 0.077740
vt 0.408012 0.267123
vt 0.408012 0.280864
vt 0.419449 0.267123
vt 0.408755 0.431035
vt 0.415753 0.438460
vt 0.408755 0.447166
vt 0.060977 0.201714
vt 0.050260 0.214344
vt 0.050260 0.197397
vt 0.971938 0.267981
vt 0.968877 0.253728
vt 0.968877 0.279017
vt 0.027717 0.207286
vt 0.027717 0.218039
vt 0.171845 0.090542
vt 0.171845 0.079788
vt 0.279017 0.113755
vt 0.277398 0.118259
vt 0.277398 0.109461
vt 0.851832 0.314941
vt 0.836020 0.314941
vt 0.838784 0.334450
vt 0.019054 0.262386
vt 0.027717 0.245833
vt 0.019054 0.245619
vt 0.103476 0.005713
vt 0.093394 0.018478
vt 0.093394 0.003913
vt 0.858661 0.937762
vt 0.861071 0.922773
vt 0.861071 0.944222
vt 0.305472 0.946069
vt 0.305472 0.913263
vt 0.319668 0.921448
vt 0.308581 0.342109
vt 0.307016 0.343899
vt 0.308581 0.358472
vt 0.947652 0.620858
vt 0.947652 0.591263
vt 0.960852 0.592140
vt 0.352928 0.018478
vt 0.352928 0.003172
vt 0.343473 0.003753
vt 0.942374 0.484211
vt 0.942374 0.515534
vt 0.936741 0.484211
vt 0.910961 0.912809
vt 0.910961 0.875836
vt 0.905312 0.876720
vt 0.981514 0.916633
vt 0.981514 0.934983
vt 0.986721 0.932251
vt 0.484121 0.516162
vt 0.480019 0.512005
vt 0.480019 0.528468
vt 0.899239 0.946069
vt 0.899436 0.914748
vt 0.912809 0.946069
vt 0.502194 0.351896
vt 0.502194 0.364015
vt 0.511838 0.351896
vt 0.355025 0.426379
vt 0.331054 0.463796
vt 0.323529 0.428021
vt 0.362373 0.462224
vt 0.394827 0.433680
vt 0.410210 0.463796
vt 0.247838 0.049150
vt 0.282712 0.002753
vt 0.250318 0.011987
vt 0.280416 0.040852
vt 0.282712 0.109020
vt 0.328558 0.032978
vt 0.354390 0.096508
vt 0.328558 0.098857
vt 0.360319 0.035272
vt 0.332243 0.002481
vt 0.716555 0.774400
vt 0.754567 0.814922
vt 0.755747 0.768357
vt 0.716555 0.820420
vt 0.888788 0.378693
vt 0.868250 0.400971
vt 0.868250 0.357802
vt 0.643032 0.879820
vt 0.610063 0.879820
vt 0.641307 0.918353
vt 0.500752 0.733573
vt 0.476294 0.731108
vt 0.500752 0.671431
vt 0.817059 0.190658
vt 0.838897 0.172544
vt 0.838897 0.221735
vt 0.903570 0.905418
vt 0.872331 0.905418
vt 0.899623 0.864492
vt 0.697359 0.176678
vt 0.726182 0.164632
vt 0.726182 0.229126
vt 0.258348 0.653194
vt 0.284560 0.653194
vt 0.284315 0.583908
vt 0.807522 0.453425
vt 0.831506 0.473035
vt 0.831506 0.423427
vt 0.543251 0.347187
vt 0.504384 0.429612
vt 0.513461 0.359160
vt 0.543251 0.427058
vt 0.075046 0.737939
vt 0.113757 0.796398
vt 0.114563 0.737939
vt 0.080009 0.788669
vt 0.517382 0.067163
vt 0.484803 0.002523
vt 0.484803 0.086846
vt 0.513686 0.172520
vt 0.482195 0.198785
vt 0.513686 0.256843
vt 0.439775 0.352928
vt 0.439774 0.265336
vt 0.411699 0.284275
vt 0.002949 0.416256
vt 0.030310 0.437927
vt 0.090542 0.416256
vt 0.727106 0.522686
vt 0.761290 0.583902
vt 0.727816 0.573370
vt 0.761290 0.530514
vt 0.192963 0.605733
vt 0.229126 0.595688
vt 0.196035 0.564273
vt 0.229126 0.626181
vt 0.193440 0.637488
vt 0.726044 0.450861
vt 0.707890 0.387708
vt 0.707890 0.443600
vt 0.728030 0.403583
vt 0.074971 0.375378
vt 0.094237 0.410210
vt 0.002595 0.410210
vt 0.360060 0.020793
vt 0.395427 0.002595
vt 0.395427 0.094237
vt 0.825963 0.101629
vt 0.825963 0.051527
vt 0.794464 0.068617
vt 0.070144 0.472954
vt 0.102771 0.502208
vt 0.068262 0.504447
vt 0.104400 0.468418
vt 0.068262 0.436469
vt 0.095410 0.419203
vt 0.642617 0.308418
vt 0.676292 0.303186
vt 0.647858 0.271035
vt 0.676292 0.339740
vt 0.641949 0.339994
vt 0.658638 0.211159
vt 0.675395 0.279940
vt 0.658638 0.273977
vt 0.681835 0.222049
vt 0.504447 0.570968
vt 0.479315 0.540059
vt 0.504447 0.492172
vt 0.049890 0.527404
vt 0.019808 0.580207
vt 0.019808 0.501411
vt 0.426508 0.898027
vt 0.456405 0.858255
vt 0.426508 0.855106
vt 0.719618 0.458055
vt 0.759442 0.519229
vt 0.759442 0.470046
vt 0.727624 0.517491
vt 0.399134 0.671195
vt 0.437003 0.734497
vt 0.405500 0.728121
vt 0.437003 0.675090
vt 0.327059 0.607213
vt 0.287529 0.677216
vt 0.327059 0.665376
vt 0.295576 0.612486
vt 0.685531 0.826068
vt 0.650417 0.872158
vt 0.685531 0.869540
vt 0.650983 0.834087
vt 0.290505 0.682658
vt 0.324601 0.739409
vt 0.327059 0.677998
vt 0.290505 0.740964
vt 0.602914 0.474848
vt 0.639336 0.545099
vt 0.636587 0.471490
vt 0.602678 0.545099
vt 0.722093 0.638807
vt 0.755747 0.700313
vt 0.755747 0.648801
vt 0.722778 0.688299
vt 0.002715 0.157986
vt 0.034878 0.029638
vt 0.039728 0.131082
vt 0.002715 0.054458
vt 0.732424 0.003629
vt 0.768681 0.064673
vt 0.732424 0.063556
vt 0.767962 0.010450
vt 0.164453 0.002785
vt 0.164453 0.128422
vt 0.128066 0.018919
vt 0.128422 0.166559
vt 0.020244 0.202333
vt 0.002785 0.166559
vt 0.128662 0.656365
vt 0.143628 0.721563
vt 0.128662 0.715075
vt 0.151519 0.665648
vt 0.107794 0.318504
vt 0.205105 0.352928
vt 0.205105 0.311449
vt 0.114473 0.349584
vt 0.183855 0.436079
vt 0.095640 0.397089
vt 0.183855 0.396515
vt 0.107752 0.433666
vt 0.616130 0.268748
vt 0.636851 0.341841
vt 0.639336 0.276812
vt 0.616130 0.333891
vt 0.323364 0.020586
vt 0.323364 0.120107
vt 0.285737 0.023499
vt 0.295647 0.196790
vt 0.260968 0.181726
vt 0.295647 0.093113
vt 0.680911 0.427585
vt 0.659038 0.475342
vt 0.680911 0.495208
vt 0.688302 0.374446
vt 0.662606 0.349054
vt 0.662606 0.416677
vt 0.794551 0.212241
vt 0.785248 0.195001
vt 0.794551 0.195086
vt 0.785248 0.212241
vt 0.794551 0.249452
vt 0.785248 0.249452
vt 0.790791 0.140177
vt 0.800094 0.140177
vt 0.790791 0.122937
vt 0.800094 0.177388
vt 0.790791 0.177388
vt 0.319604 0.247349
vt 0.328907 0.284560
vt 0.319604 0.284560
vt 0.328907 0.247349
vt 0.319604 0.230109
vt 0.402755 0.020070
vt 0.412058 0.020070
vt 0.402755 0.002830
vt 0.412058 0.057282
vt 0.402755 0.057282
vt 0.009032 0.368947
vt 0.091339 0.333938
vt 0.095161 0.369558
vt 0.002546 0.333938
vt 0.112715 0.521372
vt 0.089111 0.572963
vt 0.112715 0.585750
vt 0.089875 0.507412
vt 0.148748 0.273715
vt 0.243510 0.306733
vt 0.146128 0.306733
vt 0.247604 0.268430
vt 0.102045 0.355017
vt 0.192170 0.391732
vt 0.099654 0.391732
vt 0.188650 0.359990
vt 0.881397 0.992264
vt 0.872094 0.992264
vt 0.872094 0.975110
vt 0.019571 0.395427
vt 0.027717 0.380330
vt 0.019571 0.375838
vt 0.575315 0.800219
vt 0.584247 0.815669
vt 0.575315 0.815668
vt 0.584247 0.800219
vt 0.584488 0.815668
vt 0.575315 0.831721
vt 0.584488 0.831721
vt 0.584488 0.848136
vt 0.594989 0.831721
vt 0.594989 0.848136
vt 0.535200 0.798129
vt 0.533344 0.816724
vt 0.529855 0.809222
vt 0.541718 0.813129
vt 0.536090 0.797754
vt 0.545099 0.793957
vt 0.529855 0.782961
vt 0.538864 0.779164
vt 0.532864 0.764927
vt 0.290448 0.003028
vt 0.291413 0.018478
vt 0.290448 0.018478
vt 0.291413 0.003028
vt 0.290689 0.018478
vt 0.301190 0.003028
vt 0.403405 0.926321
vt 0.413905 0.926321
vt 0.413905 0.910871
vt 0.413905 0.942374
vt 0.403405 0.942374
vt 0.923896 0.264918
vt 0.913057 0.264918
vt 0.913057 0.301190
vt 0.923896 0.301190
vt 0.787407 0.705856
vt 0.798246 0.651576
vt 0.787407 0.651576
vt 0.798246 0.692628
vt 0.287803 0.074459
vt 0.297494 0.069999
vt 0.294231 0.077607
vt 0.287803 0.048529
vt 0.967829 0.022299
vt 0.975634 0.017956
vt 0.971526 0.029565
vt 0.967829 0.003928
vt 0.234670 0.109597
vt 0.233704 0.125650
vt 0.233704 0.109597
vt 0.234670 0.125650
vt 0.951293 0.687379
vt 0.960852 0.658873
vt 0.951293 0.658873
vt 0.960852 0.687379
vt 0.953140 0.033260
vt 0.962699 0.004755
vt 0.962699 0.033260
vt 0.953140 0.004755
vt 0.925744 0.525456
vt 0.914905 0.561729
vt 0.914905 0.525456
vt 0.925744 0.561729
vt 0.913057 0.625237
vt 0.923896 0.661509
vt 0.923896 0.625237
vt 0.913057 0.661509
vt 0.914905 0.705857
vt 0.925744 0.669584
vt 0.925744 0.705857
vt 0.914905 0.669584
vt 0.927592 0.245756
vt 0.916752 0.209484
vt 0.927592 0.209484
vt 0.916752 0.245756
vt 0.024021 0.977325
vt 0.003709 0.997808
vt 0.003709 0.977325
vt 0.024021 0.997808
vt 0.934983 0.306593
vt 0.919791 0.341842
vt 0.919791 0.306593
vt 0.934983 0.341842
vt 0.430535 0.978464
vt 0.415600 0.995960
vt 0.415600 0.978464
vt 0.430535 0.995960
vt 0.166301 0.938678
vt 0.151110 0.903942
vt 0.166301 0.904283
vt 0.151110 0.938678
vt 0.968405 0.116371
vt 0.979330 0.092855
vt 0.979330 0.116411
vt 0.360553 0.011087
vt 0.367711 0.011087
vt 0.367295 0.002819
vt 0.942374 0.981178
vt 0.942374 0.957622
vt 0.931449 0.981138
vt 0.971938 0.766069
vt 0.962247 0.744599
vt 0.962247 0.770529
vt 0.463796 0.473612
vt 0.454864 0.489665
vt 0.454864 0.473612
vt 0.909114 0.709552
vt 0.900852 0.696497
vt 0.909114 0.691269
vt 0.694770 0.897700
vt 0.686762 0.912030
vt 0.694770 0.916505
vt 0.423670 0.619010
vt 0.434137 0.602596
vt 0.434231 0.619010
vt 0.699167 0.912809
vt 0.709552 0.909706
vt 0.699167 0.874952
vt 0.904272 0.123802
vt 0.914657 0.120699
vt 0.904272 0.085945
vt 0.912809 0.044347
vt 0.912809 0.006490
vt 0.902424 0.009593
vt 0.758296 0.916505
vt 0.768681 0.913401
vt 0.758296 0.878648
vt 0.914657 0.168149
vt 0.914657 0.130292
vt 0.904272 0.133395
vt 0.380893 0.753204
vt 0.391732 0.753204
vt 0.380893 0.807485
vt 0.973786 0.346114
vt 0.953132 0.373254
vt 0.953132 0.346114
vt 0.282906 0.913385
vt 0.299342 0.900877
vt 0.299342 0.934983
vt 0.439711 0.491257
vt 0.449013 0.528468
vt 0.439711 0.528468
vt 0.449013 0.491257
vt 0.439711 0.474017
vt 0.449013 0.474103
vt 0.570401 0.429404
vt 0.550575 0.375527
vt 0.574663 0.380383
vt 0.549207 0.425099
vt 0.574663 0.454557
vt 0.550848 0.448424
vt 0.202543 0.064227
vt 0.216349 0.059302
vt 0.200142 0.016234
vt 0.221735 0.086415
vt 0.200142 0.095161
vt 0.125615 0.753514
vt 0.142280 0.779768
vt 0.119104 0.779768
vt 0.139787 0.750230
vt 0.130945 0.721468
vt 0.521013 0.020070
vt 0.530316 0.020070
vt 0.521013 0.002830
vt 0.530316 0.057282
vt 0.521013 0.057282
vt 0.005480 0.528213
vt 0.014782 0.565424
vt 0.005480 0.565424
vt 0.014782 0.528213
vt 0.005480 0.510973
vt 0.581250 0.441795
vt 0.611619 0.393780
vt 0.578519 0.389885
vt 0.611614 0.432697
vt 0.611619 0.466567
vt 0.775792 0.595293
vt 0.798246 0.546003
vt 0.773417 0.541064
vt 0.797197 0.579370
vt 0.798246 0.596837
vt 0.493360 0.592710
vt 0.477180 0.591442
vt 0.476584 0.544154
vt 0.472338 0.607994
vt 0.493360 0.619010
vt 0.302370 0.248456
vt 0.314125 0.275321
vt 0.300659 0.272378
vt 0.314125 0.249210
vt 0.311249 0.228094
vt 0.365087 0.063143
vt 0.375071 0.064407
vt 0.365322 0.046057
vt 0.378797 0.090542
vt 0.365087 0.088866
vt 0.814876 0.321112
vt 0.801205 0.347861
vt 0.814876 0.352928
vt 0.807792 0.320008
vt 0.812778 0.302101
vt 0.390152 0.713813
vt 0.397342 0.714164
vt 0.384685 0.687157
vt 0.399123 0.746209
vt 0.384685 0.748356
vt 0.725150 0.241080
vt 0.755747 0.281470
vt 0.727249 0.284560
vt 0.755497 0.246549
vt 0.755747 0.222969
vt 0.557651 0.615734
vt 0.548772 0.614996
vt 0.551988 0.576376
vt 0.547547 0.648575
vt 0.564500 0.648575
vt 0.607059 0.263806
vt 0.597691 0.260091
vt 0.607923 0.230858
vt 0.591190 0.286652
vt 0.607923 0.306733
vt 0.327983 0.489012
vt 0.308849 0.485690
vt 0.317687 0.441864
vt 0.307278 0.514118
vt 0.327983 0.524773
vt 0.701237 0.400126
vt 0.691009 0.395997
vt 0.695390 0.360506
vt 0.686831 0.421331
vt 0.701237 0.426840
vt 0.461913 0.755362
vt 0.476085 0.752077
vt 0.467243 0.723316
vt 0.478578 0.781616
vt 0.455402 0.781616
vt 0.375788 0.507915
vt 0.395427 0.535558
vt 0.375788 0.550642
vt 0.384449 0.500486
vt 0.378848 0.468930
vt 0.612849 0.073109
vt 0.601977 0.098538
vt 0.617162 0.108096
vt 0.604429 0.070208
vt 0.617162 0.033569
vt 0.528365 0.564883
vt 0.544175 0.587829
vt 0.527590 0.607924
vt 0.537739 0.561275
vt 0.527590 0.531927
vt 0.195833 0.438294
vt 0.217116 0.464250
vt 0.195833 0.476730
vt 0.214578 0.432851
vt 0.201048 0.390485
vt 0.401495 0.544856
vt 0.416677 0.564211
vt 0.401169 0.576511
vt 0.410646 0.539178
vt 0.401169 0.498022
vt 0.216033 0.672527
vt 0.230050 0.693963
vt 0.216033 0.699389
vt 0.226338 0.668523
vt 0.222503 0.632969
vt 0.269063 0.545576
vt 0.288256 0.567764
vt 0.266663 0.576511
vt 0.282870 0.540652
vt 0.266663 0.497584
vt 0.600532 0.136167
vt 0.586707 0.132893
vt 0.593125 0.086876
vt 0.582853 0.157639
vt 0.600532 0.163530
vt 0.571971 0.543283
vt 0.550378 0.569672
vt 0.573739 0.574663
vt 0.550378 0.544296
vt 0.551303 0.495172
vt 0.641668 0.188534
vt 0.658738 0.203426
vt 0.640119 0.227278
vt 0.650265 0.181622
vt 0.640119 0.156257
vt 0.351080 0.602265
vt 0.335242 0.601515
vt 0.334068 0.555776
vt 0.334068 0.623181
vt 0.346936 0.628249
vt 0.471427 0.509964
vt 0.462664 0.502753
vt 0.472111 0.471413
vt 0.452370 0.537843
vt 0.472111 0.552490
vt 0.760770 0.820930
vt 0.777920 0.840745
vt 0.757096 0.840745
vt 0.776211 0.819415
vt 0.771491 0.792123
vt 0.831846 0.945199
vt 0.847952 0.941481
vt 0.851832 0.951613
vt 0.849618 0.920802
vt 0.831846 0.920666
vt 0.375102 0.593486
vt 0.359489 0.585434
vt 0.365229 0.543917
vt 0.357246 0.605540
vt 0.375102 0.619010
vt 0.790791 0.457997
vt 0.800094 0.457997
vt 0.790791 0.440757
vt 0.800094 0.495208
vt 0.790791 0.495208
vt 0.224787 0.503492
vt 0.261463 0.441796
vt 0.223222 0.445580
vt 0.261463 0.524773
vt 0.700593 0.069187
vt 0.725258 0.133965
vt 0.700593 0.126625
vt 0.724917 0.074905
vt 0.585750 0.472958
vt 0.568983 0.522674
vt 0.585489 0.535860
vt 0.568983 0.458152
vt 0.598684 0.172621
vt 0.583240 0.230708
vt 0.584333 0.163165
vt 0.598684 0.239289
vt 0.822557 0.258731
vt 0.848136 0.306733
vt 0.824472 0.299843
vt 0.848136 0.262433
vt 0.593414 0.821989
vt 0.611493 0.783420
vt 0.593414 0.776744
vt 0.615315 0.827811
vt 0.785764 0.818602
vt 0.809333 0.864767
vt 0.809333 0.821751
vt 0.786797 0.863747
vt 0.840745 0.694770
vt 0.806236 0.646921
vt 0.840745 0.645134
vt 0.804737 0.686153
vt 0.695621 0.651222
vt 0.715095 0.716943
vt 0.691266 0.699577
vt 0.715095 0.659161
vt 0.645324 0.127736
vt 0.666129 0.087140
vt 0.651710 0.078677
vt 0.666129 0.147823
vt 0.796398 0.330719
vt 0.774666 0.380360
vt 0.772204 0.324765
vt 0.796398 0.380645
vt 0.514516 0.971938
vt 0.535289 0.943433
vt 0.539555 0.971938
vt 0.518965 0.943452
vt 0.476553 0.423651
vt 0.508143 0.482731
vt 0.499235 0.428451
vt 0.476553 0.508143
vt 0.271625 0.665772
vt 0.247994 0.711506
vt 0.271625 0.721563
vt 0.250354 0.656422
vt 0.899874 0.126369
vt 0.878448 0.085314
vt 0.886338 0.127498
vt 0.899874 0.085327
vt 0.857137 0.733154
vt 0.881397 0.776701
vt 0.866249 0.777920
vt 0.881397 0.733373
vt 0.879474 0.965794
vt 0.858669 0.949438
vt 0.879549 0.955013
vt 0.858669 0.975634
vt 0.684869 0.959417
vt 0.707821 0.973886
vt 0.684869 0.984873
vt 0.709552 0.959388
vt 0.818027 0.823161
vt 0.835202 0.810215
vt 0.822022 0.837050
vt 0.818027 0.788155
vt 0.339740 0.474583
vt 0.369558 0.537270
vt 0.335393 0.548794
vt 0.369558 0.466889
vt 0.144128 0.091017
vt 0.133900 0.087917
vt 0.132273 0.045696
vt 0.132273 0.118259
vt 0.622771 0.820721
vt 0.644879 0.797127
vt 0.644879 0.840745
vt 0.635660 0.792043
vt 0.750203 0.822624
vt 0.727941 0.868462
vt 0.727941 0.823473
vt 0.749695 0.864040
vt 0.777920 0.131193
vt 0.751018 0.071239
vt 0.752456 0.121022
vt 0.777920 0.076224
vt 0.380645 0.189272
vt 0.345636 0.106965
vt 0.380645 0.100479
vt 0.345025 0.193094
vt 0.167225 0.523219
vt 0.143621 0.574810
vt 0.167225 0.587598
vt 0.144385 0.509260
vt 0.454557 0.002909
vt 0.415631 0.079998
vt 0.423575 0.003585
vt 0.454557 0.090542
vt 0.206509 0.710387
vt 0.239429 0.769843
vt 0.206509 0.770529
vt 0.242061 0.717847
vt 0.862919 0.631242
vt 0.845418 0.617048
vt 0.845418 0.655966
vt 0.853651 0.609764
vt 0.328907 0.530865
vt 0.291554 0.607923
vt 0.328907 0.602261
vt 0.296619 0.540552
vt 0.761428 0.266826
vt 0.798246 0.323364
vt 0.771419 0.317801
vt 0.798246 0.272115
vt 0.578359 0.082616
vt 0.543808 0.163530
vt 0.576537 0.150561
vt 0.543808 0.091631
vt 0.897963 0.990416
vt 0.907266 0.990416
vt 0.897963 0.973262
vt 0.147823 0.995960
vt 0.138521 0.995960
vt 0.138521 0.978805
vt 0.852993 0.056824
vt 0.883245 0.014794
vt 0.883245 0.059129
vt 0.135320 0.842593
vt 0.119742 0.793407
vt 0.151519 0.793407
vt 0.403344 0.666129
vt 0.407118 0.596958
vt 0.438850 0.666129
vt 0.623417 0.424432
vt 0.657814 0.424432
vt 0.653618 0.494284
vt 0.529032 0.899915
vt 0.537707 0.934983
vt 0.521384 0.934983
vt 0.240213 0.959004
vt 0.210719 0.939147
vt 0.240213 0.929076
vt 0.693846 0.507896
vt 0.671267 0.563576
vt 0.671267 0.496806
vt 0.973786 0.216192
vt 0.973786 0.190417
vt 0.960225 0.213501
vt 0.962481 0.334630
vt 0.971938 0.314547
vt 0.971938 0.339994
vt 0.977482 0.493917
vt 0.977482 0.519230
vt 0.961836 0.498219
vt 0.624554 0.938761
vt 0.611905 0.960852
vt 0.611905 0.930955
vt 0.168312 0.990416
vt 0.174030 0.969194
vt 0.182931 0.990416
vt 0.851832 0.962172
vt 0.836963 0.977482
vt 0.836963 0.952169
vt 0.003545 0.706834
vt 0.003545 0.766834
vt 0.022173 0.752843
vt 0.966952 0.859223
vt 0.980126 0.836214
vt 0.984873 0.859223
vt 0.351190 0.811242
vt 0.375102 0.765645
vt 0.375102 0.816724
vt 0.859223 0.358472
vt 0.834969 0.352621
vt 0.859223 0.311964
vt 0.336298 0.944222
vt 0.314304 0.941706
vt 0.336298 0.912885
vt 0.935316 0.003783
vt 0.947917 0.003783
vt 0.936150 0.035108
vt 0.920400 0.883245
vt 0.920400 0.847924
vt 0.931287 0.876899
vt 0.288256 0.974630
vt 0.273623 0.988569
vt 0.273623 0.966109
vt 0.033178 0.202954
vt 0.042499 0.205639
vt 0.033178 0.219887
vt 0.033703 0.968243
vt 0.033703 0.942326
vt 0.042499 0.964155
vt 0.814813 0.611575
vt 0.835202 0.633793
vt 0.835202 0.584218
vt 0.933135 0.392721
vt 0.922608 0.393347
vt 0.933135 0.426840
vt 0.918353 0.084998
vt 0.918353 0.048395
vt 0.908941 0.080242
vt 0.982007 0.506295
vt 0.982007 0.488658
vt 0.990416 0.493609
vt 0.208032 0.215938
vt 0.239289 0.240213
vt 0.127278 0.240213
vt 0.002552 0.239289
vt 0.099448 0.202825
vt 0.114563 0.239289
vt 0.947917 0.833484
vt 0.947917 0.864767
vt 0.927713 0.856221
vt 0.951613 0.084998
vt 0.939963 0.056089
vt 0.951613 0.054582
vt 0.341976 0.943338
vt 0.365863 0.964615
vt 0.341976 0.971938
vt 0.888404 0.977482
vt 0.888404 0.951533
vt 0.903570 0.953233
vt 0.584316 0.931143
vt 0.602380 0.953352
vt 0.584316 0.960852
vt 0.671776 0.096353
vt 0.695694 0.035782
vt 0.695694 0.102553
vt 0.938175 0.044051
vt 0.947917 0.017345
vt 0.947917 0.048043
vt 0.028706 0.463822
vt 0.035108 0.442213
vt 0.035108 0.471187
vt 0.903570 0.079455
vt 0.903570 0.040553
vt 0.889750 0.077211
vt 0.937711 0.408088
vt 0.947917 0.383308
vt 0.947917 0.413905
vt 0.946069 0.739389
vt 0.936423 0.713662
vt 0.936423 0.744660
vt 0.992264 0.470595
vt 0.978625 0.484121
vt 0.978625 0.463840
vt 0.954475 0.047092
vt 0.966395 0.066521
vt 0.966395 0.039747
vt 0.949748 0.962672
vt 0.964547 0.939201
vt 0.964547 0.966395
vt 0.188819 0.805762
vt 0.179888 0.805762
vt 0.188819 0.821212
vt 0.179888 0.821212
vt 0.189061 0.821212
vt 0.179888 0.837265
vt 0.189061 0.837265
vt 0.189061 0.853680
vt 0.199562 0.837265
vt 0.199562 0.853680
vt 0.799632 0.402316
vt 0.808642 0.398519
vt 0.802642 0.384282
vt 0.814876 0.413312
vt 0.805867 0.417109
vt 0.811496 0.432484
vt 0.804977 0.417484
vt 0.803122 0.436079
vt 0.799632 0.428577
vt 0.933721 0.226008
vt 0.944222 0.242061
vt 0.933721 0.242061
vt 0.944222 0.226008
vt 0.944222 0.210558
vt 0.927592 0.893167
vt 0.916752 0.929439
vt 0.927592 0.929439
vt 0.916752 0.893167
vt 0.970398 0.544339
vt 0.979129 0.528176
vt 0.970198 0.528288
vt 0.979330 0.544228
vt 0.970198 0.552490
vt 0.981177 0.584368
vt 0.970338 0.607923
vt 0.981007 0.607923
vt 0.970253 0.584368
vt 0.022174 0.223583
vt 0.021208 0.208133
vt 0.021208 0.223583
vt 0.022174 0.208133
vt 0.845418 0.975127
vt 0.853680 0.969898
vt 0.853068 0.988569
vt 0.853680 0.988182
vt 0.187509 0.164453
vt 0.188475 0.148401
vt 0.187509 0.148401
vt 0.188475 0.164453
vt 0.964547 0.287467
vt 0.954988 0.315972
vt 0.964547 0.315972
vt 0.954988 0.287467
vt 0.552737 0.931287
vt 0.563576 0.895015
vt 0.563576 0.931287
vt 0.552737 0.895015
vt 0.918600 0.038804
vt 0.929439 0.002531
vt 0.918600 0.002531
vt 0.929439 0.038804
vt 0.513934 0.809333
vt 0.524773 0.755052
vt 0.524773 0.796104
vt 0.513934 0.755052
vt 0.807485 0.701466
vt 0.796646 0.755747
vt 0.807485 0.742518
vt 0.796646 0.701466
vt 0.345550 0.995960
vt 0.365863 0.975477
vt 0.345550 0.975477
vt 0.365863 0.995960
vt 0.641031 0.994112
vt 0.655966 0.976616
vt 0.641031 0.976616
vt 0.655966 0.994112
vt 0.403052 0.354776
vt 0.410210 0.354776
vt 0.409794 0.346508
vt 0.034692 0.492483
vt 0.035108 0.500752
vt 0.027950 0.500752
vt 0.968405 0.740925
vt 0.979330 0.717408
vt 0.979330 0.740964
vt 0.964095 0.582054
vt 0.964095 0.556124
vt 0.973786 0.577595
vt 0.785312 0.992264
vt 0.785312 0.974418
vt 0.777579 0.987794
vt 0.257726 0.215553
vt 0.258691 0.215508
vt 0.258691 0.230974
vt 0.984873 0.033260
vt 0.976865 0.028785
vt 0.984873 0.014456
vt 0.040651 0.572815
vt 0.040558 0.556401
vt 0.030090 0.572815
vt 0.951613 0.455904
vt 0.951613 0.485969
vt 0.942550 0.458943
vt 0.953461 0.107828
vt 0.944398 0.110868
vt 0.944398 0.080802
vt 0.907967 0.169096
vt 0.918353 0.203849
vt 0.907967 0.206953
vt 0.923896 0.093073
vt 0.923896 0.129345
vt 0.913057 0.093073
vt 0.582302 0.889471
vt 0.593141 0.925744
vt 0.582302 0.925744
vt 0.043201 0.069315
vt 0.053586 0.104069
vt 0.043201 0.107172
vt 0.902424 0.327414
vt 0.912809 0.324310
vt 0.912809 0.362167
vt 0.264936 0.218986
vt 0.264936 0.256843
vt 0.275321 0.253740
vt 0.923896 0.728714
vt 0.913057 0.728714
vt 0.923896 0.764986
vt 0.611867 0.889471
vt 0.611867 0.925744
vt 0.622706 0.925744
vt 0.904272 0.440129
vt 0.914657 0.474883
vt 0.914657 0.437025
vt 0.310101 0.948494
vt 0.310101 0.975634
vt 0.330755 0.948494
vt 0.936831 0.206953
vt 0.936831 0.172847
vt 0.920395 0.185355
vt 0.118121 0.581804
vt 0.134889 0.532087
vt 0.134628 0.594989
vt 0.118121 0.517281
vt 0.172106 0.593799
vt 0.187551 0.535712
vt 0.173199 0.526256
vt 0.187551 0.602380
vt 0.851743 0.116411
vt 0.874005 0.070573
vt 0.851743 0.071421
vt 0.873497 0.111988
vt 0.354875 0.202126
vt 0.389884 0.284434
vt 0.389884 0.195640
vt 0.354264 0.288256
vt 0.219381 0.574810
vt 0.242985 0.523219
vt 0.242985 0.587598
vt 0.220145 0.509260
vt 0.253147 0.224507
vt 0.253147 0.112496
vt 0.228873 0.143753
vt 0.242061 0.002552
vt 0.205596 0.017667
vt 0.242061 0.114563
vt 0.617162 0.003555
vt 0.601971 0.003555
vt 0.601971 0.038804
vt 0.773815 0.933135
vt 0.789007 0.897887
vt 0.773815 0.897887
vt 0.899027 0.712290
vt 0.899027 0.750203
vt 0.912809 0.718690
vt 0.189913 0.936830
vt 0.205105 0.936830
vt 0.189913 0.902094
s 1
usemtl TidusBodyMat
f 1/1/1 3/3/3 2/2/2
f 2/2/2 4/4/4 1/1/1
f 5/5/5 7/7/7 6/6/6
f 6/6/6 8/8/8 5/5/5
f 9/9/9 11/11/11 10/10/10
f 10/10/10 12/12/12 9/9/9
f 13/13/13 15/15/15 14/14/14
f 14/14/14 16/16/16 13/13/13
f 17/17/17 19/19/19 18/18/18
f 18/18/18 20/20/20 17/17/17
f 21/21/21 23/23/23 22/22/22
f 24/24/24 26/26/26 25/25/25
f 27/27/27 29/29/29 28/28/28
f 28/28/28 30/30/30 27/27/27
f 31/31/31 33/33/33 32/32/32
f 32/32/32 34/34/34 31/31/31
f 35/35/35 37/37/37 36/36/36
f 36/36/36 38/38/38 35/35/35
f 39/39/39 41/41/41 40/40/40
f 40/40/40 42/42/42 39/39/39
f 43/43/43 45/45/45 44/44/44
f 44/44/44 46/46/46 43/43/43
f 47/47/47 49/49/49 48/48/48
f 50/50/50 52/52/52 51/51/51
f 53/53/53 55/55/55 54/54/54
f 56/56/53 58/58/57 57/57/56
f 59/59/58 61/61/60 60/60/59
f 60/60/59 62/62/61 59/59/58
f 63/63/62 65/65/64 64/64/63
f 64/64/63 66/66/65 63/63/62
f 67/67/66 69/69/68 68/68/67
f 68/68/67 70/70/69 67/67/66
f 71/71/70 73/73/71 72/72/71
f 72/72/71 74/74/72 71/71/70
f 75/75/73 71/71/70 74/74/72
f 76/76/74 78/78/76 77/77/75
f 77/77/75 79/79/77 76/76/74
f 80/80/78 76/76/74 79/79/77
f 81/81/79 83/83/81 82/82/80
f 82/82/80 84/84/82 81/81/79
f 85/85/82 81/81/79 84/84/82
f 86/86/83 88/88/85 87/87/84
f 87/87/84 89/89/86 86/86/83
f 90/90/87 86/86/83 89/89/86
f 91/91/88 93/93/90 92/92/89
f 92/92/89 94/94/91 91/91/88
f 95/95/92 97/97/94 96/96/93
f 96/96/93 98/98/95 95/95/92
f 99/99/96 101/101/98 100/100/97
f 100/100/97 102/102/99 99/99/96
f 103/103/100 105/105/102 104/104/101
f 104/104/101 106/106/103 103/103/100
f 107/107/104 109/109/106 108/108/105
f 108/108/105 110/110/107 107/107/104
f 111/111/108 113/113/110 112/112/109
f 112/112/109 114/114/111 111/111/108
f 115/115/112 117/117/114 116/116/113
f 116/116/113 118/118/115 115/115/112
f 119/119/116 121/121/118 120/120/117
f 122/122/119 124/124/121 123/123/120
f 125/125/122 127/127/124 126/126/123
f 128/128/125 130/130/127 129/129/126
f 131/131/128 133/133/130 132/132/129
f 134/134/131 136/136/133 135/135/132
f 137/137/132 139/139/133 138/138/134
f 140/140/135 142/142/137 141/141/136
f 143/143/138 145/145/140 144/144/139
f 146/146/141 148/148/143 147/147/142
f 147/147/142 149/149/144 146/146/141
f 150/150/145 146/146/141 149/149/144
f 151/151/146 153/153/148 152/152/147
f 152/152/147 154/154/149 151/151/146
f 155/155/150 157/157/152 156/156/151
f 156/156/151 158/158/153 155/155/150
f 159/159/154 161/161/156 160/160/155
f 160/160/155 162/162/157 159/159/154
f 163/163/158 165/165/160 164/164/159
f 166/166/161 168/168/163 167/167/162
f 169/169/164 171/171/166 170/170/165
f 172/172/167 174/174/169 173/173/168
f 173/173/168 175/175/170 172/172/167
f 176/176/171 172/172/167 175/175/170
f 177/177/172 179/179/174 178/178/173
f 178/178/173 180/180/175 177/177/172
f 181/181/176 177/177/172 180/180/175
f 182/182/177 184/184/179 183/183/178
f 183/183/178 185/185/180 182/182/177
f 186/186/181 182/182/177 185/185/180
f 187/187/182 189/189/184 188/188/183
f 188/188/183 190/190/185 187/187/182
f 191/191/186 187/187/182 190/190/185
f 192/192/187 194/194/189 193/193/188
f 193/193/188 195/195/190 192/192/187
f 196/196/191 192/192/187 195/195/190
f 197/197/192 199/199/194 198/198/193
f 198/198/193 200/200/195 197/197/192
f 201/201/196 197/197/192 200/200/195
f 202/202/197 204/204/199 203/203/198
f 203/203/198 205/205/200 202/202/197
f 206/206/201 202/202/197 205/205/200
f 207/207/202 209/209/204 208/208/203
f 208/208/203 210/210/205 207/207/202
f 211/211/206 207/207/202 210/210/205
f 212/212/207 214/214/209 213/213/208
f 213/213/208 215/215/210 212/212/207
f 216/216/211 218/218/213 217/217/212
f 217/217/212 219/219/214 216/216/211
f 220/220/215 222/222/217 221/221/216
f 221/221/216 223/223/218 220/220/215
f 224/224/219 226/226/221 225/225/220
f 225/225/220 227/227/222 224/224/219
f 228/228/223 230/230/225 229/229/224
f 229/229/224 231/231/226 228/228/223
f 232/232/113 234/234/228 233/233/227
f 233/233/227 235/235/229 232/232/113
f 236/236/230 238/238/232 237/237/231
f 239/239/233 241/241/235 240/240/234
f 242/242/236 244/244/238 243/243/237
f 245/245/239 247/247/240 246/246/230
f 248/248/209 250/250/242 249/249/241
f 251/251/243 253/253/245 252/252/244
f 254/254/246 256/256/248 255/255/247
f 257/257/249 259/259/251 258/258/250
f 258/258/250 260/260/252 257/257/249
f 261/261/253 257/257/249 260/260/252
f 260/260/252 262/262/254 261/261/253
f 263/263/255 265/265/257 264/264/256
f 264/264/256 266/266/258 263/263/255
f 267/267/259 263/263/255 266/266/258
f 266/266/258 268/268/260 267/267/259
f 269/269/261 271/271/263 270/270/262
f 270/270/262 272/272/264 269/269/261
f 273/273/265 269/269/261 272/272/264
f 274/274/266 276/276/268 275/275/267
f 275/275/267 277/277/269 274/274/266
f 278/278/270 274/274/266 277/277/269
f 279/279/271 281/281/273 280/280/272
f 280/280/272 282/282/274 279/279/271
f 283/283/275 279/279/271 282/282/274
f 284/284/276 286/286/278 285/285/277
f 285/285/277 287/287/279 284/284/276
f 288/288/280 290/290/282 289/289/281
f 289/289/281 291/291/283 288/288/280
f 292/292/284 294/294/286 293/293/285
f 295/295/287 297/297/289 296/296/288
f 296/296/288 298/298/290 295/295/287
f 299/299/291 295/295/287 298/298/290
f 300/300/292 302/302/294 301/301/293
f 303/303/295 305/305/297 304/304/296
f 304/304/296 306/306/298 303/303/295
f 307/307/299 303/303/295 306/306/298
f 308/308/300 310/310/302 309/309/301
f 309/309/301 311/311/303 308/308/300
f 312/312/304 308/308/300 311/311/303
f 313/313/305 315/315/307 314/314/306
f 314/314/306 316/316/308 313/313/305
f 317/317/309 313/313/305 316/316/308
f 318/318/310 320/320/312 319/319/311
f 319/319/311 321/321/313 318/318/310
f 322/322/314 318/318/310 321/321/313
f 323/323/315 325/325/317 324/324/316
f 324/324/316 326/326/318 323/323/315
f 327/327/319 323/323/315 326/326/318
f 328/328/320 330/330/322 329/329/321
f 329/329/321 331/331/284 328/328/320
f 332/332/323 334/334/325 333/333/324
f 333/333/324 335/335/326 332/332/323
f 336/336/327 338/338/329 337/337/328
f 337/337/328 339/339/330 336/336/327
f 340/340/331 342/342/333 341/341/332
f 341/341/332 343/343/334 340/340/331
f 344/344/335 346/346/337 345/345/336
f 345/345/336 347/347/338 344/344/335
f 348/348/339 350/350/341 349/349/340
f 349/349/340 351/351/342 348/348/339
f 352/352/343 354/354/345 353/353/344
f 353/353/344 355/355/346 352/352/343
f 356/356/347 358/358/349 357/357/348
f 357/357/348 359/359/350 356/356/347
f 360/360/351 362/362/353 361/361/352
f 363/363/354 365/365/356 364/364/355
f 366/366/357 368/368/359 367/367/358
f 369/369/358 371/371/361 370/370/360
f 372/372/362 374/374/364 373/373/363
f 375/375/365 377/377/367 376/376/366
f 378/378/368 380/380/370 379/379/369
f 381/381/371 383/383/373 382/382/372
f 384/384/374 386/386/334 385/385/375
f 387/387/376 389/389/378 388/388/377
f 388/388/377 390/390/379 387/387/376
f 391/391/379 393/393/381 392/392/380
f 394/394/382 396/396/384 395/395/383
f 397/397/385 399/399/387 398/398/386
f 400/400/388 402/402/390 401/401/389
f 403/403/391 405/405/393 404/404/392
f 404/404/392 406/406/394 403/403/391
f 407/407/395 403/403/391 406/406/394
f 406/406/394 408/408/396 407/407/395
f 409/409/397 407/407/395 408/408/396
f 410/410/398 412/412/400 411/411/399
f 411/411/399 413/413/401 410/410/398
f 414/414/402 410/410/398 413/413/401
f 415/415/403 417/417/405 416/416/404
f 416/416/404 418/418/406 415/415/403
f 419/419/407 415/415/403 418/418/406
f 420/420/408 422/422/410 421/421/409
f 421/421/409 423/423/411 420/420/408
f 424/424/412 420/420/408 423/423/411
f 425/425/413 427/427/415 426/426/414
f 426/426/414 428/428/416 425/425/413
f 429/429/417 431/431/419 430/430/418
f 430/430/418 432/432/420 429/429/417
f 433/433/421 435/435/423 434/434/422
f 434/434/422 436/436/424 433/433/421
f 437/437/425 439/439/427 438/438/426
f 438/438/426 440/440/428 437/437/425
f 441/441/429 443/443/431 442/442/430
f 442/442/430 444/444/432 441/441/429
f 445/445/433 447/447/435 446/446/434
f 446/446/434 448/448/436 445/445/433
f 449/449/437 451/451/439 450/450/438
f 450/450/438 452/452/440 449/449/437
f 453/453/441 455/455/443 454/454/442
f 456/456/444 458/458/446 457/457/445
f 459/459/447 461/461/449 460/460/448
f 462/462/450 464/464/452 463/463/451
f 465/465/453 467/467/455 466/466/454
f 468/468/456 470/470/458 469/469/457
f 471/471/459 473/473/461 472/472/460
f 474/474/462 476/476/464 475/475/463
f 477/477/465 479/479/467 478/478/466
f 480/480/468 482/482/470 481/481/469
f 483/483/471 485/485/473 484/484/472
f 486/486/474 488/488/476 487/487/475
f 489/489/477 491/491/479 490/490/478
f 492/492/480 494/494/482 493/493/481
f 495/495/410 497/497/484 496/496/483
f 498/498/485 500/500/487 499/499/486
f 501/501/488 503/503/490 502/502/489
f 502/502/489 504/504/491 501/501/488
f 505/505/492 501/501/488 504/504/491
f 506/506/493 508/508/440 507/507/494
f 507/507/494 509/509/495 506/506/493
f 510/510/496 506/506/493 509/509/495
f 511/511/497 513/513/499 512/512/498
f 512/512/498 514/514/500 511/511/497
f 515/515/440 511/511/497 514/514/500
f 516/516/501 518/518/503 517/517/502
f 517/517/502 519/519/504 516/516/501
f 520/520/505 516/516/501 519/519/504
f 521/521/506 523/523/508 522/522/507
f 522/522/507 524/524/509 521/521/506
f 525/525/510 521/521/506 524/524/509
f 526/526/511 528/528/513 527/527/512
f 527/527/512 529/529/514 526/526/511
f 530/530/466 526/526/511 529/529/514
f 531/531/515 533/533/517 532/532/516
f 532/532/516 534/534/467 531/531/515
f 535/535/518 531/531/515 534/534/467
f 536/536/519 538/538/400 537/537/520
f 537/537/520 539/539/521 536/536/519
f 540/540/522 542/542/524 541/541/523
f 541/541/523 543/543/525 540/540/522
f 544/544/526 546/546/528 545/545/527
f 545/545/527 547/547/529 544/544/526
f 548/548/530 550/550/532 549/549/531
f 549/549/531 551/551/533 548/548/530
f 552/552/534 554/554/536 553/553/535
f 553/553/535 555/555/400 552/552/534
f 556/556/537 558/558/539 557/557/538
f 557/557/538 559/559/540 556/556/537
f 560/560/523 562/562/542 561/561/541
f 563/563/543 565/565/544 564/564/523
f 566/566/545 568/568/547 567/567/546
f 569/569/548 571/571/490 570/570/549
f 572/572/519 574/574/551 573/573/550
f 575/575/552 577/577/554 576/576/553
f 578/578/555 580/580/556 579/579/335
f 579/579/335 581/581/557 578/578/555
f 582/582/558 584/584/560 583/583/559
f 583/583/559 585/585/561 582/582/558
f 586/586/562 582/582/558 585/585/561
f 585/585/561 587/587/563 586/586/562
f 588/588/564 586/586/562 587/587/563
f 587/587/563 589/589/565 588/588/564
f 590/590/566 588/588/564 589/589/565
f 589/589/565 591/591/567 590/590/566
f 592/589/568 590/590/566 591/591/567
f 591/591/567 593/592/569 592/589/568
f 594/593/570 592/589/568 593/592/569
f 593/592/569 595/594/571 594/593/570
f 596/595/572 594/593/570 595/594/571
f 595/594/571 597/596/573 596/595/572
f 598/597/574 596/595/572 597/596/573
f 597/596/573 599/598/575 598/597/574
f 600/599/576 598/597/574 599/598/575
f 599/598/575 601/600/577 600/599/576
f 602/601/578 600/599/576 601/600/577
f 601/600/577 603/602/579 602/601/578
f 604/603/580 602/601/578 603/602/579
f 603/602/579 605/604/581 604/603/580
f 606/605/582 604/603/580 605/604/581
f 605/604/581 607/606/583 606/605/582
f 608/607/584 606/605/582 607/606/583
f 607/606/583 609/608/585 608/607/584
f 610/609/586 608/607/584 609/608/585
f 609/608/585 611/610/587 610/609/586
f 612/611/588 610/609/586 611/610/587
f 611/610/587 613/612/589 612/611/588
f 614/613/590 612/611/588 613/612/589
f 613/612/589 615/614/591 614/613/590
f 616/615/592 614/613/590 615/614/591
f 615/614/591 617/616/593 616/615/592
f 618/617/594 616/615/592 617/616/593
f 617/616/593 619/618/595 618/617/594
f 620/619/596 618/617/594 619/618/595
f 619/618/595 621/620/597 620/619/596
f 622/621/598 620/619/596 621/620/597
f 621/620/597 623/622/599 622/621/598
f 624/623/600 622/621/598 623/622/599
f 623/622/599 625/624/601 624/623/600
f 626/625/602 624/623/600 625/624/601
f 625/624/601 627/626/603 626/625/602
f 628/627/604 626/625/602 627/626/603
f 627/626/603 629/625/605 628/627/604
f 630/628/606 628/627/604 629/625/605
f 629/625/605 631/629/607 630/628/606
f 632/630/608 630/628/606 631/629/607
f 631/629/607 633/631/609 632/630/608
f 634/632/610 636/634/612 635/633/611
f 635/633/611 637/635/613 634/632/610
f 638/636/614 634/632/610 637/635/613
f 637/635/613 639/637/615 638/636/614
f 640/638/616 638/636/614 639/637/615
f 639/637/615 641/639/617 640/638/616
f 642/640/618 644/642/620 643/641/619
f 643/641/619 645/643/621 642/640/618
f 646/644/622 642/640/618 645/643/621
f 645/643/621 647/645/623 646/644/622
f 648/646/624 646/644/622 647/645/623
f 647/645/623 649/647/625 648/646/624
f 650/648/626 648/646/624 649/647/625
f 649/647/625 651/649/627 650/648/626
f 652/650/628 650/648/626 651/649/627
f 651/649/627 653/651/629 652/650/628
f 654/652/630 652/650/628 653/651/629
f 653/651/629 655/653/631 654/652/630
f 656/654/632 654/652/630 655/653/631
f 655/653/631 657/655/633 656/654/632
f 658/656/634 656/654/632 657/655/633
f 657/655/633 659/657/635 658/656/634
f 660/658/636 658/656/634 659/657/635
f 659/657/635 661/659/637 660/658/636
f 662/660/638 660/658/636 661/659/637
f 661/659/637 663/661/639 662/660/638
f 664/662/640 662/660/638 663/661/639
f 663/661/639 665/663/641 664/662/640
f 666/664/642 664/662/640 665/663/641
f 665/663/641 667/665/643 666/664/642
f 668/666/644 666/664/642 667/665/643
f 667/665/643 669/667/645 668/666/644
f 670/668/646 668/666/644 669/667/645
f 669/667/645 671/669/647 670/668/646
f 672/670/648 670/668/646 671/669/647
f 671/669/647 673/671/649 672/670/648
f 674/672/650 672/670/648 673/671/649
f 673/671/649 675/673/651 674/672/650
f 676/674/652 674/672/650 675/673/651
f 675/673/651 677/675/653 676/674/652
f 678/676/654 676/674/652 677/675/653
f 677/675/653 679/677/655 678/676/654
f 680/675/656 678/676/654 679/677/655
f 679/677/655 681/678/657 680/675/656
f 682/679/658 680/675/656 681/678/657
f 681/678/657 683/680/659 682/679/658
f 684/681/660 682/679/658 683/680/659
f 685/682/661 687/684/663 686/683/662
f 686/683/662 688/685/664 685/682/661
f 689/686/665 685/682/661 688/685/664
f 688/685/664 690/687/666 689/686/665
f 691/688/667 689/686/665 690/687/666
f 690/687/666 692/689/668 691/688/667
f 693/690/669 691/688/667 692/689/668
f 692/689/668 694/691/670 693/690/669
f 695/692/671 693/690/669 694/691/670
f 694/691/670 696/693/672 695/692/671
f 697/694/673 695/692/671 696/693/672
f 696/693/672 698/695/674 697/694/673
f 699/696/675 697/694/673 698/695/674
f 698/695/674 700/697/676 699/696/675
f 701/698/677 699/696/675 700/697/676
f 702/699/678 704/701/680 703/700/679
f 703/700/679 705/702/681 702/699/678
f 706/703/682 702/699/678 705/702/681
f 705/702/681 707/704/683 706/703/682
f 708/705/684 706/703/682 707/704/683
f 707/704/683 709/706/685 708/705/684
f 710/707/686 708/705/684 709/706/685
f 709/706/685 711/708/687 710/707/686
f 712/709/688 710/707/686 711/708/687
f 711/708/687 713/710/689 712/709/688
f 714/711/690 712/709/688 713/710/689
f 713/710/689 715/712/691 714/711/690
f 716/713/692 714/711/690 715/712/691
f 715/712/691 717/714/693 716/713/692
f 718/715/694 716/713/692 717/714/693
f 717/714/693 719/716/695 718/715/694
f 720/717/696 718/715/694 719/716/695
f 719/716/695 721/718/697 720/717/696
f 722/716/698 720/717/696 721/718/697
f 721/718/697 723/719/699 722/716/698
f 724/720/700 722/716/698 723/719/699
f 723/719/699 725/721/701 724/720/700
f 726/722/702 724/720/700 725/721/701
f 725/721/701 727/720/703 726/722/702
f 728/723/704 726/722/702 727/720/703
f 727/720/703 729/712/705 728/723/704
f 730/710/706 728/723/704 729/712/705
f 731/724/707 733/726/709 732/725/708
f 732/725/708 734/727/710 731/724/707
f 735/728/711 731/724/707 734/727/710
f 734/727/710 736/729/712 735/728/711
f 737/730/713 735/728/711 736/729/712
f 736/729/712 738/731/714 737/730/713
f 739/732/715 737/730/713 738/731/714
f 738/731/714 740/733/716 739/732/715
f 741/734/717 739/732/715 740/733/716
f 740/733/716 742/735/718 741/734/717
f 743/736/719 741/734/717 742/735/718
f 742/735/718 744/737/720 743/736/719
f 745/738/721 743/736/719 744/737/720
f 744/737/720 746/739/722 745/738/721
f 747/740/723 745/738/721 746/739/722
f 746/739/722 748/741/724 747/740/723
f 749/742/725 751/744/727 750/743/726
f 750/743/726 752/745/728 749/742/725
f 753/746/729 749/742/725 752/745/728
f 752/745/728 754/747/730 753/746/729
f 755/748/731 753/746/729 754/747/730
f 754/747/730 756/749/732 755/748/731
f 757/750/733 755/748/731 756/749/732
f 756/749/732 758/751/734 757/750/733
f 759/752/735 757/750/733 758/751/734
f 758/751/734 760/753/736 759/752/735
f 761/754/737 759/752/735 760/753/736
f 762/755/738 764/757/740 763/756/739
f 763/756/739 765/758/741 762/755/738
f 766/759/742 762/755/738 765/758/741
f 765/758/741 767/760/743 766/759/742
f 768/758/744 766/759/742 767/760/743
f 767/760/743 769/761/745 768/758/744
f 770/762/746 768/758/744 769/761/745
f 769/761/745 771/763/747 770/762/746
f 772/764/748 770/762/746 771/763/747
f 771/763/747 773/765/749 772/764/748
f 774/766/750 772/764/748 773/765/749
f 773/765/749 775/767/751 774/766/750
f 776/768/752 774/766/750 775/767/751
f 775/767/751 777/769/753 776/768/752
f 778/767/754 776/768/752 777/769/753
f 779/770/755 781/772/757 780/771/756
f 780/771/756 782/773/758 779/770/755
f 783/774/759 779/770/755 782/773/758
f 782/773/758 784/775/760 783/774/759
f 785/770/761 783/774/759 784/775/760
f 784/775/760 786/776/762 785/770/761
f 787/772/763 785/770/761 786/776/762
f 786/776/762 788/777/764 787/772/763
f 789/778/765 787/772/763 788/777/764
f 788/777/764 790/779/766 789/778/765
f 791/771/767 789/778/765 790/779/766
f 790/779/766 792/780/768 791/771/767
f 793/781/769 791/771/767 792/780/768
f 792/780/768 794/782/770 793/781/769
f 795/783/771 793/781/769 794/782/770
f 796/784/772 798/786/774 797/785/773
f 797/785/773 799/787/775 796/784/772
f 800/788/776 796/784/772 799/787/775
f 799/787/775 801/789/777 800/788/776
f 802/790/778 800/788/776 801/789/777
f 801/789/777 803/791/779 802/790/778
f 804/792/780 802/790/778 803/791/779
f 803/791/779 805/790/781 804/792/780
f 806/793/782 804/792/780 805/790/781
f 805/790/781 807/794/783 806/793/782
f 808/795/784 806/793/782 807/794/783
f 807/794/783 809/796/785 808/795/784
f 810/797/786 808/795/784 809/796/785
f 809/796/785 811/798/787 810/797/786
f 812/799/788 814/801/790 813/800/789
f 813/800/789 815/802/791 812/799/788
f 816/803/792 812/799/788 815/802/791
f 815/802/791 817/804/793 816/803/792
f 818/805/794 816/803/792 817/804/793
f 817/804/793 819/806/795 818/805/794
f 820/807/796 818/805/794 819/806/795
f 819/806/795 821/808/797 820/807/796
f 822/809/798 820/807/796 821/808/797
f 821/808/797 823/810/799 822/809/798
f 824/811/800 822/809/798 823/810/799
f 823/810/799 825/812/801 824/811/800
f 826/813/802 828/815/804 827/814/803
f 827/814/803 829/816/805 826/813/802
f 830/817/806 826/813/802 829/816/805
f 829/816/805 831/818/807 830/817/806
f 832/819/808 830/817/806 831/818/807
f 831/818/807 833/820/809 832/819/808
f 834/821/810 832/819/808 833/820/809
f 833/820/809 835/822/811 834/821/810
f 836/823/812 834/821/810 835/822/811
f 835/822/811 837/817/813 836/823/812
f 838/824/814 836/823/812 837/817/813
f 837/817/813 839/823/815 838/824/814
f 840/825/816 842/827/818 841/826/817
f 841/826/817 843/828/819 840/825/816
f 844/829/820 840/825/816 843/828/819
f 845/830/821 847/832/823 846/831/822
f 846/831/822 848/833/824 845/830/821
f 849/834/825 845/830/821 848/833/824
f 848/833/824 850/835/826 849/834/825
f 851/836/827 849/834/825 850/835/826
f 850/835/826 852/837/828 851/836/827
f 853/838/829 851/836/827 852/837/828
f 852/837/828 854/839/830 853/838/829
f 855/840/831 853/838/829 854/839/830
f 854/839/830 856/841/832 855/840/831
f 857/842/833 859/844/835 858/843/834
f 858/843/834 860/845/836 857/842/833
f 861/846/837 857/842/833 860/845/836
f 860/845/836 862/847/838 861/846/837
f 863/848/839 861/846/837 862/847/838
f 862/847/838 864/846/840 863/848/839
f 865/849/841 863/848/839 864/846/840
f 864/846/840 866/850/842 865/849/841
f 867/851/843 865/849/841 866/850/842
f 868/852/844 870/854/846 869/853/845
f 869/853/845 871/855/847 868/852/844
f 872/856/848 868/852/844 871/855/847
f 871/855/847 873/856/849 872/856/848
f 874/857/850 872/856/848 873/856/849
f 873/856/849 875/858/851 874/857/850
f 876/859/852 874/857/850 875/858/851
f 875/858/851 877/860/853 876/859/852
f 878/861/854 876/859/852 877/860/853
f 879/862/855 881/864/857 880/863/856
f 880/863/856 882/865/858 879/862/855
f 883/866/859 879/862/855 882/865/858
f 882/865/858 884/867/860 883/866/859
f 885/868/861 883/866/859 884/867/860
f 884/867/860 886/869/862 885/868/861
f 887/870/863 885/868/861 886/869/862
f 886/869/862 888/871/864 887/870/863
f 889/872/865 887/870/863 888/871/864
f 890/873/866 892/875/868 891/874/867
f 891/874/867 893/876/869 890/873/866
f 894/877/870 890/873/866 893/876/869
f 893/876/869 895/878/871 894/877/870
f 896/879/872 894/877/870 895/878/871
f 895/878/871 897/880/873 896/879/872
f 898/881/874 896/879/872 897/880/873
f 897/880/873 899/882/875 898/881/874
f 900/883/876 898/881/874 899/882/875
f 901/884/877 903/886/879 902/885/878
f 902/885/878 904/887/880 901/884/877
f 905/888/881 901/884/877 904/887/880
f 904/887/880 906/889/882 905/888/881
f 907/886/883 905/888/881 906/889/882
f 906/889/882 908/890/884 907/886/883
f 909/891/885 907/886/883 908/890/884
f 908/890/884 910/892/886 909/891/885
f 911/893/887 909/891/885 910/892/886
f 912/894/888 914/896/890 913/895/889
f 913/895/889 915/897/891 912/894/888
f 916/898/892 912/894/888 915/897/891
f 915/897/891 917/899/893 916/898/892
f 918/900/894 916/898/892 917/899/893
f 917/899/893 919/901/895 918/900/894
f 920/902/896 918/900/894 919/901/895
f 919/901/895 921/903/897 920/902/896
f 922/901/898 920/902/896 921/903/897
f 923/904/899 925/906/901 924/905/900
f 924/905/900 926/907/902 923/904/899
f 927/908/903 923/904/899 926/907/902
f 926/907/902 928/909/904 927/908/903
f 929/910/905 927/908/903 928/909/904
f 928/909/904 930/911/906 929/910/905
f 931/912/907 929/910/905 930/911/906
f 930/911/906 932/913/908 931/912/907
f 933/914/909 935/916/911 934/915/910
f 934/915/910 936/917/912 933/914/909
f 937/918/913 933/914/909 936/917/912
f 936/917/912 938/919/914 937/918/913
f 939/920/915 941/922/917 940/921/916
f 940/921/916 942/923/918 939/920/915
f 943/924/919 939/920/915 942/923/918
f 942/923/918 944/925/920 943/924/919
f 945/926/921 943/924/919 944/925/920
f 944/925/920 946/927/922 945/926/921
f 947/928/923 945/926/921 946/927/922
f 948/929/924 950/931/926 949/930/925
f 949/930/925 951/932/927 948/929/924
f 952/933/928 948/929/924 951/932/927
f 951/932/927 953/934/929 952/933/928
f 954/935/930 952/933/928 953/934/929
f 953/934/929 955/936/931 954/935/930
f 956/937/932 954/935/930 955/936/931
f 957/938/933 959/940/935 958/939/934
f 958/939/934 960/941/936 957/938/933
f 961/942/937 957/938/933 960/941/936
f 960/941/936 962/943/938 961/942/937
f 963/944/939 961/942/937 962/943/938
f 962/943/938 964/945/940 963/944/939
f 965/946/941 963/944/939 964/945/940
f 966/947/942 968/949/944 967/948/943
f 967/948/943 969/950/945 966/947/942
f 970/951/946 966/947/942 969/950/945
f 969/950/945 971/952/947 970/951/946
f 972/953/948 970/951/946 971/952/947
f 971/952/947 973/954/949 972/953/948
f 974/952/950 972/953/948 973/954/949
f 975/955/951 977/957/953 976/956/952
f 976/956/952 978/958/954 975/955/951
f 979/959/955 975/955/951 978/958/954
f 978/958/954 980/960/956 979/959/955
f 981/958/957 979/959/955 980/960/956
f 980/960/956 982/961/958 981/958/957
f 983/956/959 981/958/957 982/961/958
f 984/962/733 986/964/961 985/963/960
f 985/963/960 987/965/962 984/962/733
f 988/966/963 984/962/733 987/965/962
f 987/965/962 989/967/964 988/966/963
f 990/968/869 992/970/966 991/969/965
f 991/969/965 993/971/967 990/968/869
f 994/972/968 990/968/869 993/971/967
f 993/971/967 995/973/969 994/972/968
f 996/974/970 994/972/968 995/973/969
f 995/973/969 997/975/971 996/974/970
f 998/976/972 996/974/970 997/975/971
f 999/977/973 1001/979/975 1000/978/974
f 1000/978/974 1002/980/976 999/977/973
f 1003/981/977 999/977/973 1002/980/976
f 1002/980/976 1004/982/978 1003/981/977
f 1005/983/979 1003/981/977 1004/982/978
f 1004/982/978 1006/984/980 1005/983/979
f 1007/985/981 1005/983/979 1006/984/980
f 1008/986/982 1010/988/984 1009/987/983
f 1009/987/983 1011/989/985 1008/986/982
f 1012/990/986 1008/986/982 1011/989/985
f 1011/989/985 1013/991/987 1012/990/986
f 1014/992/988 1012/990/986 1013/991/987
f 1013/991/987 1015/993/989 1014/992/988
f 1016/994/990 1014/992/988 1015/993/989
f 1017/995/991 1019/997/993 1018/996/992
f 1018/996/992 1020/998/994 1017/995/991
f 1021/999/995 1017/995/991 1020/998/994
f 1020/998/994 1022/1000/996 1021/999/995
f 1023/1001/997 1025/1003/999 1024/1002/998
f 1024/1002/998 1026/1004/1000 1023/1001/997
f 1027/1005/1001 1023/1001/997 1026/1004/1000
f 1026/1004/1000 1028/1006/1002 1027/1005/1001
f 1029/1007/1003 1027/1005/1001 1028/1006/1002
f 1028/1006/1002 1030/1008/1004 1029/1007/1003
f 1031/1009/1005 1029/1007/1003 1030/1008/1004
f 1032/1010/1006 1034/1012/1008 1033/1011/1007
f 1033/1011/1007 1035/1013/1009 1032/1010/1006
f 1036/1014/1010 1032/1010/1006 1035/1013/1009
f 1035/1013/1009 1037/1015/1011 1036/1014/1010
f 1038/1016/1012 1036/1014/1010 1037/1015/1011
f 1037/1015/1011 1039/1017/1013 1038/1016/1012
f 1040/1018/1014 1042/1020/1016 1041/1019/1015
f 1041/1019/1015 1043/1021/1017 1040/1018/1014
f 1044/1019/1018 1040/1018/1014 1043/1021/1017
f 1043/1021/1017 1045/1022/1019 1044/1019/1018
f 1046/1023/1020 1044/1019/1018 1045/1022/1019
f 1045/1022/1019 1047/1024/1021 1046/1023/1020
f 1048/1025/1022 1050/1027/1024 1049/1026/1023
f 1049/1026/1023 1051/1028/1025 1048/1025/1022
f 1052/1029/1026 1048/1025/1022 1051/1028/1025
f 1051/1028/1025 1053/1030/1027 1052/1029/1026
f 1054/1031/1028 1052/1029/1026 1053/1030/1027
f 1053/1030/1027 1055/1032/1029 1054/1031/1028
f 1056/1033/1030 1058/1035/1032 1057/1034/1031
f 1057/1034/1031 1059/1036/1033 1056/1033/1030
f 1060/1037/1034 1056/1033/1030 1059/1036/1033
f 1059/1036/1033 1061/1038/1035 1060/1037/1034
f 1062/1039/1036 1060/1037/1034 1061/1038/1035
f 1063/1040/1037 1065/1042/1039 1064/1041/1038
f 1064/1041/1038 1066/1043/1040 1063/1040/1037
f 1067/1044/1041 1063/1040/1037 1066/1043/1040
f 1066/1043/1040 1068/1045/1042 1067/1044/1041
f 1069/1046/1043 1067/1044/1041 1068/1045/1042
f 1070/1047/1044 1072/1049/1046 1071/1048/1045
f 1071/1048/1045 1073/1050/1047 1070/1047/1044
f 1074/1051/1048 1070/1047/1044 1073/1050/1047
f 1073/1050/1047 1075/1052/1049 1074/1051/1048
f 1076/1053/1050 1074/1051/1048 1075/1052/1049
f 1077/1054/1051 1079/1056/1053 1078/1055/1052
f 1078/1055/1052 1080/1057/1054 1077/1054/1051
f 1081/1058/1055 1077/1054/1051 1080/1057/1054
f 1080/1057/1054 1082/1059/1056 1081/1058/1055
f 1083/1060/1057 1081/1058/1055 1082/1059/1056
f 1084/1061/1058 1086/1063/1060 1085/1062/1059
f 1085/1062/1059 1087/1064/1061 1084/1061/1058
f 1088/1065/1062 1084/1061/1058 1087/1064/1061
f 1087/1064/1061 1089/1066/1063 1088/1065/1062
f 1090/1067/1064 1088/1065/1062 1089/1066/1063
f 1091/1068/1065 1093/1070/1067 1092/1069/1066
f 1092/1069/1066 1094/1071/1068 1091/1068/1065
f 1095/1072/1069 1091/1068/1065 1094/1071/1068
f 1094/1071/1068 1096/1073/1070 1095/1072/1069
f 1097/1074/1071 1095/1072/1069 1096/1073/1070
f 1098/1075/1072 1100/1077/1074 1099/1076/1073
f 1099/1076/1073 1101/1078/1075 1098/1075/1072
f 1102/1079/1076 1098/1075/1072 1101/1078/1075
f 1101/1078/1075 1103/1080/1077 1102/1079/1076
f 1104/1081/1078 1102/1079/1076 1103/1080/1077
f 1105/1082/1079 1107/1084/1081 1106/1083/1080
f 1106/1083/1080 1108/1085/1082 1105/1082/1079
f 1109/1086/1083 1111/1088/1085 1110/1087/1084
f 1110/1087/1084 1112/1089/1086 1109/1086/1083
f 1113/1090/1087 1109/1086/1083 1112/1089/1086
f 1112/1089/1086 1114/1091/1088 1113/1090/1087
f 1115/1092/1089 1113/1090/1087 1114/1091/1088
f 1116/1093/1090 1118/1095/1092 1117/1094/1091
f 1117/1094/1091 1119/1096/1093 1116/1093/1090
f 1120/1097/1094 1116/1093/1090 1119/1096/1093
f 1119/1096/1093 1121/1098/1095 1120/1097/1094
f 1122/1099/1096 1120/1097/1094 1121/1098/1095
f 1123/1100/1097 1125/1102/1099 1124/1101/1098
f 1124/1101/1098 1126/1103/1100 1123/1100/1097
f 1127/1104/1101 1123/1100/1097 1126/1103/1100
f 1126/1103/1100 1128/1105/1102 1127/1104/1101
f 1129/1106/1103 1127/1104/1101 1128/1105/1102
f 1130/1107/1104 1132/1109/1106 1131/1108/1105
f 1131/1108/1105 1133/1109/1107 1130/1107/1104
f 1134/1110/1108 1130/1107/1104 1133/1109/1107
f 1133/1109/1107 1135/1111/1109 1134/1110/1108
f 1136/1112/1110 1134/1110/1108 1135/1111/1109
f 1137/1113/1111 1139/1115/1113 1138/1114/1112
f 1138/1114/1112 1140/1116/1114 1137/1113/1111
f 1141/1117/1115 1137/1113/1111 1140/1116/1114
f 1140/1116/1114 1142/1118/1116 1141/1117/1115
f 1143/1119/1117 1141/1117/1115 1142/1118/1116
f 1144/1120/1118 1146/1122/1120 1145/1121/1119
f 1145/1121/1119 1147/1123/1121 1144/1120/1118
f 1148/1124/1122 1150/1126/1124 1149/1125/1123
f 1149/1125/1123 1151/1127/1125 1148/1124/1122
f 1152/1125/1126 1148/1124/1122 1151/1127/1125
f 1151/1127/1125 1153/1128/1127 1152/1125/1126
f 1154/1129/1128 1156/1131/1130 1155/1130/1129
f 1155/1130/1129 1157/1132/1131 1154/1129/1128
f 1158/1133/1132 1154/1129/1128 1157/1132/1131
f 1157/1132/1131 1159/1134/1133 1158/1133/1132
f 1160/1135/1134 1162/1137/1136 1161/1136/1135
f 1161/1136/1135 1163/1138/1137 1160/1135/1134
f 1164/1139/1138 1160/1135/1134 1163/1138/1137
f 1163/1138/1137 1165/1140/1139 1164/1139/1138
f 1166/1141/1140 1168/1143/1142 1167/1142/1141
f 1167/1142/1141 1169/1144/1143 1166/1141/1140
f 1170/1145/1144 1166/1141/1140 1169/1144/1143
f 1169/1144/1143 1171/1146/828 1170/1145/1144
f 1172/1147/1145 1174/1149/1147 1173/1148/1146
f 1173/1148/1146 1175/1150/1148 1172/1147/1145
f 1176/1151/1149 1172/1147/1145 1175/1150/1148
f 1175/1150/1148 1177/1147/1150 1176/1151/1149
f 1178/1152/1151 1180/1154/1153 1179/1153/1152
f 1179/1153/1152 1181/1155/1154 1178/1152/1151
f 1182/1156/1155 1178/1152/1151 1181/1155/1154
f 1181/1155/1154 1183/1157/1156 1182/1156/1155
f 1184/1158/1157 1186/1160/1159 1185/1159/1158
f 1185/1159/1158 1187/1161/1160 1184/1158/1157
f 1188/1162/1161 1184/1158/1157 1187/1161/1160
f 1187/1161/1160 1189/1163/1162 1188/1162/1161
f 1190/1164/1163 1192/1166/1165 1191/1165/1164
f 1191/1165/1164 1193/1167/1166 1190/1164/1163
f 1194/1168/1167 1190/1164/1163 1193/1167/1166
f 1195/1169/1168 1197/1171/1170 1196/1170/1169
f 1196/1170/1169 1198/1172/1171 1195/1169/1168
f 1199/1173/1172 1195/1169/1168 1198/1172/1171
f 1198/1172/1171 1200/1174/1173 1199/1173/1172
f 1201/1175/1174 1203/1177/1176 1202/1176/1175
f 1202/1176/1175 1204/1178/1177 1201/1175/1174
f 1205/1179/1178 1201/1175/1174 1204/1178/1177
f 1206/1180/1179 1208/1182/1181 1207/1181/1180
f 1207/1181/1180 1209/1183/1182 1206/1180/1179
f 1210/1184/1183 1206/1180/1179 1209/1183/1182
f 1211/1185/1184 1213/1187/400 1212/1186/1185
f 1212/1186/1185 1214/1188/1186 1211/1185/1184
f 1215/1189/1187 1211/1185/1184 1214/1188/1186
f 1216/1190/1188 1218/1192/1189 1217/1191/440
f 1217/1191/440 1219/1193/503 1216/1190/1188
f 1220/1194/1190 1216/1190/1188 1219/1193/503
f 1221/1195/265 1223/1197/1192 1222/1196/1191
f 1222/1196/1191 1224/1198/1193 1221/1195/265
f 1225/1199/1194 1221/1195/265 1224/1198/1193
f 1226/1200/1195 1228/1202/1197 1227/1201/1196
f 1227/1201/1196 1229/1203/1198 1226/1200/1195
f 1230/1204/1199 1226/1200/1195 1229/1203/1198
f 1231/1205/1200 1233/1207/1202 1232/1206/1201
f 1232/1206/1201 1234/1208/1203 1231/1205/1200
f 1235/1209/482 1231/1205/1200 1234/1208/1203
f 1236/1210/1204 1238/1212/1206 1237/1211/1205
f 1237/1211/1205 1239/1213/1207 1236/1210/1204
f 1240/1214/1208 1236/1210/1204 1239/1213/1207
f 1241/1215/1209 1243/1217/1211 1242/1216/1210
f 1242/1216/1210 1244/1218/1212 1241/1215/1209
f 1245/1219/1213 1241/1215/1209 1244/1218/1212
f 1246/1220/1214 1248/1222/1216 1247/1221/1215
f 1247/1221/1215 1249/1223/1217 1246/1220/1214
f 1250/1224/1218 1246/1220/1214 1249/1223/1217
f 1251/1225/1219 1253/1227/1220 1252/1226/101
f 1252/1226/101 1254/1228/1221 1251/1225/1219
f 1255/1229/1222 1251/1225/1219 1254/1228/1221
f 1256/1230/1223 1258/1232/1225 1257/1231/1224
f 1257/1231/1224 1259/1233/1226 1256/1230/1223
f 1260/1234/1227 1256/1230/1223 1259/1233/1226
f 1261/1235/1228 1263/1237/1230 1262/1236/1229
f 1262/1236/1229 1264/1238/1231 1261/1235/1228
f 1265/1239/1232 1261/1235/1228 1264/1238/1231
f 1266/1240/1233 1268/1242/1235 1267/1241/1234
f 1267/1241/1234 1269/1243/1236 1266/1240/1233
f 1270/1244/1237 1266/1240/1233 1269/1243/1236
f 1271/1245/1238 1273/1247/1240 1272/1246/1239
f 1272/1246/1239 1274/1248/101 1271/1245/1238
f 1275/1249/1241 1271/1245/1238 1274/1248/101
f 1276/1250/1242 1278/1252/1244 1277/1251/1243
f 1277/1251/1243 1279/1252/1245 1276/1250/1242
f 1280/1253/1246 1276/1250/1242 1279/1252/1245
f 1281/1254/1247 1283/1256/1249 1282/1255/1248
f 1282/1255/1248 1284/1257/1250 1281/1254/1247
f 1285/1255/1251 1281/1254/1247 1284/1257/1250
f 1286/1258/1252 1288/1260/1254 1287/1259/1253
f 1287/1259/1253 1289/1261/1255 1286/1258/1252
f 1290/1262/1256 1286/1258/1252 1289/1261/1255
f 1291/1263/1257 1293/1265/1259 1292/1264/1258
f 1292/1264/1258 1294/1266/1260 1291/1263/1257
f 1295/1267/1261 1291/1263/1257 1294/1266/1260
f 1296/1268/1262 1298/1270/1264 1297/1269/1263
f 1297/1269/1263 1299/1270/1265 1296/1268/1262
f 1300/1271/1266 1296/1268/1262 1299/1270/1265
f 1301/1272/1267 1303/1274/1269 1302/1273/1268
f 1302/1273/1268 1304/1275/1270 1301/1272/1267
f 1305/1273/1271 1301/1272/1267 1304/1275/1270
f 1306/1276/1272 1308/1278/1274 1307/1277/1273
f 1307/1277/1273 1309/1279/1275 1306/1276/1272
f 1310/1280/1276 1306/1276/1272 1309/1279/1275
f 1311/1281/1277 1313/1283/1279 1312/1282/1278
f 1312/1282/1278 1314/1284/1280 1311/1281/1277
f 1315/1285/1281 1311/1281/1277 1314/1284/1280
f 1316/1286/821 1318/1288/1283 1317/1287/1282
f 1317/1287/1282 1319/1289/1284 1316/1286/821
f 1320/1290/823 1316/1286/821 1319/1289/1284
f 1321/1291/1285 1323/1293/1287 1322/1292/1286
f 1322/1292/1286 1324/1294/1288 1321/1291/1285
f 1325/1295/1289 1321/1291/1285 1324/1294/1288
f 1326/1296/1290 1328/1298/1292 1327/1297/1291
f 1327/1297/1291 1329/1299/1293 1326/1296/1290
f 1330/1300/1294 1326/1296/1290 1329/1299/1293
f 1331/1301/1295 1333/1303/1297 1332/1302/1296
f 1332/1302/1296 1334/1304/1298 1331/1301/1295
f 1335/1305/1299 1337/1307/1301 1336/1306/1300
f 1336/1306/1300 1338/1308/1302 1335/1305/1299
f 1339/1309/1303 1341/1311/1305 1340/1310/1304
f 1340/1310/1304 1342/1312/1306 1339/1309/1303
f 1343/1313/1307 1345/1315/1309 1344/1314/1308
f 1344/1314/1308 1346/1316/1310 1343/1313/1307
f 1347/1317/1311 1349/1319/1313 1348/1318/1312
f 1348/1318/1312 1350/1320/1314 1347/1317/1311
f 1351/1321/1315 1353/1323/1317 1352/1322/1316
f 1352/1322/1316 1354/1324/1318 1351/1321/1315
f 1355/1325/1319 1357/1327/1321 1356/1326/1320
f 1356/1326/1320 1358/1328/1322 1355/1325/1319
f 1359/1329/1323 1361/1331/1325 1360/1330/1324
f 1360/1330/1324 1362/1332/1326 1359/1329/1323
f 1363/1333/1327 1365/1335/1329 1364/1334/1328
f 1364/1334/1328 1366/1336/1330 1363/1333/1327
f 1367/1337/1331 1369/1339/1333 1368/1338/1332
f 1368/1338/1332 1370/1340/1334 1367/1337/1331
f 1371/1341/1335 1373/1343/1337 1372/1342/1336
f 1372/1342/1336 1374/1344/1338 1371/1341/1335
f 1375/1345/1339 1377/1347/1341 1376/1346/1340
f 1376/1346/1340 1378/1348/1342 1375/1345/1339
f 1379/1349/1343 1381/1351/1345 1380/1350/1344
f 1380/1350/1344 1382/1352/1346 1379/1349/1343
f 1383/1353/419 1385/1355/428 1384/1354/1347
f 1384/1354/1347 1386/1356/1348 1383/1353/419
f 1387/1357/1349 1389/1359/1351 1388/1358/1350
f 1388/1358/1350 1390/1360/1352 1387/1357/1349
f 1391/1361/1353 1393/1363/1355 1392/1362/1354
f 1392/1362/1354 1394/1364/1356 1391/1361/1353
f 1395/1365/1357 1397/1367/1359 1396/1366/1358
f 1396/1366/1358 1398/1368/1360 1395/1365/1357
f 1399/1369/1361 1401/1371/1363 1400/1370/1362
f 1400/1370/1362 1402/1372/1364 1399/1369/1361
f 1403/1373/1365 1405/1375/1367 1404/1374/1366
f 1404/1374/1366 1406/1375/1368 1403/1373/1365
f 1407/1376/1369 1409/1378/1371 1408/1377/1370
f 1408/1377/1370 1410/1379/1372 1407/1376/1369
f 1411/1380/1373 1413/1382/1374 1412/1381/1225
f 1412/1381/1225 1414/1383/1375 1411/1380/1373
f 1415/1384/1376 1417/1386/1378 1416/1385/1377
f 1416/1385/1377 1418/1387/1379 1415/1384/1376
f 1419/1388/1380 1421/1390/1382 1420/1389/1381
f 1420/1389/1381 1422/1391/1383 1419/1388/1380
f 1423/1392/1384 1425/1394/1386 1424/1393/1385
f 1424/1393/1385 1426/1395/1387 1423/1392/1384
f 1427/1396/1388 1429/1398/1390 1428/1397/1389
f 1428/1397/1389 1430/1399/1391 1427/1396/1388
f 1431/1400/1392 1433/1402/1394 1432/1401/1393
f 1432/1401/1393 1434/1403/1395 1431/1400/1392
f 1435/1404/1396 1437/1406/1398 1436/1405/1397
f 1436/1405/1397 1438/1407/1399 1435/1404/1396
f 1439/1408/1400 1441/1410/1402 1440/1409/1401
f 1440/1409/1401 1442/1411/1403 1439/1408/1400
f 1443/1412/1404 1445/1414/1406 1444/1413/1405
f 1444/1413/1405 1446/1415/1407 1443/1412/1404
f 1447/1416/1408 1449/1418/1410 1448/1417/1409
f 1448/1417/1409 1450/1419/1411 1447/1416/1408
f 1451/1420/1412 1453/1422/1414 1452/1421/1413
f 1452/1421/1413 1454/1423/1415 1451/1420/1412
f 1455/1424/1416 1457/1426/1418 1456/1425/1417
f 1456/1425/1417 1458/1427/1419 1455/1424/1416
f 1459/1428/1420 1461/1430/1422 1460/1429/1421
f 1460/1429/1421 1462/1431/1423 1459/1428/1420
f 1463/1432/1424 1465/1434/1426 1464/1433/1425
f 1464/1433/1425 1466/1435/1427 1463/1432/1424
f 1467/1436/1428 1469/1438/1430 1468/1437/1429
f 1468/1437/1429 1470/1439/1431 1467/1436/1428
f 1471/1440/1432 1473/1442/1434 1472/1441/1433
f 1472/1441/1433 1474/1443/1435 1471/1440/1432
f 1475/1444/1436 1477/1446/1438 1476/1445/1437
f 1476/1445/1437 1478/1447/1439 1475/1444/1436
f 1479/1448/1440 1481/1450/1437 1480/1449/1441
f 1480/1449/1441 1482/1451/1442 1479/1448/1440
f 1483/1452/1443 1485/1454/1445 1484/1453/1444
f 1484/1453/1444 1486/1455/1446 1483/1452/1443
f 1487/1456/285 1489/1458/1448 1488/1457/1447
f 1488/1457/1447 1490/1459/1449 1487/1456/285
f 1491/1460/1450 1493/1462/1452 1492/1461/1451
f 1492/1461/1451 1494/1463/1453 1491/1460/1450
f 1495/1464/1454 1497/1466/1456 1496/1465/1455
f 1496/1465/1455 1498/1467/1457 1495/1464/1454
f 1499/1468/1458 1501/1470/265 1500/1469/1459
f 1500/1469/1459 1502/1471/1460 1499/1468/1458
f 1503/1472/1461 1505/1474/1463 1504/1473/1462
f 1504/1473/1462 1506/1475/1464 1503/1472/1461
f 1507/1476/1465 1509/1478/1467 1508/1477/1466
f 1508/1477/1466 1510/1479/1468 1507/1476/1465
f 1511/1480/1469 1513/1482/1356 1512/1481/1470
f 1512/1481/1470 1514/1483/1471 1511/1480/1469
f 1515/1484/1472 1517/1486/1474 1516/1485/1473
f 1516/1485/1473 1518/1487/1475 1515/1484/1472
f 1519/1488/1476 1521/1490/1478 1520/1489/1477
f 1520/1489/1477 1522/1491/1479 1519/1488/1476
f 1523/1492/1480 1525/1494/1482 1524/1493/1481
f 1524/1493/1481 1526/1495/525 1523/1492/1480
f 1527/1496/1483 1529/1498/1484 1528/1497/440
f 1528/1497/440 1530/1499/1485 1527/1496/1483
f 1531/1500/1486 1533/1502/1488 1532/1501/1487
f 1532/1501/1487 1534/1503/1489 1531/1500/1486
f 1535/1504/1490 1537/1506/101 1536/1505/1491
f 1536/1505/1491 1538/1507/1492 1535/1504/1490
f 1539/1508/1493 1541/1510/1495 1540/1509/1494
f 1540/1509/1494 1542/1511/1496 1539/1508/1493
f 1543/1512/1497 1545/1514/1499 1544/1513/1498
f 1544/1513/1498 1546/1515/1500 1543/1512/1497
f 1547/1516/1501 1549/1518/1503 1548/1517/1502
f 1548/1517/1502 1550/1519/1504 1547/1516/1501
f 1551/1520/1505 1553/1522/1507 1552/1521/1506
f 1552/1521/1506 1554/1523/1508 1551/1520/1505
f 1555/1524/1509 1557/1526/1511 1556/1525/1510
f 1556/1525/1510 1558/1527/1512 1555/1524/1509
f 1559/1528/1513 1561/1530/1515 1560/1529/1514
f 1560/1529/1514 1562/1531/1516 1559/1528/1513
f 1563/1532/1517 1565/1534/1519 1564/1533/1518
f 1564/1533/1518 1566/1535/1520 1563/1532/1517
f 1567/1536/1521 1569/1538/1523 1568/1537/1522
f 1568/1537/1522 1570/1539/1524 1567/1536/1521
f 1571/1540/1525 1573/1542/1527 1572/1541/1526
f 1572/1541/1526 1574/1543/1528 1571/1540/1525
f 1575/1544/1529 1577/1546/1531 1576/1545/1530
f 1576/1545/1530 1578/1547/1532 1575/1544/1529
f 1579/1548/1533 1581/1550/1535 1580/1549/1534
f 1580/1549/1534 1582/1551/1536 1579/1548/1533
f 1583/1552/1537 1585/1554/1539 1584/1553/1538
f 1584/1553/1538 1586/1555/1540 1583/1552/1537
f 1587/1556/1541 1589/1558/1543 1588/1557/1542
f 1588/1557/1542 1590/1559/1544 1587/1556/1541
f 1591/1560/1545 1593/1562/1547 1592/1561/1546
f 1592/1561/1546 1594/1563/1548 1591/1560/1545
f 1595/1564/1549 1597/1566/1551 1596/1565/1550
f 1596/1565/1550 1598/1566/1552 1595/1564/1549
f 1599/1567/1553 1601/1569/1555 1600/1568/1554
f 1600/1568/1554 1602/1570/1556 1599/1567/1553
f 1603/1571/1557 1605/1573/1559 1604/1572/1558
f 1604/1572/1558 1606/1574/1560 1603/1571/1557
f 1607/1575/1561 1609/1577/1563 1608/1576/1562
f 1608/1576/1562 1610/1578/1564 1607/1575/1561
f 1611/1579/1565 1613/1581/1567 1612/1580/1566
f 1612/1580/1566 1614/1582/1568 1611/1579/1565
f 1615/1583/1569 1617/1585/1570 1616/1584/911
f 1618/1586/1571 1620/1588/1573 1619/1587/1572
f 1621/1589/1574 1623/1591/1576 1622/1590/1575
f 1624/1592/1577 1626/1594/1579 1625/1593/1578
f 1627/1595/1580 1629/1597/1581 1628/1596/400
f 1630/1598/1582 1632/1600/1584 1631/1599/1583
f 1633/1601/1585 1635/1603/1587 1634/1602/1586
f 1636/1604/1588 1638/1606/1590 1637/1605/1589
f 1639/1607/1591 1641/1609/519 1640/1608/1592
f 1642/1610/1593 1644/1612/1595 1643/1611/1594
f 1645/1613/1596 1647/1615/1598 1646/1614/1597
f 1648/1616/1599 1650/1618/1601 1649/1617/1600
f 1651/1619/1602 1653/1621/1604 1652/1620/1603
f 1654/1622/1605 1656/1623/1607 1655/1623/1606
f 1657/1624/1608 1659/1626/1610 1658/1625/1609
f 1660/1627/1611 1662/1629/1613 1661/1628/1612
f 1663/1630/1614 1665/1632/1616 1664/1631/1615
f 1666/1633/1617 1668/1633/1619 1667/1634/1618
f 1669/1635/1620 1671/1635/1622 1670/1636/1621
f 1672/1637/1623 1674/1639/1625 1673/1638/1624
f 1675/1640/1626 1677/1642/1628 1676/1641/1627
f 1678/1643/1629 1680/1645/1631 1679/1644/1630
f 1681/1646/1632 1683/1648/1634 1682/1647/1633
f 1684/1649/1635 1686/1651/1637 1685/1650/1636
f 1687/1652/1638 1689/1654/1640 1688/1653/1639
f 1690/1655/1641 1692/1657/1643 1691/1656/1642
f 1693/1658/1644 1695/1660/1645 1694/1659/1261
f 1696/1661/1646 1698/1662/1648 1697/1661/1647
f 1699/1663/1649 1701/1664/1651 1700/1663/1650
f 1702/1665/1652 1704/1667/1654 1703/1666/1653
f 1705/1668/1655 1707/1670/1657 1706/1669/1656
f 1708/1671/1658 1710/1673/866 1709/1672/1659
f 1711/1674/1660 1713/1676/1662 1712/1675/1661
f 1714/1677/1663 1716/1679/1665 1715/1678/1664
f 1717/1680/1666 1719/1682/1668 1718/1681/1667
f 1720/1683/1669 1722/1685/1671 1721/1684/1670
f 1723/1686/1672 1725/1688/1674 1724/1687/1673
f 1726/1689/1675 1728/1691/1677 1727/1690/1676
f 1729/1692/1678 1731/1694/1680 1730/1693/1679
f 1732/1695/1681 1734/1697/1682 1733/1696/1336
f 1735/1698/1683 1737/1700/1685 1736/1699/1684
f 1738/1701/1686 1740/1703/1687 1739/1702/1337
f 1741/1704/1688 1743/1706/1690 1742/1705/1689
f 1744/1707/288 1746/1709/1692 1745/1708/1691
f 1747/1710/1693 1749/1712/1695 1748/1711/1694
f 1750/1713/1696 1752/1715/297 1751/1714/1697
f 1753/1716/1698 1755/1718/1700 1754/1717/1699
f 1756/1719/1701 1758/1721/1702 1757/1720/285
f 1759/1722/1703 1761/1724/1705 1760/1723/1704
f 1762/1725/533 1764/1727/1707 1763/1726/1706
f 1765/1728/1708 1767/1730/1709 1766/1729/514
f 1768/1731/1710 1770/1733/1712 1769/1732/1711
f 1771/1734/1713 1773/1736/1715 1772/1735/1714
f 1774/1737/117 1776/1739/1717 1775/1738/1716
f 1777/1740/1718 1779/1742/1720 1778/1741/1719
f 1780/1743/1721 1782/1745/1136 1781/1744/1722
f 1783/1746/1723 1785/1748/1725 1784/1747/1724
f 1786/1749/1726 1788/1751/1728 1787/1750/1727
f 1789/1752/1729 1791/1754/1727 1790/1753/1582
f 1792/1755/1730 1794/1757/533 1793/1756/1706
f 1795/1758/1731 1797/1760/1732 1796/1759/1481
f 1798/1761/1733 1800/1763/1735 1799/1762/1734
f 1801/1764/1736 1803/1766/503 1802/1765/1737
f 1804/1767/1738 1806/1769/1740 1805/1768/1739
f 1807/1770/1741 1809/1772/1223 1808/1771/1742
f 1810/1773/1743 1812/1775/1745 1811/1774/1744
f 1813/1776/1746 1815/1778/1747 1814/1777/1223
f 1816/1779/1748 1818/1781/1750 1817/1780/1749
f 1819/1782/1751 1821/1784/1753 1820/1783/1752
f 1822/1785/1754 1824/1787/1755 1823/1786/44
f 1825/1788/1756 1827/1790/1754 1826/1789/1757
f 1828/1791/1758 1830/1793/1121 1829/1792/1759
f 1831/1794/1760 1833/1796/1762 1832/1795/1761
f 1834/1797/1763 1836/1799/1765 1835/1798/1764
f 1837/1800/1766 1839/1802/1768 1838/1801/1767
f 1840/1803/1769 1842/1805/1771 1841/1804/1770
f 1843/1806/865 1845/1808/1773 1844/1807/1772
f 1846/1809/1774 1848/1811/1775 1847/1810/96
f 1849/1812/1776 1851/1814/1778 1850/1813/1777
f 1852/1815/1779 1854/1817/1781 1853/1816/1780
f 1855/1818/1782 1857/1820/1784 1856/1819/1783
f 1858/1821/1785 1860/1823/1787 1859/1822/1786
f 1861/1824/1788 1863/1826/1790 1862/1825/1789
f 1864/1827/1791 1866/1829/1793 1865/1828/1792
f 1867/1830/1794 1869/1832/1796 1868/1831/1795
f 1870/1833/1797 1872/1835/1799 1871/1834/1798
f 1873/1836/1800 1875/1838/1802 1874/1837/1801
f 1876/1839/1803 1878/1841/1805 1877/1840/1804
f 1879/1842/1806 1881/1844/1808 1880/1843/1807
f 1882/1845/1809 1884/1847/1811 1883/1846/1810
f 1883/1846/1810 1885/1848/1812 1882/1845/1809
f 1886/1849/1813 1882/1845/1809 1885/1848/1812
f 1885/1848/1812 1887/1850/1814 1886/1849/1813
f 1888/1851/1815 1886/1849/1813 1887/1850/1814
f 1887/1850/1814 1889/1852/1816 1888/1851/1815
f 1890/1853/1817 1888/1851/1815 1889/1852/1816
f 1889/1852/1816 1891/1854/1818 1890/1853/1817
f 1892/1855/1819 1890/1853/1817 1891/1854/1818
f 1891/1854/1818 1893/1856/1820 1892/1855/1819
f 1894/1857/1821 1892/1855/1819 1893/1856/1820
f 1893/1856/1820 1895/1858/1822 1894/1857/1821
f 1896/1859/1823 1894/1857/1821 1895/1858/1822
f 1895/1858/1822 1897/1860/1824 1896/1859/1823
f 1898/1861/1825 1896/1859/1823 1897/1860/1824
f 1897/1860/1824 1899/1862/1826 1898/1861/1825
f 1900/1860/1827 1898/1861/1825 1899/1862/1826
f 1899/1862/1826 1901/1863/1828 1900/1860/1827
f 1902/1858/1829 1900/1860/1827 1901/1863/1828
f 1901/1863/1828 1903/1864/1830 1902/1858/1829
f 1904/1856/1831 1902/1858/1829 1903/1864/1830
f 1903/1864/1830 1905/1865/1832 1904/1856/1831
f 1906/1854/1833 1904/1856/1831 1905/1865/1832
f 1905/1865/1832 1907/1866/1834 1906/1854/1833
f 1908/1852/1835 1906/1854/1833 1907/1866/1834
f 1907/1866/1834 1909/1867/1836 1908/1852/1835
f 1910/1868/1837 1908/1852/1835 1909/1867/1836
f 1909/1867/1836 1911/1869/1838 1910/1868/1837
f 1914/1870/1839 1912/1872/1841 1913/1871/1840
f 1913/1871/1840 1915/1873/1842 1914/1870/1839
f 1916/1874/1843 1914/1870/1839 1915/1873/1842
f 1915/1873/1842 1917/1875/1844 1916/1874/1843
f 1918/1876/1845 1916/1874/1843 1917/1875/1844
f 1919/1877/1846 1921/1879/1848 1920/1878/1847
f 1922/1877/1849 1920/1878/1847 1921/1879/1848
f 1921/1879/1848 1923/1880/1850 1922/1877/1849
f 1924/1881/1851 1922/1877/1849 1923/1880/1850
f 1923/1880/1850 1925/1882/1852 1924/1881/1851
f 1926/1883/1853 1924/1881/1851 1925/1882/1852
f 1925/1882/1852 1927/1884/1854 1926/1883/1853
f 1928/1885/1855 1926/1883/1853 1927/1884/1854
f 1927/1884/1854 1929/1886/1856 1928/1885/1855
f 1930/1887/1857 1928/1885/1855 1929/1886/1856
f 1929/1886/1856 1931/1888/1858 1930/1887/1857
f 1932/1889/1859 1930/1887/1857 1931/1888/1858
f 1935/1890/1860 1937/1892/1862 1936/1891/1861
f 1938/1893/1863 1936/1891/1861 1937/1892/1862
f 1939/1894/1864 1941/1896/1866 1940/1895/1865
f 1940/1895/1865 1942/1896/1867 1939/1894/1864
f 1943/1897/1868 1939/1894/1864 1942/1896/1867
f 1942/1896/1867 1944/1898/1869 1943/1897/1868
f 1945/1899/1870 1943/1897/1868 1944/1898/1869
f 1944/1898/1869 1946/1900/1871 1945/1899/1870
f 1947/1901/1872 1945/1899/1870 1946/1900/1871
f 1946/1900/1871 1948/1902/1873 1947/1901/1872
f 1949/1903/1874 1947/1901/1872 1948/1902/1873
f 1948/1902/1873 1950/1904/1875 1949/1903/1874
f 1951/1905/1876 1949/1903/1874 1950/1904/1875
f 1950/1904/1875 1952/1906/1877 1951/1905/1876
f 1953/1907/1878 1951/1905/1876 1952/1906/1877
f 1952/1906/1877 1954/1908/1879 1953/1907/1878
f 1955/1906/1880 1953/1907/1878 1954/1908/1879
f 1956/1909/1881 1958/1911/1883 1957/1910/1882
f 1957/1910/1882 1959/1912/1884 1956/1909/1881
f 1960/1913/1885 1956/1909/1881 1959/1912/1884
f 1959/1912/1884 1961/1914/1886 1960/1913/1885
f 1962/1915/1887 1960/1913/1885 1961/1914/1886
f 1968/1916/1888 1966/1918/1890 1967/1917/1889
f 1967/1917/1889 1969/1919/1891 1968/1916/1888
f 1970/1920/1892 1968/1916/1888 1969/1919/1891
f 1971/1921/1893 1973/1923/1895 1972/1922/1894
f 1972/1922/1894 1974/1924/1896 1971/1921/1893
f 1975/1925/1897 1971/1921/1893 1974/1924/1896
f 1974/1924/1896 1976/1926/1898 1975/1925/1897
f 1977/1927/1899 1975/1925/1897 1976/1926/1898
f 1976/1926/1898 1978/1928/1900 1977/1927/1899
f 1979/1929/1901 1977/1927/1899 1978/1928/1900
f 1978/1928/1900 1980/1930/1902 1979/1929/1901
f 1981/1931/1903 1979/1929/1901 1980/1930/1902
f 1982/1932/1904 1984/1934/1906 1983/1933/1905
f 1983/1933/1905 1985/1935/1907 1982/1932/1904
f 1986/1936/1908 1982/1932/1904 1985/1935/1907
f 1985/1935/1907 1987/1937/1909 1986/1936/1908
f 1988/1938/1910 1986/1936/1908 1987/1937/1909
f 1987/1937/1909 1989/1939/1911 1988/1938/1910
f 1990/1940/1912 1988/1938/1910 1989/1939/1911
f 1989/1939/1911 1991/1941/1913 1990/1940/1912
f 1992/1942/1914 1990/1940/1912 1991/1941/1913
f 1991/1941/1913 1993/1943/1915 1992/1942/1914
f 1994/1944/1916 1992/1942/1914 1993/1943/1915
f 1995/1945/1917 1997/1947/1919 1996/1946/1918
f 1996/1946/1918 1998/1948/1920 1995/1945/1917
f 1999/1949/1921 2001/1951/1923 2000/1950/1922
f 2000/1950/1922 2002/1952/1924 1999/1949/1921
f 2003/1953/1925 1999/1949/1921 2002/1952/1924
f 2002/1952/1924 2004/1954/1926 2003/1953/1925
f 2005/1955/1927 2003/1953/1925 2004/1954/1926
f 2004/1954/1926 2006/1956/1928 2005/1955/1927
f 2007/1957/1929 2005/1955/1927 2006/1956/1928
f 2006/1956/1928 2008/1958/1930 2007/1957/1929
f 2009/1959/1931 2007/1957/1929 2008/1958/1930
f 2008/1958/1930 2010/1960/1932 2009/1959/1931
f 2011/1961/1933 2009/1959/1931 2010/1960/1932
f 2012/1962/1934 2014/1964/1936 2013/1963/1935
f 2013/1963/1935 2015/1965/1937 2012/1962/1934
f 2016/1966/1938 2012/1962/1934 2015/1965/1937
f 2015/1965/1937 2017/1967/1939 2016/1966/1938
f 2018/1968/1940 2016/1966/1938 2017/1967/1939
f 2017/1967/1939 2019/1969/1941 2018/1968/1940
f 2020/1970/1942 2018/1968/1940 2019/1969/1941
f 2019/1969/1941 2021/1971/1943 2020/1970/1942
f 2022/1972/1944 2020/1970/1942 2021/1971/1943
f 2021/1971/1943 2023/1973/1945 2022/1972/1944
f 2024/1974/1946 2022/1972/1944 2023/1973/1945
f 2025/1975/1947 2027/1977/1949 2026/1976/1948
f 2026/1976/1948 2028/1978/1950 2025/1975/1947
f 2029/1979/1951 2025/1975/1947 2028/1978/1950
f 2028/1978/1950 2030/1980/1952 2029/1979/1951
f 2031/1981/1953 2029/1979/1951 2030/1980/1952
f 2030/1980/1952 2032/1982/1954 2031/1981/1953
f 2033/1983/1955 2031/1981/1953 2032/1982/1954
f 2032/1982/1954 2034/1984/1956 2033/1983/1955
f 2035/1982/1957 2033/1983/1955 2034/1984/1956
f 2034/1984/1956 2036/1985/1958 2035/1982/1957
f 2037/1986/1959 2035/1982/1957 2036/1985/1958
f 2038/1987/1960 2040/1989/1962 2039/1988/1961
f 2039/1988/1961 2041/1990/1963 2038/1987/1960
f 2042/1991/1964 2038/1987/1960 2041/1990/1963
f 2041/1990/1963 2043/1992/1965 2042/1991/1964
f 2044/1993/1966 2042/1991/1964 2043/1992/1965
f 2043/1992/1965 2045/1994/1967 2044/1993/1966
f 2047/1995/1968 2049/1997/1970 2048/1996/1969
f 2050/1998/1971 2048/1996/1969 2049/1997/1970
f 2049/1997/1970 2051/1999/1972 2050/1998/1971
f 2052/2000/1973 2054/2002/1975 2053/2001/1974
f 2053/2001/1974 2055/2002/1976 2052/2000/1973
f 2056/2003/1977 2052/2000/1973 2055/2002/1976
f 2055/2002/1976 2057/2004/1978 2056/2003/1977
f 2058/2005/1979 2056/2003/1977 2057/2004/1978
f 2057/2004/1978 2059/2006/1980 2058/2005/1979
f 2060/2007/1981 2058/2005/1979 2059/2006/1980
f 2059/2006/1980 2061/2008/1982 2060/2007/1981
f 2062/2009/1983 2060/2007/1981 2061/2008/1982
f 2061/2008/1982 2063/2010/1984 2062/2009/1983
f 2064/2011/1985 2066/2013/1987 2065/2012/1986
f 2065/2012/1986 2067/2014/1988 2064/2011/1985
f 2068/2012/1989 2064/2011/1985 2067/2014/1988
f 2067/2014/1988 2069/2015/1990 2068/2012/1989
f 2070/2016/1991 2068/2012/1989 2069/2015/1990
f 2069/2015/1990 2071/2017/1992 2070/2016/1991
f 2072/2018/1993 2070/2016/1991 2071/2017/1992
f 2071/2017/1992 2073/2019/1994 2072/2018/1993
f 2074/2020/1995 2076/2022/1997 2075/2021/1996
f 2075/2021/1996 2077/2023/1998 2074/2020/1995
f 2078/2024/1999 2074/2020/1995 2077/2023/1998
f 2077/2023/1998 2079/2025/2000 2078/2024/1999
f 2080/2026/2001 2078/2024/1999 2079/2025/2000
f 2079/2025/2000 2081/2027/2002 2080/2026/2001
f 2082/2028/2003 2080/2026/2001 2081/2027/2002
f 2081/2027/2002 2083/2029/2004 2082/2028/2003
f 2084/2030/2005 2082/2028/2003 2083/2029/2004
f 2085/2031/2006 2087/2033/2008 2086/2032/2007
f 2086/2032/2007 2088/2034/2009 2085/2031/2006
f 2089/2035/2010 2085/2031/2006 2088/2034/2009
f 2088/2034/2009 2090/2036/2011 2089/2035/2010
f 2091/2037/2012 2089/2035/2010 2090/2036/2011
f 2090/2036/2011 2092/2038/2013 2091/2037/2012
f 2093/2039/2014 2091/2037/2012 2092/2038/2013
f 2092/2038/2013 2094/2040/2015 2093/2039/2014
f 2095/2041/2016 2093/2039/2014 2094/2040/2015
f 2096/2042/2017 2098/2044/2019 2097/2043/2018
f 2097/2043/2018 2099/2045/2020 2096/2042/2017
f 2100/2046/2021 2096/2042/2017 2099/2045/2020
f 2099/2045/2020 2101/2047/2022 2100/2046/2021
f 2102/2048/2023 2100/2046/2021 2101/2047/2022
f 2101/2047/2022 2103/2049/2024 2102/2048/2023
f 2104/2050/2025 2102/2048/2023 2103/2049/2024
f 2103/2049/2024 2105/2051/2026 2104/2050/2025
f 2106/2052/2027 2104/2050/2025 2105/2051/2026
f 2107/2053/2028 2109/2055/2030 2108/2054/2029
f 2108/2054/2029 2110/2056/2031 2107/2053/2028
f 2111/2057/2032 2107/2053/2028 2110/2056/2031
f 2112/2058/2033 2114/2060/2035 2113/2059/2034
f 2113/2059/2034 2115/2061/2036 2112/2058/2033
f 2116/2062/2037 2112/2058/2033 2115/2061/2036
f 2115/2061/2036 2117/2063/2038 2116/2062/2037
f 2118/2064/2039 2116/2062/2037 2117/2063/2038
f 2117/2063/2038 2119/2065/2040 2118/2064/2039
f 2120/2066/2041 2118/2064/2039 2119/2065/2040
f 2119/2065/2040 2121/2067/2042 2120/2066/2041
f 2122/2068/2043 2120/2066/2041 2121/2067/2042
f 2123/2069/2044 2125/2071/2046 2124/2070/2045
f 2124/2070/2045 2126/2072/2047 2123/2069/2044
f 2127/2073/2048 2123/2069/2044 2126/2072/2047
f 2126/2072/2047 2128/2074/2049 2127/2073/2048
f 2129/2075/2050 2127/2073/2048 2128/2074/2049
f 2128/2074/2049 2130/2076/2051 2129/2075/2050
f 2131/2077/2052 2129/2075/2050 2130/2076/2051
f 2130/2076/2051 2132/2078/2053 2131/2077/2052
f 2133/2079/2054 2131/2077/2052 2132/2078/2053
f 2134/2080/2055 2136/2082/2057 2135/2081/2056
f 2135/2081/2056 2137/2083/2058 2134/2080/2055
f 2138/2084/2059 2134/2080/2055 2137/2083/2058
f 2137/2083/2058 2139/2085/2060 2138/2084/2059
f 2140/2086/2061 2138/2084/2059 2139/2085/2060
f 2139/2085/2060 2141/2087/2062 2140/2086/2061
f 2142/2088/2063 2140/2086/2061 2141/2087/2062
f 2141/2087/2062 2143/2086/2064 2142/2088/2063
f 2144/2089/2065 2146/2091/2067 2145/2090/2066
f 2145/2090/2066 2147/2092/2068 2144/2089/2065
f 2148/2093/2069 2144/2089/2065 2147/2092/2068
f 2147/2092/2068 2149/2094/2070 2148/2093/2069
f 2150/2095/2071 2148/2093/2069 2149/2094/2070
f 2151/2096/2072 2153/2098/2074 2152/2097/2073
f 2152/2097/2073 2154/2098/2075 2151/2096/2072
f 2155/2099/2076 2151/2096/2072 2154/2098/2075
f 2154/2098/2075 2156/2097/2077 2155/2099/2076
f 2157/2096/2078 2155/2099/2076 2156/2097/2077
f 2156/2097/2077 2158/2098/2079 2157/2096/2078
f 2159/2099/2080 2157/2096/2078 2158/2098/2079
f 2158/2098/2079 2160/2096/2081 2159/2099/2080
f 2161/2100/2082 2163/2102/2084 2162/2101/2083
f 2162/2101/2083 2164/2103/2085 2161/2100/2082
f 2165/2104/2086 2161/2100/2082 2164/2103/2085
f 2164/2103/2085 2166/2105/2087 2165/2104/2086
f 2167/2106/2088 2165/2104/2086 2166/2105/2087
f 2166/2105/2087 2168/2107/2089 2167/2106/2088
f 2169/2108/2090 2167/2106/2088 2168/2107/2089
f 2170/2109/2091 2172/2111/2093 2171/2110/2092
f 2171/2110/2092 2173/2112/2094 2170/2109/2091
f 2174/2113/2095 2170/2109/2091 2173/2112/2094
f 2173/2112/2094 2175/2114/2096 2174/2113/2095
f 2176/2115/2097 2174/2113/2095 2175/2114/2096
f 2175/2114/2096 2177/2116/2098 2176/2115/2097
f 2178/2117/2099 2176/2115/2097 2177/2116/2098
f 2179/2118/2100 2181/2119/2102 2180/2119/2101
f 2180/2119/2101 2182/2118/2103 2179/2118/2100
f 2183/2120/2104 2179/2118/2100 2182/2118/2103
f 2182/2118/2103 2184/2120/2105 2183/2120/2104
f 2185/2121/2106 2183/2120/2104 2184/2120/2105
f 2184/2120/2105 2186/2121/2107 2185/2121/2106
f 2187/2122/2108 2185/2121/2106 2186/2121/2107
f 2193/2123/2109 2195/2125/2111 2194/2124/2110
f 2194/2124/2110 2196/2126/2112 2193/2123/2109
f 2197/2127/2113 2193/2123/2109 2196/2126/2112
f 2196/2126/2112 2198/2128/2114 2197/2127/2113
f 2199/2129/2115 2197/2127/2113 2198/2128/2114
f 2198/2128/2114 2200/2130/2116 2199/2129/2115
f 2201/2131/2117 2199/2129/2115 2200/2130/2116
f 2202/2132/2118 2204/2134/2120 2203/2133/2119
f 2203/2133/2119 2205/2135/2121 2202/2132/2118
f 2206/2136/2122 2202/2132/2118 2205/2135/2121
f 2205/2135/2121 2207/2137/2123 2206/2136/2122
f 2208/2138/2124 2210/2140/2126 2209/2139/2125
f 2209/2139/2125 2211/2141/2127 2208/2138/2124
f 2212/2142/2128 2208/2138/2124 2211/2141/2127
f 2211/2141/2127 2213/2143/2129 2212/2142/2128
f 2214/2144/2130 2212/2142/2128 2213/2143/2129
f 2213/2143/2129 2215/2145/2131 2214/2144/2130
f 2216/2146/2132 2214/2144/2130 2215/2145/2131
f 2217/2147/2133 2219/2149/2135 2218/2148/2134
f 2218/2148/2134 2220/2150/2136 2217/2147/2133
f 2221/2151/2137 2217/2147/2133 2220/2150/2136
f 2220/2150/2136 2222/2152/2138 2221/2151/2137
f 2223/2153/2139 2221/2151/2137 2222/2152/2138
f 2222/2152/2138 2224/2154/2140 2223/2153/2139
f 2225/2155/2141 2223/2153/2139 2224/2154/2140
f 2226/2156/2142 2228/2158/2144 2227/2157/2143
f 2227/2157/2143 2229/2159/2145 2226/2156/2142
f 2230/2160/2146 2226/2156/2142 2229/2159/2145
f 2229/2159/2145 2231/2161/2147 2230/2160/2146
f 2232/2162/2148 2230/2160/2146 2231/2161/2147
f 2231/2161/2147 2233/2163/2149 2232/2162/2148
f 2234/2164/2150 2232/2162/2148 2233/2163/2149
f 2235/2165/2151 2237/2167/2153 2236/2166/2152
f 2236/2166/2152 2238/2168/2154 2235/2165/2151
f 2239/2169/2155 2235/2165/2151 2238/2168/2154
f 2238/2168/2154 2240/2170/2156 2239/2169/2155
f 2241/2171/2157 2239/2169/2155 2240/2170/2156
f 2240/2170/2156 2242/2172/2158 2241/2171/2157
f 2243/2173/2159 2245/2175/2161 2244/2174/2160
f 2244/2174/2160 2246/2176/2162 2243/2173/2159
f 2247/2177/2163 2243/2173/2159 2246/2176/2162
f 2246/2176/2162 2248/2178/2164 2247/2177/2163
f 2249/2179/2165 2247/2177/2163 2248/2178/2164
f 2250/2180/2166 2252/2182/2168 2251/2181/2167
f 2251/2181/2167 2253/2183/2169 2250/2180/2166
f 2254/2184/2170 2250/2180/2166 2253/2183/2169
f 2253/2183/2169 2255/2185/2171 2254/2184/2170
f 2256/2186/2172 2254/2184/2170 2255/2185/2171
f 2255/2185/2171 2257/2187/2173 2256/2186/2172
f 2261/2188/2174 2263/2190/2176 2262/2189/2175
f 2262/2189/2175 2264/2191/2177 2261/2188/2174
f 2265/2192/2178 2267/2194/2180 2266/2193/2179
f 2266/2193/2179 2268/2195/2181 2265/2192/2178
f 2269/2196/2182 2265/2192/2178 2268/2195/2181
f 2268/2195/2181 2270/2197/2183 2269/2196/2182
f 2271/2198/2184 2269/2196/2182 2270/2197/2183
f 2272/2199/2185 2274/2201/2187 2273/2200/2186
f 2273/2200/2186 2275/2202/2188 2272/2199/2185
f 2276/2203/2189 2272/2199/2185 2275/2202/2188
f 2275/2202/2188 2277/2200/2190 2276/2203/2189
f 2278/2199/2191 2276/2203/2189 2277/2200/2190
f 2279/2204/2192 2281/2206/2194 2280/2205/2193
f 2280/2205/2193 2282/2207/2195 2279/2204/2192
f 2283/2208/2196 2279/2204/2192 2282/2207/2195
f 2282/2207/2195 2284/2209/2197 2283/2208/2196
f 2285/2210/2198 2283/2208/2196 2284/2209/2197
f 2286/2211/2199 2288/2213/2201 2287/2212/2200
f 2287/2212/2200 2289/2214/2202 2286/2211/2199
f 2290/2215/2203 2286/2211/2199 2289/2214/2202
f 2289/2214/2202 2291/2216/2204 2290/2215/2203
f 2292/2217/2205 2290/2215/2203 2291/2216/2204
f 2293/2218/2206 2295/2220/2208 2294/2219/2207
f 2294/2219/2207 2296/2221/2209 2293/2218/2206
f 2297/2222/2210 2293/2218/2206 2296/2221/2209
f 2296/2221/2209 2298/2223/2211 2297/2222/2210
f 2299/2224/2212 2297/2222/2210 2298/2223/2211
f 2300/2225/2213 2302/2227/2215 2301/2226/2214
f 2301/2226/2214 2303/2228/2216 2300/2225/2213
f 2304/2229/2217 2300/2225/2213 2303/2228/2216
f 2303/2228/2216 2305/2230/2218 2304/2229/2217
f 2306/2231/2219 2304/2229/2217 2305/2230/2218
f 2307/2232/2220 2309/2234/2222 2308/2233/2221
f 2308/2233/2221 2310/2235/2223 2307/2232/2220
f 2311/2236/2224 2307/2232/2220 2310/2235/2223
f 2310/2235/2223 2312/2237/2225 2311/2236/2224
f 2313/2238/2226 2311/2236/2224 2312/2237/2225
f 2314/2239/2227 2316/2241/2229 2315/2240/2228
f 2315/2240/2228 2317/2242/2230 2314/2239/2227
f 2318/2243/2231 2320/2245/2233 2319/2244/2232
f 2319/2244/2232 2321/2246/2234 2318/2243/2231
f 2322/2247/2235 2318/2243/2231 2321/2246/2234
f 2321/2246/2234 2323/2248/2236 2322/2247/2235
f 2324/2249/2237 2322/2247/2235 2323/2248/2236
f 2325/2250/2238 2327/2252/2240 2326/2251/2239
f 2326/2251/2239 2328/2253/2241 2325/2250/2238
f 2329/2254/2242 2325/2250/2238 2328/2253/2241
f 2328/2253/2241 2330/2255/2243 2329/2254/2242
f 2331/2256/2244 2329/2254/2242 2330/2255/2243
f 2332/2257/2245 2334/2259/2247 2333/2258/2246
f 2333/2258/2246 2335/2260/2248 2332/2257/2245
f 2336/2261/2249 2332/2257/2245 2335/2260/2248
f 2335/2260/2248 2337/2262/2250 2336/2261/2249
f 2338/2263/2251 2336/2261/2249 2337/2262/2250
f 2339/2264/2252 2341/2265/2254 2340/2264/2253
f 2340/2264/2253 2342/2266/2255 2339/2264/2252
f 2343/2266/2256 2339/2264/2252 2342/2266/2255
f 2342/2266/2255 2344/2267/2257 2343/2266/2256
f 2345/2266/2258 2343/2266/2256 2344/2267/2257
f 2346/2268/2259 2348/2270/2261 2347/2269/2260
f 2347/2269/2260 2349/2271/2262 2346/2268/2259
f 2350/2272/2263 2346/2268/2259 2349/2271/2262
f 2349/2271/2262 2351/2273/2264 2350/2272/2263
f 2352/2271/2265 2350/2272/2263 2351/2273/2264
f 2353/2274/2266 2355/2276/2268 2354/2275/2267
f 2354/2275/2267 2356/2277/2269 2353/2274/2266
f 2357/2278/2270 2353/2274/2266 2356/2277/2269
f 2356/2277/2269 2358/2278/2271 2357/2278/2270
f 2359/2277/2272 2357/2278/2270 2358/2278/2271
f 2360/2279/2273 2362/2281/2275 2361/2280/2274
f 2361/2280/2274 2363/2282/2276 2360/2279/2273
f 2364/2283/2277 2360/2279/2273 2363/2282/2276
f 2363/2282/2276 2365/2284/2278 2364/2283/2277
f 2366/2285/2279 2364/2283/2277 2365/2284/2278
f 2367/2286/2280 2369/2288/2282 2368/2287/2281
f 2368/2287/2281 2370/2289/2283 2367/2286/2280
f 2371/2290/2284 2367/2286/2280 2370/2289/2283
f 2370/2289/2283 2372/2291/2285 2371/2290/2284
f 2373/2292/2286 2371/2290/2284 2372/2291/2285
f 2374/2293/2287 2376/2295/2289 2375/2294/2288
f 2375/2294/2288 2377/2296/2290 2374/2293/2287
f 2378/2297/2291 2380/2299/2293 2379/2298/2292
f 2379/2298/2292 2381/2300/2294 2378/2297/2291
f 2382/2301/2295 2378/2297/2291 2381/2300/2294
f 2381/2300/2294 2383/2302/2296 2382/2301/2295
f 2384/2303/2297 2382/2301/2295 2383/2302/2296
f 2385/2304/2298 2387/2306/2300 2386/2305/2299
f 2386/2305/2299 2388/2307/2301 2385/2304/2298
f 2389/2308/2302 2385/2304/2298 2388/2307/2301
f 2388/2307/2301 2390/2309/2303 2389/2308/2302
f 2391/2310/2304 2389/2308/2302 2390/2309/2303
f 2392/2311/2305 2394/2313/2307 2393/2312/2306
f 2395/2314/2308 2397/2316/2310 2396/2315/2309
f 2396/2315/2309 2398/2317/2311 2395/2314/2308
f 2399/2318/2312 2401/2320/2314 2400/2319/2313
f 2400/2319/2313 2402/2321/2315 2399/2318/2312
f 2403/2322/2316 2399/2318/2312 2402/2321/2315
f 2402/2321/2315 2404/2323/2317 2403/2322/2316
f 2405/2324/2318 2407/2326/2320 2406/2325/2319
f 2406/2325/2319 2408/2327/2321 2405/2324/2318
f 2409/2328/2322 2405/2324/2318 2408/2327/2321
f 2408/2327/2321 2410/2329/2323 2409/2328/2322
f 2411/2330/2324 2413/2332/2326 2412/2331/2325
f 2412/2331/2325 2414/2333/2327 2411/2330/2324
f 2415/2334/2328 2411/2330/2324 2414/2333/2327
f 2414/2333/2327 2416/2335/2329 2415/2334/2328
f 2417/2336/2330 2419/2338/2332 2418/2337/2331
f 2418/2337/2331 2420/2339/2333 2417/2336/2330
f 2421/2340/2334 2417/2336/2330 2420/2339/2333
f 2420/2339/2333 2422/2341/2335 2421/2340/2334
f 2423/2342/2336 2425/2344/2338 2424/2343/2337
f 2424/2343/2337 2426/2345/2339 2423/2342/2336
f 2427/2346/2340 2423/2342/2336 2426/2345/2339
f 2426/2345/2339 2428/2342/2341 2427/2346/2340
f 2429/2347/2342 2431/2349/2344 2430/2348/2343
f 2430/2348/2343 2432/2350/2345 2429/2347/2342
f 2433/2351/2346 2429/2347/2342 2432/2350/2345
f 2432/2350/2345 2434/2352/2347 2433/2351/2346
f 2435/2353/2348 2437/2355/2350 2436/2354/2349
f 2436/2354/2349 2438/2356/2351 2435/2353/2348
f 2439/2357/2352 2435/2353/2348 2438/2356/2351
f 2438/2356/2351 2440/2358/2353 2439/2357/2352
f 2441/2359/2354 2443/2361/2356 2442/2360/2355
f 2442/2360/2355 2444/2362/2357 2441/2359/2354
f 2445/2363/2358 2441/2359/2354 2444/2362/2357
f 2444/2362/2357 2446/2359/2359 2445/2363/2358
f 2447/2364/2360 2449/2366/2362 2448/2365/2361
f 2448/2365/2361 2450/2367/2363 2447/2364/2360
f 2451/2368/2364 2447/2364/2360 2450/2367/2363
f 2452/2369/2365 2454/2371/2367 2453/2370/2366
f 2453/2370/2366 2455/2372/2368 2452/2369/2365
f 2456/2373/2369 2452/2369/2365 2455/2372/2368
f 2455/2372/2368 2457/2374/2370 2456/2373/2369
f 2464/2375/2371 2466/2377/2373 2465/2376/2372
f 2465/2376/2372 2467/2378/2374 2464/2375/2371
f 2468/2377/2375 2464/2375/2371 2467/2378/2374
f 2467/2378/2374 2469/2376/2376 2468/2377/2375
f 2470/2379/2377 2472/2381/2379 2471/2380/2378
f 2471/2380/2378 2473/2382/2380 2470/2379/2377
f 2474/2383/2381 2470/2379/2377 2473/2382/2380
f 2473/2382/2380 2475/2379/2382 2474/2383/2381
f 2476/2384/2383 2478/2386/2385 2477/2385/2384
f 2477/2385/2384 2479/2387/2386 2476/2384/2383
f 2480/2388/2387 2476/2384/2383 2479/2387/2386
f 2481/2389/2388 2483/2391/2390 2482/2390/2389
f 2482/2390/2389 2484/2392/2391 2481/2389/2388
f 2485/2393/2392 2481/2389/2388 2484/2392/2391
f 2486/2394/2393 2488/2396/2395 2487/2395/2394
f 2487/2395/2394 2489/2397/2396 2486/2394/2393
f 2490/2398/2397 2486/2394/2393 2489/2397/2396
f 2491/2399/2398 2493/2401/2400 2492/2400/2399
f 2492/2400/2399 2494/2402/2401 2491/2399/2398
f 2495/2403/2402 2491/2399/2398 2494/2402/2401
f 2496/2404/2403 2498/2406/2405 2497/2405/2404
f 2497/2405/2404 2499/2407/2406 2496/2404/2403
f 2500/2408/2407 2496/2404/2403 2499/2407/2406
f 2501/2409/2408 2503/2411/2410 2502/2410/2409
f 2502/2410/2409 2504/2412/2411 2501/2409/2408
f 2505/2413/2412 2501/2409/2408 2504/2412/2411
f 2506/2414/2413 2508/2416/2415 2507/2415/2414
f 2507/2415/2414 2509/2417/2416 2506/2414/2413
f 2510/2418/2417 2506/2414/2413 2509/2417/2416
f 2511/2419/2418 2513/2421/2420 2512/2420/2419
f 2512/2420/2419 2514/2422/2421 2511/2419/2418
f 2515/2423/2422 2511/2419/2418 2514/2422/2421
f 2516/2424/2423 2518/2426/2425 2517/2425/2424
f 2517/2425/2424 2519/2427/2426 2516/2424/2423
f 2520/2425/2427 2516/2424/2423 2519/2427/2426
f 2521/2428/2428 2523/2430/2430 2522/2429/2429
f 2522/2429/2429 2524/2431/2431 2521/2428/2428
f 2525/2432/2432 2521/2428/2428 2524/2431/2431
f 2526/2433/2433 2528/2435/2435 2527/2434/2434
f 2527/2434/2434 2529/2436/2436 2526/2433/2433
f 2530/2437/2437 2526/2433/2433 2529/2436/2436
f 2531/2438/2438 2533/2440/2440 2532/2439/2439
f 2532/2439/2439 2534/2441/2441 2531/2438/2438
f 2535/2442/2442 2531/2438/2438 2534/2441/2441
f 2536/2443/2443 2538/2445/2445 2537/2444/2444
f 2537/2444/2444 2539/2446/2446 2536/2443/2443
f 2540/2447/2447 2536/2443/2443 2539/2446/2446
f 2541/2448/2448 2543/2450/2450 2542/2449/2449
f 2542/2449/2449 2544/2451/2451 2541/2448/2448
f 2545/2452/2452 2541/2448/2448 2544/2451/2451
f 2546/2453/2453 2548/2455/2455 2547/2454/2454
f 2547/2454/2454 2549/2456/2456 2546/2453/2453
f 2550/2457/2457 2546/2453/2453 2549/2456/2456
f 2551/2458/2458 2553/2460/2460 2552/2459/2459
f 2552/2459/2459 2554/2461/2461 2551/2458/2458
f 2555/2462/2462 2551/2458/2458 2554/2461/2461
f 2556/2463/2463 2558/2465/2465 2557/2464/2464
f 2557/2464/2464 2559/2466/2466 2556/2463/2463
f 2560/2467/2467 2556/2463/2463 2559/2466/2466
f 2561/2468/2468 2563/2470/2470 2562/2469/2469
f 2562/2469/2469 2564/2471/2471 2561/2468/2468
f 2565/2472/2472 2561/2468/2468 2564/2471/2471
f 2568/2473/2473 2566/2475/2475 2567/2474/2474
f 2571/2476/2476 2573/2478/2478 2572/2477/2477
f 2572/2477/2477 2574/2479/2479 2571/2476/2476
f 2575/2480/2480 2571/2476/2476 2574/2479/2479
f 2576/2481/2481 2578/2483/2483 2577/2482/2482
f 2577/2482/2482 2579/2484/2484 2576/2481/2481
f 2580/2485/2485 2576/2481/2481 2579/2484/2484
f 2584/2486/2486 2581/2488/2488 2583/2487/2487
f 2585/2489/2489 2587/2491/2491 2586/2490/2490
f 2586/2490/2490 2588/2492/2492 2585/2489/2489
f 2589/2491/2493 2585/2489/2489 2588/2492/2492
f 2590/2493/2494 2592/2495/2496 2591/2494/2495
f 2591/2494/2495 2593/2496/2497 2590/2493/2494
f 2594/2497/2498 2590/2493/2494 2593/2496/2497
f 2595/2498/2499 2597/2500/2501 2596/2499/2500
f 2596/2499/2500 2598/2501/2502 2595/2498/2499
f 2599/2502/2503 2601/2504/2505 2600/2503/2504
f 2600/2503/2504 2602/2505/2506 2599/2502/2503
f 2603/2506/2507 2605/2508/2509 2604/2507/2508
f 2604/2507/2508 2606/2509/2510 2603/2506/2507
f 2607/2510/2511 2609/2512/2513 2608/2511/2512
f 2608/2511/2512 2610/2513/2514 2607/2510/2511
f 2611/2514/2515 2613/2516/2517 2612/2515/2516
f 2612/2515/2516 2614/2516/2518 2611/2514/2515
f 2615/2517/2519 2617/2519/2521 2616/2518/2520
f 2616/2518/2520 2618/2520/2522 2615/2517/2519
f 2619/2521/2523 2621/2523/2525 2620/2522/2524
f 2620/2522/2524 2622/2524/2526 2619/2521/2523
f 2623/2525/2527 2625/2527/2529 2624/2526/2528
f 2624/2526/2528 2626/2527/2530 2623/2525/2527
f 2627/2528/2531 2629/2530/2533 2628/2529/2532
f 2628/2529/2532 2630/2531/2534 2627/2528/2531
f 2631/2532/2535 2633/2534/2537 2632/2533/2536
f 2632/2533/2536 2634/2535/2538 2631/2532/2535
f 2635/2536/2539 2637/2538/2541 2636/2537/2540
f 2636/2537/2540 2638/2539/2542 2635/2536/2539
f 2639/2540/2543 2641/2542/2545 2640/2541/2544
f 2640/2541/2544 2642/2543/2546 2639/2540/2543
f 2643/2544/2547 2645/2546/2549 2644/2545/2548
f 2644/2545/2548 2646/2547/2550 2643/2544/2547
f 2647/2548/2551 2649/2550/2553 2648/2549/2552
f 2648/2549/2552 2650/2551/2554 2647/2548/2551
f 2651/2552/2555 2653/2554/2557 2652/2553/2556
f 2652/2553/2556 2654/2555/2558 2651/2552/2555
f 2655/2556/2559 2657/2558/2561 2656/2557/2560
f 2658/2559/2562 2660/2561/2564 2659/2560/2563
f 2661/2562/2565 2663/2564/2567 2662/2563/2566
f 2664/2565/2568 2666/2567/2570 2665/2566/2569
f 2667/2568/2571 2669/2570/2573 2668/2569/2572
f 2670/2571/2574 2672/2573/2576 2671/2572/2575
f 2673/2574/2577 2675/2576/2579 2674/2575/2578
f 2676/2577/2580 2678/2579/2582 2677/2578/2581
f 2679/2580/2583 2681/2582/2585 2680/2581/2584
f 2682/2583/2586 2684/2585/2588 2683/2584/2587
f 2685/2586/2589 2687/2588/2591 2686/2587/2590
f 2688/2589/2592 2690/2591/2594 2689/2590/2593
f 2691/2592/2595 2693/2594/2597 2692/2593/2596
f 2694/2595/2598 2696/2597/2600 2695/2596/2599
f 2697/2598/2601 2699/2600/2603 2698/2599/2602
f 2700/2601/2604 2702/2603/2606 2701/2602/2605
f 2703/2604/2607 2705/2606/2609 2704/2605/2608
f 2706/2607/2610 2708/2609/2612 2707/2608/2611
f 2709/2610/2613 2711/2612/2615 2710/2611/2614
f 2712/2613/2616 2714/2614/2618 2713/2613/2617
f 2715/2615/2619 2717/2616/2621 2716/2615/2620
f 2718/2617/2622 2720/2619/2624 2719/2618/2623
f 2721/2620/2625 2723/2622/2627 2722/2621/2626
f 2724/2623/2628 2726/2625/2630 2725/2624/2629
f 2727/2626/2631 2729/2628/2633 2728/2627/2632
f 2730/2629/2634 2732/2631/2636 2731/2630/2635
f 2735/2632/2637 2737/2634/2639 2736/2633/2638
f 2738/2635/2640 2740/2637/2642 2739/2636/2641
f 2741/2638/2643 2743/2640/2645 2742/2639/2644
f 2744/2641/2646 2746/2643/2648 2745/2642/2647
f 2747/2644/2649 2749/2646/2651 2748/2645/2650
f 2750/2647/2652 2752/2649/2653 2751/2648/2299
f 2753/2650/2654 2755/2652/2656 2754/2651/2655
f 2756/2653/2657 2758/2655/2659 2757/2654/2658
f 2759/2656/2660 2761/2658/2662 2760/2657/2661
f 2764/2659/2663 2766/2661/2665 2765/2660/2664
f 2771/2662/2666 2773/2664/2668 2772/2663/2667
f 2772/2663/2667 2774/2665/2669 2771/2662/2666
f 2775/2666/2670 2771/2662/2666 2774/2665/2669
f 2774/2665/2669 2776/2667/2671 2775/2666/2670
f 2777/2668/2672 2779/2670/2674 2778/2669/2673
f 2778/2669/2673 2780/2671/2675 2777/2668/2672
f 2781/2672/2676 2777/2668/2672 2780/2671/2675
f 2782/2673/2677 2784/2675/2678 2783/2674/288
f 2783/2674/288 2785/2676/2679 2782/2673/2677
f 2786/2677/2680 2782/2673/2677 2785/2676/2679
f 2787/2678/2681 2789/2680/2683 2788/2679/2682
f 2788/2679/2682 2790/2681/2684 2787/2678/2681
f 2791/2682/2685 2793/2684/2687 2792/2683/2686
f 2794/2685/2688 2796/2687/2690 2795/2686/2689
f 2797/2688/2678 2799/2690/2691 2798/2689/1450
f 2800/2691/2692 2802/2693/2694 2801/2692/2693
f 2803/2694/2695 2805/2696/2697 2804/2695/2696
f 2806/2697/2698 2808/2699/2700 2807/2698/2699
f 2809/2700/2701 2811/2702/2702 2810/2701/288
f 2812/2703/2703 2814/2705/2704 2813/2704/2690
f 2815/2706/2705 2817/2708/2707 2816/2707/2706
f 2816/2707/2706 2818/2709/2708 2815/2706/2705
f 2819/2710/2709 2821/2712/2711 2820/2711/2710
f 2820/2711/2710 2822/2713/2712 2819/2710/2709
f 2823/2714/2713 2825/2716/2715 2824/2715/2714
f 2826/2717/2716 2828/2719/2718 2827/2718/2717
f 2829/2720/2719 2831/2722/2721 2830/2721/2720
f 2832/2723/2722 2834/2725/2724 2833/2724/2723
f 2835/2726/2725 2837/2728/2727 2836/2727/2726
f 2836/2727/2726 2838/2729/2728 2835/2726/2725
f 2839/2730/2729 2841/2732/2731 2840/2731/2730
f 2840/2731/2730 2842/2733/2732 2839/2730/2729
f 2843/2734/2733 2839/2730/2729 2842/2733/2732
f 2844/2735/2734 2846/2737/2736 2845/2736/2735
f 2845/2736/2735 2847/2738/2737 2844/2735/2734
f 2848/2739/2738 2850/2741/2740 2849/2740/2739
f 2851/2742/2741 2853/2744/2742 2852/2743/2740
f 2854/2745/2743 2856/2747/2745 2855/2746/2744
f 2857/2748/2746 2859/2750/2667 2858/2749/2747
f 2858/2749/2747 2860/2751/2748 2857/2748/2746
f 2861/2752/2749 2857/2748/2746 2860/2751/2748
f 2860/2751/2748 2862/2753/2750 2861/2752/2749
f 2863/2754/2751 2865/2756/2753 2864/2755/2752
f 2864/2755/2752 2866/2757/2754 2863/2754/2751
f 2867/2758/2755 2863/2754/2751 2866/2757/2754
f 2868/2759/2756 2870/2761/2758 2869/2760/2757
f 2869/2760/2757 2871/2762/2759 2868/2759/2756
f 2872/2763/2760 2874/2765/2728 2873/2764/2761
f 2875/2766/2762 2877/2768/2764 2876/2767/2763
f 2878/2769/2765 2880/2771/2767 2879/2770/2766
f 2881/2772/2768 2883/2774/2770 2882/2773/2769
f 2882/2773/2769 2884/2775/2771 2881/2772/2768
f 2885/2776/2720 2887/2778/2773 2886/2777/2772
f 2886/2777/2772 2888/2779/2774 2885/2776/2720
f 2889/2780/2775 2891/2782/2777 2890/2781/2776
f 2890/2781/2776 2892/2783/2778 2889/2780/2775
f 2893/2784/2779 2895/2786/2715 2894/2785/2780
f 2894/2785/2780 2896/2787/2781 2893/2784/2779
f 2897/2788/2782 2899/2790/2784 2898/2789/2783
f 2898/2789/2783 2900/2791/2785 2897/2788/2782
f 2901/2792/2786 2903/2794/2788 2902/2793/2787
f 2902/2793/2787 2904/2795/2789 2901/2792/2786
f 2905/2796/2790 2907/2798/2792 2906/2797/2791
f 2906/2797/2791 2908/2799/2793 2905/2796/2790
f 2909/2800/2794 2911/2802/2796 2910/2801/2795
f 2910/2801/2795 2912/2803/2797 2909/2800/2794
f 2913/2804/2798 2915/2806/2800 2914/2805/2799
f 2914/2805/2799 2916/2807/2801 2913/2804/2798
f 2917/2808/2802 2919/2810/2804 2918/2809/2803
f 2920/2811/2805 2922/2813/2803 2921/2812/2806
f 2923/2814/2807 2925/2816/2809 2924/2815/2808
f 2924/2815/2808 2926/2817/2810 2923/2814/2807
f 2927/2818/2811 2929/2820/2813 2928/2819/2812
f 2928/2819/2812 2930/2821/2814 2927/2818/2811
f 2931/2822/2815 2933/2824/2817 2932/2823/2816
f 2932/2823/2816 2934/2825/2818 2931/2822/2815
f 2935/2826/2819 2937/2828/2821 2936/2827/2820
f 2936/2827/2820 2938/2829/2822 2935/2826/2819
f 2939/2830/2823 2941/2832/2825 2940/2831/2824
f 2942/2833/2826 2944/2835/2828 2943/2834/2827
f 2945/2836/2829 2947/2838/2831 2946/2837/2830
f 2948/2839/2832 2950/2841/2831 2949/2840/2833
f 2951/2842/2834 2953/2844/2836 2952/2843/2835
f 2952/2843/2835 2954/2845/2837 2951/2842/2834
f 2955/2846/2838 2951/2842/2834 2954/2845/2837
f 2954/2845/2837 2956/2847/2839 2955/2846/2838
f 2957/2848/2840 2959/2850/2842 2958/2849/2841
f 2958/2849/2841 2960/2851/2843 2957/2848/2840
f 2961/2852/2844 2957/2848/2840 2960/2851/2843
f 2962/2853/2845 2964/2855/2847 2963/2854/2846
f 2963/2854/2846 2965/2856/2848 2962/2853/2845
f 2966/2857/2849 2962/2853/2845 2965/2856/2848
f 2967/2858/2850 2969/2860/2852 2968/2859/2851
f 2968/2859/2851 2970/2861/2853 2967/2858/2850
f 2971/2862/2854 2967/2858/2850 2970/2861/2853
f 2972/2863/2855 2974/2865/2857 2973/2864/2856
f 2973/2864/2856 2975/2866/2858 2972/2863/2855
f 2976/2867/2859 2978/2869/2861 2977/2868/2860
f 2977/2868/2860 2979/2870/2862 2976/2867/2859
f 2980/2871/2863 2982/2873/2865 2981/2872/2864
f 2981/2872/2864 2983/2874/2866 2980/2871/2863
f 2984/2875/2867 2986/2877/2869 2985/2876/2868
f 2985/2876/2868 2987/2878/2870 2984/2875/2867
f 2988/2879/2871 2990/2881/2873 2989/2880/2872
f 2989/2880/2872 2991/2881/2874 2988/2879/2871
f 2992/2882/2875 2994/2884/2877 2993/2883/2876
f 2995/2885/2878 2997/2887/2880 2996/2886/2879
f 2996/2886/2879 2998/2888/2881 2995/2885/2878
f 2999/2887/2882 2995/2885/2878 2998/2888/2881
f 2998/2888/2881 3000/2889/2883 2999/2887/2882
f 3001/2890/2884 2999/2887/2882 3000/2889/2883
f 3000/2889/2883 3002/2891/2885 3001/2890/2884
f 3003/2892/2886 3001/2890/2884 3002/2891/2885
f 3002/2891/2885 3004/2893/2887 3003/2892/2886
f 3005/2894/2888 3003/2892/2886 3004/2893/2887
f 3006/2895/2889 3008/2897/2891 3007/2896/2890
f 3007/2896/2890 3009/2898/2892 3006/2895/2889
f 3010/2899/2893 3006/2895/2889 3009/2898/2892
f 3009/2898/2892 3011/2900/2894 3010/2899/2893
f 3012/2901/2895 3010/2899/2893 3011/2900/2894
f 3011/2900/2894 3013/2902/2896 3012/2901/2895
f 3014/2903/2897 3012/2901/2895 3013/2902/2896
f 3015/2904/2898 3017/2906/2900 3016/2905/2899
f 3016/2905/2899 3018/2907/2901 3015/2904/2898
f 3019/2908/2902 3015/2904/2898 3018/2907/2901
f 3018/2907/2901 3020/2909/2903 3019/2908/2902
f 3021/2910/2904 3023/2912/2906 3022/2911/2905
f 3022/2911/2905 3024/2913/2907 3021/2910/2904
f 3025/2914/2908 3021/2910/2904 3024/2913/2907
f 3026/2915/2909 3028/2917/2911 3027/2916/2910
f 3027/2916/2910 3029/2917/2912 3026/2915/2909
f 3030/2918/2913 3026/2915/2909 3029/2917/2912
f 3031/2919/2914 3033/2921/2916 3032/2920/2915
f 3032/2920/2915 3034/2922/2917 3031/2919/2914
f 3035/2920/2918 3031/2919/2914 3034/2922/2917
f 3038/2923/2919 3040/2925/2921 3039/2924/2920
f 3039/2924/2920 3041/2926/2922 3038/2923/2919
f 3042/2927/2923 3044/2929/2925 3043/2928/2924
f 3043/2928/2924 3045/2930/2926 3042/2927/2923
f 3046/2931/2927 3048/2933/2929 3047/2932/2928
f 3047/2932/2928 3049/2934/2930 3046/2931/2927
f 3050/2935/2931 3052/2937/2933 3051/2936/2932
f 3051/2936/2932 3053/2938/2934 3050/2935/2931
f 3054/2939/2935 3056/2941/2937 3055/2940/2936
f 3055/2940/2936 3057/2942/2938 3054/2939/2935
f 3058/2943/2939 3060/2945/2941 3059/2944/2940
f 3059/2944/2940 3061/2946/2942 3058/2943/2939
f 3062/2947/2943 3064/2949/2945 3063/2948/2944
f 3063/2948/2944 3065/2950/2946 3062/2947/2943
f 3066/2951/2947 3068/2953/2949 3067/2952/2948
f 3067/2952/2948 3069/2954/2950 3066/2951/2947
f 3070/2955/2951 3072/2957/2953 3071/2956/2952
f 3071/2956/2952 3073/2958/2954 3070/2955/2951
f 3074/2959/2955 3076/2961/2957 3075/2960/2956
f 3075/2960/2956 3077/2962/2958 3074/2959/2955
f 3078/2963/2959 3080/2965/2961 3079/2964/2960
f 3079/2964/2960 3081/2966/2962 3078/2963/2959
f 3082/2967/2963 3084/2969/2965 3083/2968/2964
f 3083/2968/2964 3085/2970/2966 3082/2967/2963
f 3088/2971/2967 3090/2973/2969 3089/2972/2968
f 3089/2972/2968 3091/2974/2970 3088/2971/2967
f 3092/2975/2971 3094/2977/2973 3093/2976/2972
f 3095/2978/2974 3097/2980/2976 3096/2979/2975
f 3098/2981/2977 3100/2983/2979 3099/2982/2978
f 3101/2984/2980 3103/2986/2982 3102/2985/2981
f 3104/2987/2983 3106/2989/2985 3105/2988/2984
f 3107/2990/2986 3109/2992/2988 3108/2991/2987
f 3110/2993/2989 3112/2995/2991 3111/2994/2990
f 3113/2996/2992 3115/2998/2994 3114/2997/2993
f 3116/2999/2995 3118/3001/2997 3117/3000/2996
f 3119/3002/2998 3121/3004/3000 3120/3003/2999
f 3122/3005/3001 3124/3007/3003 3123/3006/3002
f 3125/3008/3004 3127/3010/3006 3126/3009/3005
f 3128/3011/3007 3130/3013/3009 3129/3012/3008
f 3131/3014/3010 3133/3016/3012 3132/3015/3011
f 3134/3017/3013 3136/3019/3013 3135/3018/3013
f 3137/3020/3014 3139/3022/3016 3138/3021/3015
f 3140/3023/3017 3142/3025/3019 3141/3024/3018
f 3141/3024/3018 3143/3026/3020 3140/3023/3017
f 3144/3027/3021 3140/3023/3017 3143/3026/3020
f 3143/3026/3020 3145/3028/3022 3144/3027/3021
f 3146/3026/3023 3144/3027/3021 3145/3028/3022
f 3147/3029/3024 3149/3031/3026 3148/3030/3025
f 3148/3030/3025 3150/3032/3027 3147/3029/3024
f 3151/3033/3028 3147/3029/3024 3150/3032/3027
f 3150/3032/3027 3152/3034/3029 3151/3033/3028
f 3153/3035/3030 3155/3037/3032 3154/3036/3031
f 3154/3036/3031 3156/3038/3033 3153/3035/3030
f 3157/3039/865 3153/3035/3030 3156/3038/3033
f 3158/3040/3034 3160/3042/3036 3159/3041/3035
f 3159/3041/3035 3161/3043/3037 3158/3040/3034
f 3162/3044/3038 3158/3040/3034 3161/3043/3037
f 3163/3045/3039 3165/3047/3041 3164/3046/3040
f 3164/3046/3040 3166/3048/3042 3163/3045/3039
f 3167/3049/3043 3163/3045/3039 3166/3048/3042
f 3168/3050/3044 3170/3052/3046 3169/3051/3045
f 3169/3051/3045 3171/3053/3047 3168/3050/3044
f 3172/3054/3048 3168/3050/3044 3171/3053/3047
f 3173/3055/3049 3175/3057/3051 3174/3056/3050
f 3174/3056/3050 3176/3058/3052 3173/3055/3049
f 3177/3059/400 3173/3055/3049 3176/3058/3052
f 3178/3060/3053 3180/3062/3055 3179/3061/3054
f 3179/3061/3054 3181/3063/3056 3178/3060/3053
f 3182/3064/544 3178/3060/3053 3181/3063/3056
f 3183/3065/3057 3185/3067/3059 3184/3066/3058
f 3184/3066/3058 3186/3068/3060 3183/3065/3057
f 3187/3069/3061 3183/3065/3057 3186/3068/3060
f 3188/3070/3062 3190/3072/3064 3189/3071/3063
f 3189/3071/3063 3191/3073/3065 3188/3070/3062
f 3192/3074/3066 3188/3070/3062 3191/3073/3065
f 3193/3075/3067 3195/3077/3069 3194/3076/3068
f 3194/3076/3068 3196/3078/3070 3193/3075/3067
f 3197/3079/3071 3193/3075/3067 3196/3078/3070
f 3198/3080/3072 3200/3082/3074 3199/3081/3073
f 3199/3081/3073 3201/3083/3075 3198/3080/3072
f 3202/3084/3076 3198/3080/3072 3201/3083/3075
f 3203/3085/3077 3205/3087/3079 3204/3086/3078
f 3204/3086/3078 3206/3088/1736 3203/3085/3077
f 3207/3089/3080 3203/3085/3077 3206/3088/1736
f 3208/3090/3081 3210/3092/3083 3209/3091/3082
f 3209/3091/3082 3211/3093/3084 3208/3090/3081
f 3212/3094/3085 3208/3090/3081 3211/3093/3084
f 3213/3095/3086 3215/3097/3088 3214/3096/3087
f 3214/3096/3087 3216/3098/3089 3213/3095/3086
f 3217/3099/3090 3213/3095/3086 3216/3098/3089
f 3218/3100/3091 3220/3102/3093 3219/3101/3092
f 3219/3101/3092 3221/3103/3094 3218/3100/3091
f 3222/3104/1757 3218/3100/3091 3221/3103/3094
f 3223/3105/3095 3225/3107/3097 3224/3106/3096
f 3224/3106/3096 3226/3108/3098 3223/3105/3095
f 3227/3109/3099 3223/3105/3095 3226/3108/3098
f 3228/3110/3100 3230/3112/3101 3229/3111/3101
f 3229/3111/3101 3231/3113/3102 3228/3110/3100
f 3232/3114/3103 3228/3110/3100 3231/3113/3102
f 3233/3115/3104 3235/3117/3106 3234/3116/3105
f 3234/3116/3105 3236/3118/3107 3233/3115/3104
f 3237/3119/3108 3233/3115/3104 3236/3118/3107
f 3238/3120/3109 3240/3122/3111 3239/3121/3110
f 3239/3121/3110 3241/3123/3112 3238/3120/3109
f 3242/3124/3113 3238/3120/3109 3241/3123/3112
f 3243/3125/3114 3245/3127/3116 3244/3126/3115
f 3244/3126/3115 3246/3128/3117 3243/3125/3114
f 3247/3129/3118 3243/3125/3114 3246/3128/3117
f 3248/3130/3119 3250/3132/3121 3249/3131/3120
f 3249/3131/3120 3251/3133/3122 3248/3130/3119
f 3252/3134/3123 3248/3130/3119 3251/3133/3122
f 3253/3135/3124 3255/3137/3126 3254/3136/3125
f 3254/3136/3125 3256/3138/3127 3253/3135/3124
f 3257/3139/3128 3253/3135/3124 3256/3138/3127
f 3258/3140/3129 3260/3142/3131 3259/3141/3130
f 3259/3141/3130 3261/3143/3132 3258/3140/3129
f 3262/3144/3133 3258/3140/3129 3261/3143/3132
f 3263/3145/3134 3265/3147/3136 3264/3146/3135
f 3264/3146/3135 3266/3148/3137 3263/3145/3134
f 3267/3149/3138 3263/3145/3134 3266/3148/3137
f 3268/3150/3139 3270/3152/3141 3269/3151/3140
f 3269/3151/3140 3271/3153/3142 3268/3150/3139
f 3272/3154/3143 3268/3150/3139 3271/3153/3142
f 3273/3155/3144 3275/3157/3146 3274/3156/3145
f 3274/3156/3145 3276/3158/1718 3273/3155/3144
f 3277/3159/329 3273/3155/3144 3276/3158/1718
f 3278/3160/3147 3280/3162/3149 3279/3161/3148
f 3279/3161/3148 3281/3163/3150 3278/3160/3147
f 3282/3164/3151 3278/3160/3147 3281/3163/3150
f 3283/3165/3152 3285/3167/3153 3284/3166/1193
f 3284/3166/1193 3286/3168/3154 3283/3165/3152
f 3287/3169/3155 3283/3165/3152 3286/3168/3154
f 3288/3170/3156 3290/3172/3158 3289/3171/3157
f 3289/3171/3157 3291/3173/440 3288/3170/3156
f 3292/3174/510 3288/3170/3156 3291/3173/440
f 3293/3175/3159 3295/3177/3161 3294/3176/3160
f 3294/3176/3160 3296/3178/1757 3293/3175/3159
f 3297/3179/3162 3293/3175/3159 3296/3178/1757
f 3298/3180/3163 3300/3182/3164 3299/3181/467
f 3299/3181/467 3301/3183/3165 3298/3180/3163
f 3302/3184/3166 3298/3180/3163 3301/3183/3165
f 3303/3185/3167 3305/3187/509 3304/3186/3168
f 3304/3186/3168 3306/3188/3169 3303/3185/3167
f 3307/3189/3170 3303/3185/3167 3306/3188/3169
f 3308/3190/3171 3310/3192/3173 3309/3191/3172
f 3309/3191/3172 3311/3193/3174 3308/3190/3171
f 3312/3194/1700 3308/3190/3171 3311/3193/3174
f 3313/3195/3175 3315/3197/3177 3314/3196/3176
f 3314/3196/3176 3316/3198/3178 3313/3195/3175
f 3317/3199/3179 3313/3195/3175 3316/3198/3178
f 3318/3200/3180 3320/3202/3182 3319/3201/3181
f 3319/3201/3181 3321/3203/2701 3318/3200/3180
f 3322/3204/3183 3324/3206/3185 3323/3205/3184
f 3323/3205/3184 3325/3207/3186 3322/3204/3183
f 3326/3208/3187 3328/3210/3189 3327/3209/3188
f 3327/3209/3188 3329/3211/3190 3326/3208/3187
f 3330/3212/3191 3332/3214/3193 3331/3213/3192
f 3331/3213/3192 3333/3215/3194 3330/3212/3191
f 3334/3216/3195 3336/3218/3197 3335/3217/3196
f 3335/3217/3196 3337/3219/3198 3334/3216/3195
f 3338/3220/523 3340/3222/3200 3339/3221/3199
f 3339/3221/3199 3341/3223/3201 3338/3220/523
f 3342/3224/3202 3344/3226/3203 3343/3225/1727
f 3343/3225/1727 3345/3227/3204 3342/3224/3202
f 3346/3228/3205 3348/3230/419 3347/3229/3206
f 3347/3229/3206 3349/3231/3207 3346/3228/3205
f 3350/3232/3208 3352/3234/3209 3351/3233/533
f 3351/3233/533 3353/3235/3210 3350/3232/3208
f 3354/3236/3083 3356/3238/3212 3355/3237/3211
f 3355/3237/3211 3357/3239/526 3354/3236/3083
f 3358/3240/3213 3360/3242/3215 3359/3241/3214
f 3359/3241/3214 3361/3243/400 3358/3240/3213
f 3362/3244/3216 3364/3246/3218 3363/3245/3217
f 3363/3245/3217 3365/3247/3219 3362/3244/3216
f 3366/3248/3220 3368/3250/3222 3367/3249/3221
f 3367/3249/3221 3369/3251/428 3366/3248/3220
f 3370/3252/3223 3372/3254/3225 3371/3253/3224
f 3371/3253/3224 3373/3255/3226 3370/3252/3223
f 3374/3256/3227 3376/3258/3229 3375/3257/3228
f 3375/3257/3228 3377/3259/3230 3374/3256/3227
f 3378/3260/3231 3380/3262/3233 3379/3261/3232
f 3379/3261/3232 3381/3263/3234 3378/3260/3231
f 3382/3264/3235 3384/3266/467 3383/3265/3236
f 3383/3265/3236 3385/3267/3237 3382/3264/3235
f 3386/3268/3238 3388/3270/3239 3387/3269/1190
f 3387/3269/1190 3389/3271/503 3386/3268/3238
f 3390/3272/3240 3392/3274/3242 3391/3273/3241
f 3391/3273/3241 3393/3275/3243 3390/3272/3240
f 3394/3276/3244 3396/3278/3246 3395/3277/3245
f 3395/3277/3245 3397/3279/3247 3394/3276/3244
f 3398/3280/3248 3400/3282/3250 3399/3281/3249
f 3399/3281/3249 3401/3283/3251 3398/3280/3248
f 3402/3284/3252 3404/3286/3254 3403/3285/3253
f 3403/3285/3253 3405/3287/3255 3402/3284/3252
f 3406/3288/3256 3408/3290/3258 3407/3289/3257
f 3407/3289/3257 3409/3291/3259 3406/3288/3256
f 3410/3292/3260 3412/3294/2668 3411/3293/3261
f 3411/3293/3261 3413/3295/3262 3410/3292/3260
f 3414/3296/3263 3416/3298/3265 3415/3297/3264
f 3415/3297/3264 3417/3299/3266 3414/3296/3263
f 3418/3300/3267 3420/3302/3269 3419/3301/3268
f 3419/3301/3268 3421/3303/3270 3418/3300/3267
f 3422/3304/3271 3424/3306/3273 3423/3305/3272
f 3423/3305/3272 3425/3307/3274 3422/3304/3271
f 3426/3308/3275 3428/3310/3277 3427/3309/3276
f 3427/3309/3276 3429/3311/3278 3426/3308/3275
f 3430/3312/1437 3432/3314/3280 3431/3313/3279
f 3431/3313/3279 3433/3315/3281 3430/3312/1437
f 3434/3316/3282 3436/3318/3180 3435/3317/349
f 3435/3317/349 3437/3319/3283 3434/3316/3282
f 3438/3320/3284 3440/3322/3286 3439/3321/3285
f 3439/3321/3285 3441/3323/3287 3438/3320/3284
f 3442/3324/3288 3444/3326/349 3443/3325/347
f 3443/3325/347 3445/3327/3289 3442/3324/3288
f 3446/3328/3290 3448/3330/3292 3447/3329/3291
f 3449/3331/3293 3451/3333/3295 3450/3332/3294
f 3452/3334/2690 3454/3336/3297 3453/3335/3296
f 3455/3337/3298 3457/3339/3296 3456/3338/3299
f 3458/3340/3300 3460/3342/3302 3459/3341/3301
f 3461/3343/3303 3463/3345/3305 3462/3344/3304
f 3464/3346/3306 3466/3348/3219 3465/3347/3307
f 3467/3349/3308 3469/3351/3310 3468/3350/3309
f 3470/3352/3311 3472/3354/3312 3471/3353/460
f 3473/3355/3080 3475/3357/440 3474/3356/3313
f 3476/3358/1684 3478/3360/509 3477/3359/3314
f 3479/3361/3315 3481/3363/3317 3480/3362/3316
f 3482/3364/3318 3484/3366/3320 3483/3365/3319
f 3485/3367/3321 3487/3369/3323 3486/3368/3322
f 3488/3370/3324 3490/3372/3326 3489/3371/3325
f 3491/3373/3327 3493/3375/3329 3492/3374/3328
f 3494/3376/3330 3496/3378/3331 3495/3377/3330
f 3497/3379/3332 3499/3381/3334 3498/3380/3333
f 3500/3382/3335 3502/3384/3337 3501/3383/3336
f 3503/3385/3338 3505/3387/3339 3504/3386/440
f 3506/3388/3340 3508/3390/3342 3507/3389/3341
f 3509/3391/3343 3511/3393/3345 3510/3392/3344
f 3512/3394/3346 3514/3396/3348 3513/3395/3347
f 3515/3397/3348 3517/3399/3350 3516/3398/3349
f 3518/3400/3351 3520/3402/3353 3519/3401/3352
f 3521/3403/3354 3523/3405/3356 3522/3404/3355
f 3524/3406/3357 3526/3408/3359 3525/3407/3358
f 3527/3409/3360 3529/3411/3362 3528/3410/3361
f 3530/3412/3363 3532/3414/3365 3531/3413/3364
f 3533/3415/3366 3535/3417/3368 3534/3416/3367
f 3536/3418/3369 3538/3420/3371 3537/3419/3370
f 3539/3421/3372 3541/3423/3373 3540/3422/440
f 3542/3424/3374 3544/3426/3376 3543/3425/3375
f 3545/3427/3377 3547/3429/3379 3546/3428/3378
f 3548/3430/3380 3550/3432/3382 3549/3431/3381
f 3551/3433/3383 3553/3435/3385 3552/3434/3384
f 3554/3436/3386 3556/3438/3388 3555/3437/3387
f 3557/3439/3389 3559/3441/3391 3558/3440/3390
f 3560/3442/3392 3562/3444/3394 3561/3443/3393
f 3563/3445/3395 3565/3447/3397 3564/3446/3396
f 3566/3448/3375 3568/3450/3399 3567/3449/3398
f 3569/3451/3281 3571/3453/3401 3570/3452/3400
f 3572/3454/3402 3574/3456/3404 3573/3455/3403
f 3575/3457/3405 3577/3459/3407 3576/3458/3406
f 3578/3460/3408 3580/3462/3410 3579/3461/3409
f 3581/3463/3411 3583/3465/3413 3582/3464/3412
f 3582/3464/3412 3584/3466/3414 3581/3463/3411
f 3585/3467/3415 3581/3463/3411 3584/3466/3414
f 3584/3466/3414 3586/3468/3416 3585/3467/3415
f 3587/3469/3417 3585/3467/3415 3586/3468/3416
f 3586/3468/3416 3588/3470/3418 3587/3469/3417
f 3589/3471/3419 3587/3469/3417 3588/3470/3418
f 3588/3470/3418 3590/3472/3420 3589/3471/3419
f 3591/3473/3421 3593/3475/3423 3592/3474/3422
f 3592/3474/3422 3594/3476/3424 3591/3473/3421
f 3595/3477/3425 3591/3473/3421 3594/3476/3424
f 3594/3476/3424 3596/3478/3426 3595/3477/3425
f 3597/3479/3427 3595/3477/3425 3596/3478/3426
f 3596/3478/3426 3598/3480/3428 3597/3479/3427
f 3599/3481/3429 3597/3479/3427 3598/3480/3428
f 3600/3482/3430 3602/3484/3432 3601/3483/3431
f 3601/3483/3431 3603/3485/3433 3600/3482/3430
f 3604/3486/3434 3600/3482/3430 3603/3485/3433
f 3605/3487/3435 3607/3489/3437 3606/3488/3436
f 3606/3488/3436 3608/3490/3438 3605/3487/3435
f 3609/3488/3439 3605/3487/3435 3608/3490/3438
f 3610/3491/3440 3612/3493/3442 3611/3492/3441
f 3611/3492/3441 3613/3494/3443 3610/3491/3440
f 3614/3495/3444 3610/3491/3440 3613/3494/3443
f 3615/3496/3445 3617/3498/3447 3616/3497/3446
f 3616/3497/3446 3618/3499/3448 3615/3496/3445
f 3619/3500/3449 3621/3502/3451 3620/3501/3450
f 3620/3501/3450 3622/3503/3452 3619/3500/3449
f 3623/3504/3453 3625/3506/3455 3624/3505/3454
f 3624/3505/3454 3626/3507/3456 3623/3504/3453
f 3627/3508/3457 3629/3510/3459 3628/3509/3458
f 3628/3509/3458 3630/3511/3460 3627/3508/3457
f 3631/3512/3461 3633/3514/3463 3632/3513/3462
f 3632/3513/3462 3634/3515/3464 3631/3512/3461
f 3635/3516/3465 3637/3518/3467 3636/3517/3466
f 3636/3517/3466 3638/3519/3468 3635/3516/3465
f 3639/3520/3469 3641/3522/3471 3640/3521/3470
f 3640/3521/3470 3642/3523/3472 3639/3520/3469
f 3643/3524/3473 3645/3526/3475 3644/3525/3474
f 3644/3525/3474 3646/3527/3476 3643/3524/3473
f 3647/3528/3477 3649/3530/3479 3648/3529/3478
f 3648/3529/3478 3650/3531/3480 3647/3528/3477
f 3651/3532/2956 3653/3534/3481 3652/3533/2956
f 3652/3533/2956 3654/3535/2958 3651/3532/2956
f 3655/3536/3482 3657/3538/3484 3656/3537/3483
f 3656/3537/3483 3658/3539/3485 3655/3536/3482
f 3659/3540/3486 3661/3542/3488 3660/3541/3487
f 3662/3543/3489 3664/3545/3491 3663/3544/3490
f 3665/3546/3492 3667/3548/3494 3666/3547/3493
f 3668/3549/3495 3670/3551/3497 3669/3550/3496
f 3671/3552/3498 3673/3554/2880 3672/3553/3499
f 3674/3555/3500 3676/3557/3502 3675/3556/3501
f 3677/3558/3503 3679/3560/3504 3678/3559/2990
f 3680/3561/3505 3682/3563/3506 3681/3562/2993
f 3683/3564/3507 3685/3566/3509 3684/3565/3508
f 3686/3567/3510 3688/3569/3512 3687/3568/3511
f 3689/3570/3513 3691/3572/3515 3690/3571/3514
f 3692/3573/3516 3694/3575/3518 3693/3574/3517
f 3695/3576/3519 3697/3578/3521 3696/3577/3520
f 3698/3579/3522 3700/3581/3524 3699/3580/3523
f 3701/3582/3525 3703/3584/3527 3702/3583/3526
f 3704/3585/3528 3706/3587/3530 3705/3586/3529
f 3707/3588/3531 3709/3590/3533 3708/3589/3532
f 3710/3591/3534 3712/3593/3536 3711/3592/3535
f 3713/3594/3537 3715/3596/3539 3714/3595/3538
f 3716/3597/3540 3718/3599/3540 3717/3598/3540
f 3719/3600/3541 3721/3602/3543 3720/3601/3542
f 3722/3603/3544 3724/3605/3546 3723/3604/3545
f 3723/3604/3545 3725/3606/3547 3722/3603/3544
f 3726/3607/3548 3728/3609/3550 3727/3608/3549
f 3727/3608/3549 3729/3610/3551 3726/3607/3548
f 3730/3611/3552 3732/3613/3554 3731/3612/3553
f 3731/3612/3553 3733/3614/3555 3730/3611/3552
f 3734/3615/3556 3736/3617/3558 3735/3616/3557
f 3735/3616/3557 3737/3618/3559 3734/3615/3556
f 3738/3619/3560 3740/3621/3562 3739/3620/3561
f 3739/3620/3561 3741/3622/3563 3738/3619/3560
f 3742/3623/3564 3744/3625/3566 3743/3624/3565
f 3745/3626/3567 3747/3628/3569 3746/3627/3568
f 3750/3629/3570 3752/3631/3572 3751/3630/3571
f 3753/3632/3573 3755/3634/3575 3754/3633/3574
f 3758/3635/3576 3760/3637/3578 3759/3636/3577
f 3761/3638/3579 3763/3640/3581 3762/3639/3580
l 2046 2047
l 2191 2192
l 2458 2459
l 2458 2460
l 2462 2463
l 2569 2570
l 2767 2768
l 2188 2189
l 2581 2582
l 1963 1964
l 2189 2190
l 1933 1934
l 1964 1965
l 2769 2770
l 2190 2191
l 2258 2259
l 2258 2260
l 2733 2734
l 1934 1935
l 1965 1966
l 2461 2462
l 2762 2763
l 3036 3037
l 3086 3087
l 3748 3749
l 3756 3757
