# Blender 5.1.0
# www.blender.org
mtllib Branch.mtl
o Branch
v -1.166386 0.377590 -2.187058
v -1.169612 0.378936 -2.183831
v -1.163930 0.380630 -2.179205
v -1.171994 0.380392 -2.180713
v -1.169602 0.382220 -2.178294
v -1.168338 0.374005 -2.189158
v -1.173476 0.384084 -2.174034
v -1.171193 0.370865 -2.186150
v -1.182116 0.382682 -2.180938
v -1.180945 0.380697 -2.183542
v -1.181782 0.382799 -2.175230
v -1.177139 0.379314 -2.187220
v -1.177841 0.384356 -2.186253
v -1.180545 0.376814 -2.182649
v -1.174171 0.372992 -2.185099
v -1.174783 0.378801 -2.186812
v -1.174143 0.384095 -2.183666
v -1.174535 0.381668 -2.183152
v -1.177433 0.386171 -2.176864
v -1.178647 0.385529 -2.181502
v -1.063843 0.117262 -2.141085
v -1.064359 0.120430 -2.138152
v -1.063022 0.115158 -2.139962
v -1.061182 0.110793 -2.140458
v -1.060985 0.110723 -2.139872
v -1.061988 0.111699 -2.139874
v -1.159258 0.340824 -2.181462
v -1.155934 0.345724 -2.182417
v -1.153288 0.345138 -2.181233
v -1.157927 0.369006 -2.182936
v -1.162223 0.371096 -2.185591
v -1.162445 0.374907 -2.184930
v -1.155326 0.353778 -2.182000
v -1.160617 0.378175 -2.181002
v -1.160113 0.362053 -2.185228
v -1.158674 0.365392 -2.182283
v -1.155238 0.356927 -2.182513
v -1.165175 0.372295 -2.186851
v -1.160640 0.363858 -2.187156
v -1.160216 0.352959 -2.187723
v -1.166890 0.363327 -2.189640
v -1.160531 0.367260 -2.183064
v -1.163201 0.367223 -2.184995
v -1.163518 0.368529 -2.188233
v -1.168212 0.371057 -2.188135
v -1.158102 0.374503 -2.181705
v -1.157478 0.353241 -2.182591
v -1.168662 0.367596 -2.191459
v -1.159817 0.343955 -2.188221
v -1.174099 0.364730 -2.193367
v -1.172398 0.368157 -2.191466
v -1.163896 0.343670 -2.188626
v -1.158150 0.348999 -2.187839
v -1.168848 0.368780 -2.189122
v -1.185077 0.375906 -2.184854
v -1.182128 0.374770 -2.184153
v -1.181276 0.373578 -2.187867
v -1.187135 0.383465 -2.181446
v -1.183772 0.385857 -2.175740
v -1.167034 0.362671 -2.191726
v -1.176663 0.381748 -2.172684
v -1.180044 0.371373 -2.188600
v -1.188055 0.371743 -2.192697
v -1.185857 0.374646 -2.187630
v -1.163611 0.350853 -2.190806
v -1.184430 0.387951 -2.171579
v -1.175673 0.385088 -2.169641
v -1.179245 0.384745 -2.171908
v -1.174149 0.382165 -2.170010
v -1.171344 0.384922 -2.168613
v -1.177755 0.367205 -2.193152
v -1.176508 0.367847 -2.189813
v -1.175258 0.363219 -2.193762
v -1.169346 0.360084 -2.192276
v -1.191402 0.382841 -2.184443
v -1.190713 0.387559 -2.178604
v -1.169230 0.382703 -2.171355
v -1.194006 0.386864 -2.183372
v -1.192597 0.379009 -2.188335
v -1.179553 0.385205 -2.175925
v -1.184779 0.370145 -2.194459
v -1.195510 0.384317 -2.187219
v -1.194522 0.377099 -2.191768
v -1.164085 0.344377 -2.191728
v -1.186869 0.369560 -2.194341
v -1.151751 0.362524 -2.160507
v -1.156275 0.364707 -2.162909
v -1.151737 0.369393 -2.159992
v -1.152112 0.351462 -2.174215
v -1.149595 0.349962 -2.171326
v -1.149942 0.344812 -2.173298
v -1.160553 0.374222 -2.173241
v -1.163698 0.380529 -2.173360
v -1.161729 0.375572 -2.171394
v -1.160179 0.377152 -2.176061
v -1.159445 0.368557 -2.174924
v -1.166225 0.379073 -2.167858
v -1.167587 0.378101 -2.163529
v -1.164178 0.376022 -2.165964
v -1.154011 0.346979 -2.178876
v -1.153443 0.352852 -2.178200
v -1.156544 0.360233 -2.176812
v -1.157247 0.360802 -2.180703
v -1.158388 0.373491 -2.178721
v -1.158658 0.373021 -2.169697
v -1.149112 0.349500 -2.164592
v -1.153375 0.357267 -2.165286
v -1.154616 0.358245 -2.174945
v -1.156258 0.367775 -2.168190
v -1.158121 0.369360 -2.179240
v -1.166064 0.381040 -2.172936
v -1.165407 0.382054 -2.167714
v -1.147670 0.343473 -2.167291
v -1.156631 0.368564 -2.172844
v -1.157426 0.362308 -2.175214
v -1.155975 0.364618 -2.171353
v -1.161715 0.372890 -2.163028
v -1.158166 0.369090 -2.162898
v -1.149230 0.341041 -2.176933
v -1.148832 0.341934 -2.178522
v -1.151950 0.355519 -2.163920
v -1.144078 0.332725 -2.166296
v -1.247488 0.384122 -2.177245
v -1.251771 0.384347 -2.173634
v -1.246035 0.386846 -2.175748
v -1.250252 0.378736 -2.179265
v -1.248853 0.375614 -2.180660
v -1.254242 0.377241 -2.178663
v -1.248622 0.375787 -2.181399
v -1.248276 0.370745 -2.180784
v -1.242168 0.372343 -2.183079
v -1.242130 0.368497 -2.182797
v -1.253554 0.373509 -2.179278
v -1.253897 0.369945 -2.179602
v -1.242403 0.378126 -2.181941
v -1.243077 0.381306 -2.180529
v -1.237083 0.381697 -2.182415
v -1.243132 0.375733 -2.183083
v -1.256479 0.374961 -2.176790
v -1.231176 0.376865 -2.184629
v -1.213595 0.370757 -2.185262
v -1.225021 0.369272 -2.184567
v -1.214712 0.375948 -2.185020
v -1.211124 0.380410 -2.184227
v -1.209368 0.372166 -2.186656
v -1.247250 0.381267 -2.179252
v -1.218755 0.384228 -2.179731
v -1.218834 0.381107 -2.182425
v -1.238249 0.385292 -2.179115
v -1.255867 0.374267 -2.176844
v -1.234363 0.373265 -2.184862
v -1.255389 0.381282 -2.172128
v -1.252522 0.378433 -2.175571
v -1.248828 0.375648 -2.180918
v -1.246061 0.368664 -2.181232
v -1.254785 0.369776 -2.179637
v -1.241323 0.385272 -2.177205
v -1.240168 0.386653 -2.176125
v -1.249386 0.387418 -2.172313
v -1.208080 0.377311 -2.185943
v -1.205659 0.364019 -2.185723
v -1.259268 0.371859 -2.177939
v -1.254492 0.370373 -2.179823
v -1.201530 0.372924 -2.188253
v -1.260212 0.373085 -2.173690
v -1.254331 0.383172 -2.173284
v -1.257871 0.377679 -2.170401
v -1.114292 0.223932 -2.188012
v -1.117061 0.229360 -2.192514
v -1.112860 0.227678 -2.191828
v -1.158133 0.295765 -2.190917
v -1.157331 0.297860 -2.190663
v -1.152679 0.290425 -2.190781
v -1.165352 0.304507 -2.191585
v -1.182109 0.330173 -2.177127
v -1.176613 0.326636 -2.183009
v -1.181380 0.333838 -2.183012
v -1.186554 0.340893 -2.179047
v -1.185305 0.335282 -2.176207
v -1.086688 0.212789 -2.182269
v -1.083441 0.204785 -2.181315
v -1.093910 0.220750 -2.183445
v -1.150876 0.282886 -2.190818
v -1.148451 0.277684 -2.194777
v -1.148478 0.279370 -2.194248
v -1.158365 0.291460 -2.195481
v -1.202685 0.351721 -2.177875
v -1.204819 0.348387 -2.176983
v -1.207086 0.353171 -2.176474
v -1.201408 0.346307 -2.177511
v -1.197542 0.349110 -2.177759
v -1.194860 0.343831 -2.180614
v -1.107962 0.237938 -2.184569
v -1.106970 0.232655 -2.182189
v -1.101348 0.229278 -2.183626
v -1.111035 0.236990 -2.182902
v -1.116284 0.238233 -2.191198
v -1.123978 0.247709 -2.192480
v -1.110462 0.228739 -2.190390
v -1.186769 0.333060 -2.183908
v -1.175048 0.317511 -2.186926
v -1.182447 0.327585 -2.185465
v -1.118317 0.240394 -2.188758
v -1.115492 0.237553 -2.184104
v -1.115170 0.240203 -2.188664
v -1.109980 0.236140 -2.185632
v -1.168285 0.318559 -2.185989
v -1.169991 0.324973 -2.185159
v -1.166553 0.318122 -2.186792
v -1.172939 0.324463 -2.184076
v -1.176980 0.329696 -2.179067
v -1.155652 0.299865 -2.187693
v -1.157194 0.305827 -2.188601
v -1.151488 0.291819 -2.188001
v -1.146474 0.276187 -2.190174
v -1.142704 0.276390 -2.188380
v -1.142112 0.271546 -2.190621
v -1.147972 0.283924 -2.190379
v -1.148500 0.282201 -2.190145
v -1.157614 0.292365 -2.193057
v -1.099697 0.243487 -2.171498
v -1.100654 0.246837 -2.167681
v -1.095339 0.237360 -2.168007
v -1.087262 0.224460 -2.171535
v -1.078502 0.215967 -2.169480
v -1.074365 0.211245 -2.172296
v -1.092862 0.232717 -2.169855
v -1.086283 0.224695 -2.175257
v -1.082849 0.221252 -2.169458
v -1.089135 0.231942 -2.167097
v -1.083845 0.224152 -2.168481
v -1.100891 0.244147 -2.177580
v -1.094548 0.237119 -2.170326
v -1.101158 0.244727 -2.172778
v -1.075668 0.212593 -2.174086
v -1.093593 0.233503 -2.176131
v -1.085429 0.207993 -2.179611
v -1.097199 0.224782 -2.185660
v -1.106506 0.236346 -2.186449
v -1.100726 0.226499 -2.181048
v -1.091482 0.217770 -2.181280
v -1.087631 0.211641 -2.184572
v -1.080851 0.200268 -2.178607
v -1.070900 0.185378 -2.176263
v -1.075049 0.191876 -2.179377
v -1.072937 0.184993 -2.181720
v -1.079307 0.197426 -2.182053
v -1.083918 0.204953 -2.183126
v -1.070260 0.180502 -2.179578
v -1.067184 0.174601 -2.181151
v -1.064252 0.174314 -2.176955
v -1.178828 0.331514 -2.176781
v -1.179246 0.327079 -2.184274
v -1.171841 0.318951 -2.185514
v -1.171295 0.311293 -2.192919
v -1.174226 0.313867 -2.190693
v -1.169639 0.311181 -2.190641
v -1.196901 0.339693 -2.182429
v -1.195736 0.341494 -2.182666
v -1.191057 0.339287 -2.182470
v -1.161652 0.305124 -2.188775
v -1.178494 0.313261 -2.192017
v -1.177900 0.313244 -2.193338
v -1.185547 0.323951 -2.188072
v -1.191128 0.329963 -2.188622
v -1.185535 0.325421 -2.187073
v -1.193915 0.346863 -2.176167
v -1.181673 0.320710 -2.188613
v -1.194084 0.330146 -2.186483
v -1.198463 0.336759 -2.179504
v -1.192211 0.332258 -2.183623
v -1.187512 0.337947 -2.181524
v -1.188424 0.332765 -2.185646
v -1.188601 0.324767 -2.188391
v -1.172181 0.317228 -2.187770
v -1.170650 0.306893 -2.195199
v -1.127873 0.251991 -2.192492
v -1.125468 0.252300 -2.188541
v -1.130140 0.255302 -2.190090
v -1.146381 0.283899 -2.186931
v -1.138656 0.266472 -2.190694
v -1.139519 0.268172 -2.193573
v -1.130144 0.257354 -2.188524
v -1.131552 0.260794 -2.185724
v -1.125967 0.254266 -2.184222
v -1.109666 0.234447 -2.187789
v -1.120174 0.243134 -2.191774
v -1.119134 0.241345 -2.186302
v -1.113818 0.238413 -2.181738
v -1.163622 0.303539 -2.194082
v -1.123103 0.250071 -2.184251
v -1.163082 0.299849 -2.196106
v -1.139470 0.271573 -2.186321
v -1.110252 0.228016 -2.187783
v -1.120239 0.243899 -2.184176
v -1.118777 0.248739 -2.182152
v -1.072557 0.226059 -2.172604
v -1.072518 0.215009 -2.169875
v -1.080021 0.228626 -2.170371
v -1.087212 0.248479 -2.170290
v -1.095607 0.253635 -2.169039
v -1.096630 0.259846 -2.169569
v -1.090896 0.245551 -2.169132
v -1.087656 0.240126 -2.169241
v -1.095296 0.245789 -2.168143
v -1.087041 0.248294 -2.170352
v -1.103571 0.265956 -2.164741
v -1.103612 0.260254 -2.166228
v -1.104258 0.262131 -2.164721
v -1.060699 0.191802 -2.169402
v -1.061706 0.205475 -2.172212
v -1.055816 0.195212 -2.171325
v -1.055159 0.184835 -2.169693
v -1.057827 0.185387 -2.169672
v -1.098401 0.261389 -2.167664
v -1.065733 0.202546 -2.169273
v -1.066749 0.214420 -2.172980
v -1.044229 0.172499 -2.171485
v -1.048838 0.173007 -2.170012
v -1.096122 0.240618 -2.167797
v -1.098963 0.264604 -2.165762
v -1.040458 0.165735 -2.172002
v -1.042885 0.162167 -2.170308
v -1.112242 0.261608 -2.164026
v -1.111259 0.257220 -2.163253
v -1.113815 0.263669 -2.159372
v -1.091767 0.257888 -2.169439
v -1.109780 0.254270 -2.165979
v -1.107871 0.257529 -2.164931
v -1.106208 0.250165 -2.165382
v -1.099698 0.252085 -2.167945
v -1.101848 0.250997 -2.164429
v -1.068747 0.220138 -2.172929
v -1.109559 0.263218 -2.159491
v -1.050820 0.185400 -2.171883
v -1.031660 0.151624 -2.170878
v -1.037562 0.153487 -2.170386
v -1.082293 0.240194 -2.171111
v -1.086930 0.248581 -2.170194
v -1.103946 0.266402 -2.162267
v -1.099455 0.254418 -2.166377
v -1.074533 0.215464 -2.170521
v -1.082888 0.234074 -2.169025
v -1.052494 0.175650 -2.171384
v -1.081753 0.208243 -2.178576
v -1.051510 0.150197 -2.179188
v -1.057730 0.158319 -2.178943
v -1.057977 0.161992 -2.177746
v -1.057749 0.157780 -2.182311
v -1.062762 0.165979 -2.179496
v -1.068460 0.202146 -2.170723
v -1.111296 0.244924 -2.181207
v -1.106540 0.241513 -2.180163
v -1.042730 0.156514 -2.172356
v -1.048135 0.166718 -2.171805
v -1.109097 0.246587 -2.177413
v -1.104267 0.244867 -2.175581
v -1.049968 0.150911 -2.178785
v -1.053196 0.162948 -2.176247
v -1.063560 0.179967 -2.175224
v -1.050193 0.148897 -2.182052
v -1.055897 0.154520 -2.182269
v -1.099471 0.228208 -2.179548
v -1.070163 0.195688 -2.174632
v -1.072701 0.204254 -2.174534
v -1.063224 0.166064 -2.181514
v -1.042507 0.150370 -2.175970
v -1.041989 0.146116 -2.179727
v -1.044367 0.147014 -2.178006
v -1.075308 0.204835 -2.175624
v -1.036995 0.153105 -2.173143
v -1.100287 0.240060 -2.177855
v -1.106533 0.243830 -2.172203
v -1.077610 0.196864 -2.176833
v -1.104250 0.245189 -2.169304
v -1.066345 0.173537 -2.178609
v -1.058945 0.163657 -2.178706
v -1.036550 0.147805 -2.181570
v -1.089569 0.220868 -2.179304
v -1.039447 0.141188 -2.185502
v -1.031642 0.150634 -2.174045
v -1.097030 0.229942 -2.178581
v -1.030921 0.154001 -2.163530
v -1.034220 0.153467 -2.175395
v -1.039195 0.152317 -2.177157
v -1.058176 0.106102 -2.188808
v -1.061648 0.107281 -2.186830
v -1.066336 0.112834 -2.185220
v -0.923183 -0.071747 -2.193238
v -0.919554 -0.068645 -2.195300
v -0.915244 -0.079160 -2.194257
v -0.910639 -0.055422 -2.198447
v -0.908115 -0.052647 -2.196931
v -0.909983 -0.059322 -2.196202
v -1.036782 0.081119 -2.192861
v -1.027269 0.075752 -2.192953
v -1.013199 0.060518 -2.192008
v -0.912603 -0.062361 -2.194146
v -0.916887 -0.065948 -2.196948
v -0.915642 -0.058873 -2.195809
v -0.967514 -0.033075 -2.172169
v -0.955868 -0.044307 -2.174656
v -0.957217 -0.044721 -2.169274
v -1.082601 0.176815 -2.183337
v -1.084087 0.178379 -2.185669
v -1.085226 0.183183 -2.182807
v -1.107552 0.205891 -2.192876
v -1.106028 0.200607 -2.189790
v -1.114806 0.201442 -2.189144
v -0.984826 0.020086 -2.188627
v -0.994115 0.030202 -2.189766
v -0.983684 0.025190 -2.188449
v -1.018739 0.108311 -2.184087
v -1.025125 0.114894 -2.187361
v -1.023497 0.116938 -2.186687
v -1.111817 0.213772 -2.190915
v -1.114252 0.208514 -2.190904
v -1.114730 0.210728 -2.191934
v -0.921516 -0.064143 -2.196699
v -0.938453 -0.054414 -2.187852
v -0.940639 -0.045988 -2.189824
v -1.097685 0.210353 -2.186952
v -1.094235 0.200103 -2.182705
v -1.097661 0.198432 -2.185563
v -0.942739 -0.019891 -2.189702
v -0.940318 -0.008901 -2.185827
v -0.933571 -0.021267 -2.188894
v -0.907871 -0.082046 -2.189294
v -0.908492 -0.079892 -2.191242
v -0.904562 -0.076350 -2.186721
v -0.903123 -0.074983 -2.183201
v -0.898253 -0.074659 -2.186520
v -0.919277 -0.078738 -2.166187
v -0.922264 -0.080394 -2.164716
v -0.918776 -0.082456 -2.167719
v -0.976743 0.028359 -2.187638
v -0.970998 0.024874 -2.185686
v -0.974083 0.021357 -2.187006
v -1.097154 0.193868 -2.188134
v -1.098739 0.198240 -2.188408
v -0.952858 -0.023305 -2.189686
v -0.962132 -0.002675 -2.188985
v -0.943941 -0.026463 -2.190876
v -1.060344 0.106710 -2.139921
v -1.068291 0.115780 -2.184123
v -1.072817 0.169198 -2.182188
v -0.900274 -0.084194 -2.182989
v -0.902374 -0.087045 -2.179474
v -0.901039 -0.084161 -2.183253
v -1.061187 0.137776 -2.191138
v -1.067680 0.152367 -2.187397
v -1.057225 0.137143 -2.188772
v -0.895139 -0.078849 -2.183436
v -0.893860 -0.078788 -2.190119
v -0.897883 -0.071372 -2.198150
v -0.898874 -0.064653 -2.198537
v -0.896875 -0.065625 -2.195881
v -1.104190 0.225776 -2.186659
v -1.098724 0.215349 -2.187533
v -1.106078 0.223859 -2.187573
v -1.110777 0.207084 -2.191515
v -1.115771 0.204410 -2.188954
v -0.900692 -0.084164 -2.183231
v -0.899836 -0.078291 -2.181175
v -1.051981 0.137125 -2.190224
v -1.044211 0.124468 -2.190246
v -1.048364 0.122821 -2.191656
v -0.920372 -0.083231 -2.183777
v -0.920587 -0.082337 -2.187152
v -0.918111 -0.084114 -2.187642
v -0.918454 -0.084981 -2.181381
v -0.916419 -0.082204 -2.183992
v -0.915376 -0.082961 -2.181976
v -1.034015 0.087780 -2.193550
v -0.918489 -0.050337 -2.197779
v -0.934673 -0.025880 -2.190318
v -0.927000 -0.036061 -2.193365
v -1.004860 0.018090 -2.182152
v -1.007261 0.027600 -2.186012
v -0.988787 0.011588 -2.188250
v -0.911706 -0.084236 -2.181413
v -0.909968 -0.088739 -2.179084
v -0.909484 -0.044540 -2.195377
v -0.912592 -0.040946 -2.194186
v -0.911321 -0.042397 -2.192014
v -1.108171 0.215575 -2.188027
v -1.102226 0.213130 -2.190144
v -1.111815 0.216485 -2.190411
v -0.959341 0.000531 -2.187557
v -0.950691 0.000699 -2.184478
v -0.955552 -0.000386 -2.187224
v -0.923165 -0.075646 -2.163930
v -1.098368 0.168275 -2.176839
v -1.093768 0.163353 -2.178926
v -1.098764 0.163064 -2.170033
v -0.903461 -0.039621 -2.188301
v -0.907940 -0.036545 -2.189831
v -0.910260 -0.030025 -2.187362
v -1.037272 0.066092 -2.187007
v -1.027267 0.055812 -2.188312
v -0.904692 -0.082801 -2.185437
v -0.905573 -0.084690 -2.183432
v -1.056703 0.091708 -2.138280
v -1.057425 0.093453 -2.129671
v -1.060707 0.099070 -2.127936
v -1.069420 0.150465 -2.190361
v -0.895112 -0.053289 -2.185564
v -0.897753 -0.056093 -2.188929
v -0.897060 -0.052999 -2.191370
v -0.915268 -0.082495 -2.185347
v -0.911496 -0.080311 -2.185656
v -1.044837 0.094884 -2.192940
v -1.113667 0.217375 -2.187994
v -1.115718 0.214795 -2.190803
v -1.022703 0.057141 -2.191185
v -1.014390 0.053647 -2.192236
v -1.006552 0.040536 -2.191154
v -1.068307 0.159007 -2.185654
v -1.068510 0.153573 -2.188710
v -1.072623 0.165066 -2.186382
v -1.042951 0.108830 -2.193101
v -1.054091 0.118474 -2.192225
v -1.056105 0.091007 -2.132764
v -1.056403 0.091057 -2.137379
v -1.056195 0.090676 -2.134233
v -0.995679 -0.000091 -2.176353
v -0.974521 -0.016772 -2.182067
v -0.972695 -0.024462 -2.176910
v -1.087523 0.150757 -2.179445
v -1.078749 0.135163 -2.182418
v -1.085381 0.140630 -2.175209
v -1.107806 0.212321 -2.192082
v -0.903873 -0.048324 -2.192157
v -0.899717 -0.056890 -2.195276
v -0.902661 -0.051838 -2.194811
v -1.009270 0.053365 -2.191925
v -1.031385 0.122887 -2.187549
v -1.027774 0.127747 -2.184752
v -1.084206 0.183128 -2.180751
v -1.081022 0.177341 -2.180887
v -0.919020 -0.077564 -2.193818
v -0.918057 -0.079851 -2.191884
v -0.922442 -0.079173 -2.188761
v -1.042971 0.069764 -2.185733
v -1.048777 0.069353 -2.157967
v -1.045298 0.074862 -2.187155
v -1.043807 0.144467 -2.184044
v -0.921712 -0.052996 -2.197286
v -0.941307 -0.034166 -2.191621
v -0.909116 -0.050640 -2.197911
v -0.916754 -0.047596 -2.197342
v -1.067027 0.130016 -2.190010
v -1.075505 0.137829 -2.186434
v -1.001466 0.029916 -2.189304
v -0.914499 -0.071276 -2.194067
v -0.957445 0.005731 -2.186284
v -1.060814 0.109991 -2.139950
v -1.057295 0.100541 -2.187072
v -1.055681 0.080787 -2.155720
v -1.055284 0.082115 -2.152326
v -0.898409 -0.074736 -2.194190
v -0.901622 -0.072875 -2.197473
v -0.923431 -0.084247 -2.182092
v -0.929800 -0.076571 -2.178096
v -0.926976 -0.077965 -2.183058
v -1.116313 0.213623 -2.192642
v -1.056769 0.133993 -2.191436
v -1.053589 0.139532 -2.186182
v -1.102690 0.177514 -2.178297
v -1.097078 0.178054 -2.183945
v -1.086691 0.186990 -2.180831
v -1.090366 0.191688 -2.182608
v -0.987047 -0.014736 -2.163283
v -0.996378 -0.003033 -2.156724
v -0.994682 -0.002995 -2.173515
v -0.949999 -0.038566 -2.186755
v -0.957797 -0.029101 -2.186112
v -0.896285 -0.055118 -2.194361
v -0.947980 -0.013555 -2.189289
v -1.096412 0.161254 -2.163888
v -1.090247 0.150002 -2.168317
v -1.092298 0.155009 -2.156064
v -0.978733 0.012246 -2.188858
v -1.080357 0.166010 -2.188895
v -1.076908 0.167498 -2.185483
v -1.077922 0.167004 -2.188785
v -0.896776 -0.083298 -2.178773
v -1.034948 0.051219 -2.174275
v -1.036823 0.048999 -2.164685
v -1.037161 0.050496 -2.170155
v -0.955030 -0.040752 -2.180926
v -0.996557 0.004164 -2.179743
v -1.076830 0.132763 -2.183867
v -0.929227 -0.063944 -2.191596
v -1.034529 0.074559 -2.192089
v -1.048171 0.095394 -2.191890
v -0.902012 -0.078170 -2.191505
v -0.895973 -0.080020 -2.194190
v -1.025606 0.043803 -2.181854
v -1.010446 0.018673 -2.176200
v -1.026827 0.043388 -2.178193
v -1.053220 0.142579 -2.183961
v -0.892939 -0.075970 -2.192806
v -0.911025 -0.081718 -2.181906
v -0.907589 -0.087020 -2.180920
v -1.066208 0.151920 -2.185933
v -0.962535 0.016320 -2.184721
v -0.904182 -0.058844 -2.195646
v -0.908444 -0.059639 -2.194677
v -1.103946 0.206453 -2.192218
v -0.938165 -0.057666 -2.185800
v -0.933898 -0.065427 -2.184999
v -0.947866 -0.052236 -2.177276
v -1.099053 0.206988 -2.186358
v -0.887556 -0.070113 -2.194841
v -0.889370 -0.073574 -2.192673
v -0.904272 -0.044956 -2.191752
v -1.100601 0.205692 -2.190361
v -1.048627 0.142214 -2.188387
v -1.047422 0.144074 -2.185433
v -0.998611 0.040218 -2.190710
v -0.914468 -0.081845 -2.188522
v -1.088212 0.145303 -2.172352
v -0.979860 0.018841 -2.186294
v -1.026788 0.104070 -2.188953
v -1.110128 0.195372 -2.184619
v -0.920565 -0.086768 -2.174688
v -0.914527 -0.087263 -2.177914
v -1.041979 0.064180 -2.180531
v -1.077669 0.172013 -2.181903
v -0.905467 -0.067950 -2.196311
v -1.071101 0.120341 -2.183364
v -1.062835 0.114257 -2.139832
v -0.976080 -0.025283 -2.168641
v -1.074578 0.133033 -2.163152
v -1.043541 0.141464 -2.187146
v -1.002891 0.005702 -2.160681
v -1.000575 0.004006 -2.169564
v -1.073378 0.143585 -2.189566
v -1.062702 0.134583 -2.191437
v -0.987336 -0.001460 -2.183202
v -1.087685 0.169665 -2.187361
v -1.087351 0.176026 -2.187858
v -1.119105 0.213804 -2.189136
v -1.110937 0.191974 -2.179826
v -1.105118 0.194502 -2.185806
v -0.910066 -0.037277 -2.192487
v -0.921663 -0.029481 -2.190083
v -0.915695 -0.027293 -2.187574
v -1.007155 0.010392 -2.162187
v -1.016075 0.026461 -2.172249
v -1.074275 0.125245 -2.182702
v -1.049065 0.087981 -2.191062
v -1.048575 0.086903 -2.190805
v -1.054045 0.077094 -2.157244
v -0.910440 -0.030407 -2.183943
v -0.905349 -0.029969 -2.182894
v -1.068759 0.129707 -2.138833
v -1.068291 0.127857 -2.139793
v -1.035370 0.106057 -2.192063
v -1.032001 0.096360 -2.192304
v -1.067617 0.126770 -2.138943
v -0.907732 -0.087785 -2.178637
v -0.904062 -0.086980 -2.172163
v -0.908180 -0.087335 -2.173794
v -0.903471 -0.073550 -2.195251
v -1.032067 0.111567 -2.190347
v -1.033851 0.118153 -2.189533
v -1.024092 0.038082 -2.168411
v -0.905771 -0.051045 -2.195191
v -1.090701 0.184415 -2.188118
v -1.088607 0.184503 -2.183509
v -0.936018 -0.069449 -2.174740
v -0.946358 -0.056595 -2.169250
v -1.073341 0.158341 -2.189690
v -0.981073 -0.021058 -2.163512
v -1.045947 0.079440 -2.187725
v -1.048805 0.087620 -2.190706
v -1.051665 0.095343 -2.189817
v -0.894048 -0.074841 -2.196083
v -0.894904 -0.065533 -2.194022
v -0.892349 -0.081337 -2.186151
v -0.890769 -0.079480 -2.191056
v -0.911304 -0.083870 -2.190025
v -0.907164 -0.084013 -2.195043
v -0.913832 -0.068705 -2.194118
v -0.919187 -0.055113 -2.197762
v -0.913111 -0.050061 -2.196513
v -0.920100 -0.058603 -2.196212
v -0.967862 -0.029123 -2.177943
v -1.005872 0.010789 -2.152731
v -1.046994 0.083192 -2.190901
v -1.115180 0.198618 -2.185267
v -1.116323 0.195979 -2.177755
v -1.083959 0.172816 -2.185712
v -0.916426 -0.086877 -2.175684
v -0.916225 -0.086770 -2.172730
v -1.120602 0.197108 -2.170514
v -1.112901 0.186107 -2.169486
v -0.912309 -0.088230 -2.174192
v -1.083994 0.150133 -2.183624
v -1.056828 0.092895 -2.154781
v -1.056627 0.085320 -2.150453
v -1.093783 0.158135 -2.169453
v -1.094255 0.193428 -2.184011
v -0.949033 0.000019 -2.185232
v -0.981281 0.008100 -2.188713
v -1.032531 0.047576 -2.167172
v -1.051597 0.093288 -2.190691
v -1.085925 0.178752 -2.185768
v -1.026885 0.121511 -2.187394
v -1.027069 0.115913 -2.190252
v -0.970082 -0.013873 -2.186038
v -0.979510 -0.003042 -2.186181
v -0.912811 -0.083950 -2.193311
v -1.042526 0.060592 -2.173363
v -0.910212 -0.076081 -2.194125
v -0.907283 -0.079083 -2.193205
v -0.910129 -0.077377 -2.195862
v -0.889183 -0.081329 -2.189971
v -1.059205 0.150885 -2.183024
v -1.010464 0.017197 -2.153127
v -1.018854 0.033672 -2.146634
v -1.020994 0.033686 -2.160685
v -1.090340 0.154276 -2.146728
v -1.056464 0.091391 -2.138906
v -1.057400 0.092383 -2.142399
v -0.932155 -0.013669 -2.185125
v -0.922795 -0.022666 -2.187149
v -0.896051 -0.071910 -2.195435
v -1.026492 0.089536 -2.191781
v -1.021289 0.080259 -2.189836
v -1.041888 0.070259 -2.185593
v -0.905221 -0.084032 -2.174349
v -1.109479 0.219177 -2.186401
v -1.111971 0.221121 -2.186332
v -1.119337 0.203447 -2.185610
v -0.900575 -0.077327 -2.196136
v -1.043939 0.063219 -2.157868
v -1.042858 0.059818 -2.159423
v -0.901178 -0.045975 -2.191054
v -0.965531 -0.007740 -2.188843
v -1.101976 0.217101 -2.188610
v -1.059238 0.104760 -2.135043
v -0.887090 -0.072230 -2.190386
v -1.036331 0.056684 -2.180404
v -1.099110 0.202531 -2.190510
v -1.055099 0.080827 -2.159404
v -0.900721 -0.049499 -2.192302
v -0.910979 -0.081018 -2.189269
v -1.062150 0.112057 -2.140045
v -0.909971 -0.087924 -2.172022
v -1.028642 0.046979 -2.151158
v -0.910163 -0.024823 -2.183043
v -0.916222 -0.081752 -2.170419
v -1.065365 0.123616 -2.138501
v -0.898973 -0.047841 -2.191772
v -0.897773 -0.046173 -2.187649
v -1.121805 0.203778 -2.180537
v -0.956945 0.008654 -2.185217
v -0.908905 -0.029058 -2.183472
v -1.060033 0.146226 -2.186420
v -0.924373 -0.084066 -2.177377
v -1.103582 0.172251 -2.166798
v -0.933678 -0.045046 -2.193569
v -0.919000 -0.025900 -2.186795
v -0.897955 -0.039199 -2.186904
v -0.895657 -0.043401 -2.189244
v -1.031793 0.101273 -2.189810
v -0.907905 -0.025809 -2.180854
v -0.919458 -0.086129 -2.171053
v -0.931681 -0.070928 -2.161682
v -0.895110 -0.041138 -2.153352
v -0.893424 -0.035407 -2.156256
v -0.895237 -0.035647 -2.151875
v -1.105900 0.271748 -2.147260
v -1.104518 0.274233 -2.150440
v -1.109956 0.271430 -2.146819
v -1.099185 0.238949 -2.135826
v -1.107020 0.236015 -2.135117
v -1.092502 0.224423 -2.134166
v -0.973356 0.042197 -2.136806
v -0.976948 0.044730 -2.132432
v -0.971938 0.039583 -2.134273
v -1.015990 0.127662 -2.172565
v -1.016521 0.121527 -2.179134
v -1.020527 0.130762 -2.177416
v -0.901490 -0.027475 -2.152111
v -0.907165 -0.022553 -2.148845
v -1.096234 0.262465 -2.164744
v -1.099586 0.264322 -2.162852
v -1.092961 0.262188 -2.161387
v -0.899630 -0.043308 -2.148445
v -0.892334 -0.048857 -2.153051
v -0.895115 -0.044111 -2.152961
v -0.948910 0.009772 -2.179801
v -0.961379 0.020724 -2.182572
v -0.963830 0.033256 -2.177452
v -1.091720 0.259376 -2.165903
v -1.079989 0.240536 -2.164456
v -1.063756 0.203847 -2.141115
v -1.063241 0.189581 -2.137653
v -1.058983 0.201307 -2.144738
v -0.935666 0.005869 -2.172944
v -0.938425 0.003093 -2.177430
v -0.939736 0.009204 -2.173431
v -0.932114 -0.012223 -2.139506
v -0.934199 -0.008094 -2.141910
v -0.934770 -0.006203 -2.139026
v -1.042471 0.124430 -2.135740
v -1.035539 0.113064 -2.132809
v -1.042189 0.129910 -2.136045
v -0.923488 0.003039 -2.161801
v -0.926211 0.007391 -2.156905
v -0.920850 0.001629 -2.157179
v -0.912578 -0.009727 -2.163979
v -0.910270 -0.014041 -2.163626
v -0.911603 -0.009290 -2.164871
v -1.067261 0.202333 -2.136449
v -1.065392 0.209433 -2.134431
v -1.067612 0.204400 -2.129976
v -1.069893 0.182534 -2.133997
v -1.064626 0.166678 -2.134223
v -1.055348 0.161153 -2.136077
v -0.986303 0.069978 -2.142517
v -0.986522 0.065663 -2.145124
v -0.985109 0.068907 -2.149009
v -0.953398 0.031528 -2.164262
v -0.961794 0.041699 -2.166881
v -0.956824 0.033460 -2.162941
v -1.108690 0.264058 -2.141391
v -1.102103 0.253228 -2.139889
v -1.096058 0.256714 -2.146601
v -0.934983 0.013514 -2.147165
v -0.937650 0.018927 -2.151413
v -0.939763 0.018687 -2.145824
v -1.084063 0.223466 -2.136322
v -1.085961 0.218245 -2.133483
v -1.079982 0.212991 -2.132508
v -1.055421 0.122568 -2.136474
v -1.051210 0.115617 -2.136302
v -1.046619 0.118045 -2.134897
v -1.063100 0.210026 -2.137353
v -1.062098 0.211186 -2.141927
v -0.909047 -0.020234 -2.178777
v -0.914027 -0.015363 -2.176442
v -0.904763 -0.018373 -2.172527
v -1.061976 0.220844 -2.161521
v -1.062007 0.215106 -2.158263
v -1.062878 0.217130 -2.163035
v -0.898811 -0.038239 -2.151356
v -0.902835 -0.034122 -2.148352
v -0.900522 -0.040167 -2.149837
v -1.109639 0.250938 -2.137421
v -1.110701 0.254772 -2.138551
v -1.113319 0.247562 -2.138060
v -1.041701 0.121560 -2.134564
v -1.047371 0.121023 -2.136165
v -0.963404 0.035777 -2.174752
v -0.958970 0.036800 -2.169603
v -0.997912 0.096601 -2.161175
v -0.997530 0.095329 -2.165299
v -1.003127 0.104322 -2.166270
v -0.915956 -0.013783 -2.145008
v -0.920527 -0.011250 -2.141443
v -0.912232 -0.022136 -2.143689
v -1.046608 0.183963 -2.165325
v -0.984727 0.040573 -2.186375
v -0.990828 0.039135 -2.188658
v -0.995629 0.052690 -2.187892
v -0.906871 -0.022952 -2.155451
v -0.900018 -0.028482 -2.159268
v -0.902925 -0.022796 -2.165620
v -1.034675 0.126563 -2.137009
v -1.028862 0.110396 -2.133648
v -1.073166 0.204486 -2.130071
v -1.070121 0.202404 -2.132711
v -0.980757 0.064622 -2.162405
v -0.983845 0.063546 -2.153666
v -0.977564 0.054791 -2.153299
v -0.918218 -0.004158 -2.147550
v -0.916409 -0.003143 -2.157377
v -0.967318 0.035729 -2.135372
v -0.962919 0.029200 -2.131534
v -0.962133 0.029673 -2.134374
v -1.046549 0.132763 -2.137163
v -1.047469 0.137507 -2.136167
v -1.051537 0.136665 -2.135352
v -0.904701 -0.038684 -2.148830
v -1.081101 0.207365 -2.130779
v -0.971222 0.035563 -2.130765
v -0.969112 0.051041 -2.155925
v -0.964657 0.044342 -2.157045
v -0.974107 0.054202 -2.163476
v -0.922933 -0.002647 -2.147686
v -0.932066 0.004210 -2.142019
v -0.918668 -0.007845 -2.146050
v -1.074158 0.175513 -2.133207
v -1.079563 0.174927 -2.133566
v -1.059234 0.141073 -2.135252
v -1.050023 0.190184 -2.152302
v -1.053511 0.197910 -2.152978
v -1.071772 0.226448 -2.170263
v -1.051525 0.127045 -2.136275
v -0.973279 0.038551 -2.181228
v -0.971835 0.032115 -2.183525
v -0.900017 -0.033701 -2.175229
v -0.899116 -0.032449 -2.173208
v -0.898906 -0.034628 -2.171217
v -1.068053 0.195338 -2.136539
v -0.978351 0.054886 -2.142767
v -0.969967 0.046275 -2.143016
v -0.977076 0.055777 -2.147132
v -0.900848 -0.032645 -2.178977
v -0.906160 -0.026294 -2.177879
v -0.903786 -0.027849 -2.174864
v -1.013417 0.123172 -2.162631
v -1.011479 0.120927 -2.165633
v -0.987062 0.075031 -2.158028
v -0.987119 0.079692 -2.160244
v -0.984287 0.072617 -2.153672
v -0.971864 0.042305 -2.173987
v -0.967754 0.044874 -2.170824
v -0.968652 0.042467 -2.172713
v -0.956375 0.038136 -2.158620
v -0.957523 0.041174 -2.158142
v -0.952057 0.034155 -2.157063
v -1.079798 0.218029 -2.135182
v -1.074501 0.228231 -2.146018
v -1.085173 0.233054 -2.140128
v -0.910931 -0.020241 -2.151834
v -0.902915 -0.025570 -2.169511
v -0.902962 -0.023187 -2.170727
v -0.904474 -0.020894 -2.167945
v -1.111225 0.267473 -2.151644
v -1.110518 0.271793 -2.149625
v -1.110262 0.268674 -2.154077
v -0.918640 -0.019748 -2.183485
v -0.914432 -0.016256 -2.153552
v -0.915145 -0.015978 -2.149815
v -1.017191 0.116079 -2.181468
v -1.020444 0.124311 -2.181684
v -0.966341 0.038621 -2.138952
v -1.068317 0.212143 -2.136742
v -1.067595 0.215778 -2.134856
v -1.070010 0.212289 -2.134175
v -0.967634 0.035329 -2.133124
v -0.997543 0.070536 -2.183529
v -1.006945 0.066291 -2.189387
v -1.012867 0.083888 -2.187495
v -0.913162 -0.013349 -2.159039
v -0.908502 -0.018277 -2.159315
v -0.950354 0.016907 -2.139078
v -0.945744 0.017321 -2.137391
v -0.954602 0.023417 -2.138369
v -1.029243 0.139506 -2.179723
v -1.070435 0.207126 -2.128386
v -1.010017 0.064407 -2.190564
v -1.018301 0.075571 -2.191187
v -1.096931 0.253646 -2.144497
v -0.917957 -0.003544 -2.163950
v -0.969014 0.038310 -2.177218
v -0.967321 0.035662 -2.175239
v -1.033191 0.153795 -2.152226
v -1.035335 0.151719 -2.151387
v -1.027692 0.143459 -2.152449
v -1.076806 0.215211 -2.131795
v -1.071808 0.229457 -2.163739
v -0.978085 0.047275 -2.176205
v -0.973810 0.049915 -2.170527
v -1.004206 0.054613 -2.190473
v -0.960012 0.033627 -2.137922
v -0.959265 0.039547 -2.143071
v -0.966365 0.043032 -2.141066
v -0.991743 0.082342 -2.168436
v -1.000448 0.094098 -2.170492
v -0.995318 0.088727 -2.163443
v -1.069342 0.218533 -2.138300
v -0.931137 0.006617 -2.168065
v -0.923363 -0.000263 -2.167291
v -0.924281 -0.004177 -2.173371
v -0.959302 0.040456 -2.157216
v -0.959896 0.036585 -2.161319
v -0.937273 0.011063 -2.169177
v -1.088873 0.256066 -2.158026
v -0.923105 -0.021760 -2.140435
v -0.915602 -0.026614 -2.143931
v -0.925797 -0.018081 -2.142503
v -1.011231 0.119358 -2.162743
v -1.007220 0.110446 -2.164748
v -1.011609 0.119023 -2.172946
v -0.983991 0.061221 -2.176948
v -0.982517 0.055494 -2.173366
v -0.986745 0.062345 -2.178714
v -0.902609 -0.038207 -2.150593
v -0.916239 -0.024995 -2.145312
v -0.905452 -0.025939 -2.148824
v -0.932583 0.008038 -2.141526
v -0.942179 0.015240 -2.137838
v -0.936101 0.009627 -2.138686
v -0.991989 0.087267 -2.154957
v -1.009313 0.115656 -2.156761
v -0.929846 -0.018371 -2.136328
v -0.924438 -0.020874 -2.138611
v -0.931743 -0.012584 -2.136878
v -1.031637 0.145911 -2.151939
v -1.032713 0.144386 -2.148341
v -1.010838 0.107590 -2.142718
v -0.991213 0.074994 -2.140744
v -0.992300 0.081553 -2.145075
v -1.042704 0.171464 -2.171118
v -0.962773 0.041784 -2.162663
v -1.107351 0.266361 -2.161273
v -1.107167 0.270338 -2.158081
v -1.105506 0.272363 -2.159158
v -0.896163 -0.038125 -2.181263
v -0.895808 -0.042089 -2.185026
v -0.936321 0.012886 -2.142296
v -1.004484 0.100248 -2.170278
v -1.113753 0.270468 -2.158577
v -1.110288 0.267939 -2.157669
v -1.114052 0.270661 -2.158460
v -0.989964 0.069811 -2.141697
v -0.990052 0.066188 -2.139728
v -1.032826 0.142194 -2.144290
v -1.023765 0.090161 -2.190637
v -1.027854 0.093729 -2.190180
v -1.027143 0.099175 -2.189342
v -0.936041 0.005294 -2.140206
v -1.034006 0.149256 -2.178830
v -1.022637 0.136221 -2.174153
v -0.989500 0.079992 -2.160923
v -1.002273 0.083711 -2.182064
v -1.011118 0.120641 -2.155665
v -1.010107 0.115532 -2.152128
v -0.985240 0.072520 -2.147267
v -0.987413 0.077257 -2.149503
v -0.973313 0.053159 -2.165912
v -0.966968 0.044526 -2.167824
v -1.118302 0.264915 -2.147674
v -1.115373 0.258288 -2.143908
v -1.114994 0.262109 -2.147733
v -1.021218 0.083118 -2.190896
v -0.913677 -0.013899 -2.173518
v -1.094962 0.209199 -2.132758
v -1.095743 0.220117 -2.133389
v -0.946474 0.007660 -2.179618
v -1.038489 0.168242 -2.155927
v -1.041424 0.174175 -2.159150
v -1.045069 0.177060 -2.149884
v -1.066754 0.208329 -2.129949
v -0.943397 0.024431 -2.150362
v -1.102472 0.271610 -2.155169
v -1.101022 0.273947 -2.156775
v -0.963664 0.041803 -2.169638
v -1.043267 0.139514 -2.137514
v -1.049689 0.155459 -2.137652
v -1.114385 0.266718 -2.149273
v -1.116995 0.270216 -2.150247
v -1.014692 0.106528 -2.182757
v -1.019745 0.102248 -2.186676
v -0.978368 0.047440 -2.179449
v -0.985082 0.052626 -2.181853
v -0.917011 -0.006211 -2.157324
v -1.075950 0.207388 -2.129692
v -1.075387 0.201880 -2.130592
v -0.896874 -0.031076 -2.155666
v -0.897028 -0.029402 -2.159509
v -1.108998 0.272847 -2.151545
v -0.961151 0.044467 -2.148118
v -0.962187 0.045484 -2.151124
v -0.972255 0.054566 -2.153577
v -1.107405 0.275041 -2.149041
v -1.107155 0.274991 -2.149158
v -0.893023 -0.033463 -2.165556
v -0.895489 -0.030003 -2.168271
v -0.892332 -0.031242 -2.165019
v -1.029071 0.149034 -2.155622
v -1.020419 0.135529 -2.162879
v -1.110837 0.263275 -2.139703
v -1.110294 0.258364 -2.141598
v -1.105231 0.252622 -2.138308
v -1.064245 0.221176 -2.159583
v -1.065465 0.221724 -2.163642
v -0.954943 0.025921 -2.173284
v -0.984078 0.068978 -2.158050
v -1.073131 0.209576 -2.127542
v -1.022115 0.074781 -2.192207
v -1.015299 0.069716 -2.190134
v -0.931027 -0.004771 -2.139128
v -0.938220 0.003611 -2.138320
v -0.941996 0.002936 -2.137073
v -0.984179 0.055721 -2.178660
v -0.915932 -0.024012 -2.146491
v -0.912805 -0.023006 -2.145252
v -1.054376 0.138783 -2.135383
v -1.108098 0.274759 -2.148608
v -1.091033 0.209302 -2.131710
v -1.083462 0.198001 -2.131164
v -0.993096 0.086549 -2.149718
v -0.961151 0.027576 -2.137554
v -0.958257 0.024136 -2.137580
v -0.898837 -0.038848 -2.173878
v -0.898700 -0.042439 -2.176066
v -0.898409 -0.039959 -2.178429
v -0.979987 0.061051 -2.165888
v -0.982499 0.061653 -2.169929
v -0.983287 0.065867 -2.167912
v -1.076815 0.233847 -2.151852
v -0.898399 -0.027446 -2.163360
v -1.015540 0.125060 -2.149817
v -1.018631 0.131145 -2.159450
v -1.049311 0.129999 -2.136072
v -0.950469 0.032605 -2.151352
v -0.956454 0.037681 -2.144615
v -0.950729 0.030829 -2.145657
v -0.892695 -0.040916 -2.164346
v -0.893819 -0.034121 -2.160679
v -0.896005 -0.035335 -2.158135
v -1.026878 0.137266 -2.147195
v -0.903998 -0.022892 -2.176702
v -1.106894 0.251951 -2.137510
v -1.021300 0.111973 -2.136904
v -1.083069 0.241115 -2.149686
v -1.088008 0.241725 -2.143862
v -1.007435 0.087368 -2.135785
v -1.011623 0.098773 -2.137574
v -1.012693 0.097109 -2.136549
v -1.012889 0.109832 -2.180212
v -0.918182 -0.007926 -2.148383
v -1.076403 0.218578 -2.134727
v -0.944190 0.011363 -2.139009
v -0.939961 0.006295 -2.139953
v -1.119191 0.249547 -2.146873
v -1.115323 0.251369 -2.139381
v -1.117027 0.256895 -2.141789
v -0.984410 0.063555 -2.149829
v -0.978911 0.057465 -2.149871
v -0.950600 0.013949 -2.130592
v -0.956504 0.020847 -2.134024
v -0.933605 -0.006023 -2.143958
v -0.929171 -0.008495 -2.143417
v -0.929874 -0.005325 -2.140975
v -1.049089 0.178496 -2.144501
v -1.057783 0.181071 -2.138777
v -1.047466 0.170814 -2.142702
v -0.910895 -0.010802 -2.167783
v -1.110578 0.266235 -2.160050
v -0.943589 0.024288 -2.159746
v -0.995405 0.088524 -2.172041
v -1.005944 0.103269 -2.176048
v -1.112056 0.266677 -2.143340
v -1.103867 0.271405 -2.162389
v -1.099997 0.271244 -2.162489
v -1.062869 0.216540 -2.165777
v -0.914809 -0.013140 -2.155515
v -0.983533 0.031216 -2.188144
v -1.033398 0.137881 -2.141589
v -1.025726 0.126399 -2.140684
v -0.958026 0.029377 -2.137789
v -1.024421 0.136558 -2.150765
v -0.986059 0.071363 -2.151512
v -1.044940 0.181406 -2.154917
v -0.943161 0.003387 -2.134904
v -0.955597 0.018648 -2.136351
v -0.976717 0.056077 -2.157257
v -0.977695 0.059612 -2.158745
v -1.072049 0.199150 -2.133183
v -0.896126 -0.033881 -2.163326
v -0.897121 -0.035355 -2.167838
v -0.953557 0.029153 -2.138989
v -1.060496 0.213517 -2.155172
v -1.063534 0.220245 -2.153054
v -1.064272 0.220403 -2.147351
v -0.953333 0.018144 -2.136726
v -0.953411 0.029968 -2.167332
v -1.039433 0.164349 -2.148989
v -0.940210 0.011546 -2.170543
v -0.941964 0.016505 -2.168115
v -1.028862 0.136274 -2.144689
v -1.099519 0.272870 -2.157544
v -1.099022 0.272699 -2.161308
v -0.981642 0.059512 -2.169910
v -0.927735 -0.007578 -2.178794
v -1.078725 0.189131 -2.132361
v -0.985128 0.034015 -2.186462
v -0.904769 -0.018906 -2.164061
v -0.984509 0.059209 -2.174467
v -0.998723 0.062276 -2.186758
v -1.041392 0.110644 -2.132437
v -1.050266 0.186387 -2.148059
v -0.898240 -0.035281 -2.151028
v -0.992416 0.070154 -2.137203
v -1.036496 0.155355 -2.147444
v -0.896632 -0.043150 -2.181467
v -0.898553 -0.035899 -2.179343
v -0.926496 0.004863 -2.147372
v -1.001255 0.098268 -2.166183
v -0.980021 0.050054 -2.134680
v -0.987549 0.077135 -2.170402
v -0.998397 0.089200 -2.175610
v -0.976156 0.052663 -2.169424
v -1.060856 0.212749 -2.145997
v -0.983021 0.054660 -2.137595
v -0.935665 0.010506 -2.146924
v -0.988284 0.075795 -2.165987
v -1.092749 0.257270 -2.151603
v -0.933454 0.014661 -2.154933
v -0.929347 0.009546 -2.160249
v -0.939073 0.020014 -2.158505
v -1.119892 0.270768 -2.152014
v -0.982550 0.061294 -2.145313
v -0.971000 0.049422 -2.146708
v -0.968246 0.048677 -2.145032
v -0.916112 -0.009102 -2.159075
v -0.983797 0.070320 -2.166603
v -0.973986 0.054462 -2.151544
v -0.973455 0.054125 -2.153733
v -0.905356 -0.021918 -2.173391
v -1.018445 0.121642 -2.143436
v -0.956512 0.041375 -2.154850
v -0.973510 0.049607 -2.141271
v -0.969415 0.042737 -2.138422
v -1.006343 0.095010 -2.180689
v -0.949940 0.023377 -2.137985
v -0.940851 0.017823 -2.142810
v -0.982731 0.065468 -2.173117
v -0.966050 0.036832 -2.173429
v -0.938496 -0.001826 -2.130705
v -0.936224 -0.006211 -2.135996
v -0.900969 -0.034805 -2.182630
v -1.071521 0.212422 -2.130508
v -0.992116 0.062042 -2.133229
v -0.982897 0.050369 -2.132412
v -1.110765 0.264365 -2.148799
v -1.041964 0.152826 -2.141246
v -1.064423 0.214983 -2.138534
v -1.056803 0.200676 -2.167470
v -1.056305 0.205718 -2.156705
v -1.049853 0.191011 -2.162625
v -0.924267 -0.015914 -2.144890
v -0.917213 -0.007115 -2.155665
v -0.962827 0.046411 -2.155091
v -0.902970 -0.021731 -2.169938
v -0.903567 -0.019336 -2.169100
v -0.934173 0.000984 -2.176592
v -1.093261 0.237697 -2.137555
v -1.086512 0.188101 -2.132802
v -1.038643 0.138372 -2.139342
v -0.975502 0.047712 -2.138861
v -0.980026 0.055107 -2.139950
v -1.109167 0.239681 -2.137564
v -1.108897 0.245391 -2.138360
v -1.116701 0.257140 -2.146394
v -0.979918 0.052869 -2.174698
v -1.060212 0.208146 -2.166929
v -1.054886 0.188480 -2.143513
v -1.004147 0.088250 -2.181705
v -1.016579 0.096429 -2.134785
v -1.014544 0.090759 -2.136405
v -0.893654 -0.040460 -2.156756
v -0.968315 0.047969 -2.150320
v -1.112237 0.258287 -2.144494
v -1.044438 0.143945 -2.139151
v -0.903501 -0.026487 -2.174704
v -1.021523 0.134126 -2.153514
v -0.916994 -0.027884 -2.140431
v -0.904770 -0.037316 -2.143651
v -0.917437 -0.009007 -2.151950
v -0.996197 0.078589 -2.179044
v -1.011971 0.063447 -2.191141
v -1.068910 0.225605 -2.157896
v -0.989311 0.077099 -2.162719
v -0.953173 0.032208 -2.160905
v -0.954248 0.035332 -2.161524
v -1.026034 0.140240 -2.155224
v -1.011032 0.121900 -2.160794
v -1.068194 0.225855 -2.152479
v -0.952191 0.006261 -2.182575
v -0.993796 0.085124 -2.164104
v -0.942727 0.002298 -2.129800
v -0.894473 -0.043799 -2.156989
v -0.935984 -0.011418 -2.136009
v -1.009549 0.112706 -2.174505
v -0.903233 -0.040897 -2.144447
v -0.942647 0.004349 -2.133069
v -1.207583 0.375399 -2.139579
v -1.204642 0.372098 -2.141026
v -1.202656 0.373005 -2.138821
v -1.193033 0.357835 -2.186673
v -1.203875 0.365322 -2.184887
v -1.198247 0.366739 -2.188932
v -1.197636 0.355272 -2.181301
v -0.893316 -0.079838 -2.179040
v -0.892888 -0.079148 -2.175144
v -0.892519 -0.078557 -2.181584
v -1.105625 0.250665 -2.167946
v -1.122618 0.257105 -2.181542
v -1.116716 0.247964 -2.182278
v -1.248439 0.381165 -2.167850
v -1.252574 0.380897 -2.170529
v -1.252550 0.378241 -2.167654
v -0.900820 -0.083505 -2.176829
v -1.143112 0.280384 -2.162654
v -1.137195 0.269977 -2.158540
v -1.142857 0.281467 -2.161756
v -1.115614 0.270805 -2.155468
v -1.120072 0.274728 -2.155707
v -1.121138 0.269635 -2.155401
v -1.128064 0.276638 -2.157649
v -1.124336 0.278299 -2.158257
v -1.125777 0.280937 -2.161784
v -0.880618 -0.079514 -2.187704
v -0.883924 -0.078107 -2.188629
v -0.882204 -0.074256 -2.188604
v -0.880977 -0.072717 -2.187903
v -0.878587 -0.077234 -2.185495
v -1.196380 0.378188 -2.152460
v -1.200233 0.377931 -2.147186
v -1.197085 0.379912 -2.146976
v -1.193750 0.379904 -2.145994
v -1.191067 0.377881 -2.153449
v -1.124647 0.244898 -2.137896
v -1.124282 0.244621 -2.139295
v -1.130419 0.247801 -2.141654
v -1.117765 0.231251 -2.138387
v -1.202018 0.358063 -2.183150
v -1.203455 0.355767 -2.182278
v -1.186955 0.350143 -2.181401
v -1.193537 0.353640 -2.181841
v -1.192871 0.356743 -2.182107
v -1.192919 0.352305 -2.179282
v -0.876929 -0.067057 -2.169465
v -0.881939 -0.061894 -2.169096
v -0.881922 -0.060261 -2.164492
v -0.880531 -0.062588 -2.174037
v -0.876720 -0.068596 -2.175522
v -0.873362 -0.071210 -2.180956
v -0.885237 -0.057546 -2.171184
v -0.887298 -0.056052 -2.164327
v -1.158395 0.297203 -2.166565
v -1.155788 0.301064 -2.165574
v -1.158987 0.302715 -2.163757
v -1.153815 0.298855 -2.167324
v -1.157683 0.294826 -2.167891
v -1.160519 0.307269 -2.162879
v -1.154303 0.293604 -2.168919
v -1.158248 0.312235 -2.162062
v -1.161321 0.312652 -2.161121
v -1.151832 0.287445 -2.166261
v -0.889184 -0.080144 -2.177702
v -0.887533 -0.080065 -2.180701
v -0.884974 -0.082279 -2.179700
v -0.886719 -0.080178 -2.186085
v -0.883204 -0.082913 -2.183175
v -1.148385 0.368678 -2.156411
v -1.154221 0.369474 -2.158231
v -1.151469 0.367914 -2.155032
v -1.159257 0.368972 -2.159869
v -1.152105 0.337579 -2.180217
v -1.150883 0.341254 -2.179030
v -1.155108 0.336673 -2.180967
v -1.152297 0.334999 -2.178825
v -1.146267 0.334658 -2.174282
v -1.154579 0.331459 -2.178542
v -1.146984 0.329152 -2.176382
v -0.881153 -0.058776 -2.164732
v -0.885591 -0.053467 -2.163373
v -0.897425 -0.062132 -2.191837
v -0.895211 -0.070475 -2.162233
v -0.896228 -0.069378 -2.157840
v -0.894783 -0.072862 -2.162887
v -1.165767 0.362501 -2.143602
v -1.168963 0.362043 -2.150331
v -1.165877 0.360629 -2.144112
v -1.169580 0.364729 -2.151152
v -1.171246 0.357479 -2.154112
v -1.134333 0.285483 -2.162798
v -1.130413 0.278876 -2.161612
v -1.155905 0.259318 -2.181260
v -1.159454 0.272274 -2.180620
v -1.169598 0.283894 -2.182177
v -1.169267 0.287239 -2.180297
v -1.178774 0.297134 -2.180287
v -1.183930 0.306510 -2.179451
v -1.175936 0.298982 -2.178794
v -1.155119 0.265172 -2.180114
v -1.123682 0.248298 -2.142637
v -1.201902 0.333275 -2.173589
v -1.196966 0.331194 -2.171666
v -1.199422 0.333017 -2.172466
v -1.199317 0.337537 -2.169434
v -1.199697 0.333538 -2.172543
v -1.202264 0.332610 -2.175657
v -1.199272 0.335383 -2.173902
v -1.199731 0.333490 -2.172795
v -0.882642 -0.078992 -2.191002
v -0.886108 -0.076586 -2.193772
v -1.152282 0.349276 -2.158593
v -1.154492 0.353295 -2.160572
v -1.154006 0.354675 -2.158235
v -1.152855 0.348679 -2.162580
v -1.205264 0.378202 -2.146672
v -1.207331 0.376823 -2.143600
v -1.205698 0.378626 -2.142563
v -1.132280 0.284390 -2.177530
v -1.136757 0.295069 -2.179899
v -1.132564 0.291597 -2.178381
v -1.066594 0.137359 -2.137619
v -1.071280 0.141211 -2.136040
v -1.068216 0.132899 -2.137293
v -1.071968 0.144940 -2.138371
v -1.075620 0.147224 -2.139470
v -1.213360 0.379222 -2.155550
v -1.212526 0.380503 -2.151403
v -1.209072 0.382458 -2.155606
v -1.204476 0.385949 -2.159820
v -1.140075 0.303758 -2.184383
v -1.141731 0.305833 -2.182297
v -1.137969 0.299487 -2.183220
v -1.149898 0.309473 -2.187323
v -1.147653 0.307671 -2.189865
v -1.154230 0.310306 -2.188802
v -1.144854 0.306695 -2.185658
v -1.147200 0.307086 -2.187906
v -1.148499 0.308733 -2.184588
v -1.146152 0.309327 -2.182669
v -1.153252 0.315013 -2.187370
v -1.143371 0.304910 -2.187780
v -1.183557 0.381912 -2.164639
v -1.175856 0.381948 -2.163816
v -1.180455 0.385495 -2.164933
v -1.172679 0.383812 -2.163839
v -1.173392 0.377807 -2.163630
v -1.192654 0.381298 -2.160434
v -1.185199 0.386144 -2.165640
v -1.195648 0.383439 -2.158070
v -1.200724 0.376608 -2.141674
v -1.208994 0.375729 -2.139290
v -1.156148 0.306033 -2.187681
v -1.167853 0.322737 -2.183996
v -1.164175 0.316643 -2.184500
v -1.150378 0.294977 -2.187724
v -1.077963 0.151203 -2.137856
v -0.922525 -0.065411 -2.142858
v -0.918665 -0.066341 -2.138102
v -0.921547 -0.064016 -2.136428
v -0.919559 -0.066575 -2.135151
v -0.926298 -0.063585 -2.138143
v -1.149589 0.275928 -2.162728
v -1.152017 0.270173 -2.159552
v -1.148507 0.273031 -2.157687
v -1.152287 0.273512 -2.161957
v -1.147861 0.271055 -2.154975
v -1.200335 0.333577 -2.179975
v -1.184574 0.310442 -2.180950
v -1.183610 0.307747 -2.176402
v -1.190887 0.321586 -2.183224
v -1.191815 0.319474 -2.174910
v -1.180578 0.310263 -2.187100
v -1.180001 0.301873 -2.184346
v -1.189612 0.316992 -2.174179
v -1.185024 0.308019 -2.180644
v -1.199254 0.328179 -2.173026
v -1.152729 0.357250 -2.160379
v -1.154642 0.362212 -2.157415
v -1.156739 0.360399 -2.158323
v -0.918872 -0.067086 -2.144251
v -0.912879 -0.066749 -2.143203
v -0.915585 -0.064303 -2.141302
v -0.885667 -0.079937 -2.190968
v -1.054785 0.091689 -2.143992
v -1.166020 0.331533 -2.185970
v -1.170247 0.335051 -2.188695
v -1.170374 0.340943 -2.190085
v -1.165764 0.334600 -2.186158
v -1.168180 0.339445 -2.187238
v -1.186989 0.372442 -2.146765
v -1.183985 0.371964 -2.145681
v -1.191611 0.376108 -2.143154
v -1.193897 0.375652 -2.144861
v -1.201666 0.345947 -2.179212
v -0.883988 -0.066753 -2.184503
v -0.887147 -0.070963 -2.186416
v -0.886027 -0.068509 -2.186307
v -0.887987 -0.062816 -2.183300
v -0.883351 -0.062284 -2.183141
v -1.189038 0.339161 -2.166323
v -1.191404 0.342946 -2.170256
v -1.195059 0.346808 -2.166945
v -1.178331 0.323987 -2.167702
v -1.181810 0.329084 -2.172289
v -1.199243 0.347632 -2.163040
v -1.202868 0.349564 -2.163252
v -0.878902 -0.062116 -2.175808
v -0.885226 -0.054729 -2.172929
v -0.888220 -0.050625 -2.169829
v -1.198118 0.384504 -2.157678
v -1.205313 0.380764 -2.151430
v -1.196406 0.378649 -2.156854
v -1.151729 0.365351 -2.152227
v -1.151418 0.364775 -2.159324
v -1.148463 0.365807 -2.155624
v -0.900298 -0.082116 -2.167653
v -0.899363 -0.083396 -2.174373
v -1.146238 0.306302 -2.161820
v -1.141384 0.301657 -2.165320
v -1.142506 0.308046 -2.164274
v -1.221829 0.389721 -2.160518
v -1.226950 0.384342 -2.154049
v -1.219750 0.387760 -2.155674
v -1.226349 0.388101 -2.160910
v -1.228527 0.386731 -2.161689
v -1.231224 0.382105 -2.157936
v -1.224343 0.383774 -2.151951
v -1.216355 0.390373 -2.162115
v -0.879726 -0.064489 -2.181415
v -0.883286 -0.064191 -2.181381
v -0.953437 -0.027982 -2.137310
v -0.950490 -0.034363 -2.134857
v -0.952655 -0.026909 -2.133204
v -0.891049 -0.071666 -2.161599
v -1.153350 0.370396 -2.155719
v -1.108825 0.246359 -2.175007
v -0.923176 -0.081684 -2.169119
v -1.067952 0.128312 -2.140093
v -1.220119 0.372651 -2.147836
v -1.218435 0.377804 -2.150640
v -1.222050 0.377604 -2.146733
v -1.222657 0.373764 -2.146095
v -1.121256 0.266797 -2.152542
v -1.126959 0.272753 -2.155200
v -1.193065 0.381291 -2.154432
v -0.894990 -0.043320 -2.176559
v -0.894664 -0.039605 -2.171442
v -1.148225 0.368561 -2.156420
v -1.153267 0.367173 -2.152226
v -1.171613 0.374316 -2.155256
v -1.170308 0.370111 -2.154770
v -1.167696 0.371118 -2.155120
v -1.238038 0.387762 -2.169889
v -1.234992 0.386463 -2.169955
v -1.244603 0.386363 -2.171834
v -1.231233 0.386856 -2.167936
v -1.118239 0.274984 -2.158443
v -1.114283 0.270952 -2.158324
v -1.112888 0.265792 -2.157898
v -1.184009 0.365049 -2.149364
v -1.176629 0.359278 -2.154587
v -1.177402 0.360841 -2.151683
v -1.144747 0.312714 -2.181842
v -1.146131 0.312143 -2.180306
v -1.144437 0.317026 -2.181132
v -1.146929 0.318815 -2.178919
v -1.215582 0.373258 -2.140609
v -1.210551 0.371639 -2.142533
v -1.211089 0.374817 -2.143365
v -1.208628 0.375955 -2.144814
v -1.209956 0.380101 -2.147297
v -1.213120 0.371318 -2.140519
v -1.209695 0.368194 -2.143097
v -0.898899 -0.074119 -2.162322
v -0.897463 -0.076573 -2.164096
v -0.897340 -0.073843 -2.164185
v -1.140247 0.311989 -2.178399
v -1.196277 0.384151 -2.180020
v -1.188880 0.386975 -2.172937
v -1.187048 0.387638 -2.168499
v -1.132065 0.266433 -2.184335
v -1.125717 0.257602 -2.184545
v -1.133237 0.297195 -2.161091
v -1.130312 0.295440 -2.165771
v -1.131264 0.299370 -2.161401
v -1.131240 0.286106 -2.160582
v -1.128824 0.289830 -2.165162
v -1.123248 0.277050 -2.164107
v -1.161455 0.332896 -2.159572
v -1.166338 0.344233 -2.159264
v -1.163765 0.332907 -2.156754
v -1.166452 0.340522 -2.157130
v -1.173158 0.345861 -2.156023
v -1.168865 0.338890 -2.155843
v -1.166413 0.344434 -2.159188
v -1.186364 0.362650 -2.144451
v -1.188354 0.365794 -2.144270
v -1.164687 0.325584 -2.160466
v -1.164256 0.327671 -2.160950
v -1.175647 0.351445 -2.155169
v -1.175262 0.347393 -2.155811
v -1.165383 0.327990 -2.158283
v -1.183560 0.358846 -2.151317
v -1.181166 0.355996 -2.152066
v -1.180394 0.358620 -2.150759
v -1.170665 0.351511 -2.158515
v -1.186821 0.367248 -2.145945
v -1.191894 0.367840 -2.146055
v -0.912717 -0.062367 -2.144015
v -0.911826 -0.065112 -2.146026
v -1.212848 0.377668 -2.151868
v -1.211939 0.379502 -2.148645
v -1.211132 0.361254 -2.161655
v -1.216726 0.363413 -2.160716
v -1.210763 0.355571 -2.162062
v -1.217427 0.360110 -2.160177
v -1.219078 0.361201 -2.162897
v -1.206656 0.357585 -2.162316
v -1.199534 0.353870 -2.162940
v -1.207213 0.351521 -2.163386
v -1.191518 0.346632 -2.166346
v -1.188906 0.348734 -2.166341
v -1.185249 0.338947 -2.167676
v -0.877105 -0.071252 -2.184818
v -0.880088 -0.071507 -2.183844
v -1.200084 0.372043 -2.143714
v -1.193660 0.369592 -2.143508
v -1.197859 0.371334 -2.141901
v -1.154822 0.300705 -2.164011
v -1.152973 0.302477 -2.162737
v -1.134418 0.313599 -2.174119
v -1.130567 0.299178 -2.174453
v -1.132667 0.304734 -2.178410
v -1.129816 0.307364 -2.167348
v -1.127746 0.301335 -2.170156
v -1.130806 0.296181 -2.177841
v -1.129139 0.299423 -2.168350
v -1.128647 0.293001 -2.173678
v -1.136131 0.317544 -2.167482
v -1.209819 0.352283 -2.159033
v -1.170979 0.372157 -2.150051
v -1.165570 0.370125 -2.152613
v -1.114927 0.220972 -2.188104
v -0.887179 -0.067618 -2.190557
v -0.886655 -0.065230 -2.188878
v -1.218962 0.367765 -2.152179
v -1.208838 0.360898 -2.154767
v -1.212776 0.363151 -2.146974
v -1.218033 0.369178 -2.148112
v -1.211551 0.364813 -2.146087
v -1.223472 0.369610 -2.156539
v -1.209157 0.363348 -2.149513
v -0.922746 -0.073031 -2.153397
v -0.919920 -0.075932 -2.157493
v -0.919623 -0.071024 -2.154135
v -0.877984 -0.077737 -2.181267
v -0.881973 -0.080045 -2.180790
v -0.880717 -0.080845 -2.179080
v -0.882087 -0.080590 -2.177011
v -0.874460 -0.072159 -2.183172
v -0.874732 -0.072266 -2.183547
v -0.876067 -0.075675 -2.178409
v -1.155647 0.258663 -2.180890
v -1.148867 0.247390 -2.177299
v -1.148579 0.254077 -2.177408
v -1.145081 0.240808 -2.171940
v -1.142841 0.246415 -2.172534
v -1.146142 0.244561 -2.175157
v -1.146725 0.242658 -2.176597
v -1.141356 0.244669 -2.166207
v -1.155806 0.258984 -2.181035
v -1.165352 0.359544 -2.153898
v -1.142539 0.309100 -2.160765
v -1.141943 0.312125 -2.163316
v -1.141983 0.312711 -2.157586
v -0.917494 -0.078990 -2.158287
v -0.914591 -0.078170 -2.159691
v -0.945703 -0.021877 -2.129976
v -0.940188 -0.026176 -2.130818
v -0.939625 -0.026377 -2.128851
v -1.217767 0.376366 -2.147830
v -1.196908 0.376445 -2.145925
v -1.077514 0.153186 -2.138798
v -0.874103 -0.076341 -2.177004
v -1.153387 0.323960 -2.180784
v -0.880097 -0.072438 -2.172610
v -0.877810 -0.071024 -2.174017
v -0.876854 -0.071199 -2.172160
v -1.189861 0.380561 -2.151228
v -1.108737 0.234697 -2.135836
v -1.100912 0.219595 -2.134325
v -1.107566 0.234368 -2.136593
v -1.114179 0.238871 -2.138653
v -1.118623 0.250005 -2.142739
v -1.121627 0.249857 -2.140188
v -1.118823 0.246912 -2.138400
v -1.113250 0.244422 -2.139443
v -1.120264 0.244501 -2.137425
v -1.111337 0.230980 -2.136025
v -1.156952 0.361089 -2.155566
v -1.124722 0.257838 -2.149824
v -1.125921 0.258347 -2.154135
v -1.122851 0.254387 -2.149508
v -1.238101 0.386384 -2.164427
v -1.235205 0.384750 -2.163553
v -1.243308 0.385747 -2.167307
v -1.224545 0.362007 -2.162573
v -1.223563 0.363456 -2.160130
v -1.140489 0.298853 -2.187206
v -1.139004 0.295064 -2.184131
v -1.214776 0.377911 -2.146392
v -1.215642 0.375483 -2.142494
v -1.217610 0.377001 -2.143661
v -1.122855 0.265531 -2.150005
v -1.122202 0.259666 -2.148186
v -1.121454 0.260144 -2.150593
v -1.192225 0.382088 -2.146446
v -1.064264 0.125069 -2.139359
v -1.130270 0.294223 -2.171635
v -1.129055 0.288332 -2.171548
v -1.153377 0.314021 -2.162930
v -1.151531 0.303277 -2.164969
v -1.149224 0.301530 -2.166913
v -0.941349 -0.042050 -2.137145
v -0.934896 -0.046490 -2.137727
v -0.936135 -0.044493 -2.138917
v -1.176497 0.380626 -2.160122
v -1.174209 0.377258 -2.157716
v -1.140049 0.293386 -2.186450
v -1.142289 0.280180 -2.186279
v -1.136791 0.279063 -2.183218
v -1.138932 0.275145 -2.184830
v -1.129691 0.277754 -2.176989
v -1.133114 0.275953 -2.180374
v -1.136536 0.285548 -2.183342
v -1.140252 0.285603 -2.185751
v -1.136930 0.289859 -2.183963
v -1.151809 0.302356 -2.188456
v -1.145562 0.291297 -2.186677
v -1.139534 0.287760 -2.187383
v -1.244866 0.383813 -2.169263
v -1.250363 0.384844 -2.170607
v -1.252058 0.383410 -2.169691
v -1.132269 0.294485 -2.176435
v -1.180878 0.381232 -2.161046
v -1.178355 0.378002 -2.158616
v -1.136743 0.281082 -2.160233
v -1.140040 0.289392 -2.163183
v -1.140918 0.287926 -2.161666
v -0.937740 -0.050328 -2.142734
v -0.942595 -0.043303 -2.139981
v -0.943277 -0.044419 -2.139510
v -0.943938 -0.040322 -2.135309
v -1.142004 0.269238 -2.159436
v -1.146120 0.278040 -2.161138
v -1.145845 0.273818 -2.162968
v -1.150342 0.283089 -2.165063
v -1.117681 0.218864 -2.190213
v -1.120924 0.227434 -2.191320
v -1.164931 0.363321 -2.152345
v -1.145619 0.294169 -2.165616
v -1.149136 0.290889 -2.165131
v -1.146110 0.288097 -2.163478
v -1.175994 0.327345 -2.167718
v -1.174327 0.318516 -2.168813
v -1.162510 0.305014 -2.168014
v -1.161710 0.299206 -2.167161
v -1.150356 0.297193 -2.168382
v -1.144375 0.297735 -2.164885
v -1.134969 0.303661 -2.163104
v -1.171892 0.315882 -2.169091
v -1.163704 0.299803 -2.168272
v -1.139318 0.306226 -2.163934
v -1.171122 0.316237 -2.167903
v -1.133844 0.292926 -2.161325
v -1.133828 0.289046 -2.162477
v -1.160658 0.294485 -2.168192
v -1.156763 0.287719 -2.166606
v -1.147500 0.287473 -2.163199
v -1.133245 0.277368 -2.161870
v -1.135752 0.283245 -2.160881
v -1.165961 0.311897 -2.168911
v -1.138364 0.314097 -2.163642
v -1.137243 0.314353 -2.159097
v -1.145875 0.302518 -2.165475
v -1.139734 0.297287 -2.164894
v -1.142638 0.296052 -2.164687
v -1.178524 0.336770 -2.166790
v -1.174758 0.329757 -2.167566
v -1.151256 0.294130 -2.167442
v -1.133483 0.305181 -2.163716
v -1.133127 0.268995 -2.159451
v -1.180738 0.335455 -2.166469
v -1.211306 0.390545 -2.168436
v -1.214069 0.389157 -2.161576
v -1.208940 0.390311 -2.167305
v -1.217345 0.387926 -2.162874
v -1.134771 0.298296 -2.180262
v -1.143782 0.316579 -2.179566
v -1.207229 0.361437 -2.149094
v -0.892475 -0.074035 -2.170645
v -0.893793 -0.074842 -2.172118
v -0.891952 -0.074781 -2.170622
v -0.891940 -0.073965 -2.168852
v -0.887891 -0.078671 -2.171453
v -0.889541 -0.080971 -2.174679
v -0.892309 -0.074080 -2.170527
v -0.891310 -0.081378 -2.177531
v -0.884177 -0.079815 -2.175729
v -0.919346 -0.063101 -2.132869
v -0.915868 -0.062940 -2.134143
v -0.916488 -0.060278 -2.131397
v -0.917736 -0.065491 -2.135092
v -0.910524 -0.060673 -2.141029
v -0.909536 -0.061476 -2.144985
v -0.904296 -0.058519 -2.148252
v -0.900509 -0.053279 -2.145247
v -0.906715 -0.057043 -2.141838
v -0.907073 -0.059840 -2.146281
v -0.902464 -0.055095 -2.147374
v -1.158023 0.285588 -2.164922
v -1.152139 0.277156 -2.160313
v -1.152845 0.281655 -2.161185
v -1.163679 0.294572 -2.167511
v -1.161517 0.282525 -2.170623
v -1.154553 0.277146 -2.166293
v -1.156511 0.274272 -2.169159
v -0.898735 -0.075815 -2.166924
v -0.898032 -0.078829 -2.167565
v -1.232845 0.374238 -2.155434
v -1.233230 0.378079 -2.158255
v -1.233848 0.371665 -2.160286
v -1.225146 0.375945 -2.146542
v -1.228277 0.374480 -2.150081
v -1.228395 0.371997 -2.148111
v -0.902865 -0.084694 -2.177480
v -1.122323 0.277738 -2.160757
v -0.900711 -0.063466 -2.151622
v -0.897293 -0.071113 -2.156605
v -0.898553 -0.063838 -2.154388
v -0.910036 -0.085264 -2.168439
v -0.914105 -0.082559 -2.166806
v -0.911708 -0.085867 -2.168271
v -0.902855 -0.081271 -2.161846
v -0.908490 -0.079599 -2.161003
v -0.907831 -0.082802 -2.164071
v -0.904037 -0.083596 -2.165245
v -0.912314 -0.080386 -2.162927
v -0.913157 -0.080873 -2.165073
v -0.907415 -0.085064 -2.171627
v -0.906108 -0.084775 -2.168093
v -0.903031 -0.084148 -2.169184
v -1.174170 0.370348 -2.148444
v -1.158631 0.366269 -2.154922
v -1.156497 0.367855 -2.153795
v -1.179386 0.370489 -2.145471
v -1.180886 0.372176 -2.147004
v -1.181633 0.369098 -2.146989
v -1.163539 0.367861 -2.153855
v -1.184758 0.369790 -2.145218
v -1.160082 0.346840 -2.155723
v -1.160930 0.355644 -2.156451
v -1.163827 0.350578 -2.156057
v -1.153698 0.345027 -2.156539
v -1.155725 0.352973 -2.156385
v -1.148102 0.335063 -2.157470
v -1.149219 0.330609 -2.157493
v -1.139348 0.320005 -2.157316
v -1.176928 0.364724 -2.150351
v -1.155134 0.328709 -2.157826
v -1.144279 0.314115 -2.156836
v -1.144532 0.319046 -2.156907
v -1.148049 0.313193 -2.158348
v -1.155555 0.339454 -2.156850
v -1.195185 0.373209 -2.142398
v -1.191084 0.370582 -2.145187
v -1.136101 0.319837 -2.159565
v -1.145328 0.308199 -2.159328
v -1.161164 0.339360 -2.157552
v -1.198740 0.367997 -2.143655
v -1.195882 0.364860 -2.147379
v -1.166300 0.344886 -2.159137
v -1.140672 0.325323 -2.161876
v -1.150931 0.322306 -2.157281
v -1.185336 0.374571 -2.144530
v -1.145562 0.302775 -2.189886
v -1.158163 0.328967 -2.160040
v -1.159826 0.328596 -2.159940
v -1.159875 0.325757 -2.162758
v -1.161269 0.322503 -2.163769
v -1.157783 0.319442 -2.165423
v -1.127026 0.246894 -2.144842
v -1.130121 0.248788 -2.145147
v -1.158400 0.323320 -2.186793
v -1.161240 0.318468 -2.186391
v -1.146068 0.294128 -2.187769
v -1.170688 0.332105 -2.185929
v -1.160792 0.336640 -2.188205
v -1.156287 0.322617 -2.186159
v -1.170981 0.332130 -2.187024
v -1.144420 0.296194 -2.188049
v -1.155820 0.315947 -2.186551
v -1.160545 0.315060 -2.187675
v -1.179584 0.374009 -2.150141
v -1.176504 0.371620 -2.150417
v -1.166387 0.373084 -2.157679
v -1.166828 0.374644 -2.161876
v -1.162331 0.369696 -2.156647
v -1.183305 0.375947 -2.146927
v -1.186888 0.375819 -2.146006
v -1.189686 0.378595 -2.146669
v -1.174305 0.378068 -2.154229
v -1.169742 0.376884 -2.160403
v -1.184734 0.379789 -2.149412
v -1.177817 0.377941 -2.154240
v -1.129054 0.252549 -2.149376
v -1.123574 0.248168 -2.150299
v -1.131304 0.255050 -2.151458
v -1.131550 0.253911 -2.146434
v -1.134128 0.254850 -2.149701
v -1.126758 0.254047 -2.154613
v -1.130126 0.259201 -2.156530
v -1.153364 0.346477 -2.158819
v -1.142415 0.329875 -2.164182
v -1.144338 0.330879 -2.161707
v -1.137773 0.316889 -2.165193
v -1.143920 0.333834 -2.170605
v -1.147521 0.334964 -2.163281
v -1.150815 0.340589 -2.159932
v -1.135826 0.319233 -2.169997
v -1.133626 0.258495 -2.155948
v -1.133156 0.254446 -2.154090
v -1.134541 0.253453 -2.147794
v -1.185889 0.352994 -2.159575
v -1.183295 0.349784 -2.160164
v -1.182814 0.351426 -2.159894
v -1.177366 0.341551 -2.161527
v -1.186523 0.351800 -2.159100
v -1.168977 0.327520 -2.161806
v -1.188338 0.358502 -2.154350
v -1.162295 0.321123 -2.160689
v -1.162094 0.317115 -2.162373
v -1.145347 0.334648 -2.158314
v -1.109399 0.242446 -2.178554
v -0.896891 -0.045383 -2.182863
v -0.897563 -0.049778 -2.185917
v -1.216959 0.374226 -2.145722
v -0.883461 -0.064926 -2.163732
v -0.885253 -0.071367 -2.167496
v -0.889281 -0.072497 -2.167725
v -0.883666 -0.077418 -2.171215
v -0.883989 -0.069224 -2.166720
v -0.882833 -0.073458 -2.172677
v -0.882571 -0.067954 -2.167228
v -0.896262 -0.074610 -2.168067
v -0.893735 -0.073119 -2.165298
v -0.891934 -0.069299 -2.163867
v -0.892347 -0.061567 -2.156071
v -0.889130 -0.063069 -2.157946
v -0.894787 -0.056955 -2.152174
v -0.878044 -0.075818 -2.177032
v -0.880962 -0.077215 -2.175925
v -0.885970 -0.059876 -2.161096
v -0.885849 -0.063716 -2.161001
v -0.888679 -0.067662 -2.163429
v -0.891512 -0.067591 -2.160559
v -0.896302 -0.076265 -2.171460
v -0.887220 -0.070517 -2.165227
v -1.186729 0.380061 -2.155661
v -1.184826 0.382685 -2.160690
v -1.172919 0.377889 -2.159884
v -1.192558 0.382527 -2.157495
v -1.182571 0.379453 -2.155678
v -1.200615 0.367895 -2.142517
v -1.207351 0.371983 -2.139147
v -1.198331 0.364767 -2.144427
v -1.205521 0.368355 -2.141840
v -1.194645 0.364652 -2.147366
v -1.177335 0.343323 -2.187294
v -1.194964 0.369872 -2.188325
v -1.195503 0.366152 -2.186492
v -1.199591 0.373426 -2.185684
v -1.181444 0.360133 -2.191678
v -1.167736 0.342135 -2.191073
v -1.189006 0.348447 -2.179637
v -1.174282 0.356489 -2.190376
v -1.175245 0.353609 -2.191143
v -1.185051 0.345174 -2.180026
v -1.183539 0.356536 -2.188925
v -1.190609 0.357256 -2.183653
v -1.170564 0.332392 -2.186934
v -1.184131 0.338831 -2.178747
v -1.176549 0.349390 -2.189884
v -1.197295 0.373839 -2.186926
v -1.196846 0.380633 -2.185941
v -1.201668 0.380614 -2.181335
v -1.143633 0.266508 -2.156524
v -1.146649 0.270259 -2.161978
v -0.891119 -0.058604 -2.151920
v -0.898368 -0.051777 -2.148983
v -0.887545 -0.062174 -2.155434
v -0.894883 -0.056931 -2.152209
v -1.148301 0.368693 -2.156439
v -0.888015 -0.081602 -2.185490
v -1.142693 0.327061 -2.174921
v -0.884966 -0.060318 -2.157870
v -0.888378 -0.048161 -2.163175
v -0.889808 -0.043685 -2.159392
v -1.202441 0.338912 -2.171510
v -1.204224 0.345597 -2.177294
v -1.210288 0.348842 -2.165308
v -1.253911 0.375051 -2.169507
v -1.258317 0.367615 -2.174578
v -1.253119 0.369371 -2.172036
v -1.247625 0.372227 -2.166373
v -1.251845 0.373143 -2.170386
v -1.247370 0.374625 -2.166243
v -1.229019 0.367891 -2.155968
v -1.229772 0.362623 -2.159240
v -1.220309 0.358109 -2.166347
v -1.227643 0.358288 -2.167039
v -1.212993 0.355632 -2.165421
v -1.211678 0.354062 -2.171249
v -1.238094 0.369513 -2.166016
v -1.235237 0.373273 -2.160551
v -1.238643 0.372604 -2.164871
v -1.231837 0.366429 -2.159334
v -1.223596 0.357114 -2.171280
v -1.238296 0.366502 -2.166773
v -1.242027 0.363719 -2.174433
v -1.234084 0.361909 -2.172994
v -1.257421 0.365432 -2.177102
v -1.251152 0.367376 -2.173914
v -1.242327 0.368391 -2.167931
v -1.231486 0.362595 -2.162826
v -1.245949 0.370565 -2.168271
v -1.234014 0.362229 -2.168122
v -1.248054 0.364429 -2.176225
v -1.219615 0.355371 -2.171429
v -1.247792 0.364836 -2.174162
v -1.235197 0.380158 -2.162628
v -1.239947 0.380883 -2.166318
v -1.236807 0.376695 -2.163974
v -1.241199 0.383264 -2.165794
v -1.240257 0.376070 -2.166556
v -1.245466 0.382171 -2.167795
v -0.929412 -0.057559 -2.139882
v -0.928369 -0.059534 -2.137610
v -0.894591 -0.049577 -2.180305
v -0.895404 -0.038771 -2.167569
v -0.891284 -0.043281 -2.170401
v -0.888121 -0.046874 -2.169718
v -0.888971 -0.044273 -2.163568
v -0.895214 -0.049713 -2.183987
v -0.894924 -0.042431 -2.171856
v -1.138697 0.255313 -2.192695
v -1.134802 0.254781 -2.192854
v -1.134893 0.241842 -2.189815
v -1.144425 0.268048 -2.193989
v -1.159856 0.280918 -2.192123
v -1.146210 0.255242 -2.189102
v -1.149903 0.254901 -2.185749
v -1.138701 0.240520 -2.186587
v -1.139850 0.236529 -2.182607
v -1.122889 0.220536 -2.188734
v -1.129969 0.241381 -2.191625
v -1.165045 0.283470 -2.189582
v -1.128437 0.220108 -2.183368
v -1.178996 0.308500 -2.190426
v -1.163903 0.275163 -2.184383
v -0.954810 -0.030834 -2.138493
v -0.953713 -0.032124 -2.136690
v -0.895756 -0.057293 -2.151278
v -0.892930 -0.065607 -2.155667
v -0.900839 -0.059963 -2.149963
v -0.896611 -0.062282 -2.153360
v -0.892609 -0.063799 -2.156042
v -1.211546 0.388343 -2.173586
v -1.213640 0.386316 -2.174340
v -1.215609 0.385356 -2.176055
v -1.119041 0.272471 -2.161418
v -1.116455 0.264162 -2.161292
v -1.131096 0.288873 -2.173419
v -1.127317 0.282977 -2.170045
v -1.127434 0.268020 -2.179753
v -1.126666 0.279390 -2.171412
v -1.112422 0.258047 -2.167626
v -1.117023 0.263055 -2.165440
v -1.120529 0.258912 -2.178548
v -1.124594 0.262386 -2.181343
v -1.135127 0.272858 -2.185559
v -1.112479 0.256646 -2.170809
v -1.129959 0.266345 -2.183718
v -1.123534 0.272118 -2.170880
v -1.121441 0.270934 -2.167201
v -1.121098 0.264801 -2.173031
v -1.109009 0.247083 -2.171659
v -1.130231 0.295180 -2.168906
v -1.126845 0.260012 -2.183225
v -1.115641 0.257402 -2.171889
v -1.118163 0.261463 -2.170888
v -1.117038 0.263043 -2.167745
v -1.113460 0.250806 -2.179153
v -1.117455 0.253431 -2.180127
v -1.111544 0.250691 -2.174013
v -1.114406 0.255692 -2.173850
v -1.123769 0.266310 -2.177071
v -1.125609 0.264193 -2.179082
v -0.914586 -0.070436 -2.157199
v -0.912479 -0.076716 -2.156745
v -0.907121 -0.073919 -2.159851
v -0.911454 -0.068857 -2.157913
v -0.900768 -0.078925 -2.162354
v -0.904397 -0.073435 -2.159603
v -0.909941 -0.080663 -2.159141
v -0.917038 -0.068421 -2.155486
v -0.874410 -0.072055 -2.183225
v -0.887976 -0.060432 -2.184735
v -0.887841 -0.053824 -2.177763
v -0.889822 -0.049438 -2.173768
v -0.888067 -0.054126 -2.174737
v -0.892590 -0.047315 -2.174740
v -0.886621 -0.049957 -2.168687
v -0.893221 -0.061030 -2.189968
v -0.891086 -0.061349 -2.189016
v -0.893651 -0.062573 -2.190168
v -0.892978 -0.052149 -2.179520
v -0.887680 -0.057171 -2.182063
v -0.892867 -0.065287 -2.192998
v -0.885135 -0.057255 -2.179615
v -0.885615 -0.053201 -2.164100
v -0.890540 -0.059856 -2.188807
v -0.892250 -0.045550 -2.170718
v -1.155124 0.311860 -2.165175
v -1.208250 0.387913 -2.162236
v -1.211205 0.386559 -2.159564
v -1.215545 0.380873 -2.155521
v -1.218138 0.383860 -2.153687
v -1.120849 0.247298 -2.144833
v -1.199099 0.359487 -2.149825
v -1.196257 0.362276 -2.148838
v -1.205026 0.364174 -2.145697
v -1.215014 0.369695 -2.142938
v -1.205460 0.366052 -2.144742
v -1.216155 0.369825 -2.145024
v -1.192779 0.354633 -2.157921
v -1.190849 0.365478 -2.144574
v -1.208570 0.364894 -2.144879
v -1.189012 0.362055 -2.145204
v -1.193369 0.361999 -2.147369
v -1.193352 0.356859 -2.153732
v -1.194882 0.364751 -2.147538
v -1.242720 0.364684 -2.178654
v -1.255942 0.373487 -2.177310
v -1.256440 0.373546 -2.177481
v -1.256659 0.374352 -2.176808
v -1.256363 0.373470 -2.177657
v -1.219716 0.362856 -2.180733
v -1.210415 0.361644 -2.180598
v -1.220056 0.357864 -2.175685
v -1.251359 0.366943 -2.179033
v -1.206284 0.360692 -2.182333
v -1.211950 0.356941 -2.178162
v -0.897363 -0.078781 -2.171667
v -0.899116 -0.080871 -2.173243
v -1.178378 0.318398 -2.167655
v -1.180963 0.316301 -2.167603
v -1.176869 0.312406 -2.167281
v -1.173212 0.314901 -2.168162
v -1.201400 0.340790 -2.164161
v -1.204807 0.348196 -2.161138
v -1.165532 0.300316 -2.167051
v -1.173209 0.303831 -2.167914
v -1.194728 0.338817 -2.166049
v -1.194392 0.334104 -2.167877
v -1.187809 0.332579 -2.165580
v -1.183572 0.320902 -2.166433
v -1.168247 0.294915 -2.169388
v -1.188225 0.326579 -2.166795
v -1.148582 0.307581 -2.162374
v -1.150213 0.315612 -2.160720
v -0.930437 -0.028562 -2.138074
v -0.932110 -0.026760 -2.133434
v -0.931270 -0.031305 -2.133220
v -0.914406 -0.050156 -2.138452
v -0.916770 -0.046750 -2.138845
v -0.915448 -0.048090 -2.136275
v -0.921446 -0.044186 -2.138121
v -0.931376 -0.034905 -2.132830
v -0.923313 -0.045847 -2.135484
v -0.919973 -0.040816 -2.140585
v -0.915160 -0.047597 -2.140617
v -0.922157 -0.054679 -2.132142
v -0.915012 -0.052775 -2.135532
v -0.917571 -0.050468 -2.134147
v -0.916474 -0.044652 -2.142495
v -0.919691 -0.039881 -2.142432
v -0.911455 -0.051902 -2.138154
v -0.930874 -0.025248 -2.137820
v -0.928063 -0.032803 -2.138376
v -0.912291 -0.055615 -2.135666
v -0.928156 -0.036141 -2.136622
v -0.907200 -0.046764 -2.141229
v -0.916376 -0.057616 -2.131675
v -0.935216 -0.022323 -2.131850
v -0.922032 -0.053954 -2.132071
v -0.902957 -0.050001 -2.142636
v -0.938188 -0.033038 -2.130514
v -0.933347 -0.039931 -2.132674
v -0.937724 -0.029645 -2.131624
v -0.948826 -0.020566 -2.129425
v -1.149717 0.315490 -2.181318
v -1.142206 0.318916 -2.177850
v -1.145484 0.324688 -2.178623
v -1.151546 0.326267 -2.178542
v -1.138700 0.308533 -2.181167
v -1.154077 0.320868 -2.183507
v -1.159022 0.334330 -2.183717
v -1.139040 0.313888 -2.177766
v -0.937564 -0.005441 -2.131603
v -0.940854 -0.004371 -2.128495
v -0.955329 0.014043 -2.128702
v -0.900523 -0.045202 -2.148485
v -0.898225 -0.047035 -2.150484
v -0.929088 -0.019279 -2.137783
v -0.923904 -0.029379 -2.140002
v -0.921135 -0.028391 -2.139899
v -0.988800 0.045712 -2.129436
v -0.998691 0.048242 -2.129294
v -0.987150 0.033737 -2.127779
v -0.945270 -0.003442 -2.127441
v -0.963990 0.017063 -2.127255
v -0.948866 -0.006077 -2.127246
v -0.993855 0.050900 -2.129961
v -1.009780 0.082257 -2.133671
v -0.946305 -0.009332 -2.128424
v -0.931141 -0.020006 -2.134851
v -0.913098 -0.042478 -2.142327
v -0.905721 -0.044619 -2.144545
v -0.908745 -0.041692 -2.142648
v -0.913682 -0.033927 -2.141610
v -0.998527 0.063882 -2.132203
v -0.954238 0.008088 -2.127396
v -0.978330 0.031898 -2.127753
v -0.972331 0.025473 -2.128683
v -0.934720 -0.019779 -2.130725
v -0.941428 -0.016673 -2.127967
v -0.892625 -0.053226 -2.153177
v -0.990183 0.054321 -2.133501
v -0.994172 0.056946 -2.132514
v -0.941191 -0.013010 -2.127720
v -1.013418 0.087059 -2.135988
v -1.007050 0.062140 -2.131099
v -0.992366 0.052524 -2.130658
v -0.986109 0.046885 -2.130349
v -0.938233 -0.010925 -2.128346
v -0.937103 -0.015876 -2.130334
v -0.936127 -0.012589 -2.132778
v -0.979032 0.026016 -2.126644
v -0.982330 0.023846 -2.126804
v -0.972619 0.033844 -2.129423
v -1.016288 0.084906 -2.133318
v -0.905899 -0.038150 -2.142813
v -1.244513 0.377292 -2.166972
v -1.143702 0.261118 -2.155241
v -1.137135 0.256549 -2.153759
v -1.139378 0.268925 -2.158292
v -1.137348 0.269608 -2.157443
v -1.139689 0.250271 -2.149779
v -1.136391 0.250099 -2.150448
v -1.139150 0.253117 -2.151716
v -1.139897 0.263997 -2.157237
v -1.135037 0.263531 -2.156863
v -1.136182 0.258481 -2.155875
v -1.139731 0.254451 -2.153326
v -1.136351 0.243774 -2.147632
v -1.059799 0.108271 -2.141924
v -1.062727 0.115679 -2.141733
v -1.061205 0.111390 -2.141600
v -0.886210 -0.057653 -2.156567
v -0.889307 -0.052869 -2.157482
v -0.886784 -0.052126 -2.160905
v -0.885538 -0.053437 -2.163675
v -1.230220 0.387166 -2.171040
v -1.224806 0.388940 -2.167830
v -1.218755 0.387861 -2.174985
v -1.214226 0.387843 -2.170510
v -1.220483 0.388596 -2.166666
v -1.215951 0.387451 -2.165556
v -1.193266 0.387771 -2.166346
v -1.195670 0.387467 -2.170816
v -1.200762 0.387909 -2.164257
v -1.223875 0.388701 -2.163909
v -1.207851 0.380682 -2.183412
v -1.234269 0.386942 -2.174395
v -1.207312 0.388852 -2.165595
v -1.198356 0.388286 -2.172815
v -1.204874 0.381797 -2.180175
v -1.204574 0.389624 -2.165774
v -1.198884 0.389362 -2.167439
v -1.203373 0.381000 -2.184128
v -1.206657 0.385195 -2.175293
v -1.213886 0.386909 -2.159141
v -1.222813 0.379002 -2.149592
v -1.199669 0.378692 -2.151851
v -1.203650 0.384319 -2.157793
v -1.180670 0.386895 -2.168686
v -1.199944 0.386420 -2.161491
v -1.195130 0.386207 -2.161514
v -1.201422 0.385878 -2.162333
v -1.159730 0.275212 -2.176996
v -1.144714 0.259585 -2.156636
v -1.143107 0.250561 -2.163780
v -1.138750 0.230355 -2.175751
v -1.127742 0.215410 -2.179556
v -1.107569 0.178302 -2.162840
v -1.103692 0.173473 -2.162345
v -1.108971 0.184320 -2.154101
v -1.129389 0.214133 -2.171651
v -1.121558 0.198539 -2.165465
v -1.125817 0.206339 -2.166150
v -1.108517 0.187464 -2.148550
v -1.116640 0.197696 -2.152923
v -1.169558 0.293903 -2.175987
v -1.139558 0.244501 -2.161612
v -1.184173 0.316535 -2.172808
v -1.179268 0.309421 -2.172954
v -1.171143 0.292340 -2.176821
v -1.161639 0.280081 -2.176749
v -1.188701 0.323730 -2.172035
v -1.090352 0.159449 -2.146538
v -1.206633 0.344898 -2.167006
v -1.180199 0.306860 -2.175669
v -1.112914 0.198333 -2.146178
v -1.136911 0.237713 -2.153134
v -1.137046 0.231707 -2.160621
v -1.129423 0.220221 -2.156302
v -1.138383 0.232465 -2.165666
v -1.123580 0.218412 -2.147504
v -1.140189 0.234277 -2.168370
v -1.139028 0.230068 -2.170867
v -1.153092 0.263979 -2.177120
v -1.100286 0.174632 -2.156461
v -1.123191 0.207888 -2.155687
v -1.127723 0.213041 -2.160472
v -1.100899 0.179500 -2.145353
v -1.097385 0.172302 -2.150816
v -1.194783 0.332226 -2.171218
v -1.092550 0.159706 -2.151234
v -1.139256 0.244868 -2.155329
v -1.093094 0.172791 -2.141074
v -0.924727 -0.059077 -2.134350
v -0.926281 -0.053550 -2.134843
v -0.928288 -0.057243 -2.137763
v -0.966790 0.016907 -2.126777
v -1.016261 0.054714 -2.133506
v -1.016913 0.076372 -2.133008
v -1.024607 0.075460 -2.134476
v -1.037903 0.083009 -2.139063
v -1.031713 0.070555 -2.138749
v -1.021513 0.060839 -2.135097
v -0.954621 -0.008324 -2.126373
v -0.949037 -0.013307 -2.127572
v -0.959199 0.007082 -2.126514
v -0.962184 0.003796 -2.127145
v -0.958618 -0.002356 -2.126097
v -0.982626 0.001275 -2.132861
v -0.977064 -0.006889 -2.134530
v -0.975044 -0.000656 -2.130640
v -1.094664 0.188917 -2.135733
v -1.090059 0.173607 -2.138514
v -1.081918 0.163837 -2.137617
v -1.104393 0.195283 -2.139838
v -1.100521 0.189444 -2.139517
v -1.051774 0.091318 -2.131606
v -1.055069 0.093187 -2.129077
v -0.993603 0.025027 -2.129561
v -0.992237 0.029480 -2.128588
v -1.003512 0.032396 -2.132036
v -1.031335 0.084719 -2.135604
v -0.941917 -0.036124 -2.132263
v -1.047449 0.109014 -2.133716
v -1.055264 0.106091 -2.130759
v -1.052619 0.105388 -2.128453
v -0.995103 0.035296 -2.128778
v -1.057225 0.102757 -2.126903
v -1.049592 0.105233 -2.130719
v -1.071907 0.158931 -2.135372
v -1.109990 0.205274 -2.141105
v -1.106997 0.209057 -2.138038
v -1.021692 0.091286 -2.133630
v -1.081987 0.171870 -2.135530
v -0.999073 0.022910 -2.132804
v -0.993763 0.015229 -2.132463
v -1.098763 0.202551 -2.134860
v -0.933784 -0.028532 -2.132395
v -0.937121 -0.024045 -2.129224
v -1.132856 0.245706 -2.143956
v -1.134207 0.248769 -2.148712
v -0.928646 -0.050410 -2.136225
v -0.938278 -0.040550 -2.134085
v -1.102746 0.214082 -2.135132
v -1.048403 0.092112 -2.130432
v -1.044333 0.096251 -2.132957
v -1.050186 0.095097 -2.129912
v -1.027684 0.097033 -2.133506
v -1.125006 0.233846 -2.141837
v -1.083891 0.155836 -2.142711
v -1.082466 0.154058 -2.140659
v -0.927178 -0.042306 -2.134315
v -1.052624 0.097244 -2.126834
v -1.035569 0.070156 -2.142402
v -1.023832 0.102061 -2.133871
v -1.007963 0.049521 -2.131081
v -1.005863 0.025265 -2.136286
v -1.019290 0.051064 -2.135986
v -0.922251 -0.054414 -2.132127
v -1.052267 0.112028 -2.136464
v -1.057156 0.106999 -2.138913
v -0.922362 -0.060293 -2.135141
v -1.121106 0.255743 -2.146988
v -1.033245 0.060361 -2.145403
v -1.021989 0.049698 -2.138488
v -1.128814 0.268780 -2.157470
v -0.952150 -0.021018 -2.128945
v -1.131505 0.268938 -2.158828
v -0.946972 -0.027196 -2.131672
v -1.118275 0.219752 -2.141868
v -1.124735 0.223266 -2.145981
v -1.043982 0.103017 -2.131778
v -1.038012 0.105380 -2.131948
v -1.055602 0.097513 -2.128296
v -0.984467 0.007001 -2.131593
v -0.949511 -0.018623 -2.127739
v -0.936233 -0.022521 -2.129337
v -1.128883 0.259348 -2.155344
v -1.044900 0.100698 -2.132798
v -0.952490 -0.011957 -2.127970
v -1.056813 0.099123 -2.125550
v -1.040038 0.098707 -2.133136
v -1.034335 0.094115 -2.134627
v -0.954651 -0.015126 -2.127770
v -1.015091 0.042406 -2.135836
v -1.040550 0.068852 -2.150626
v -1.041529 0.066816 -2.151713
v -0.980343 0.017338 -2.127052
v -0.973772 0.000396 -2.129205
v -0.965479 0.007056 -2.126021
v -0.985726 0.019133 -2.127871
v -0.978963 0.005091 -2.129618
v -0.987434 0.015246 -2.129429
v -1.064301 0.120829 -2.140082
v -0.963300 0.001343 -2.126143
v -1.124285 0.260947 -2.154959
v -0.988155 0.005311 -2.134409
v -1.017090 0.038242 -2.139769
v -1.041170 0.088135 -2.138680
v -0.919450 -0.077687 -2.161588
v -0.930838 -0.070099 -2.158237
v -1.013864 0.028329 -2.143545
v -0.952394 -0.046397 -2.152955
v -0.948358 -0.043580 -2.141911
v -0.957041 -0.037776 -2.145714
v -1.002839 0.013283 -2.142138
v -0.995138 0.005400 -2.140445
v -0.998055 0.010862 -2.138914
v -1.041663 0.072258 -2.148221
v -1.049381 0.080607 -2.149357
v -0.905848 -0.064138 -2.150279
v -0.924799 -0.074517 -2.157493
v -0.943410 -0.053576 -2.150080
v -0.943554 -0.056543 -2.158356
v -0.911789 -0.069616 -2.154326
v -1.022917 0.041778 -2.145321
v -0.957786 -0.030062 -2.139290
v -0.962521 -0.026961 -2.139173
v -0.958617 -0.034177 -2.142791
v -0.902430 -0.071697 -2.157893
v -0.998430 0.014187 -2.138062
v -0.916493 -0.070172 -2.149791
v -0.912705 -0.070133 -2.148421
v -0.918687 -0.069632 -2.146525
v -1.048782 0.092009 -2.137051
v -0.996507 0.000586 -2.148615
v -0.970524 0.001257 -2.127826
v -0.964389 -0.010967 -2.129441
v -0.957139 -0.024398 -2.134712
v -0.958499 -0.023103 -2.132891
v -0.913481 -0.069654 -2.152094
v -0.988826 -0.010241 -2.152671
v -0.977549 -0.022996 -2.156096
v -0.961233 -0.038167 -2.151990
v -0.961823 -0.033989 -2.147235
v -0.980068 -0.018671 -2.150270
v -0.955058 -0.046262 -2.159829
v -1.055993 0.091452 -2.134636
v -0.909399 -0.067041 -2.149157
v -0.904589 -0.067380 -2.153544
v -0.976062 -0.014997 -2.140231
v -0.906144 -0.070998 -2.153867
v -1.035074 0.058443 -2.149629
v -0.938801 -0.053078 -2.143677
v -0.932265 -0.055767 -2.141835
v -0.970806 -0.018625 -2.139035
v -0.961267 -0.025487 -2.139245
v -0.964533 -0.020079 -2.138102
v -0.929086 -0.062676 -2.144197
v -0.928103 -0.068302 -2.151000
v -0.964416 -0.017120 -2.132509
v -0.908954 -0.069472 -2.149824
v -0.969175 -0.023039 -2.144484
v -0.967195 -0.024057 -2.140987
v -0.934225 -0.050105 -2.138280
v -1.048010 0.090087 -2.140109
v -0.957878 -0.016981 -2.130584
v -0.960479 -0.008876 -2.127540
v -0.942504 -0.049311 -2.142369
v -0.920589 -0.072343 -2.151047
v -0.930898 -0.067990 -2.153440
v -0.915035 -0.081125 -2.164028
v -1.035506 0.052519 -2.157246
v -0.979656 -0.014148 -2.143861
v -0.929356 -0.076377 -2.170995
v -0.946460 -0.055520 -2.161884
v -0.970957 -0.025059 -2.146955
v -0.907826 -0.069651 -2.155932
v -0.936071 -0.059973 -2.148440
v -1.044044 0.091836 -2.137485
v -0.954023 -0.036693 -2.140865
vn -0.2055 0.8130 -0.5447
vn -0.3300 0.7774 -0.5355
vn 0.0573 0.8753 -0.4802
vn 0.0023 0.8500 -0.5267
vn -0.0208 0.8076 -0.5894
vn -0.6464 0.4764 -0.5960
vn -0.1426 0.8525 -0.5029
vn -0.8285 0.2983 -0.4740
vn -0.9410 -0.1769 -0.2884
vn -0.8388 -0.2113 -0.5017
vn -0.9356 -0.3531 -0.0055
vn -0.7185 -0.2380 -0.6536
vn -0.7462 0.1537 -0.6477
vn -0.8292 -0.2049 -0.5201
vn -0.5967 -0.3819 -0.7057
vn 0.3332 0.0429 -0.9419
vn 0.4457 0.4178 -0.7917
vn -0.9869 0.1607 0.0111
vn 0.5980 0.7559 -0.2666
vn 0.6388 0.7510 -0.1669
vn 0.9458 0.2897 -0.1467
vn -0.6906 -0.7088 0.1437
vn 0.4269 -0.6792 -0.5970
vn 0.5651 -0.2521 -0.7856
vn 0.3664 -0.1849 -0.9119
vn 0.4443 -0.0695 -0.8932
vn 0.4626 -0.0983 -0.8811
vn 0.5268 0.3696 -0.7654
vn 0.3320 -0.0761 -0.9402
vn 0.3647 0.6253 -0.6899
vn 0.7219 0.1982 -0.6630
vn 0.5383 0.1501 -0.8293
vn 0.5411 0.0717 -0.8379
vn 0.4976 0.0203 -0.8672
vn 0.8186 0.2179 -0.5314
vn 0.7577 0.0626 -0.6496
vn 0.3071 -0.0916 -0.9473
vn 0.4872 -0.0426 -0.8722
vn 0.8251 0.3951 -0.4039
vn 0.7555 0.6308 -0.1769
vn 0.5798 0.1123 -0.8070
vn 0.5789 0.3526 -0.7352
vn 0.2824 -0.0796 -0.9560
vn 0.2923 -0.1834 -0.9386
vn 0.6256 -0.6318 -0.4577
vn 0.4816 0.2306 -0.8455
vn 0.2325 -0.1010 -0.9673
vn 0.1050 -0.8990 -0.4253
vn 0.8392 -0.2404 -0.4877
vn 0.0159 0.7540 -0.6567
vn 0.3922 0.8982 -0.1986
vn 0.0773 0.8518 -0.5181
vn 0.2876 0.8971 -0.3355
vn 0.5598 0.5579 -0.6127
vn 0.4743 0.6959 -0.5392
vn 0.5347 0.3579 -0.7655
vn 0.0381 0.9438 0.3283
vn 0.2159 0.7014 -0.6792
vn 0.3128 0.7232 -0.6158
vn 0.4895 0.6415 -0.5906
vn 0.4077 0.0244 -0.9128
vn 0.4008 0.7610 -0.5101
vn 0.3670 0.4255 -0.8272
vn 0.5087 0.5682 -0.6468
vn 0.1986 0.6602 -0.7244
vn -0.0180 0.4665 -0.8843
vn 0.4149 0.6127 -0.6726
vn 0.0886 0.5817 -0.8085
vn 0.2176 0.1929 -0.9568
vn 0.2830 0.0363 -0.9584
vn 0.4689 0.6500 -0.5980
vn 0.6119 0.5784 -0.5395
vn -0.2502 0.9677 -0.0300
vn 0.6195 0.5511 -0.5590
vn 0.5248 0.5665 -0.6353
vn -0.4747 0.8119 0.3398
vn 0.2052 0.6798 -0.7041
vn 0.6097 0.4957 -0.6185
vn 0.5244 0.6053 -0.5988
vn 0.3961 0.1011 -0.9126
vn 0.1564 0.6468 -0.7465
vn 0.5350 0.2088 -0.8186
vn 0.8112 0.3361 -0.4785
vn 0.4465 0.1193 -0.8868
vn 0.9020 0.2935 -0.3166
vn 0.9005 0.3353 -0.2767
vn 0.8936 0.1770 -0.4125
vn 0.8755 0.4826 -0.0241
vn 0.6777 0.4571 0.5760
vn 0.6894 0.6665 0.2837
vn 0.8930 0.3233 0.3130
vn 0.9596 0.2620 -0.1026
vn 0.8726 0.4286 0.2341
vn 0.9134 0.2265 0.3381
vn 0.7311 0.6318 0.2576
vn 0.9353 0.3356 -0.1119
vn 0.9108 0.2197 -0.3495
vn 0.9304 0.3465 -0.1197
vn 0.9745 0.2191 0.0489
vn 0.9740 0.1589 0.1615
vn 0.7983 0.5624 0.2153
vn 0.9085 0.3946 -0.1373
vn 0.9063 0.3972 -0.1442
vn 0.8779 0.3967 -0.2681
vn 0.8526 0.5221 -0.0220
vn 0.9890 0.1310 0.0688
vn 0.8201 0.3505 0.4523
vn 0.9599 -0.2679 0.0824
vn 0.9522 0.2032 -0.2283
vn 0.8523 0.3051 -0.4247
vn 0.8585 0.3321 -0.3908
vn 0.9425 0.3154 -0.1106
vn 0.7285 0.6779 0.0987
vn 0.8277 0.5085 -0.2376
vn 0.5855 0.6356 0.5032
vn 0.6909 0.7156 0.1028
vn 0.7718 0.4171 -0.4800
vn 0.9170 0.2799 -0.2841
vn -0.5068 0.5177 -0.6893
vn -0.4754 0.3071 -0.8244
vn -0.2662 0.6100 -0.7463
vn -0.4965 0.4477 -0.7437
vn -0.4832 0.5815 -0.6546
vn -0.3754 0.7168 -0.5876
vn -0.4320 0.3065 -0.8482
vn -0.3060 -0.0529 -0.9505
vn -0.2735 -0.0758 -0.9589
vn -0.2537 -0.1562 -0.9546
vn -0.3183 -0.0647 -0.9458
vn -0.0316 0.1899 -0.9813
vn -0.2986 0.4246 -0.8547
vn -0.2967 0.5063 -0.8097
vn -0.1593 0.4747 -0.8656
vn -0.2640 0.1669 -0.9500
vn -0.6986 -0.2960 -0.6514
vn -0.0545 0.1493 -0.9873
vn -0.1573 -0.0629 -0.9855
vn -0.0328 -0.1007 -0.9944
vn -0.1044 0.2516 -0.9622
vn -0.1864 0.3665 -0.9116
vn -0.1321 0.0568 -0.9896
vn -0.2426 0.5301 -0.8125
vn -0.0526 0.6532 -0.7554
vn -0.0524 0.5614 -0.8259
vn -0.2014 0.6864 -0.6988
vn -0.6783 -0.5664 -0.4681
vn -0.1253 -0.0392 -0.9913
vn -0.5699 0.2251 -0.7903
vn -0.6358 0.6129 -0.4692
vn 0.3800 0.8788 0.2885
vn -0.2321 0.1298 -0.9640
vn -0.0771 0.5687 -0.8189
vn -0.2179 0.6687 -0.7108
vn -0.1971 0.7012 -0.6852
vn -0.4951 0.6385 -0.5893
vn -0.1266 0.0598 -0.9902
vn -0.1000 -0.0907 -0.9908
vn -0.6745 0.7304 -0.1077
vn 0.3779 0.0472 -0.9246
vn -0.3811 -0.0850 -0.9206
vn -0.6778 0.5935 -0.4341
vn 0.1546 -0.5763 -0.8025
vn -0.8441 0.5209 -0.1269
vn -0.1527 -0.6761 -0.7208
vn -0.1529 -0.6759 -0.7210
vn -0.1526 -0.6762 -0.7207
vn 0.1322 0.0692 -0.9888
vn 0.1322 0.0691 -0.9888
vn 0.1035 0.0802 -0.9914
vn 0.1607 0.0575 -0.9853
vn 0.7971 0.4424 0.4111
vn 0.7610 0.5043 0.4081
vn 0.8008 0.4587 0.3852
vn 0.8134 0.4109 0.4117
vn 0.7870 0.4095 0.4614
vn 0.0563 -0.0946 -0.9939
vn 0.0566 -0.0955 -0.9938
vn 0.0567 -0.0955 -0.9938
vn 0.6891 -0.2072 0.6945
vn 0.6890 -0.2075 0.6944
vn 0.6879 -0.2098 0.6948
vn 0.4411 0.2740 -0.8546
vn -0.2029 -0.1302 -0.9705
vn -0.1732 -0.0635 -0.9828
vn -0.3183 -0.0498 -0.9467
vn -0.2089 0.2025 -0.9567
vn -0.1698 0.0661 -0.9833
vn -0.2987 0.3326 -0.8945
vn 0.3909 0.4378 0.8096
vn 0.3908 0.4381 0.8095
vn 0.4590 0.4352 0.7746
vn 0.3203 0.4384 0.8398
vn 0.3173 0.1460 -0.9370
vn 0.2992 0.1143 -0.9473
vn 0.4394 0.1953 -0.8768
vn 0.7876 0.5338 0.3078
vn 0.7876 0.5338 0.3077
vn 0.7879 0.5328 0.3089
vn 0.0370 0.8629 0.5040
vn 0.1918 0.8426 0.5033
vn 0.1914 0.8422 0.5041
vn 0.3415 0.8020 0.4901
vn -0.4119 -0.0659 -0.9088
vn -0.3912 0.1735 -0.9038
vn -0.4610 -0.1605 -0.8728
vn -0.3723 0.2579 -0.8916
vn -0.3752 0.4732 -0.7970
vn -0.5081 -0.2508 -0.8240
vn -0.5324 -0.2606 -0.8054
vn -0.5707 -0.2655 -0.7771
vn 0.3669 0.2288 -0.9017
vn 0.3176 0.1392 -0.9379
vn 0.3697 0.4268 -0.8253
vn 0.0276 -0.1436 -0.9892
vn 0.2179 0.0080 -0.9759
vn 0.4521 0.1123 -0.8849
vn 0.7770 0.6220 -0.0966
vn 0.8068 0.5295 -0.2620
vn 0.8283 0.5512 -0.1011
vn 0.7543 0.6439 -0.1282
vn 0.6498 0.5772 -0.4947
vn 0.7127 0.6986 -0.0633
vn 0.8091 0.5348 -0.2434
vn 0.7793 0.6064 0.1583
vn 0.5638 0.4866 -0.6673
vn 0.5187 0.4865 -0.7030
vn 0.4536 0.4212 -0.7854
vn 0.8076 0.5664 -0.1643
vn 0.8645 0.5018 -0.0276
vn 0.7256 0.6631 -0.1837
vn 0.7234 0.6802 0.1187
vn 0.7990 0.6011 -0.0177
vn 0.8173 0.4821 0.3155
vn 0.7674 0.6182 0.1700
vn 0.7749 0.6182 0.1315
vn 0.7067 0.6457 0.2893
vn 0.6971 0.6427 0.3177
vn 0.8443 0.5301 -0.0783
vn 0.8553 0.5158 -0.0488
vn 0.8275 0.4811 -0.2895
vn 0.8524 0.4656 -0.2382
vn 0.8602 0.4225 -0.2857
vn 0.8386 0.5051 -0.2039
vn 0.8791 0.4540 -0.1451
vn 0.8203 0.4430 -0.3617
vn 0.8165 0.5016 -0.2860
vn 0.7166 0.4810 -0.5050
vn -0.0937 0.4568 -0.8846
vn 0.2712 0.4054 -0.8730
vn 0.0143 0.3805 -0.9247
vn 0.1064 0.7167 -0.6892
vn 0.1780 0.7890 -0.5881
vn 0.2475 0.6929 -0.6772
vn 0.7021 0.3120 -0.6401
vn 0.8324 -0.5071 0.2234
vn 0.2535 0.4961 -0.8304
vn -0.1151 0.1470 -0.9824
vn 0.2057 0.6971 -0.6868
vn 0.1439 0.8997 -0.4120
vn 0.3159 0.4057 -0.8577
vn 0.3203 0.6274 -0.7098
vn 0.4247 0.5201 -0.7410
vn 0.4099 0.6480 -0.6420
vn 0.3315 0.4826 -0.8107
vn -0.0764 0.8253 -0.5595
vn 0.1242 0.7582 -0.6400
vn 0.1846 0.8615 -0.4730
vn 0.2580 0.5604 -0.7870
vn 0.4231 0.5637 -0.7094
vn 0.1646 0.2404 -0.9566
vn -0.1734 0.5914 -0.7875
vn 0.0420 0.5578 -0.8289
vn 0.7028 0.6417 -0.3069
vn 0.7135 0.6025 -0.3577
vn 0.7183 0.6078 -0.3386
vn 0.8210 0.4669 -0.3287
vn 0.7773 0.5622 -0.2825
vn 0.7935 0.6085 0.0117
vn 0.7027 0.5592 -0.4399
vn 0.7670 0.5632 -0.3073
vn 0.7658 0.5988 -0.2344
vn 0.0938 0.7665 -0.6353
vn 0.8336 0.5265 -0.1670
vn 0.8238 0.4986 -0.2697
vn 0.5889 0.5287 -0.6113
vn 0.6942 0.6174 -0.3699
vn 0.8526 0.5078 -0.1234
vn 0.7146 0.4359 -0.5471
vn 0.7799 0.4815 -0.3999
vn 0.9861 0.1658 0.0124
vn 0.9066 0.4205 -0.0347
vn 0.7124 0.3166 -0.6263
vn -0.3303 -0.1535 -0.9313
vn -0.4366 -0.2463 -0.8653
vn -0.2863 -0.0671 -0.9558
vn -0.0872 0.0242 -0.9959
vn -0.4316 -0.0091 -0.9020
vn -0.3982 0.0546 -0.9157
vn -0.1990 -0.0757 -0.9771
vn 0.0060 0.0451 -0.9990
vn -0.2613 -0.1777 -0.9488
vn -0.0647 0.1008 -0.9928
vn -0.6204 0.3073 -0.7216
vn -0.2951 0.0536 -0.9540
vn -0.6092 0.5730 -0.5483
vn -0.2442 -0.1396 -0.9596
vn -0.1914 -0.1571 -0.9689
vn -0.3054 -0.1826 -0.9346
vn -0.2376 -0.0825 -0.9679
vn 0.0159 0.1163 -0.9931
vn -0.4437 0.1307 -0.8866
vn -0.4521 -0.2717 -0.8496
vn -0.2420 -0.1539 -0.9580
vn -0.3489 -0.1605 -0.9233
vn -0.3341 -0.1417 -0.9318
vn 0.0659 0.0219 -0.9976
vn -0.2873 0.4498 -0.8457
vn -0.2913 -0.1620 -0.9428
vn -0.3574 -0.1906 -0.9143
vn -0.3956 0.4403 -0.8060
vn -0.6939 -0.0014 -0.7201
vn -0.6932 0.5425 -0.4745
vn -0.1116 0.0244 -0.9935
vn -0.0655 0.3401 -0.9381
vn -0.2313 0.0653 -0.9707
vn 0.0880 -0.0072 -0.9961
vn -0.5447 0.0446 -0.8374
vn -0.5031 -0.1482 -0.8514
vn 0.1282 0.0538 -0.9903
vn -0.0003 0.9424 -0.3346
vn -0.4201 -0.2028 -0.8846
vn -0.1305 -0.1573 -0.9789
vn -0.2391 -0.1824 -0.9537
vn -0.3400 -0.1064 -0.9344
vn 0.0082 0.0862 -0.9962
vn -0.9687 0.1727 -0.1781
vn -0.5349 0.0981 -0.8392
vn -0.2640 0.0687 -0.9621
vn -0.0404 0.0704 -0.9967
vn 0.0314 0.1895 -0.9814
vn 0.3577 0.2086 -0.9103
vn 0.5836 0.5320 -0.6135
vn 0.7425 0.4247 -0.5180
vn 0.4884 0.2983 -0.8201
vn 0.8392 0.5319 -0.1136
vn 0.7251 0.4404 -0.5294
vn 0.5779 0.2599 -0.7736
vn 0.3590 0.1996 -0.9117
vn 0.4111 0.3640 -0.8358
vn 0.4199 0.4898 -0.7641
vn 0.4979 0.2945 -0.8157
vn 0.4618 0.5909 -0.6614
vn 0.0910 0.8309 -0.5489
vn 0.2397 0.2484 -0.9385
vn 0.3950 0.2900 -0.8717
vn 0.3651 0.2548 -0.8954
vn 0.7019 0.7123 -0.0003
vn 0.7869 0.6063 -0.1145
vn 0.4697 0.3062 -0.8280
vn 0.4578 0.1949 -0.8674
vn 0.6479 0.2572 -0.7170
vn 0.8674 0.4723 -0.1566
vn -0.2130 0.5459 -0.8103
vn -0.3789 0.5928 -0.7106
vn 0.1490 0.4695 -0.8703
vn 0.2517 0.1481 -0.9564
vn 0.4568 0.8855 -0.0851
vn 0.2356 0.2266 -0.9451
vn -0.1692 0.9845 -0.0455
vn 0.4127 0.1722 -0.8944
vn -0.2221 0.9209 -0.3203
vn 0.7780 0.2080 -0.5929
vn 0.6262 0.3131 -0.7141
vn -0.4522 0.5321 -0.7158
vn 0.4073 0.2936 -0.8648
vn -0.4174 0.5922 -0.6892
vn 0.2772 0.9608 -0.0019
vn 0.3015 0.2309 -0.9251
vn -0.0976 0.9497 -0.2974
vn 0.4133 0.6695 0.6172
vn -0.5162 0.4249 -0.7437
vn -0.5495 -0.2266 -0.8042
vn -0.8418 -0.4366 -0.3174
vn -0.7493 -0.3917 -0.5340
vn -0.4489 -0.2933 -0.8441
vn -0.1088 -0.3003 -0.9476
vn -0.2445 -0.2349 -0.9408
vn 0.1320 -0.1392 -0.9814
vn 0.3822 0.0076 -0.9240
vn 0.3399 -0.4945 -0.8000
vn -0.1551 -0.1261 -0.9798
vn 0.1275 -0.0265 -0.9915
vn 0.0089 -0.0333 -0.9994
vn 0.1875 -0.2175 -0.9579
vn 0.2426 -0.1345 -0.9608
vn 0.0692 -0.3138 -0.9470
vn -0.6971 -0.6448 -0.3136
vn -0.7014 -0.6269 -0.3392
vn -0.7099 -0.6750 -0.2009
vn 0.7357 0.3933 -0.5514
vn 0.5756 0.2413 -0.7813
vn 0.6687 0.4117 -0.6192
vn -0.0388 -0.1021 -0.9940
vn -0.0068 -0.5266 -0.8501
vn -0.3753 -0.4739 -0.7966
vn 0.2387 0.0807 -0.9677
vn 0.0604 -0.0553 -0.9966
vn 0.2166 -0.0344 -0.9757
vn 0.4613 0.0062 -0.8872
vn 0.5316 -0.0392 -0.8461
vn 0.3632 0.0186 -0.9315
vn -0.0207 0.2343 -0.9720
vn 0.0246 -0.2515 -0.9675
vn 0.3096 -0.2474 -0.9181
vn -0.2848 -0.1976 -0.9380
vn -0.6031 -0.3484 -0.7176
vn -0.5003 -0.2484 -0.8295
vn 0.1784 -0.1430 -0.9735
vn 0.4510 0.0008 -0.8925
vn 0.7498 0.1388 -0.6470
vn 0.1341 0.2334 -0.9631
vn 0.2421 0.3134 -0.9183
vn 0.1594 0.3371 -0.9279
vn 0.6563 -0.7512 0.0706
vn 0.7881 -0.6044 0.1163
vn 0.7839 -0.5718 -0.2419
vn 0.1095 -0.8019 -0.5874
vn -0.1998 -0.9681 0.1510
vn 0.5895 -0.1651 0.7908
vn 0.4044 -0.1504 0.9021
vn 0.6751 -0.2401 0.6976
vn 0.3470 0.0473 -0.9367
vn 0.2995 0.0938 -0.9495
vn 0.1684 0.1888 -0.9675
vn 0.5653 0.2783 -0.7765
vn 0.2664 -0.2780 -0.9229
vn -0.1947 -0.0982 -0.9759
vn 0.0888 0.1069 -0.9903
vn -0.0321 0.1188 -0.9924
vn -0.9288 -0.3636 0.0712
vn -0.9042 -0.3664 -0.2193
vn 0.3680 0.3060 -0.8780
vn 0.5576 -0.1777 -0.8109
vn 0.1463 -0.8020 -0.5791
vn 0.1047 -0.8003 -0.5904
vn 0.3545 0.3529 -0.8659
vn 0.7371 0.3135 -0.5986
vn 0.4095 0.4910 -0.7689
vn -0.5472 -0.7009 -0.4575
vn -0.3096 -0.9410 -0.1365
vn 0.5373 -0.3264 -0.7776
vn 0.1797 0.2498 -0.9515
vn 0.6835 0.2243 -0.6947
vn 0.2512 0.1246 -0.9599
vn 0.3156 0.1169 -0.9416
vn 0.3176 0.2249 -0.9212
vn -0.3202 -0.0459 -0.9462
vn -0.2485 -0.2816 -0.9268
vn 0.4242 -0.1589 -0.8915
vn 0.4614 -0.0805 -0.8835
vn -0.1662 0.4351 -0.8849
vn 0.2232 0.1867 -0.9567
vn 0.1475 0.1328 -0.9801
vn -0.3978 -0.8801 -0.2590
vn -0.6513 -0.6571 -0.3796
vn 0.0228 -0.9868 -0.1606
vn 0.0711 -0.8373 -0.5421
vn 0.0766 -0.9856 -0.1509
vn -0.0051 -0.7633 -0.6460
vn 0.0445 0.0163 -0.9989
vn -0.0047 0.0783 -0.9969
vn 0.0558 0.2742 -0.9601
vn 0.0583 0.3535 -0.9336
vn -0.5559 -0.4506 -0.6985
vn -0.4202 -0.3670 -0.8299
vn -0.3374 -0.3158 -0.8868
vn 0.0614 -0.7237 -0.6873
vn -0.0444 -0.8763 -0.4797
vn 0.7291 0.4792 -0.4887
vn 0.2425 0.2553 -0.9360
vn 0.7458 0.3623 -0.5591
vn 0.1015 0.7112 -0.6956
vn 0.4157 0.3454 -0.8414
vn -0.0356 0.7101 -0.7032
vn 0.2807 0.3098 -0.9084
vn 0.2916 0.5081 -0.8104
vn 0.2026 0.4664 -0.8611
vn 0.3305 -0.0923 0.9393
vn -0.7812 -0.4315 -0.4511
vn -0.7632 -0.4511 -0.4626
vn -0.7628 -0.5217 -0.3822
vn 0.3946 0.5510 -0.7353
vn 0.5473 0.4412 -0.7112
vn 0.5707 0.5724 -0.5888
vn -0.5636 -0.4279 -0.7066
vn -0.4558 -0.3803 -0.8047
vn 0.4940 -0.4581 -0.7390
vn -0.1097 -0.8223 -0.5583
vn -0.9163 -0.4006 -0.0016
vn -0.8607 -0.5081 0.0312
vn -0.9368 -0.3241 -0.1318
vn 0.2366 0.1352 -0.9622
vn 0.8486 -0.4317 -0.3059
vn 0.8637 -0.5032 -0.0304
vn 0.9323 0.1946 -0.3050
vn 0.2775 -0.9555 -0.1000
vn 0.2139 -0.9744 -0.0696
vn -0.1970 -0.0862 -0.9766
vn 0.0140 0.6052 -0.7959
vn -0.0282 0.8049 -0.5928
vn -0.3136 -0.2829 -0.9064
vn -0.0535 -0.0896 -0.9945
vn -0.1884 -0.2303 -0.9547
vn 0.8589 0.3346 -0.3877
vn 0.6966 0.2529 -0.6714
vn 0.4356 0.5126 -0.7399
vn 0.1206 0.1106 -0.9865
vn -0.1072 -0.0043 -0.9942
vn -0.9537 -0.2963 0.0521
vn -0.9837 -0.1650 0.0708
vn -0.9973 -0.0232 0.0698
vn -0.6940 -0.5876 -0.4161
vn -0.5557 -0.4957 -0.6674
vn -0.6643 -0.5951 -0.4523
vn -0.8004 -0.3537 -0.4840
vn -0.7779 -0.4671 -0.4204
vn -0.7829 -0.6114 -0.1150
vn -0.0673 0.2081 -0.9758
vn 0.4834 0.3937 -0.7819
vn 0.4001 0.0503 -0.9151
vn 0.5495 0.3582 -0.7548
vn 0.0597 -0.0110 -0.9982
vn 0.2479 0.2686 -0.9308
vn 0.2558 0.3326 -0.9077
vn 0.5198 0.2841 -0.8057
vn 0.2188 0.2069 -0.9536
vn -0.4482 -0.4795 -0.7545
vn -0.4329 -0.6971 -0.5716
vn -0.6804 -0.5384 -0.4972
vn -0.4258 -0.5489 -0.7193
vn -0.8788 -0.4508 -0.1565
vn -0.5845 -0.3900 -0.7115
vn 0.3165 0.7779 -0.5428
vn -0.0897 -0.0885 -0.9920
vn -0.2908 -0.0531 -0.9553
vn 0.1019 0.0313 -0.9943
vn -0.0355 -0.0184 -0.9992
vn -0.3933 -0.1592 -0.9055
vn -0.5945 -0.2450 -0.7658
vn -0.1993 -0.2151 -0.9560
vn 0.2164 -0.0016 -0.9763
vn 0.3250 0.2001 -0.9243
vn -0.9316 -0.3457 0.1123
vn -0.8883 -0.2475 -0.3869
vn -0.9760 -0.2056 -0.0715
vn -0.9907 -0.1354 -0.0136
vn 0.2257 -0.3968 -0.8897
vn -0.2370 -0.3812 -0.8936
vn -0.3948 -0.8140 -0.4261
vn -0.7982 -0.5482 -0.2497
vn -0.7095 -0.5344 -0.4593
vn 0.0504 0.6422 -0.7649
vn 0.0733 0.3658 -0.9278
vn 0.0955 0.5952 -0.7979
vn -0.7068 -0.4299 -0.5617
vn -0.6428 -0.3598 -0.6763
vn 0.4536 0.1968 -0.8692
vn 0.5928 0.2652 -0.7604
vn -0.7525 -0.6425 -0.1448
vn -0.7967 -0.6027 -0.0460
vn -0.7621 -0.6118 -0.2120
vn -0.5081 -0.3098 -0.8036
vn -0.4602 -0.3591 -0.8119
vn 0.7609 0.1808 -0.6232
vn 0.1753 0.2231 -0.9589
vn -0.8857 -0.4595 -0.0660
vn -0.8633 -0.5027 0.0443
vn -0.8021 -0.5888 0.0991
vn 0.0560 0.1710 -0.9837
vn 0.0708 0.4364 -0.8970
vn 0.3534 0.6513 -0.6715
vn 0.2179 0.7282 -0.6499
vn 0.2323 -0.3015 -0.9247
vn -0.6021 -0.7348 -0.3123
vn -0.4789 -0.8644 -0.1529
vn -0.7238 -0.6445 -0.2466
vn -0.6208 -0.5091 -0.5962
vn -0.6118 -0.5140 -0.6013
vn -0.8381 -0.4732 -0.2713
vn -0.6379 -0.3494 -0.6863
vn -0.3833 -0.2774 -0.8810
vn -0.3911 -0.1944 -0.8996
vn 0.0682 -0.9190 0.3883
vn 0.2111 -0.7272 -0.6531
vn -0.6908 -0.5237 -0.4985
vn -0.7636 -0.5602 -0.3211
vn -0.7755 -0.5985 -0.2008
vn -0.1748 0.5159 -0.8386
vn 0.4762 -0.5997 -0.6431
vn -0.0195 -0.6173 -0.7865
vn 0.2472 -0.6350 -0.7319
vn 0.6401 0.4163 -0.6457
vn 0.2863 0.2340 -0.9291
vn 0.1318 0.1707 -0.9765
vn -0.0040 -0.1257 -0.9921
vn 0.3007 -0.0327 -0.9532
vn -0.6878 -0.4698 -0.5533
vn -0.7423 -0.4890 -0.4580
vn -0.7451 -0.5679 -0.3497
vn 0.5309 -0.0150 -0.8473
vn 0.5158 -0.4949 -0.6993
vn 0.4961 -0.5443 -0.6764
vn 0.4421 0.1982 -0.8748
vn 0.8152 0.2534 -0.5208
vn 0.0266 0.5190 -0.8544
vn 0.0015 0.7207 -0.6933
vn 0.0669 -0.0534 -0.9963
vn 0.0107 -0.9990 0.0433
vn -0.8886 -0.4500 -0.0889
vn 0.2285 0.2316 -0.9456
vn 0.3789 -0.0041 -0.9254
vn -0.3341 -0.6628 -0.6701
vn -0.1700 -0.9844 -0.0453
vn -0.1821 -0.9534 -0.2404
vn -0.6985 -0.5488 -0.4593
vn 0.4152 0.5476 -0.7264
vn -0.2678 -0.0636 -0.9614
vn -0.8686 -0.4628 -0.1770
vn -0.9207 -0.3740 0.1119
vn -0.7054 -0.6595 -0.2597
vn -0.6813 -0.7292 0.0647
vn 0.2885 0.5504 -0.7835
vn -0.7733 -0.6340 0.0120
vn -0.7780 -0.6120 -0.1421
vn -0.3957 -0.1383 -0.9079
vn -0.1026 0.0088 -0.9947
vn -0.4659 -0.4149 -0.7815
vn -0.3282 -0.1457 -0.9333
vn 0.4040 0.2055 -0.8914
vn -0.4282 0.8183 -0.3834
vn -0.6008 -0.5530 -0.5772
vn -0.3743 -0.3245 -0.8687
vn 0.3350 0.4316 -0.8375
vn 0.0997 0.4901 -0.8660
vn 0.2156 0.6188 -0.7553
vn -0.8075 -0.5896 -0.0206
vn -0.8320 -0.5461 -0.0981
vn -0.8718 -0.4083 -0.2706
vn 0.0227 -0.7416 -0.6705
vn -0.6400 -0.2994 -0.7077
vn -0.8878 -0.3935 -0.2387
vn 0.4775 0.5016 -0.7214
vn 0.1959 0.4300 -0.8813
vn -0.8115 -0.5681 0.1366
vn -0.9152 -0.3738 0.1505
vn 0.2427 0.0634 -0.9680
vn 0.1854 0.0912 -0.9784
vn -0.8433 -0.5169 0.1469
vn 0.3300 -0.9439 -0.0078
vn 0.6582 -0.7216 -0.2147
vn 0.1572 -0.9869 0.0354
vn -0.1999 -0.2901 -0.9359
vn 0.2764 0.0007 -0.9611
vn 0.1041 0.2670 -0.9581
vn -0.8216 -0.5700 -0.0025
vn 0.4506 0.4930 -0.7443
vn 0.2669 0.1128 -0.9571
vn 0.6115 0.4845 -0.6256
vn -0.7825 -0.5469 -0.2975
vn -0.7487 -0.6306 -0.2046
vn 0.2310 0.2453 -0.9415
vn -0.7181 -0.6824 -0.1367
vn -0.2782 -0.2581 -0.9252
vn 0.8774 0.3808 -0.2917
vn -0.1180 -0.0147 -0.9929
vn 0.2369 -0.2157 -0.9473
vn 0.2534 0.1685 -0.9526
vn -0.5433 -0.7643 -0.3474
vn -0.2640 -0.6735 -0.6904
vn 0.1386 -0.8485 0.5107
vn 0.6458 -0.6652 -0.3747
vn 0.1469 -0.0819 -0.9858
vn -0.1052 -0.1467 -0.9836
vn -0.0241 -0.1201 -0.9925
vn 0.0412 -0.1077 -0.9933
vn -0.6570 -0.5863 -0.4739
vn -0.7934 -0.5988 0.1091
vn -0.1188 -0.1399 -0.9830
vn -0.5971 -0.6863 -0.4153
vn -0.6597 -0.6390 -0.3955
vn 0.5652 0.3228 -0.7592
vn -0.0482 -0.9946 0.0914
vn -0.0451 -0.9323 0.3589
vn -0.7328 -0.5887 -0.3412
vn -0.7347 -0.5243 -0.4306
vn -0.0229 -0.9953 0.0945
vn -0.6427 -0.2816 -0.7125
vn -0.9614 -0.2695 -0.0547
vn -0.9894 -0.1353 -0.0529
vn -0.8593 -0.4731 -0.1946
vn 0.5385 0.2394 -0.8079
vn 0.2222 0.5193 -0.8252
vn -0.0668 -0.0761 -0.9949
vn -0.6093 -0.7897 -0.0720
vn -0.1126 0.1022 -0.9884
vn 0.3639 0.0122 -0.9314
vn 0.3182 0.3168 -0.8935
vn 0.4203 0.0516 -0.9059
vn -0.3788 -0.3285 -0.8652
vn -0.3123 -0.3079 -0.8987
vn -0.4347 -0.7681 -0.4701
vn -0.8860 -0.4478 -0.1204
vn 0.2071 0.1065 -0.9725
vn 0.6605 -0.3637 -0.6568
vn 0.2907 0.2107 -0.9333
vn -0.5343 -0.7190 -0.4445
vn 0.3082 0.3185 -0.8964
vn -0.8461 -0.5246 0.0943
vn -0.8410 -0.5257 0.1276
vn -0.8469 -0.5248 0.0858
vn -0.7642 -0.6355 0.1103
vn -0.7715 -0.6356 0.0281
vn -0.9527 -0.3020 0.0346
vn 0.2535 0.3691 -0.8942
vn 0.1521 0.3914 -0.9076
vn 0.2647 -0.1329 -0.9551
vn 0.2851 0.0724 -0.9558
vn 0.4302 0.0519 -0.9012
vn -0.1850 -0.4378 -0.8799
vn 0.9240 0.0859 -0.3727
vn -0.0617 0.1644 -0.9845
vn 0.0325 0.0765 -0.9965
vn -0.6807 -0.6140 -0.3995
vn 0.0796 -0.0427 -0.9959
vn -0.8875 -0.4609 -0.0027
vn -0.9101 -0.4110 -0.0523
vn 0.3257 0.3049 -0.8950
vn 0.0547 0.0822 -0.9951
vn 0.1214 0.2970 -0.9471
vn -0.9820 -0.1884 -0.0102
vn 0.7145 -0.6004 -0.3592
vn -0.6983 -0.5380 -0.4722
vn 0.6357 -0.0563 -0.7699
vn -0.8917 -0.3943 -0.2222
vn 0.4774 0.3241 -0.8167
vn 0.3029 -0.6914 0.6559
vn -0.8997 -0.4271 0.0901
vn -0.0648 -0.8927 0.4460
vn -0.7031 -0.7050 0.0930
vn 0.2535 0.6851 -0.6829
vn 0.4849 -0.3249 0.8120
vn -0.8937 -0.4244 0.1454
vn 0.6471 0.1967 -0.7366
vn 0.8173 -0.0869 -0.5696
vn -0.7136 -0.6238 -0.3188
vn 0.3615 0.2645 -0.8941
vn 0.2368 0.3482 -0.9070
vn 0.3757 0.4023 -0.8349
vn -0.6795 -0.7257 -0.1076
vn -0.8808 -0.3500 -0.3190
vn -0.3998 -0.1215 -0.9085
vn 0.1311 0.7027 -0.6993
vn 0.1708 0.5275 -0.8322
vn 0.3157 0.1199 -0.9412
vn 0.2853 -0.2252 -0.9316
vn 0.2698 0.5527 -0.7885
vn -0.0911 -0.9756 0.1999
vn 0.1878 -0.1255 0.9742
vn 0.7494 0.0542 0.6599
vn 0.9383 0.3457 0.0005
vn 0.6637 0.3073 0.6820
vn 0.3234 0.5861 0.7429
vn 0.3889 0.8314 0.3969
vn -0.5712 0.6344 0.5208
vn 0.2024 0.2335 0.9510
vn 0.0098 0.1212 0.9926
vn 0.1649 0.2414 0.9563
vn 0.6172 0.5434 0.5690
vn 0.7008 0.5844 0.4092
vn 0.6538 0.6517 0.3845
vn 0.8303 0.5132 -0.2174
vn 0.7275 0.3511 -0.5895
vn 0.7106 0.4734 -0.5206
vn 0.6888 0.7062 0.1638
vn 0.6980 0.6218 0.3552
vn 0.5058 0.8187 -0.2717
vn 0.3896 0.8104 -0.4376
vn 0.6842 0.6034 -0.4096
vn 0.6278 0.4543 0.6321
vn 0.6851 0.3902 0.6151
vn 0.8683 0.0757 0.4902
vn 0.4889 0.4112 -0.7693
vn 0.4705 0.3536 -0.8085
vn 0.5766 0.5839 -0.5715
vn 0.6888 0.6667 -0.2847
vn 0.7949 0.5474 -0.2619
vn 0.8016 -0.0511 0.5957
vn 0.4997 0.1720 0.8489
vn 0.7725 0.2442 0.5862
vn 0.5463 0.5751 -0.6089
vn 0.4862 0.5430 -0.6847
vn 0.6119 0.5499 -0.5685
vn 0.8203 0.5647 0.0904
vn 0.7495 0.4256 0.5071
vn 0.9127 0.2042 0.3538
vn -0.1649 0.1002 0.9812
vn 0.0614 0.2139 0.9749
vn 0.0148 0.1501 0.9886
vn 0.6888 0.6736 -0.2680
vn 0.7144 0.6934 -0.0942
vn 0.7324 0.6799 0.0370
vn 0.7250 0.4043 0.5576
vn 0.7002 0.5555 0.4485
vn 0.7341 0.6453 0.2115
vn 0.7170 -0.3246 0.6168
vn 0.8609 0.3051 0.4071
vn 0.5381 -0.5700 0.6210
vn 0.2602 0.0868 0.9616
vn 0.1642 0.0334 0.9859
vn 0.3561 0.1378 0.9242
vn 0.7572 -0.0803 0.6483
vn 0.8487 0.2582 0.4616
vn 0.9970 0.0282 0.0714
vn 0.5359 0.8196 -0.2027
vn 0.6804 0.7320 -0.0361
vn 0.6966 0.6959 -0.1748
vn 0.3129 0.5455 0.7775
vn 0.4743 0.3733 0.7973
vn 0.6226 0.4289 0.6545
vn 0.7499 0.4045 0.5234
vn 0.7146 0.6757 0.1811
vn 0.7179 0.5968 0.3584
vn 0.3007 0.3739 0.8774
vn 0.1950 0.3484 0.9168
vn -0.1641 0.3375 0.9269
vn -0.1180 -0.0349 0.9924
vn -0.2332 -0.1174 0.9653
vn -0.1869 -0.0202 0.9822
vn 0.8349 -0.0743 0.5454
vn 0.9122 -0.1664 0.3745
vn 0.5169 0.5558 -0.6510
vn 0.4542 0.6794 -0.5762
vn 0.7634 0.5403 -0.3539
vn 0.8502 0.5148 -0.1099
vn 0.9477 0.3187 -0.0159
vn 0.9168 0.2240 -0.3307
vn 0.4522 -0.0771 0.8886
vn 0.2119 -0.1099 0.9711
vn 0.3720 0.2783 0.8855
vn -0.0803 0.1135 0.9903
vn -0.1448 0.5566 0.8181
vn -0.0569 0.1720 0.9835
vn -0.2845 0.2366 0.9290
vn -0.1776 0.1096 0.9780
vn 0.2485 0.6198 -0.7444
vn 0.6797 0.5373 -0.4993
vn 0.8485 0.5253 -0.0647
vn 0.6944 0.3158 -0.6466
vn 0.8479 0.3923 -0.3566
vn 0.8044 0.5445 0.2377
vn 0.0452 -0.1434 0.9886
vn 0.4162 -0.0877 0.9050
vn 0.8578 0.4317 -0.2789
vn 0.2746 0.2246 -0.9350
vn 0.3527 0.1855 -0.9172
vn 0.3451 0.1907 -0.9190
vn 0.6831 0.6897 0.2402
vn 0.5326 0.8096 0.2468
vn 0.7915 0.6110 0.0167
vn 0.2957 0.2910 0.9099
vn 0.2989 0.2696 0.9154
vn 0.0114 -0.4847 0.8746
vn 0.3834 -0.6410 0.6649
vn 0.8280 0.5555 0.0769
vn 0.8796 0.4423 0.1752
vn 0.5839 0.7992 0.1425
vn 0.6765 0.3706 0.6364
vn 0.9729 0.2305 -0.0186
vn 0.6452 0.6552 0.3929
vn 0.6807 0.6235 0.3846
vn 0.7971 0.5933 0.1118
vn 0.0492 -0.0105 0.9987
vn 0.1869 0.0274 0.9820
vn 0.1389 -0.0237 0.9900
vn 0.6808 0.5919 0.4315
vn -0.0435 0.1297 0.9906
vn 0.5572 0.5764 0.5978
vn 0.6264 0.7143 -0.3120
vn 0.6396 0.6602 -0.3938
vn 0.7071 0.6281 -0.3249
vn 0.4411 0.3634 0.8206
vn 0.8154 0.4771 0.3277
vn 0.7169 0.5113 0.4738
vn 0.0508 -0.0336 0.9981
vn -0.0532 -0.0824 0.9952
vn -0.0122 -0.0709 0.9974
vn 0.8651 0.4187 0.2763
vn 0.9029 0.3622 0.2314
vn 0.7664 0.5542 -0.3248
vn -0.0390 -0.0466 0.9982
vn 0.5316 0.5029 -0.6815
vn 0.4438 0.3456 -0.8268
vn 0.9280 0.3289 -0.1753
vn 0.7888 0.3365 -0.5144
vn 0.9176 -0.0779 -0.3898
vn 0.3913 -0.0162 0.9201
vn 0.6752 0.6218 0.3967
vn 0.4297 0.7699 0.4718
vn 0.6644 0.7333 0.1444
vn 0.7501 0.6302 -0.2005
vn 0.8180 0.2948 -0.4939
vn 0.8997 0.3582 -0.2495
vn 0.7951 0.6064 -0.0015
vn 0.8858 0.4632 0.0283
vn 0.8883 0.1946 -0.4160
vn 0.8985 0.2131 -0.3837
vn 0.9979 0.0328 0.0555
vn 0.6002 0.5667 -0.5644
vn 0.6533 0.4583 -0.6026
vn 0.4406 0.2976 -0.8470
vn 0.2883 0.5934 -0.7515
vn 0.2093 0.6810 -0.7017
vn 0.6777 0.6601 -0.3242
vn 0.0910 0.6676 0.7389
vn 0.5628 0.6409 0.5220
vn 0.5059 0.4324 0.7464
vn 0.6566 0.7535 -0.0324
vn 0.9078 0.3745 -0.1887
vn 0.9932 0.1027 -0.0552
vn 0.9615 0.0662 0.2667
vn -0.9860 0.1664 -0.0102
vn -0.9182 0.3954 -0.0235
vn -0.6713 0.6715 -0.3138
vn 0.3893 0.5139 -0.7644
vn 0.7973 0.5236 0.3002
vn 0.8607 0.5086 0.0206
vn 0.6035 0.2288 -0.7639
vn 0.5958 0.3508 -0.7225
vn 0.4836 0.4199 0.7680
vn 0.5236 0.5405 0.6585
vn 0.5013 0.2593 0.8255
vn 0.4915 0.5938 0.6371
vn 0.6058 0.6548 0.4520
vn 0.5388 0.3118 -0.7826
vn 0.3457 0.1978 -0.9173
vn 0.3949 0.2098 -0.8945
vn 0.7400 0.5612 0.3706
vn 0.7353 0.5464 0.4010
vn 0.2664 0.2016 0.9425
vn -0.0977 -0.1433 0.9848
vn -0.0071 -0.0690 0.9976
vn 0.5923 0.4034 -0.6975
vn 0.0662 -0.3016 0.9511
vn -0.0323 -0.0561 -0.9979
vn -0.0385 0.0017 -0.9993
vn 0.5646 0.4173 0.7122
vn 0.8162 0.5766 -0.0361
vn 0.6932 0.6972 -0.1828
vn 0.5069 0.7763 -0.3748
vn 0.7787 0.2307 0.5834
vn 0.7366 0.1618 0.6567
vn 0.7003 0.3894 0.5982
vn -0.0045 0.6709 0.7415
vn 0.7944 0.6007 -0.0903
vn 0.6267 0.5150 -0.5848
vn 0.6073 0.6340 -0.4788
vn 0.2556 0.1438 -0.9560
vn 0.2099 0.2761 0.9379
vn 0.5603 0.6034 0.5674
vn 0.4514 0.5165 0.7277
vn 0.8353 0.5284 0.1516
vn 0.8085 0.5858 0.0556
vn 0.8159 0.3325 -0.4730
vn 0.3122 0.8604 0.4028
vn 0.5705 0.6214 -0.5371
vn 0.6104 0.6766 -0.4118
vn 0.5489 0.6222 -0.5582
vn 0.4462 0.6904 -0.5694
vn 0.4914 0.6897 -0.5319
vn 0.5649 0.6266 -0.5369
vn 0.8367 0.5368 0.1085
vn 0.7148 0.6235 0.3168
vn 0.6528 0.5126 0.5577
vn 0.6497 0.6019 0.4643
vn 0.9337 0.3487 -0.0809
vn 0.8922 0.4515 -0.0102
vn 0.8716 0.4294 -0.2364
vn 0.8954 0.0786 -0.4382
vn 0.7022 0.4341 -0.5643
vn 0.7088 0.2452 -0.6614
vn 0.0724 0.0236 0.9971
vn 0.5638 0.4057 0.7194
vn 0.4339 -0.0228 0.9007
vn 0.7836 0.3077 0.5396
vn 0.5200 0.3830 0.7635
vn 0.3133 -0.0694 0.9471
vn 0.8592 0.5042 0.0871
vn 0.8933 0.4477 0.0394
vn 0.3582 0.2043 0.9110
vn 0.6924 0.5555 0.4604
vn 0.6940 0.4445 0.5664
vn 0.5553 0.4556 0.6958
vn 0.7436 0.5182 0.4226
vn 0.6951 0.4255 0.5794
vn 0.6412 0.3377 0.6890
vn 0.7563 0.4873 0.4365
vn 0.6294 0.3519 -0.6928
vn 0.7186 0.6928 -0.0603
vn -0.4772 0.3084 -0.8229
vn -0.5936 0.7760 -0.2131
vn -0.6102 0.7458 -0.2671
vn 0.8308 0.4907 0.2627
vn 0.7235 0.6178 -0.3080
vn 0.8795 0.4638 0.1067
vn 0.8519 0.4064 -0.3303
vn -0.5655 -0.8198 -0.0900
vn -0.5650 0.6019 -0.5644
vn -0.0013 -0.2836 -0.9590
vn 0.6787 -0.0069 0.7344
vn 0.8159 0.4576 0.3534
vn 0.7365 0.3878 0.5542
vn 0.2365 0.2015 -0.9505
vn 0.3471 0.3128 -0.8841
vn 0.1851 0.1396 -0.9728
vn 0.4019 0.0222 0.9154
vn 0.5474 0.5301 -0.6476
vn 0.7808 0.5142 -0.3550
vn 0.5094 -0.0449 -0.8594
vn 0.5739 0.2963 -0.7634
vn 0.8784 0.4675 0.0993
vn 0.8492 0.4370 0.2966
vn 0.9211 0.3439 0.1826
vn 0.8825 0.4018 0.2443
vn 0.6119 0.7481 -0.2568
vn 0.7013 0.5989 -0.3867
vn 0.5117 0.5901 0.6245
vn 0.0182 0.8442 0.5357
vn -0.2080 0.4981 0.8418
vn -0.1877 -0.1018 -0.9769
vn 0.5152 0.6902 -0.5081
vn -0.0795 0.0518 0.9955
vn -0.0282 0.1266 0.9915
vn 0.4617 0.4966 -0.7350
vn 0.8931 0.4250 0.1471
vn 0.9175 0.3978 0.0019
vn 0.8466 0.3889 0.3633
vn 0.6292 0.2471 0.7369
vn 0.7191 0.6852 0.1161
vn -0.3973 0.9173 0.0252
vn 0.1693 0.9156 0.3646
vn 0.4490 0.7927 -0.4124
vn 0.5171 0.2133 0.8289
vn 0.4399 0.1779 0.8803
vn 0.0754 0.3157 0.9459
vn -0.1195 0.2721 0.9548
vn 0.5121 0.2896 -0.8086
vn 0.4009 0.2505 -0.8812
vn 0.6460 0.5322 -0.5473
vn 0.5921 0.3399 -0.7307
vn 0.9834 0.0725 0.1665
vn -0.2608 -0.1601 0.9520
vn 0.1359 -0.2343 0.9626
vn 0.8006 0.5341 0.2718
vn 0.6375 0.7294 0.2480
vn -0.3865 0.7402 -0.5502
vn 0.5783 0.7847 0.2234
vn 0.7014 0.7100 0.0628
vn 0.3960 0.8981 0.1915
vn -0.6413 0.6174 -0.4555
vn 0.1453 0.9672 -0.2082
vn 0.9294 -0.3661 -0.0474
vn 0.7956 0.2322 -0.5596
vn 0.9200 0.3853 0.0718
vn 0.8730 0.4069 0.2689
vn 0.8562 0.5062 0.1034
vn -0.1968 0.2990 0.9337
vn -0.7729 0.0906 0.6280
vn 0.1372 0.3446 0.9287
vn 0.6986 0.7021 0.1379
vn 0.7175 0.6534 -0.2413
vn 0.6435 0.5011 -0.5787
vn 0.9584 0.2078 0.1958
vn -0.0640 0.2196 0.9735
vn 0.2697 0.2350 -0.9338
vn 0.1498 0.0564 -0.9871
vn 0.6110 -0.1823 0.7704
vn 0.7033 0.2549 0.6636
vn 0.4798 -0.1162 0.8697
vn 0.7487 0.4212 -0.5118
vn 0.2168 0.0490 0.9750
vn -0.0210 -0.3839 0.9231
vn 0.0455 -0.0035 0.9990
vn 0.4863 0.1372 0.8630
vn -0.0829 0.0538 0.9951
vn -0.0488 -0.0832 0.9953
vn 0.8140 0.4866 0.3174
vn 0.6014 0.4392 0.6674
vn 0.5518 0.3787 0.7431
vn 0.9871 0.1505 -0.0538
vn 0.9721 0.0919 0.2156
vn 0.9689 0.0910 0.2300
vn 0.8022 0.4316 -0.4126
vn 0.9460 0.1093 -0.3052
vn 0.9459 0.2632 -0.1895
vn 0.7435 0.6137 0.2656
vn 0.5927 0.7301 0.3401
vn 0.7773 0.5127 0.3645
vn 0.8300 0.5477 0.1052
vn 0.0438 0.0503 0.9978
vn 0.7743 0.6264 0.0899
vn 0.7395 0.6119 0.2807
vn 0.7243 0.6120 0.3176
vn 0.7875 -0.1867 0.5873
vn 0.9112 -0.0899 0.4020
vn 0.9528 0.2876 0.0971
vn 0.6818 0.4420 0.5829
vn 0.9239 0.0986 -0.3697
vn 0.1049 0.3151 0.9432
vn 0.4340 0.3115 0.8453
vn 0.7286 0.4875 0.4811
vn 0.6330 0.4918 0.5979
vn 0.4865 0.3485 0.8012
vn 0.4878 0.3240 0.8106
vn 0.4081 0.1713 0.8967
vn 0.5989 0.2952 -0.7444
vn 0.9360 0.2302 0.2662
vn 0.1158 0.7553 0.6451
vn 0.3178 0.2325 0.9192
vn 0.3446 0.1184 0.9312
vn -0.9663 0.1312 0.2215
vn -0.3732 0.2708 0.8873
vn -0.5677 0.5625 0.6011
vn 0.8963 0.4352 0.0854
vn 0.7608 0.6479 -0.0374
vn 0.8122 0.5658 -0.1421
vn 0.8132 0.5293 -0.2418
vn 0.2945 -0.6380 0.7115
vn -0.1873 -0.3926 0.9004
vn 0.5093 -0.2359 0.8276
vn 0.7087 0.3298 0.6236
vn 0.5522 0.2502 0.7953
vn 0.6548 0.2884 0.6986
vn 0.5760 0.7085 -0.4078
vn -0.1791 0.3712 -0.9111
vn 0.7037 0.6631 -0.2550
vn 0.8212 0.5648 -0.0813
vn 0.8371 0.4484 -0.3134
vn -0.7667 0.5249 0.3697
vn -0.3380 0.4782 -0.8106
vn 0.1316 0.2171 -0.9672
vn 0.8755 0.4171 -0.2438
vn 0.8080 0.4829 0.3377
vn 0.0931 0.2312 -0.9684
vn 0.4474 0.3233 0.8339
vn 0.5552 0.4080 0.7248
vn 0.1379 0.0820 0.9871
vn 0.8481 0.3517 0.3963
vn 0.9902 0.0902 0.1065
vn 0.8973 0.4078 0.1687
vn 0.8099 0.4841 0.3310
vn 0.6868 0.5219 0.5059
vn 0.1821 0.7066 0.6838
vn 0.4465 0.6586 0.6057
vn 0.5331 -0.2864 0.7961
vn 0.1734 -0.9832 0.0566
vn 0.8042 -0.3732 -0.4626
vn 0.5707 0.5007 0.6509
vn 0.8915 0.4494 -0.0566
vn 0.8428 0.5376 -0.0268
vn 0.7960 0.5632 0.2218
vn 0.4563 0.4465 0.7697
vn 0.7383 0.5600 -0.3759
vn 0.8010 0.3645 0.4749
vn 0.6142 0.5795 -0.5357
vn 0.6691 0.5746 -0.4713
vn 0.7163 0.4174 0.5592
vn 0.7120 0.6673 0.2187
vn 0.3392 0.8342 -0.4347
vn 0.7584 0.4006 -0.5141
vn 0.4610 0.5800 -0.6717
vn 0.1632 -0.1022 0.9813
vn 0.1698 0.3051 -0.9371
vn 0.8829 0.3858 0.2678
vn 0.9579 0.2061 -0.1998
vn 0.4376 0.2637 -0.8596
vn -0.2827 0.1755 0.9430
vn 0.7886 0.3596 0.4988
vn 0.4094 0.0144 0.9122
vn 0.7373 0.3689 0.5660
vn 0.8080 0.2022 0.5534
vn 0.8386 0.0837 0.5382
vn 0.9057 0.2596 0.3352
vn 0.3469 0.3024 0.8878
vn 0.6661 0.4163 -0.6189
vn 0.7410 0.5616 0.3681
vn 0.8373 0.5159 -0.1809
vn 0.6892 0.3549 -0.6317
vn 0.5615 0.6876 -0.4602
vn 0.9401 0.2464 0.2355
vn 0.7222 0.5461 0.4246
vn 0.7108 0.2462 0.6589
vn 0.8173 0.5484 0.1768
vn 0.7491 0.4879 0.4482
vn 0.7128 0.7012 -0.0152
vn 0.6584 0.6885 -0.3041
vn 0.6962 0.6966 -0.1735
vn 0.0133 0.4488 0.8935
vn 0.7296 0.6574 0.1886
vn 0.4993 0.8331 0.2380
vn 0.2746 0.8090 0.5198
vn 0.8825 0.3116 0.3523
vn 0.9160 0.4002 0.0283
vn 0.5258 0.8476 0.0712
vn 0.1585 0.9423 0.2949
vn 0.9933 0.1159 0.0027
vn 0.6087 0.4218 0.6720
vn 0.6264 0.7752 -0.0813
vn 0.5807 0.6242 0.5227
vn 0.3934 0.5275 0.7530
vn 0.6277 0.3054 -0.7161
vn 0.3015 0.2981 0.9057
vn 0.7018 0.5211 0.4857
vn 0.9034 0.2614 -0.3398
vn 0.1289 0.4363 -0.8905
vn 0.8176 0.4949 -0.2942
vn 0.7489 0.4729 0.4642
vn 0.7308 0.6292 -0.2646
vn 0.3951 0.8286 0.3966
vn 0.5278 0.4301 0.7324
vn 0.5585 0.5352 0.6338
vn -0.8135 0.4251 0.3970
vn 0.5313 0.2264 0.8164
vn 0.7170 0.5544 0.4226
vn 0.8365 0.4285 -0.3415
vn 0.8945 0.4416 -0.0698
vn 0.8870 0.4494 -0.1066
vn 0.0577 -0.0695 0.9959
vn 0.9820 0.1281 0.1385
vn 0.5630 0.6813 -0.4678
vn 0.9977 0.0639 -0.0235
vn 0.9177 0.3244 0.2294
vn 0.4689 0.5866 -0.6604
vn 0.3741 0.3191 0.8708
vn -0.0407 -0.1171 0.9923
vn 0.2912 0.1618 0.9429
vn 0.5004 0.5180 0.6938
vn 0.6527 0.5419 0.5295
vn 0.1308 0.1316 0.9826
vn 0.0587 -0.0198 0.9981
vn -0.8290 0.5585 -0.0293
vn 0.4322 0.5736 -0.6958
vn 0.8667 0.4026 -0.2946
vn 0.6458 0.2926 0.7052
vn 0.6358 0.3147 -0.7048
vn 0.3844 0.1209 0.9152
vn 0.4260 -0.1033 0.8988
vn 0.9974 -0.0646 0.0317
vn 0.3971 0.7419 0.5403
vn -0.4113 0.5957 0.6899
vn 0.4611 0.2296 0.8571
vn 0.9967 -0.0804 -0.0128
vn 0.7892 0.5421 0.2885
vn 0.6656 0.7456 0.0314
vn 0.7630 0.6275 -0.1550
vn 0.9320 0.3085 0.1901
vn 0.6490 0.3462 -0.6774
vn 0.3539 0.2414 -0.9036
vn 0.7209 0.6921 -0.0372
vn 0.8650 0.4575 -0.2060
vn 0.3958 0.6864 -0.6100
vn 0.5363 0.5130 -0.6702
vn 0.8552 0.4708 0.2165
vn 0.8352 0.5267 -0.1581
vn 0.7071 0.6986 0.1092
vn 0.2768 0.3409 -0.8984
vn 0.8942 0.4474 0.0144
vn 0.7918 0.5125 -0.3323
vn 0.9603 -0.2444 0.1345
vn 0.2234 0.0888 0.9707
vn 0.8668 0.3404 -0.3645
vn 0.8065 0.5905 0.0281
vn 0.7554 0.4689 -0.4578
vn -0.4134 -0.6484 0.6393
vn -0.4131 -0.6485 0.6394
vn -0.4132 -0.6487 0.6391
vn -0.4666 -0.5017 -0.7284
vn -0.4965 -0.4048 -0.7679
vn -0.4951 -0.3289 -0.8042
vn -0.4893 -0.5463 -0.6798
vn 0.5800 -0.7777 -0.2426
vn 0.7076 -0.7050 0.0473
vn 0.3366 -0.8790 -0.3377
vn 0.5072 0.6163 -0.6024
vn -0.0407 0.0542 -0.9977
vn 0.0214 -0.0092 -0.9997
vn -0.4390 0.6582 0.6116
vn -0.4390 0.6585 0.6113
vn -0.4391 0.6585 0.6112
vn 0.8682 -0.4787 0.1305
vn -0.8099 -0.2513 0.5300
vn -0.8100 -0.2509 0.5300
vn -0.8100 -0.2513 0.5299
vn -0.0006 0.0605 0.9982
vn -0.1025 0.2301 0.9678
vn -0.1067 0.0820 0.9909
vn -0.1823 0.4703 0.8634
vn -0.1572 0.6308 0.7599
vn -0.2231 0.7348 0.6406
vn 0.4779 -0.0062 -0.8784
vn 0.2297 -0.0958 -0.9685
vn 0.5194 -0.0417 -0.8535
vn 0.5941 -0.1110 -0.7967
vn 0.6458 -0.0135 -0.7634
vn -0.1364 0.9445 -0.2988
vn -0.4895 0.8120 -0.3178
vn -0.2111 0.9244 -0.3178
vn 0.0421 0.9603 -0.2759
vn 0.0078 0.9657 -0.2595
vn 0.7157 0.6967 0.0486
vn 0.7165 0.6959 0.0490
vn 0.4744 0.8789 -0.0503
vn 0.8856 0.4415 0.1440
vn 0.2394 -0.2634 -0.9345
vn 0.0705 -0.5176 -0.8527
vn 0.0190 -0.0896 -0.9958
vn 0.0791 -0.3802 -0.9215
vn -0.0662 -0.0712 -0.9953
vn 0.8324 -0.3822 -0.4013
vn 0.7546 0.6508 -0.0840
vn 0.7608 0.6470 -0.0513
vn 0.7215 0.6776 -0.1425
vn 0.7977 0.5937 0.1060
vn 0.8510 0.5166 0.0947
vn 0.8379 0.4582 0.2966
vn 0.7469 0.6647 -0.0173
vn 0.6161 0.7875 0.0143
vn 0.2880 -0.4102 0.8653
vn 0.3258 -0.2766 0.9041
vn 0.3977 -0.2121 0.8927
vn 0.2534 -0.3743 0.8920
vn 0.3212 -0.0751 0.9440
vn 0.3222 -0.1759 0.9302
vn 0.3242 0.1071 0.9399
vn 0.2290 -0.2588 0.9384
vn 0.2486 -0.2669 0.9311
vn 0.4113 0.4950 0.7654
vn -0.5453 -0.7746 -0.3203
vn -0.5949 -0.7780 -0.2021
vn -0.5778 -0.7969 -0.1765
vn -0.5894 -0.8013 -0.1029
vn -0.5425 -0.8307 -0.1252
vn 0.0484 0.9571 0.2857
vn -0.0631 0.9717 0.2276
vn -0.1464 0.8337 0.5325
vn -0.1963 0.9270 0.3195
vn 0.5816 -0.1727 -0.7949
vn 0.5991 -0.3339 -0.7277
vn 0.2862 -0.2424 -0.9270
vn 0.3831 -0.3688 -0.8469
vn 0.6483 -0.1985 -0.7351
vn 0.3224 -0.2798 -0.9043
vn 0.2077 -0.2102 -0.9553
vn -0.0200 0.1015 -0.9946
vn 0.0843 0.3062 -0.9482
vn 0.9381 0.2591 -0.2297
vn 0.9733 0.1206 0.1952
vn 0.9732 0.1203 0.1958
vn 0.9732 0.1211 0.1954
vn -0.8985 -0.0740 0.4326
vn -0.8816 -0.0551 0.4687
vn -0.8995 -0.0657 0.4319
vn -0.8718 -0.0512 0.4872
vn -0.8406 -0.0282 0.5409
vn -0.8527 -0.4620 0.2439
vn -0.8525 -0.4623 0.2439
vn -0.3120 -0.1320 0.9409
vn -0.3946 -0.2153 0.8933
vn -0.4291 -0.3057 0.8500
vn -0.4242 -0.3582 0.8317
vn -0.3470 -0.3182 0.8823
vn -0.3141 -0.2550 0.9145
vn -0.3055 -0.2691 0.9134
vn -0.3341 -0.1378 0.9324
vn 0.0593 0.6663 0.7433
vn -0.4340 -0.4440 0.7839
vn -0.5329 -0.5132 0.6728
vn 0.0243 0.1056 0.9941
vn -0.4550 -0.5195 0.7233
vn 0.2245 -0.4099 0.8841
vn -0.4751 -0.8101 0.3435
vn 0.9586 -0.2750 -0.0737
vn 0.9854 0.0864 -0.1471
vn 0.7238 0.5181 -0.4557
vn 0.5466 0.5873 -0.5969
vn 0.8929 0.3543 -0.2778
vn 0.8931 0.3540 -0.2777
vn 0.8799 0.3052 -0.3641
vn 0.8968 0.4001 -0.1888
vn -0.6897 0.7093 -0.1457
vn -0.6895 0.7094 -0.1462
vn -0.6887 0.7103 -0.1458
vn 0.2620 -0.1029 -0.9596
vn 0.2619 -0.1029 -0.9596
vn 0.4855 0.2463 0.8388
vn 0.3566 0.3582 0.8629
vn 0.2913 -0.0366 0.9559
vn 0.3661 0.5408 0.7573
vn 0.0860 0.5393 0.8377
vn -0.5987 0.7913 -0.1241
vn -0.6861 0.6850 -0.2451
vn -0.6867 0.6846 -0.2445
vn -0.7504 0.5555 -0.3582
vn 0.7487 0.6601 -0.0611
vn 0.7053 0.6880 -0.1707
vn 0.8549 0.4766 0.2048
vn 0.6343 0.7506 -0.1854
vn 0.5046 0.8490 -0.1566
vn 0.2946 0.8828 -0.3658
vn 0.4655 0.7984 -0.3820
vn 0.5589 0.8107 -0.1743
vn 0.5607 0.7601 -0.3283
vn 0.4401 0.7599 -0.4783
vn 0.8208 0.4945 -0.2861
vn 0.4716 0.8088 -0.3514
vn 0.0508 0.2427 0.9688
vn -0.0599 0.1063 0.9925
vn -0.1083 0.1789 0.9779
vn -0.0574 0.1100 0.9923
vn 0.0038 -0.3909 0.9204
vn 0.4980 0.1507 0.8540
vn 0.3016 0.1706 0.9380
vn 0.5947 -0.0535 0.8022
vn 0.0441 0.7958 0.6039
vn 0.2793 0.8996 0.3359
vn 0.6244 0.4937 -0.6054
vn 0.7478 0.4849 -0.4536
vn 0.7282 0.5614 -0.3932
vn 0.5930 0.3128 -0.7420
vn 0.8351 0.5381 -0.1143
vn -0.3472 -0.9041 0.2490
vn -0.6291 -0.7773 -0.0047
vn -0.4888 -0.8687 0.0797
vn -0.6933 -0.6705 -0.2642
vn -0.1709 -0.9573 0.2334
vn -0.4983 0.5703 0.6530
vn -0.5664 0.5497 0.6140
vn -0.6912 0.5248 0.4968
vn -0.2654 0.5494 0.7923
vn -0.6869 0.4996 0.5277
vn -0.8591 0.1828 -0.4780
vn -0.9331 -0.3317 0.1386
vn -0.8961 -0.4288 0.1147
vn -0.7602 -0.4803 -0.4375
vn -0.8033 -0.5884 -0.0917
vn -0.6527 -0.3674 -0.6626
vn -0.8156 -0.4280 -0.3895
vn -0.7501 -0.5697 0.3359
vn -0.5767 0.2079 0.7900
vn -0.7671 -0.6195 -0.1666
vn 0.0545 -0.4963 0.8664
vn 0.0542 -0.4967 0.8662
vn 0.0540 -0.4974 0.8658
vn -0.0773 -0.7316 0.6774
vn -0.0711 -0.6948 0.7157
vn -0.0640 -0.6557 0.7523
vn 0.0360 -0.6004 -0.7989
vn 0.2071 -0.7255 0.6563
vn 0.4876 -0.1493 -0.8602
vn 0.4066 -0.2017 -0.8911
vn 0.6347 0.0021 -0.7728
vn 0.7269 0.1090 -0.6781
vn 0.8248 0.3052 -0.4759
vn -0.2669 -0.8256 0.4972
vn -0.2997 -0.8340 0.4633
vn -0.2668 -0.8257 0.4970
vn -0.2325 -0.8155 0.5301
vn 0.3619 0.8990 -0.2464
vn 0.1197 0.4554 -0.8822
vn -0.3066 0.1616 -0.9380
vn 0.0881 0.4248 -0.9010
vn 0.1360 0.4141 -0.9000
vn -0.0001 0.2913 -0.9566
vn 0.7619 0.5945 0.2570
vn 0.8063 0.5879 0.0653
vn 0.6347 0.6946 0.3386
vn 0.8208 0.5702 0.0326
vn 0.8229 0.5681 0.0071
vn 0.5472 0.7143 0.4362
vn 0.4385 0.8485 0.2962
vn 0.6993 0.1791 0.6920
vn 0.8279 0.3174 0.4624
vn 0.8638 0.4234 0.2730
vn 0.3988 0.2417 0.8846
vn 0.5467 0.2718 0.7920
vn 0.3990 0.2413 0.8846
vn 0.4526 -0.8870 0.0914
vn 0.4524 -0.8871 0.0916
vn 0.2272 -0.9698 0.0884
vn -0.1944 -0.9682 0.1575
vn -0.0693 -0.9939 0.0853
vn 0.5608 -0.0367 0.8271
vn 0.5611 -0.0367 0.8269
vn 0.5610 -0.0366 0.8270
vn -0.2130 0.8783 0.4281
vn -0.3918 0.8049 0.4457
vn -0.1861 0.8655 0.4651
vn -0.5317 0.7477 0.3978
vn -0.5857 0.6883 0.4280
vn -0.6196 0.6897 0.3747
vn -0.2589 0.8017 0.5388
vn -0.0008 0.9269 0.3752
vn -0.0634 -0.6775 -0.7328
vn -0.0630 -0.6781 -0.7323
vn -0.9110 -0.3217 0.2579
vn -0.9111 -0.3217 0.2578
vn -0.9111 -0.3215 0.2578
vn -0.2950 -0.9409 0.1665
vn 0.5364 0.1789 -0.8248
vn 0.3303 0.9047 0.2691
vn 0.4600 -0.0013 0.8879
vn 0.6949 -0.2165 0.6857
vn 0.6546 0.0881 0.7508
vn 0.7242 0.1317 0.6769
vn 0.6549 0.0878 0.7506
vn 0.5777 0.0433 0.8151
vn 0.3715 0.6517 0.6612
vn 0.3520 0.6112 0.7089
vn -0.6982 0.2774 0.6600
vn 0.2508 0.8107 -0.5290
vn 0.4456 0.7125 -0.5420
vn 0.3272 0.2910 0.8990
vn 0.6161 0.5686 0.5451
vn 0.0786 0.1381 0.9873
vn 0.0783 0.1386 0.9872
vn 0.0787 0.1383 0.9873
vn 0.2287 0.5764 -0.7845
vn 0.2286 0.5765 -0.7845
vn 0.1680 0.4394 -0.8825
vn 0.2820 0.6955 -0.6609
vn -0.0739 -0.1021 -0.9920
vn -0.0739 -0.1027 -0.9920
vn -0.0737 -0.1022 -0.9920
vn -0.4161 -0.8422 0.3427
vn -0.4162 -0.8422 0.3428
vn -0.4161 -0.8422 0.3428
vn -0.7610 0.2991 -0.5757
vn -0.7239 0.2303 -0.6503
vn -0.6966 0.1231 -0.7068
vn -0.6261 0.0866 -0.7749
vn 0.4424 0.4534 0.7738
vn 0.4799 0.3115 0.8202
vn 0.3450 0.3850 0.8560
vn 0.3035 0.4283 0.8511
vn 0.2189 0.5521 0.8045
vn 0.5578 0.3256 0.7634
vn 0.6153 0.0237 0.7880
vn 0.7684 -0.0135 0.6399
vn 0.7679 -0.0134 0.6404
vn 0.7682 -0.0139 0.6400
vn 0.6139 0.0842 -0.7849
vn -0.5517 0.7914 0.2631
vn -0.7558 0.5795 0.3048
vn -0.8932 0.3143 0.3216
vn 0.3673 0.2541 -0.8947
vn 0.2064 0.0490 -0.9772
vn 0.8054 -0.1716 0.5673
vn 0.8032 -0.0194 0.5953
vn 0.6401 -0.4967 0.5862
vn 0.6978 0.3331 0.6341
vn 0.7528 0.3845 0.5343
vn 0.8727 0.4034 0.2751
vn 0.7684 -0.1100 0.6305
vn 0.8131 0.2649 0.5183
vn 0.7736 -0.0588 0.6309
vn 0.5496 0.2075 0.8092
vn 0.1320 -0.0183 0.9911
vn 0.3509 0.2028 0.9142
vn 0.7032 0.2776 0.6546
vn 0.7519 0.3739 0.5430
vn 0.5765 0.4096 0.7070
vn 0.8584 -0.3142 0.4054
vn 0.8667 -0.3598 0.3455
vn 0.4364 0.0783 0.8963
vn 0.2085 -0.1337 0.9688
vn 0.6329 -0.4114 0.6559
vn 0.6799 0.4112 0.6071
vn 0.5825 0.1617 0.7966
vn 0.6906 0.1493 0.7076
vn 0.6035 0.0948 0.7917
vn 0.4816 0.3929 0.7834
vn 0.0691 0.7209 0.6896
vn 0.8100 0.0773 0.5813
vn 0.9298 0.0331 0.3666
vn -0.9761 0.0774 0.2029
vn -0.9699 0.0717 0.2327
vn 0.0735 -0.1083 0.9914
vn -0.1219 0.1109 0.9863
vn 0.1790 -0.0572 0.9822
vn -0.2791 0.2120 0.9366
vn -0.7761 0.2589 0.5750
vn 0.0315 -0.1417 0.9894
vn 0.0726 -0.1738 0.9821
vn 0.0547 -0.0121 0.9984
vn 0.0028 -0.5440 0.8391
vn 0.1592 -0.1916 0.9685
vn 0.0822 -0.1046 0.9911
vn -0.2081 0.2790 -0.9375
vn -0.3192 0.1795 -0.9305
vn -0.3578 -0.9308 0.0744
vn -0.3577 -0.9309 0.0745
vn -0.3577 -0.9309 0.0743
vn -0.8513 -0.2215 0.4757
vn -0.7131 0.0127 0.7010
vn 0.8898 0.3633 -0.2764
vn 0.9212 0.2399 -0.3063
vn 0.9553 0.2257 -0.1909
vn 0.8691 0.4682 -0.1594
vn 0.8450 0.3211 -0.4277
vn 0.9395 0.2212 -0.2617
vn 0.9372 0.2622 -0.2300
vn 0.9312 0.2566 -0.2588
vn 0.8465 0.5242 -0.0926
vn 0.6176 0.7497 0.2376
vn 0.1659 0.9129 -0.3728
vn 0.1665 0.9131 -0.3722
vn 0.7564 -0.1414 -0.6386
vn 0.9971 -0.0334 -0.0684
vn 0.9012 -0.2345 -0.3645
vn -0.6559 -0.7137 0.2459
vn -0.5434 -0.8364 0.0717
vn -0.3990 -0.7116 0.5784
vn -0.6851 -0.4467 0.5754
vn 0.0312 -0.4884 0.8721
vn -0.6073 -0.7269 0.3206
vn 0.4518 -0.6565 0.6041
vn 0.4945 -0.5111 0.7030
vn 0.4942 -0.5111 0.7032
vn 0.4945 -0.5111 0.7031
vn 0.4244 -0.8158 -0.3929
vn 0.1633 -0.9271 -0.3375
vn -0.0207 -0.9113 -0.4112
vn -0.3856 -0.9115 -0.1433
vn -0.3217 -0.9468 -0.0039
vn -0.5360 -0.6226 0.5702
vn 0.0781 -0.8145 -0.5749
vn -0.3487 0.1582 0.9238
vn -0.6010 -0.0587 0.7971
vn -0.4881 0.0964 0.8675
vn -0.8597 0.2589 0.4403
vn -0.7610 0.2591 0.5948
vn -0.7492 0.0402 0.6611
vn -0.8619 -0.1096 0.4950
vn -0.8712 0.3809 0.3097
vn -0.2684 0.2826 0.9209
vn -0.5224 -0.8501 0.0663
vn 0.9862 -0.1608 0.0393
vn 0.9862 -0.1608 0.0391
vn 0.9846 -0.1732 0.0246
vn 0.4125 0.0915 0.9063
vn 0.4122 0.0918 0.9064
vn -0.6035 -0.7918 0.0937
vn -0.6035 -0.7920 0.0926
vn -0.6034 -0.7921 0.0921
vn 0.1126 0.9093 0.4007
vn 0.3158 0.9159 0.2480
vn 0.7244 0.1546 0.6718
vn 0.3156 -0.6074 -0.7291
vn 0.9881 0.1347 0.0741
vn 0.3763 -0.8842 -0.2768
vn 0.3766 -0.8839 -0.2773
vn -0.7137 -0.2270 0.6626
vn 0.5406 0.6267 0.5613
vn 0.5771 0.3710 0.7275
vn 0.5398 0.6276 0.5610
vn 0.4540 0.8226 0.3424
vn 0.4239 0.7278 0.5390
vn 0.4218 0.7293 0.5387
vn 0.3810 0.4645 0.7994
vn 0.3546 0.4496 0.8198
vn 0.4535 0.3084 0.8362
vn 0.5468 0.4353 0.7152
vn 0.5731 -0.7833 0.2408
vn -0.8706 -0.4544 0.1884
vn -0.8706 -0.4545 0.1884
vn -0.8707 -0.4543 0.1883
vn -0.0478 0.9428 0.3298
vn 0.2512 0.7634 0.5951
vn -0.2244 0.9549 0.1943
vn -0.8234 -0.2769 0.4954
vn -0.8238 -0.2764 0.4949
vn 0.8729 0.4485 0.1920
vn 0.8764 0.4597 0.1436
vn 0.2003 0.7841 0.5874
vn 0.1983 0.7260 0.6585
vn 0.1659 0.7268 0.6666
vn -0.7788 -0.3322 -0.5321
vn -0.9226 -0.2042 -0.3271
vn -0.8715 -0.1769 -0.4574
vn -0.7530 0.4203 -0.5063
vn 0.3396 0.4721 0.8135
vn 0.8196 0.1756 0.5453
vn 0.8197 0.1774 0.5447
vn 0.6255 -0.0406 0.7792
vn 0.6254 -0.0405 0.7792
vn 0.6254 -0.0405 0.7793
vn 0.4991 0.6506 0.5724
vn 0.4991 0.6504 0.5726
vn 0.4988 0.6505 0.5727
vn 0.7884 0.5646 0.2444
vn 0.7578 0.6318 0.1631
vn 0.6661 -0.0089 -0.7458
vn 0.3755 0.0549 -0.9252
vn 0.5270 -0.0209 -0.8496
vn 0.5718 0.1487 -0.8068
vn 0.6959 0.0260 -0.7177
vn 0.6451 -0.0064 -0.7641
vn 0.5951 -0.0306 -0.8031
vn 0.6313 -0.0494 -0.7740
vn 0.5757 0.0623 -0.8153
vn 0.1635 -0.0659 -0.9843
vn 0.1872 -0.0051 -0.9823
vn 0.9079 0.0137 0.4190
vn 0.2403 0.9337 -0.2655
vn 0.2403 0.9336 -0.2658
vn -0.6094 0.7172 0.3379
vn 0.5906 0.4089 -0.6957
vn -0.0993 0.5473 0.8310
vn -0.0921 0.5440 0.8340
vn 0.5009 0.4597 0.7334
vn 0.5009 0.4591 0.7337
vn 0.5008 0.4592 0.7337
vn 0.5297 0.0337 0.8475
vn 0.7178 -0.1512 0.6796
vn 0.7173 -0.1513 0.6802
vn 0.8348 -0.3222 0.4464
vn -0.8082 -0.2775 0.5194
vn -0.8096 -0.2767 0.5177
vn -0.8095 -0.2769 0.5178
vn -0.8105 -0.2764 0.5164
vn 0.5337 0.2046 -0.8206
vn 0.5540 0.1029 -0.8261
vn 0.3153 0.9418 0.1171
vn -0.2803 0.1781 0.9433
vn -0.3412 0.3358 0.8780
vn -0.1379 0.3945 0.9085
vn -0.0376 -0.0035 0.9993
vn -0.3029 -0.3229 0.8967
vn -0.0408 0.1057 0.9936
vn -0.1946 -0.0737 0.9781
vn -0.1321 -0.0148 0.9911
vn -0.2721 -0.0063 0.9622
vn -0.0163 0.2141 0.9767
vn -0.3242 -0.3316 0.8860
vn -0.3905 -0.0849 0.9167
vn -0.1704 -0.0358 0.9847
vn -0.3417 -0.3988 0.8510
vn -0.8584 -0.0303 0.5122
vn -0.7020 -0.0548 0.7101
vn -0.2518 -0.1249 0.9597
vn -0.0770 0.1933 0.9781
vn -0.3275 0.1826 0.9270
vn 0.5392 0.1411 0.8302
vn 0.2969 0.3323 0.8952
vn -0.0328 -0.1410 0.9895
vn 0.2740 -0.4843 0.8309
vn 0.3200 -0.9471 -0.0249
vn -0.1344 0.0708 0.9884
vn -0.1542 0.0681 0.9857
vn -0.0903 0.1070 0.9902
vn 0.1094 -0.0263 0.9936
vn 0.0289 -0.0773 0.9966
vn -0.3093 0.1504 0.9390
vn 0.1318 0.2559 0.9577
vn 0.4342 0.1869 0.8812
vn 0.1415 0.0032 0.9899
vn -0.1860 0.9750 0.1219
vn -0.1857 0.9749 0.1229
vn 0.0010 0.9801 0.1985
vn -0.3653 0.9300 0.0410
vn 0.3922 -0.5142 -0.7628
vn 0.7020 0.7065 -0.0899
vn 0.4407 0.5920 0.6747
vn -0.5692 -0.3779 0.7302
vn -0.5083 -0.5398 0.6710
vn -0.6548 -0.5722 0.4937
vn -0.7470 -0.6022 0.2817
vn -0.5251 -0.6553 0.5430
vn -0.4602 -0.5946 0.6593
vn -0.8480 -0.4766 0.2317
vn 0.5035 -0.8631 0.0387
vn 0.1587 -0.9569 -0.2433
vn 0.2992 -0.5737 0.7624
vn 0.5509 -0.5663 0.6131
vn 0.6073 -0.5538 0.5697
vn 0.5496 -0.7678 0.3291
vn 0.6480 -0.6866 0.3297
vn 0.4915 -0.8215 0.2892
vn 0.7677 -0.6311 0.1108
vn 0.8233 -0.5651 -0.0529
vn 0.6468 -0.6543 0.3919
vn 0.6421 -0.6837 0.3468
vn 0.8174 -0.3138 -0.4832
vn -0.8151 -0.2534 0.5209
vn -0.6822 -0.0791 0.7269
vn -0.5446 0.0769 0.8352
vn -0.7528 -0.3559 0.5538
vn -0.6543 -0.2822 0.7016
vn -0.8145 -0.2699 0.5135
vn -0.8008 0.0365 0.5978
vn 0.9169 0.1150 -0.3822
vn 0.9010 0.2808 -0.3306
vn -0.7972 0.3142 0.5155
vn -0.9289 0.2893 0.2313
vn -0.9824 0.0364 0.1833
vn -0.4653 0.1972 0.8629
vn -0.6600 0.3069 0.6857
vn -0.5583 0.5314 0.6371
vn 0.1208 -0.7944 0.5953
vn 0.5069 0.8077 0.3010
vn 0.7503 -0.0080 0.6611
vn 0.7878 -0.0482 0.6140
vn 0.7910 0.0560 0.6093
vn 0.1794 -0.8008 0.5715
vn 0.0230 -0.4909 0.8709
vn 0.2757 -0.5426 0.7934
vn -0.0501 -0.7672 0.6395
vn -0.1517 -0.6998 0.6981
vn -0.1829 -0.7951 0.5783
vn 0.0838 -0.9106 0.4046
vn -0.2955 -0.7972 0.5264
vn -0.3057 -0.7647 0.5673
vn 0.0108 -0.9041 0.4272
vn 0.0047 -0.9779 0.2091
vn 0.2632 -0.9438 0.1998
vn 0.2500 -0.0562 0.9666
vn 0.0264 -0.1108 0.9935
vn 0.2032 -0.2606 0.9438
vn -0.1109 -0.3932 0.9128
vn 0.0680 -0.0499 0.9964
vn 0.1579 -0.2760 0.9481
vn 0.3202 0.0266 0.9470
vn 0.1353 0.0213 0.9906
vn 0.0032 -0.0562 0.9984
vn 0.0593 -0.1489 0.9871
vn -0.1612 -0.2462 0.9557
vn 0.1612 0.0032 0.9869
vn 0.3551 -0.1043 0.9290
vn 0.0309 -0.0307 0.9990
vn 0.0048 -0.0026 1.0000
vn 0.2172 -0.0417 0.9752
vn 0.1501 -0.5293 0.8350
vn -0.0876 -0.0341 0.9956
vn -0.0052 -0.1306 0.9914
vn 0.0694 0.0141 0.9975
vn -0.0472 -0.3936 0.9181
vn 0.0306 -0.0618 0.9976
vn 0.3097 0.1990 0.9298
vn 0.2923 -0.1194 0.9488
vn 0.9681 -0.2125 -0.1330
vn 0.5187 -0.4035 0.7538
vn -0.3427 -0.1998 0.9180
vn 0.2255 -0.6892 0.6886
vn 0.2396 -0.6432 0.7273
vn -0.3356 -0.2075 0.9189
vn 0.3040 -0.1435 -0.9418
vn -0.0683 -0.0026 0.9977
vn 0.3969 -0.1912 0.8977
vn 0.8969 0.4132 -0.1575
vn 0.1966 -0.6924 0.6942
vn 0.2692 -0.6807 0.6814
vn 0.2751 -0.5445 0.7924
vn 0.2721 -0.3902 0.8796
vn 0.1365 -0.3486 0.9273
vn 0.4819 0.8315 0.2764
vn 0.4820 0.8313 0.2769
vn -0.1061 -0.0313 -0.9939
vn -0.2640 0.0829 -0.9609
vn -0.1852 -0.2787 -0.9423
vn 0.3911 -0.2692 -0.8801
vn -0.1236 -0.1394 -0.9825
vn 0.3210 0.1181 -0.9397
vn 0.9643 0.0674 -0.2561
vn 0.1913 -0.1007 -0.9763
vn -0.0222 0.1392 -0.9900
vn -0.2920 0.1078 -0.9503
vn 0.5322 0.6002 0.5971
vn 0.5680 0.7071 0.4212
vn 0.4623 0.7571 0.4617
vn 0.4628 0.7495 0.4734
vn 0.4420 0.7236 0.5301
vn 0.4560 0.5609 0.6910
vn 0.1618 0.4936 0.8545
vn 0.2845 0.3761 0.8818
vn 0.4695 0.4783 0.7422
vn 0.7217 0.4776 0.5011
vn 0.5114 0.4757 0.7157
vn 0.2985 0.6214 0.7244
vn 0.5686 0.8148 0.1128
vn 0.6192 0.6900 0.3747
vn 0.5753 0.6779 0.4578
vn 0.5946 0.7703 0.2302
vn 0.4158 0.9070 -0.0675
vn 0.5329 0.6266 0.5686
vn 0.5465 0.5814 0.6028
vn 0.9913 -0.0164 0.1302
vn 0.8419 0.5190 0.1481
vn 0.7399 0.5801 0.3406
vn 0.9307 0.2684 0.2485
vn 0.8545 0.4946 0.1588
vn 0.7814 0.4531 0.4290
vn 0.8900 0.3660 0.2721
vn 0.9083 0.3391 0.2449
vn -0.0533 0.7788 0.6250
vn -0.1462 0.9816 -0.1225
vn -0.3494 0.7905 0.5031
vn 0.4373 -0.0755 0.8961
vn -0.2682 -0.2368 0.9338
vn -0.2386 -0.0896 0.9670
vn -0.5410 -0.5066 0.6713
vn 0.6256 -0.0213 0.7798
vn -0.6179 -0.4091 0.6715
vn 0.7950 -0.1927 0.5753
vn -0.4365 -0.3084 0.8452
vn -0.4792 -0.3599 0.8005
vn 0.4047 0.3347 0.8510
vn -0.4043 0.2706 -0.8737
vn 0.9719 -0.2345 0.0206
vn 0.9974 0.0261 -0.0665
vn -0.6034 0.4319 0.6703
vn 0.5970 -0.3922 0.6998
vn 0.3816 -0.6431 0.6639
vn 0.1778 -0.6954 0.6963
vn 0.1475 -0.6482 0.7471
vn 0.5380 -0.5586 0.6313
vn 0.4231 -0.5690 0.7052
vn 0.4496 -0.5726 0.6856
vn 0.3162 -0.9251 0.2101
vn 0.2668 -0.9212 0.2833
vn 0.4628 -0.5274 0.7125
vn 0.1999 -0.5680 0.7984
vn 0.3514 -0.6183 0.7030
vn 0.1927 -0.5685 0.7998
vn 0.4095 -0.7153 0.5662
vn 0.5648 -0.4525 0.6901
vn 0.6363 -0.0803 0.7673
vn 0.5032 -0.4179 0.7564
vn 0.2299 -0.6965 0.6797
vn 0.3870 -0.6984 0.6021
vn 0.5098 -0.6124 0.6042
vn 0.2061 -0.6532 0.7286
vn 0.2152 0.9260 0.3103
vn 0.2046 0.9578 0.2018
vn -0.1295 0.9904 -0.0475
vn -0.2213 0.9732 0.0623
vn 0.2701 0.9535 0.1336
vn 0.4229 -0.0035 0.9061
vn 0.4646 -0.0064 0.8855
vn 0.6227 0.3354 0.7069
vn 0.3423 -0.2751 0.8984
vn 0.1614 0.9730 0.1651
vn -0.5571 -0.3273 -0.7632
vn -0.5842 -0.2688 -0.7658
vn -0.5443 -0.3790 -0.7484
vn -0.5814 0.0372 -0.8127
vn -0.1397 -0.2817 -0.9493
vn 0.1392 -0.5430 -0.8281
vn -0.4119 -0.2569 -0.8743
vn -0.1114 -0.1014 -0.9886
vn -0.2019 -0.0237 -0.9791
vn -0.4620 -0.3523 -0.8139
vn -0.5220 -0.4149 -0.7452
vn -0.3964 -0.6625 -0.6356
vn 0.8728 -0.3381 -0.3519
vn -0.1536 -0.3451 -0.9259
vn -0.3628 -0.2796 -0.8889
vn -0.7288 0.0455 -0.6832
vn -0.7869 0.2211 -0.5760
vn -0.6725 0.2311 -0.7031
vn 0.7859 0.6076 0.1148
vn 0.8458 0.5330 0.0216
vn -0.3730 -0.7415 0.5577
vn -0.3747 -0.6600 0.6511
vn -0.2269 -0.8800 0.4173
vn -0.4310 -0.6551 0.6205
vn 0.1174 0.5226 -0.8445
vn -0.0813 -0.9874 0.1356
vn 0.8012 0.4362 -0.4097
vn 0.0998 -0.9812 -0.1654
vn -0.0247 -0.6499 0.7596
vn -0.0244 -0.6502 0.7594
vn -0.7725 -0.4204 -0.4760
vn -0.6785 -0.3027 -0.6693
vn -0.8794 -0.2551 -0.4020
vn -0.4405 -0.2350 0.8665
vn -0.3522 -0.3640 0.8623
vn -0.5335 -0.1820 0.8260
vn -0.6913 -0.0225 0.7223
vn -0.4715 -0.3252 0.8197
vn -0.5262 -0.3367 0.7809
vn 0.3379 -0.6814 0.6492
vn 0.3321 -0.6864 0.6470
vn -0.1488 -0.7415 0.6543
vn 0.0783 -0.7921 0.6054
vn -0.4392 -0.7219 0.5347
vn -0.2485 -0.9151 0.3175
vn -0.5589 -0.4065 0.7228
vn -0.7354 -0.3137 0.6006
vn -0.7074 -0.3523 0.6127
vn -0.7477 -0.3424 0.5690
vn -0.2756 -0.9451 0.1756
vn -0.5476 -0.6204 0.5614
vn -0.3411 -0.7639 0.5478
vn -0.4930 -0.8626 0.1136
vn -0.1023 -0.7341 0.6713
vn -0.2123 -0.7052 0.6765
vn -0.4262 -0.5303 0.7329
vn -0.7696 -0.3780 0.5146
vn -0.2775 -0.7022 0.6557
vn -0.7057 -0.6611 0.2549
vn -0.1406 -0.6979 0.7022
vn -0.2559 -0.8652 0.4311
vn -0.2526 -0.6530 0.7140
vn -0.7383 0.0187 0.6742
vn -0.5473 -0.2163 0.8085
vn -0.6957 0.0957 0.7119
vn -0.4878 -0.1331 0.8628
vn -0.6041 0.0492 0.7954
vn -0.3186 -0.3606 0.8766
vn -0.8445 -0.4948 -0.2047
vn -0.8899 -0.4560 0.0101
vn 0.9775 -0.1400 -0.1580
vn 0.8321 0.4869 -0.2654
vn 0.6503 0.7172 -0.2505
vn 0.7558 0.6340 -0.1640
vn 0.7043 0.7046 -0.0870
vn 0.7905 0.0300 -0.6118
vn 0.9790 0.1706 -0.1115
vn -0.2421 -0.2367 -0.9409
vn -0.0694 -0.1127 -0.9912
vn -0.3744 -0.2846 -0.8825
vn -0.1336 -0.1512 -0.9794
vn -0.4160 -0.2937 -0.8606
vn -0.5190 -0.3650 -0.7730
vn -0.6078 -0.4143 -0.6774
vn -0.5365 -0.3578 -0.7643
vn -0.6521 -0.4382 -0.6187
vn -0.3534 -0.1752 -0.9189
vn -0.2150 -0.1544 -0.9643
vn -0.6314 -0.3962 -0.6666
vn -0.6501 -0.3404 -0.6794
vn -0.8304 -0.2093 -0.5163
vn -0.7119 -0.4435 -0.5446
vn -0.7978 0.1407 0.5862
vn -0.6194 0.1559 0.7694
vn 0.2208 -0.6421 0.7341
vn 0.2314 -0.4429 0.8662
vn 0.2589 -0.5423 0.7993
vn 0.3635 -0.3820 0.8497
vn 0.4600 -0.2479 0.8526
vn 0.6898 -0.5266 -0.4969
vn 0.6894 -0.5271 -0.4969
vn 0.6894 -0.5270 -0.4969
vn 0.7010 0.3421 -0.6258
vn 0.7527 0.4228 -0.5047
vn 0.8178 -0.0080 -0.5755
vn 0.8847 0.2777 -0.3745
vn 0.7235 0.4105 -0.5550
vn 0.8211 0.2969 -0.4875
vn 0.6985 0.6640 -0.2669
vn 0.8012 0.5896 -0.1023
vn 0.6621 0.5278 -0.5320
vn 0.7139 0.4131 -0.5654
vn 0.3742 0.2611 -0.8898
vn 0.6556 0.6244 -0.4247
vn 0.5445 0.2718 -0.7935
vn 0.8076 0.3758 -0.4546
vn 0.8653 0.4161 -0.2796
vn 0.8048 0.4459 -0.3918
vn 0.7611 0.4898 -0.4252
vn 0.8213 -0.5072 0.2611
vn 0.5956 0.3295 -0.7326
vn 0.6009 0.6871 -0.4084
vn 0.7247 0.5196 -0.4526
vn 0.7883 0.5369 -0.3005
vn 0.6369 0.4524 -0.6243
vn 0.4931 0.4365 -0.7525
vn 0.8227 0.5435 -0.1668
vn 0.7015 0.5991 -0.3860
vn 0.7003 0.3939 -0.5953
vn 0.7524 0.4536 -0.4777
vn 0.4335 0.0560 0.8994
vn 0.4909 0.0955 0.8660
vn 0.3811 -0.1257 0.9159
vn 0.1332 -0.2526 0.9584
vn 0.3685 0.0031 0.9296
vn -0.0180 -0.3714 0.9283
vn 0.7096 -0.2269 0.6670
vn 0.5252 -0.0814 0.8471
vn 0.7625 0.3595 -0.5379
vn 0.7287 0.3751 -0.5730
vn 0.6793 0.6485 -0.3435
vn 0.8249 0.3895 -0.4096
vn 0.7669 0.6066 -0.2096
vn 0.6720 0.5893 -0.4485
vn 0.7539 -0.3680 -0.5443
vn 0.3495 0.1659 -0.9222
vn 0.2575 0.2989 -0.9189
vn 0.3123 0.4008 -0.8613
vn 0.6335 0.5984 -0.4905
vn 0.5217 0.6405 -0.5635
vn 0.3234 0.6698 -0.6684
vn 0.7070 0.6438 -0.2927
vn 0.7552 -0.4949 -0.4298
vn 0.4420 0.4288 -0.7879
vn 0.5437 0.4392 -0.7152
vn 0.6754 0.2985 0.6744
vn 0.5838 0.2512 0.7721
vn 0.5158 0.2410 0.8221
vn 0.5563 0.3456 0.7557
vn 0.6937 0.1719 0.6994
vn 0.0397 0.9276 -0.3714
vn 0.0205 -0.7391 0.6733
vn 0.0400 -0.7695 0.6374
vn 0.0074 -0.5962 0.8028
vn -0.5298 -0.6164 0.5826
vn -0.1430 -0.4543 0.8793
vn -0.8414 -0.3927 0.3714
vn -0.2458 -0.8793 0.4079
vn -0.3903 -0.1779 0.9034
vn -0.1138 -0.4776 0.8712
vn -0.1810 -0.6973 0.6936
vn -0.2160 -0.6561 0.7231
vn 0.0887 -0.7161 0.6923
vn -0.3992 -0.6027 0.6909
vn -0.1595 -0.8518 -0.4990
vn -0.0750 0.7594 -0.6463
vn -0.1029 0.7122 -0.6944
vn 0.1648 0.4502 -0.8776
vn -0.2646 0.8813 -0.3915
vn -0.2139 -0.7359 -0.6424
vn -0.2329 -0.4730 -0.8497
vn -0.3018 -0.7342 -0.6081
vn -0.1520 -0.6279 -0.7633
vn -0.5344 -0.4508 -0.7150
vn -0.3983 -0.6610 -0.6360
vn 0.7413 -0.5735 0.3486
vn 0.7237 -0.5776 0.3776
vn 0.1261 0.0023 0.9920
vn -0.0388 -0.0949 0.9947
vn 0.0302 0.0028 0.9995
vn 0.0975 0.0391 0.9945
vn 0.1690 -0.3403 0.9250
vn 0.3030 -0.1728 0.9372
vn -0.1368 -0.0558 0.9890
vn -0.1386 -0.1266 0.9822
vn -0.0283 -0.3005 0.9534
vn -0.2003 -0.2997 0.9328
vn -0.0696 -0.0687 0.9952
vn 0.0845 -0.0811 0.9931
vn -0.3801 -0.3236 0.8665
vn -0.3204 -0.1666 0.9325
vn -0.4528 -0.5257 0.7201
vn -0.6536 -0.3849 0.6516
vn 0.9150 0.2430 0.3220
vn 0.9149 0.2441 0.3217
vn 0.8900 0.2209 0.3988
vn 0.5897 0.5153 0.6218
vn 0.6830 0.6315 0.3671
vn 0.7016 0.5581 0.4430
vn 0.5014 0.5594 0.6601
vn 0.7708 0.2959 0.5642
vn 0.3964 0.4785 0.7835
vn 0.6612 0.4886 0.5693
vn 0.4963 0.6207 0.6070
vn 0.4218 0.1230 0.8983
vn 0.5477 0.3740 0.7484
vn 0.4890 0.2652 0.8310
vn 0.5730 0.5910 0.5678
vn 0.7344 0.5531 0.3933
vn 0.4832 0.2335 0.8438
vn 0.8973 0.2718 0.3477
vn 0.7655 0.3511 0.5392
vn 0.6143 0.2552 0.7466
vn 0.6679 0.3790 0.6406
vn 0.1500 0.4576 0.8764
vn 0.6818 0.3282 0.6538
vn 0.8160 0.4347 0.3810
vn 0.3386 0.1218 0.9330
vn 0.4755 -0.0553 0.8780
vn 0.4629 0.1616 0.8715
vn 0.5973 0.1741 0.7829
vn 0.5692 0.1846 0.8012
vn 0.2137 0.0863 0.9731
vn 0.6272 0.3833 -0.6780
vn 0.5768 0.2915 -0.7631
vn 0.3034 0.2921 -0.9070
vn 0.3359 0.2790 -0.8996
vn 0.3237 0.3499 -0.8791
vn 0.8192 0.3331 -0.4669
vn 0.7774 0.2431 -0.5801
vn 0.4082 0.3774 -0.8312
vn 0.8685 0.1532 0.4715
vn 0.3645 0.1253 0.9227
vn 0.3207 0.2994 0.8986
vn 0.4905 -0.3674 0.7902
vn 0.3932 -0.2346 0.8890
vn 0.3644 -0.3321 0.8700
vn 0.1907 -0.1210 0.9742
vn 0.0757 -0.1812 0.9805
vn 0.1052 0.1965 0.9748
vn 0.0389 0.1420 0.9891
vn 0.0323 0.1306 0.9909
vn 0.1785 0.0271 0.9836
vn 0.0096 0.0173 0.9998
vn 0.4210 0.1533 0.8940
vn 0.1607 0.2140 0.9635
vn 0.1478 0.2816 0.9481
vn 0.2219 0.0462 0.9740
vn 0.7564 -0.0447 0.6526
vn 0.0079 -0.1078 0.9941
vn 0.1433 -0.4299 0.8914
vn 0.2091 -0.2692 0.9401
vn 0.0384 -0.1686 0.9849
vn 0.3519 0.2694 0.8964
vn 0.2606 0.2154 0.9411
vn -0.0062 0.1163 0.9932
vn -0.7149 -0.6863 0.1334
vn 0.5574 -0.0752 0.8268
vn 0.4101 0.0382 0.9112
vn 0.3852 -0.0537 0.9213
vn 0.1899 0.2573 0.9475
vn 0.4676 0.3532 0.8103
vn 0.1616 -0.0499 0.9856
vn 0.1251 0.2897 0.9489
vn 0.0534 0.1337 0.9896
vn 0.3469 0.3534 0.8688
vn 0.2822 0.3969 0.8734
vn 0.6755 0.0593 0.7349
vn 0.6420 0.0923 0.7611
vn 0.8776 0.2217 0.4251
vn -0.1802 0.2032 0.9624
vn -0.0810 0.1565 0.9844
vn 0.2832 0.3118 0.9070
vn 0.4549 0.2865 0.8432
vn 0.2700 -0.0663 0.9606
vn -0.0795 0.2146 0.9735
vn 0.1435 0.2339 0.9616
vn 0.0962 0.4918 0.8654
vn -0.4110 0.4089 0.8148
vn -0.0030 0.5542 0.8324
vn -0.0519 0.5265 0.8486
vn 0.2041 0.4648 0.8616
vn -0.1702 0.5735 0.8013
vn 0.2244 0.4132 0.8826
vn -0.1029 0.1389 0.9849
vn 0.2043 0.4564 0.8660
vn -0.3438 0.4980 0.7961
vn 0.2018 0.3994 0.8943
vn 0.8920 0.2836 0.3519
vn 0.8666 0.2958 0.4018
vn 0.8665 0.3456 0.3601
vn 0.7141 0.2894 0.6374
vn 0.7558 0.2455 0.6070
vn 0.8197 0.4851 0.3045
vn 0.8699 0.4618 0.1730
vn -0.1084 0.9898 -0.0927
vn -0.2214 0.9705 -0.0953
vn 0.1149 0.9213 -0.3714
vn 0.1519 0.9626 -0.2245
vn 0.1293 0.9907 -0.0424
vn -0.2392 0.9602 -0.1441
vn 0.0054 0.9951 -0.0991
vn 0.1442 0.9893 -0.0231
vn -0.0009 0.9977 -0.0678
vn -0.1351 0.9900 -0.0399
vn 0.0177 0.8156 -0.5783
vn -0.0000 0.9922 -0.1243
vn 0.2675 0.4681 -0.8422
vn 0.0431 0.9639 -0.2628
vn 0.0285 0.8445 -0.5348
vn -0.1727 0.9347 -0.3108
vn 0.1917 0.9660 -0.1735
vn 0.0105 0.8306 -0.5568
vn 0.0335 0.9411 -0.3363
vn 0.2908 0.7641 0.5758
vn 0.5505 0.6088 0.5713
vn 0.2250 0.9477 0.2263
vn 0.0455 0.9005 0.4325
vn 0.2075 0.9485 0.2393
vn -0.1318 0.9069 0.4001
vn 0.3499 0.7972 0.4920
vn 0.0103 0.8453 0.5342
vn -0.7600 -0.4469 0.4720
vn -0.7497 -0.3459 0.5642
vn -0.8728 -0.4179 0.2521
vn -0.8046 -0.5338 -0.2602
vn -0.8357 -0.4762 -0.2736
vn -0.8074 -0.5745 0.1346
vn -0.5978 -0.7407 0.3065
vn -0.7516 -0.5741 0.3248
vn -0.8849 -0.4636 -0.0441
vn -0.8527 -0.5098 0.1140
vn -0.8975 -0.4345 0.0752
vn -0.7759 -0.4898 0.3977
vn -0.8125 -0.4438 0.3779
vn -0.6498 -0.4538 0.6098
vn -0.9188 -0.2627 0.2946
vn -0.5697 -0.4037 0.7158
vn -0.7079 -0.5050 0.4938
vn -0.5877 -0.4000 0.7033
vn -0.7302 -0.4054 0.5499
vn -0.4894 -0.4400 0.7529
vn -0.9092 -0.2601 0.3251
vn -0.7420 -0.6667 0.0710
vn -0.4960 -0.5195 0.6958
vn -0.7844 -0.4029 0.4716
vn -0.8913 -0.3102 0.3308
vn -0.8810 -0.3826 0.2784
vn -0.8010 -0.4183 0.4283
vn -0.9137 -0.3366 0.2278
vn -0.8035 -0.3939 0.4464
vn -0.8587 -0.2979 0.4170
vn -0.8573 -0.5052 0.0994
vn -0.8313 -0.3901 0.3960
vn -0.7196 -0.6186 0.3156
vn -0.8277 -0.4002 0.3934
vn -0.8620 -0.4284 0.2710
vn -0.7426 -0.6010 0.2953
vn -0.8265 -0.4670 0.3143
vn -0.4979 -0.5130 0.6993
vn -0.8796 -0.3627 0.3079
vn -0.9732 -0.1742 0.1499
vn -0.8182 -0.4330 0.3781
vn -0.4628 -0.2989 0.8346
vn -0.6105 -0.0966 0.7861
vn -0.7777 -0.0722 0.6245
vn 0.2480 0.2636 0.9322
vn -0.3834 -0.1342 0.9138
vn -0.1637 0.0028 0.9865
vn -0.2338 -0.0688 0.9699
vn -0.4489 -0.2479 0.8585
vn -0.5915 -0.2860 0.7539
vn -0.4408 -0.1672 0.8819
vn 0.0967 -0.1901 0.9770
vn -0.0381 -0.1398 0.9894
vn 0.0975 0.0569 0.9936
vn 0.1338 0.0556 0.9894
vn 0.0637 0.1040 0.9925
vn -0.3885 -0.3510 0.8520
vn -0.3514 -0.4112 0.8411
vn -0.4024 -0.4031 0.8220
vn -0.4362 -0.2523 0.8638
vn -0.5184 -0.3230 0.7918
vn -0.4098 -0.2806 0.8680
vn -0.5739 -0.2857 0.7675
vn -0.6022 -0.3431 0.7209
vn 0.0018 -0.5935 0.8048
vn -0.1929 -0.6392 0.7444
vn -0.3702 -0.2018 0.9068
vn -0.2496 -0.0809 0.9650
vn -0.4196 -0.2117 0.8827
vn -0.3062 -0.1417 0.9414
vn -0.2421 -0.3837 0.8911
vn -0.1709 0.4137 0.8942
vn -0.3737 0.8587 0.3507
vn 0.2270 0.4964 0.8379
vn -0.1863 -0.0395 0.9817
vn -0.1593 0.4900 0.8571
vn 0.4362 0.0510 0.8984
vn -0.3497 -0.2287 0.9085
vn -0.5962 -0.2688 0.7565
vn -0.4695 -0.1935 0.8614
vn -0.0432 0.0042 0.9991
vn -0.3541 -0.2530 0.9003
vn -0.4683 -0.2868 0.8357
vn -0.4399 -0.3044 0.8449
vn -0.4057 -0.1546 0.9008
vn 0.4285 -0.1004 0.8979
vn 0.3768 -0.4066 0.8323
vn -0.6191 0.3957 0.6783
vn -0.5253 0.3466 0.7771
vn -0.4185 -0.2274 0.8793
vn -0.3606 -0.6499 0.6690
vn -0.3519 -0.0996 0.9307
vn 0.1059 -0.1088 0.9884
vn 0.4200 -0.0510 0.9061
vn 0.1953 -0.4676 0.8621
vn -0.0472 -0.0858 0.9952
vn -0.5700 -0.2770 0.7736
vn -0.4853 0.1630 0.8590
vn -0.5459 0.0749 0.8345
vn 0.1561 -0.1443 0.9772
vn 0.3925 -0.1408 0.9089
vn -0.6117 -0.3321 0.7180
vn 0.1178 0.0510 0.9917
vn -0.2623 -0.0592 0.9632
vn -0.5470 -0.3225 0.7725
vn -0.5674 -0.2472 0.7855
vn -0.5663 -0.0533 0.8225
vn -0.4902 0.0836 0.8676
vn -0.4792 0.6315 0.6096
vn -0.3472 -0.3885 0.8535
vn -0.5029 -0.0508 0.8628
vn -0.6761 -0.2621 0.6887
vn -0.5901 -0.2438 0.7696
vn -0.6351 0.0441 0.7711
vn 0.1934 -0.5944 0.7806
vn -0.3306 0.2336 0.9144
vn -0.2979 -0.3019 0.9056
vn -0.5835 -0.2791 0.7626
vn -0.6202 -0.3131 0.7193
vn 0.0210 -0.0484 0.9986
vn 0.0721 -0.0153 0.9973
vn -0.5174 -0.5123 0.6855
vn -0.3812 -0.3462 0.8572
vn 0.0193 -0.3086 0.9510
vn 0.6719 0.1371 0.7279
vn -0.4345 0.1315 0.8910
vn 0.1053 -0.2037 0.9734
vn -0.0094 -0.1829 0.9831
vn -0.3413 -0.4514 0.8245
vn 0.0435 -0.2042 0.9780
vn -0.1601 -0.2186 0.9626
vn 0.1977 -0.0732 0.9775
vn -0.5529 -0.2794 0.7850
vn -0.7248 -0.2226 0.6520
vn -0.6476 -0.0919 0.7564
vn -0.1801 -0.1439 0.9731
vn -0.3055 -0.2853 0.9085
vn 0.0401 -0.0502 0.9979
vn -0.2694 -0.1974 0.9426
vn -0.4106 -0.3681 0.8342
vn -0.3586 -0.3090 0.8808
vn 0.0290 -0.2511 0.9675
vn 0.3365 0.2205 0.9155
vn -0.5306 0.2765 0.8012
vn -0.4396 -0.3651 0.8206
vn -0.6171 -0.3310 0.7139
vn -0.3347 -0.2804 0.8996
vn -0.4518 -0.8895 0.0680
vn -0.5452 -0.8168 0.1889
vn -0.7444 -0.4779 0.4664
vn -0.6311 -0.6811 0.3713
vn -0.5601 -0.6118 0.5585
vn -0.6030 -0.6105 0.5135
vn -0.6986 -0.4943 0.5173
vn -0.6159 -0.5382 0.5754
vn -0.6325 -0.3949 0.6663
vn -0.4710 -0.5659 0.6767
vn -0.5685 -0.5162 0.6406
vn 0.4784 -0.5280 0.7017
vn -0.4546 -0.7793 0.4314
vn -0.6687 -0.6681 0.3264
vn -0.6778 -0.6693 0.3043
vn 0.0336 -0.9994 -0.0130
vn -0.7659 -0.4366 0.4719
vn -0.2655 -0.3320 0.9052
vn -0.3995 -0.4412 0.8036
vn -0.4559 -0.6219 0.6367
vn 0.2301 -0.7601 0.6077
vn -0.6326 -0.3761 0.6771
vn 0.2539 -0.9645 -0.0727
vn 0.2351 -0.8413 0.4868
vn -0.0974 -0.8252 0.5563
vn 0.0927 -0.9760 0.1972
vn -0.7019 -0.5963 0.3895
vn -0.2958 -0.1569 0.9423
vn -0.3434 -0.3566 0.8688
vn -0.4587 -0.7283 0.5091
vn -0.4414 -0.7371 0.5117
vn -0.0323 -0.9987 -0.0390
vn -0.7185 -0.6568 0.2289
vn -0.7043 -0.6875 0.1769
vn -0.6482 -0.6881 0.3260
vn -0.6241 -0.6218 0.4732
vn -0.6614 -0.6472 0.3792
vn -0.6879 -0.7036 0.1780
vn 0.4127 -0.9027 -0.1214
vn 0.5216 -0.3795 0.7642
vn 0.4429 -0.4751 0.7604
vn -0.5924 -0.5800 0.5592
vn 0.1433 -0.9628 0.2293
vn -0.7510 -0.4678 0.4661
vn -0.3153 -0.4828 0.8170
vn -0.5692 -0.4644 0.6785
vn -0.4395 -0.6040 0.6648
vn -0.2545 -0.3235 0.9114
vn -0.4876 -0.6770 0.5512
vn -0.4752 -0.6706 0.5697
vn -0.4513 -0.7181 0.5298
vn -0.3985 -0.4954 0.7719
vn 0.3619 -0.7807 0.5094
vn -0.5393 -0.6668 0.5143
vn -0.6840 -0.6092 0.4012
vn -0.5759 -0.4048 0.7102
vn -0.3218 -0.6958 0.6421
vn -0.3715 -0.3122 0.8744
vn -0.2450 -0.3031 0.9209
vn -0.5116 -0.6152 0.5998
vn 0.1375 -0.9534 0.2687
vn -0.5389 -0.7312 0.4183
vn -0.1478 -0.9055 0.3978
vn -0.7210 -0.5243 0.4530
vn -0.6185 -0.6253 0.4758
vn -0.7165 -0.6752 0.1754
vn -0.7061 -0.6725 0.2218
vn -0.4743 -0.6574 0.5856
vn -0.3754 -0.9258 -0.0440
vn -0.5640 -0.6498 0.5096
vn -0.0300 -0.6267 0.7787
vn -0.6904 -0.4600 0.5584
vt 0.771007 0.193463
vt 0.782248 0.198011
vt 0.765869 0.214583
vt 0.790828 0.203259
vt 0.784450 0.212405
vt 0.777753 0.182443
vt 0.798584 0.218362
vt 0.794153 0.177419
vt 0.723070 0.903821
vt 0.721906 0.894143
vt 0.736328 0.911166
vt 0.713876 0.882402
vt 0.705078 0.897281
vt 0.731947 0.884830
vt 0.729325 0.863027
vt 0.473284 0.959703
vt 0.477541 0.953350
vt 0.492432 0.957169
vt 0.465101 0.976427
vt 0.485700 0.972990
vt 0.445068 0.961341
vt 0.455570 0.955988
vt 0.448118 0.775896
vt 0.446368 0.782134
vt 0.439941 0.772705
vt 0.469482 0.773089
vt 0.285889 0.900222
vt 0.296796 0.877402
vt 0.303222 0.904715
vt 0.311460 0.895383
vt 0.313965 0.881368
vt 0.296601 0.863027
vt 0.845947 0.923821
vt 0.856557 0.941768
vt 0.849714 0.946650
vt 0.871338 0.936215
vt 0.879124 0.336228
vt 0.893066 0.343921
vt 0.872070 0.342220
vt 0.476074 0.200206
vt 0.482910 0.199752
vt 0.479646 0.215136
vt 0.518424 0.221588
vt 0.508758 0.237529
vt 0.500244 0.235841
vt 0.504914 0.306759
vt 0.518387 0.313695
vt 0.516047 0.324950
vt 0.504266 0.261326
vt 0.505478 0.347395
vt 0.502817 0.335028
vt 0.517707 0.285976
vt 0.507728 0.296140
vt 0.503441 0.270599
vt 0.527039 0.317743
vt 0.523766 0.289313
vt 0.521477 0.260713
vt 0.541820 0.285152
vt 0.512680 0.301652
vt 0.522118 0.302230
vt 0.532307 0.300697
vt 0.537097 0.314602
vt 0.537625 0.323184
vt 0.528110 0.333165
vt 0.500575 0.322699
vt 0.511015 0.259793
vt 0.548703 0.295889
vt 0.530120 0.239344
vt 0.564209 0.283866
vt 0.558974 0.294560
vt 0.541488 0.233375
vt 0.520258 0.252750
vt 0.523413 0.411580
vt 0.518405 0.421903
vt 0.506348 0.420892
vt 0.527381 0.420639
vt 0.569336 0.408632
vt 0.558953 0.415032
vt 0.560836 0.401806
vt 0.535596 0.422272
vt 0.537288 0.396774
vt 0.526220 0.401859
vt 0.510907 0.433932
vt 0.551566 0.427078
vt 0.547964 0.458313
vt 0.137623 0.819682
vt 0.139529 0.835229
vt 0.131856 0.836745
vt 0.065405 0.818112
vt 0.064633 0.811978
vt 0.081690 0.801286
vt 0.126373 0.846348
vt 0.118688 0.845958
vt 0.120727 0.835726
vt 0.103723 0.806442
vt 0.114671 0.789674
vt 0.118551 0.803678
vt 0.007850 0.798747
vt 0.012934 0.788252
vt 0.031505 0.800385
vt 0.146510 0.843186
vt 0.130734 0.854740
vt 0.134088 0.846519
vt 0.124952 0.852744
vt 0.017242 0.811566
vt 0.123379 0.860050
vt 0.091140 0.797755
vt 0.092639 0.805369
vt 0.050640 0.834775
vt 0.030028 0.814780
vt 0.080555 0.795937
vt 0.062467 0.802160
vt 0.141387 0.808805
vt 0.150967 0.823016
vt 0.108794 0.809620
vt 0.116315 0.855465
vt 0.152100 0.810292
vt 0.135043 0.797536
vt 0.022771 0.831369
vt 0.001465 0.822621
vt 0.129927 0.825313
vt 0.121201 0.825773
vt 0.119216 0.816010
vt 0.115117 0.814935
vt 0.125462 0.836068
vt 0.105646 0.789155
vt 0.148485 0.800056
vt 0.120601 0.810641
vt 0.133184 0.787719
vt 0.017093 0.787579
vt 0.108715 0.786352
vt 0.085234 0.810991
vt 0.613331 0.766198
vt 0.623922 0.756954
vt 0.631557 0.779156
vt 0.583400 0.712676
vt 0.576827 0.721243
vt 0.562268 0.709998
vt 0.651846 0.728219
vt 0.672538 0.733921
vt 0.657786 0.736472
vt 0.659274 0.720369
vt 0.635529 0.719366
vt 0.671954 0.753489
vt 0.670545 0.766556
vt 0.661616 0.755302
vt 0.571575 0.693749
vt 0.587749 0.701563
vt 0.610758 0.709293
vt 0.590830 0.689921
vt 0.611465 0.697275
vt 0.662451 0.705744
vt 0.647598 0.708998
vt 0.649619 0.700164
vt 0.647227 0.737277
vt 0.624143 0.694310
vt 0.634063 0.693756
vt 0.576473 0.741963
vt 0.601594 0.744369
vt 0.604016 0.715007
vt 0.631052 0.743103
vt 0.635850 0.705767
vt 0.677529 0.739971
vt 0.680420 0.755716
vt 0.557724 0.729422
vt 0.633620 0.728088
vt 0.599046 0.689049
vt 0.617603 0.715640
vt 0.623269 0.731010
vt 0.651745 0.762083
vt 0.637556 0.759982
vt 0.566181 0.685112
vt 0.550972 0.695728
vt 0.551596 0.690373
vt 0.595640 0.747597
vt 0.523682 0.725817
vt 0.674688 0.715007
vt 0.759086 0.132206
vt 0.755059 0.147963
vt 0.749682 0.129649
vt 0.776624 0.137822
vt 0.784927 0.131937
vt 0.783267 0.148570
vt 0.785791 0.130791
vt 0.799871 0.129347
vt 0.793950 0.111340
vt 0.804537 0.110245
vt 0.793449 0.145434
vt 0.803418 0.145381
vt 0.777477 0.113983
vt 0.768186 0.117168
vt 0.767428 0.100160
vt 0.784886 0.114643
vt 0.789993 0.156469
vt 0.779381 0.082677
vt 0.790253 0.033821
vt 0.797606 0.064055
vt 0.776854 0.038337
vt 0.764174 0.030030
vt 0.785335 0.022927
vt 0.768640 0.129642
vt 0.752151 0.052356
vt 0.762988 0.051212
vt 0.755020 0.104906
vt 0.792153 0.155054
vt 0.789414 0.090203
vt 0.761848 0.160605
vt 0.772812 0.150030
vt 0.785039 0.131667
vt 0.805176 0.122434
vt 0.804273 0.147796
vt 0.753097 0.115152
vt 0.747614 0.112840
vt 0.744629 0.142646
vt 0.771958 0.020582
vt 0.805050 0.011315
vt 0.795499 0.166065
vt 0.802465 0.147314
vt 0.781157 0.001489
vt 0.785637 0.174442
vt 0.756485 0.156045
vt 0.768369 0.172499
vt 0.970703 0.794292
vt 0.986453 0.787097
vt 0.987793 0.800496
vt 0.710262 0.347146
vt 0.711946 0.350372
vt 0.697510 0.347848
vt 0.729248 0.347891
vt 0.971127 0.341936
vt 0.954102 0.328394
vt 0.975131 0.325062
vt 0.998047 0.331064
vt 0.986148 0.341566
vt 0.993652 0.079763
vt 0.995605 0.068983
vt 0.995463 0.093300
vt 0.967773 0.113648
vt 0.947754 0.112849
vt 0.952347 0.110670
vt 0.997803 0.198511
vt 0.997160 0.221340
vt 0.996338 0.200293
vt 0.668410 0.896300
vt 0.679688 0.895996
vt 0.672722 0.909429
vt 0.679033 0.884474
vt 0.666504 0.879899
vt 0.674611 0.863027
vt 0.988770 0.273737
vt 0.979492 0.261296
vt 0.984942 0.245658
vt 0.980681 0.276675
vt 0.976382 0.483375
vt 0.964695 0.472208
vt 0.998535 0.482316
vt 0.957596 0.476502
vt 0.956299 0.481745
vt 0.997559 0.137221
vt 0.997682 0.115881
vt 0.998291 0.129502
vt 0.490857 0.948387
vt 0.481689 0.930314
vt 0.496338 0.939554
vt 0.494349 0.915633
vt 0.536174 0.464482
vt 0.543752 0.466998
vt 0.534448 0.466062
vt 0.545383 0.463555
vt 0.555176 0.462124
vt 0.509207 0.463295
vt 0.515893 0.466541
vt 0.498535 0.461538
vt 0.629299 0.460611
vt 0.624014 0.468519
vt 0.614746 0.460546
vt 0.663756 0.468983
vt 0.645448 0.468783
vt 0.642939 0.465486
vt 0.674561 0.461493
vt 0.647567 0.461916
vt 0.940073 0.092439
vt 0.931390 0.100993
vt 0.932047 0.076672
vt 0.940587 0.042102
vt 0.935537 0.016024
vt 0.941544 0.001489
vt 0.936813 0.064382
vt 0.948941 0.040073
vt 0.935173 0.031124
vt 0.928711 0.058819
vt 0.931972 0.037789
vt 0.953613 0.093424
vt 0.937190 0.074754
vt 0.943110 0.096206
vt 0.945560 0.005082
vt 0.950649 0.065270
vt 0.733096 0.466802
vt 0.727896 0.464066
vt 0.739878 0.463145
vt 0.762415 0.461515
vt 0.783479 0.462402
vt 0.770887 0.465266
vt 0.754909 0.463846
vt 0.767011 0.468946
vt 0.749264 0.466115
vt 0.739476 0.460629
vt 0.720497 0.467327
vt 0.695501 0.468983
vt 0.706339 0.465364
vt 0.786377 0.465356
vt 0.696655 0.460854
vt 0.716120 0.462160
vt 0.728559 0.461531
vt 0.689276 0.463302
vt 0.680060 0.460546
vt 0.677490 0.467180
vt 0.613672 0.899827
vt 0.629582 0.904338
vt 0.613127 0.908685
vt 0.564639 0.884889
vt 0.593318 0.891406
vt 0.567195 0.895403
vt 0.539132 0.876223
vt 0.550570 0.876333
vt 0.541284 0.883611
vt 0.646789 0.882486
vt 0.636692 0.870999
vt 0.642195 0.873966
vt 0.632329 0.883867
vt 0.613516 0.883233
vt 0.563635 0.902801
vt 0.523682 0.895803
vt 0.552031 0.865057
vt 0.548831 0.863707
vt 0.586724 0.868900
vt 0.605483 0.864893
vt 0.591069 0.872248
vt 0.658838 0.894750
vt 0.663574 0.885927
vt 0.575558 0.872370
vt 0.604203 0.906862
vt 0.614998 0.866804
vt 0.640679 0.887223
vt 0.617570 0.877809
vt 0.628059 0.891075
vt 0.591692 0.898321
vt 0.582707 0.901975
vt 0.611708 0.876676
vt 0.590646 0.863027
vt 0.636867 0.899698
vt 0.595647 0.883506
vt 0.560530 0.890121
vt 0.525979 0.868281
vt 0.612516 0.897203
vt 0.648767 0.050872
vt 0.648659 0.060514
vt 0.641528 0.058385
vt 0.644553 0.067049
vt 0.634596 0.120233
vt 0.638487 0.106982
vt 0.640227 0.121943
vt 0.644487 0.089944
vt 0.648970 0.093035
vt 0.643768 0.099938
vt 0.635911 0.019013
vt 0.636527 0.028547
vt 0.632315 0.022498
vt 0.641250 0.069694
vt 0.636276 0.075559
vt 0.634310 0.061454
vt 0.635270 0.013237
vt 0.640009 0.017203
vt 0.632009 0.016628
vt 0.643416 0.035355
vt 0.648004 0.040966
vt 0.639350 0.037238
vt 0.631775 0.027918
vt 0.647635 0.030516
vt 0.649683 0.114591
vt 0.642424 0.123683
vt 0.642456 0.110428
vt 0.634843 0.135253
vt 0.639934 0.134681
vt 0.638448 0.148123
vt 0.641642 0.163367
vt 0.640142 0.175365
vt 0.635239 0.160946
vt 0.645516 0.141379
vt 0.641571 0.146267
vt 0.631638 0.187345
vt 0.645414 0.160493
vt 0.634795 0.052981
vt 0.649474 0.155573
vt 0.644062 0.176772
vt 0.639057 0.030234
vt 0.632580 0.149112
vt 0.636213 0.097401
vt 0.647662 0.117040
vt 0.642787 0.010908
vt 0.628942 0.183486
vt 0.635473 0.185316
vt 0.649349 0.171289
vt 0.649537 0.140829
vt 0.646985 0.012090
vt 0.644726 0.001489
vt 0.635561 0.041687
vt 0.628906 0.046448
vt 0.650391 0.008400
vt 0.932040 0.976515
vt 0.918863 0.966336
vt 0.939955 0.969997
vt 0.967044 0.977406
vt 0.977355 0.972001
vt 0.984942 0.975334
vt 0.965765 0.971172
vt 0.957653 0.970384
vt 0.968588 0.966614
vt 0.966771 0.977522
vt 0.995831 0.970030
vt 0.989008 0.966745
vt 0.991848 0.967075
vt 0.881886 0.959910
vt 0.900139 0.971470
vt 0.882961 0.969195
vt 0.868843 0.960304
vt 0.871452 0.957574
vt 0.987861 0.973374
vt 0.899086 0.963089
vt 0.914364 0.973525
vt 0.844259 0.963190
vt 0.848284 0.957432
vt 0.949251 0.961975
vt 0.963319 0.961657
vt 0.992469 0.974375
vt 0.832084 0.961953
vt 0.828935 0.954867
vt 0.994076 0.959850
vt 0.990763 0.957018
vt 0.998535 0.958854
vt 0.980211 0.979156
vt 0.985883 0.956285
vt 0.988430 0.960655
vt 0.979614 0.957074
vt 0.937132 0.962095
vt 0.977706 0.966736
vt 0.977834 0.961932
vt 0.922532 0.976107
vt 0.959198 0.959834
vt 0.998200 0.963646
vt 0.866507 0.967048
vt 0.973087 0.961923
vt 0.805664 0.959124
vt 0.812789 0.953350
vt 0.954800 0.977120
vt 0.966966 0.977861
vt 0.997723 0.967940
vt 0.980497 0.967311
vt 0.921630 0.965817
vt 0.948082 0.971134
vt 0.924565 0.961789
vt 0.854743 0.955055
vt 0.916056 0.963038
vt 0.391345 0.138774
vt 0.396866 0.141144
vt 0.377256 0.140413
vt 0.402364 0.029823
vt 0.402848 0.046812
vt 0.399086 0.052342
vt 0.408447 0.045681
vt 0.403402 0.062027
vt 0.374482 0.137299
vt 0.367309 0.141299
vt 0.373346 0.119324
vt 0.404843 0.194586
vt 0.398943 0.215740
vt 0.395369 0.206905
vt 0.374922 0.040400
vt 0.380861 0.031827
vt 0.378659 0.051217
vt 0.392100 0.216441
vt 0.386411 0.210659
vt 0.406557 0.204160
vt 0.399513 0.029521
vt 0.391344 0.049741
vt 0.389059 0.082979
vt 0.406869 0.026027
vt 0.408183 0.039237
vt 0.401732 0.180184
vt 0.397775 0.181938
vt 0.397822 0.160144
vt 0.383938 0.111292
vt 0.380242 0.125897
vt 0.372970 0.060946
vt 0.406763 0.062494
vt 0.388866 0.022426
vt 0.394295 0.014303
vt 0.395451 0.019151
vt 0.404916 0.183680
vt 0.383690 0.128691
vt 0.378317 0.021136
vt 0.374765 0.023714
vt 0.369824 0.143614
vt 0.365149 0.167097
vt 0.387343 0.199716
vt 0.380620 0.212079
vt 0.386496 0.216586
vt 0.383910 0.205820
vt 0.383817 0.184725
vt 0.393849 0.118769
vt 0.396682 0.126304
vt 0.381218 0.218610
vt 0.375297 0.218210
vt 0.394533 0.096742
vt 0.395861 0.075304
vt 0.400329 0.075823
vt 0.404107 0.078360
vt 0.400246 0.055554
vt 0.386753 0.008577
vt 0.371398 0.098023
vt 0.373319 0.086357
vt 0.376333 0.067744
vt 0.370714 0.083335
vt 0.391567 0.163168
vt 0.381296 0.166302
vt 0.398811 0.001489
vt 0.376978 0.012371
vt 0.392635 0.182411
vt 0.372421 0.014725
vt 0.361328 0.019016
vt 0.381239 0.016366
vt 0.368631 0.117743
vt 0.383136 0.019596
vt 0.078408 0.423566
vt 0.084026 0.428075
vt 0.085483 0.440080
vt 0.071158 0.063563
vt 0.064079 0.064541
vt 0.067711 0.049709
vt 0.042473 0.073849
vt 0.036780 0.074795
vt 0.045047 0.068488
vt 0.069623 0.370772
vt 0.062059 0.354906
vt 0.058130 0.321163
vt 0.050617 0.066214
vt 0.058737 0.066164
vt 0.051234 0.072791
vt 0.106834 0.150571
vt 0.101216 0.125516
vt 0.109852 0.125590
vt 0.045103 0.546997
vt 0.048554 0.550631
vt 0.042705 0.558156
vt 0.054461 0.612487
vt 0.058193 0.603630
vt 0.067963 0.612145
vt 0.062448 0.238844
vt 0.064225 0.261376
vt 0.055906 0.244611
vt 0.017982 0.395092
vt 0.022591 0.409667
vt 0.018530 0.411392
vt 0.053578 0.627087
vt 0.061440 0.621285
vt 0.060382 0.624981
vt 0.061860 0.071206
vt 0.078127 0.097702
vt 0.071928 0.110182
vt 0.033643 0.608663
vt 0.037979 0.589449
vt 0.045595 0.591110
vt 0.049102 0.146531
vt 0.034520 0.159270
vt 0.038858 0.137006
vt 0.065910 0.038038
vt 0.062602 0.040215
vt 0.060580 0.033807
vt 0.060152 0.031250
vt 0.056851 0.030962
vt 0.024157 0.480603
vt 0.022241 0.486226
vt 0.019421 0.485440
vt 0.123937 0.029333
vt 0.124119 0.037514
vt 0.115178 0.031483
vt 0.044046 0.242230
vt 0.039436 0.232140
vt 0.047176 0.230255
vt 0.053242 0.584211
vt 0.051299 0.592888
vt 0.065508 0.150915
vt 0.056578 0.187029
vt 0.057220 0.138405
vt 0.160196 0.429187
vt 0.086693 0.445958
vt 0.022399 0.550505
vt 0.024053 0.530826
vt 0.036836 0.527782
vt 0.064734 0.025755
vt 0.069249 0.021122
vt 0.065041 0.026306
vt 0.053070 0.472001
vt 0.047544 0.498923
vt 0.046529 0.468608
vt 0.056244 0.026594
vt 0.050632 0.030959
vt 0.043061 0.045594
vt 0.038106 0.052480
vt 0.034692 0.049777
vt 0.026079 0.639995
vt 0.030551 0.617833
vt 0.031509 0.639134
vt 0.057907 0.616610
vt 0.067126 0.616630
vt 0.065390 0.026618
vt 0.060211 0.027961
vt 0.040304 0.462657
vt 0.041003 0.438527
vt 0.048550 0.439480
vt 0.085370 0.045926
vt 0.080801 0.048505
vt 0.078893 0.045570
vt 0.087736 0.040055
vt 0.081338 0.041142
vt 0.082517 0.038276
vt 0.023355 0.660462
vt 0.015920 0.659193
vt 0.059667 0.377779
vt 0.046711 0.085776
vt 0.044849 0.131905
vt 0.044437 0.111871
vt 0.094001 0.254202
vt 0.085412 0.269789
vt 0.076241 0.231089
vt 0.079324 0.032852
vt 0.082709 0.024145
vt 0.032331 0.085863
vt 0.031356 0.093643
vt 0.029650 0.090014
vt 0.044226 0.628854
vt 0.039906 0.618261
vt 0.050883 0.630754
vt 0.049324 0.188744
vt 0.037095 0.181426
vt 0.045616 0.183956
vt 0.134563 0.034272
vt 0.087236 0.547731
vt 0.083976 0.536570
vt 0.100162 0.541318
vt 0.014994 0.088871
vt 0.019557 0.096386
vt 0.016290 0.107667
vt 0.087114 0.350047
vt 0.082954 0.326970
vt 0.066228 0.031437
vt 0.070021 0.028828
vt 0.165207 0.404081
vt 0.179062 0.406929
vt 0.181396 0.417512
vt 0.053825 0.497053
vt 0.016814 0.057610
vt 0.024383 0.058482
vt 0.022691 0.064368
vt 0.078361 0.040994
vt 0.073371 0.038447
vt 0.068259 0.396585
vt 0.050945 0.635813
vt 0.057803 0.632405
vt 0.074226 0.324935
vt 0.066388 0.312674
vt 0.069540 0.287309
vt 0.043311 0.509414
vt 0.049526 0.501490
vt 0.044427 0.521056
vt 0.053488 0.415120
vt 0.060370 0.437885
vt 0.174241 0.402468
vt 0.166719 0.402881
vt 0.171856 0.402035
vt 0.104361 0.220716
vt 0.089830 0.179520
vt 0.099472 0.167151
vt 0.085935 0.512911
vt 0.085657 0.482619
vt 0.095808 0.497240
vt 0.049208 0.621326
vt 0.025315 0.076188
vt 0.030621 0.063124
vt 0.029432 0.071296
vt 0.060002 0.307442
vt 0.024549 0.426180
vt 0.018532 0.458232
vt 0.014437 0.430188
vt 0.039416 0.557210
vt 0.019722 0.573447
vt 0.040416 0.546469
vt 0.070620 0.053779
vt 0.072711 0.049966
vt 0.079579 0.053592
vt 0.090965 0.359800
vt 0.135964 0.363376
vt 0.088078 0.368738
vt 0.020190 0.467824
vt 0.012140 0.471085
vt 0.052829 0.085141
vt 0.061020 0.126124
vt 0.036522 0.077823
vt 0.042690 0.087970
vt 0.068616 0.465048
vt 0.075435 0.483350
vt 0.074090 0.267852
vt 0.060631 0.057646
vt 0.041554 0.193978
vt 0.159857 0.434589
vt 0.084704 0.414836
vt 0.138652 0.384977
vt 0.143966 0.387342
vt 0.046826 0.041663
vt 0.047738 0.046519
vt 0.090323 0.047309
vt 0.096856 0.062070
vt 0.088966 0.058300
vt 0.060744 0.630314
vt 0.050072 0.462457
vt 0.038516 0.470117
vt 0.083400 0.564832
vt 0.070753 0.560726
vt 0.039260 0.564534
vt 0.041145 0.574508
vt 0.124292 0.191206
vt 0.136261 0.214178
vt 0.108972 0.215580
vt 0.078000 0.128157
vt 0.078843 0.147851
vt 0.026083 0.062794
vt 0.049483 0.159560
vt 0.110179 0.536337
vt 0.105260 0.514792
vt 0.124254 0.524355
vt 0.062566 0.222457
vt 0.055840 0.528696
vt 0.046908 0.528485
vt 0.052089 0.527755
vt 0.060988 0.022901
vt 0.110700 0.326573
vt 0.126636 0.325258
vt 0.118064 0.327707
vt 0.090392 0.129721
vt 0.098310 0.227587
vt 0.084155 0.477308
vt 0.072991 0.078039
vt 0.032855 0.650283
vt 0.029379 0.682134
vt 0.073015 0.359690
vt 0.072562 0.399933
vt 0.056430 0.037144
vt 0.049525 0.035704
vt 0.096935 0.308352
vt 0.106006 0.259421
vt 0.103415 0.308485
vt 0.034328 0.474550
vt 0.045021 0.032978
vt 0.076436 0.034351
vt 0.075406 0.025208
vt 0.044470 0.497399
vt 0.036811 0.212890
vt 0.037843 0.063768
vt 0.043642 0.065980
vt 0.049680 0.610202
vt 0.082490 0.093171
vt 0.084741 0.079896
vt 0.096904 0.108346
vt 0.038770 0.604468
vt 0.033223 0.033533
vt 0.039557 0.030973
vt 0.023417 0.081816
vt 0.045657 0.605960
vt 0.030896 0.466785
vt 0.026284 0.469974
vt 0.059636 0.279292
vt 0.073738 0.043400
vt 0.099468 0.506263
vt 0.056487 0.232722
vt 0.034345 0.395789
vt 0.071130 0.598249
vt 0.099847 0.036967
vt 0.089387 0.030127
vt 0.100109 0.350998
vt 0.017961 0.601101
vt 0.017104 0.630389
vt 0.040784 0.536214
vt 0.047654 0.054421
vt 0.087048 0.454794
vt 0.159357 0.442352
vt 0.113812 0.168028
vt 0.118048 0.477372
vt 0.024444 0.461778
vt 0.130651 0.232705
vt 0.115959 0.229701
vt 0.065555 0.490029
vt 0.058049 0.468229
vt 0.089727 0.211865
vt 0.063305 0.540279
vt 0.056697 0.549401
vt 0.061167 0.637248
vt 0.026352 0.515590
vt 0.079826 0.593199
vt 0.064950 0.592096
vt 0.024689 0.096605
vt 0.031328 0.116669
vt 0.021091 0.115391
vt 0.128621 0.243207
vt 0.112780 0.274694
vt 0.087136 0.464401
vt 0.079756 0.390573
vt 0.080382 0.388707
vt 0.136580 0.378451
vt 0.026647 0.493091
vt 0.010874 0.108491
vt 0.004246 0.103934
vt 0.158696 0.469670
vt 0.157359 0.466525
vt 0.045304 0.405231
vt 0.049095 0.388492
vt 0.158946 0.464486
vt 0.080071 0.020633
vt 0.084841 0.001489
vt 0.089286 0.012780
vt 0.051002 0.046602
vt 0.035674 0.410580
vt 0.032375 0.421384
vt 0.119678 0.297389
vt 0.031772 0.075322
vt 0.053561 0.564661
vt 0.045706 0.563082
vt 0.101573 0.076250
vt 0.109457 0.101049
vt 0.052639 0.511883
vt 0.122724 0.177230
vt 0.085906 0.376015
vt 0.083158 0.390155
vt 0.078168 0.402666
vt 0.043551 0.037628
vt 0.032408 0.046058
vt 0.052160 0.025907
vt 0.047708 0.028125
vt 0.068937 0.041562
vt 0.064221 0.042589
vt 0.057399 0.060107
vt 0.051548 0.080439
vt 0.040777 0.081841
vt 0.055623 0.076667
vt 0.097193 0.156704
vt 0.144173 0.241053
vt 0.080762 0.382270
vt 0.073252 0.607647
vt 0.085129 0.603359
vt 0.051828 0.542314
vt 0.094983 0.030897
vt 0.100394 0.027450
vt 0.097822 0.607531
vt 0.099000 0.585765
vt 0.093569 0.021465
vt 0.078033 0.508758
vt 0.138216 0.404995
vt 0.146518 0.393050
vt 0.101242 0.529623
vt 0.045306 0.580624
vt 0.036502 0.178664
vt 0.070067 0.219289
vt 0.122329 0.318253
vt 0.079461 0.400022
vt 0.050928 0.552257
vt 0.020027 0.420602
vt 0.025969 0.413268
vt 0.079149 0.179475
vt 0.079985 0.202689
vt 0.067828 0.044541
vt 0.112266 0.346148
vt 0.019282 0.588149
vt 0.059938 0.049094
vt 0.060051 0.042663
vt 0.061749 0.047673
vt 0.047780 0.025751
vt 0.034436 0.490644
vt 0.143801 0.254279
vt 0.155331 0.283472
vt 0.132194 0.287411
vt 0.139762 0.522237
vt 0.164280 0.403364
vt 0.158361 0.405188
vt 0.028828 0.146145
vt 0.026115 0.126972
vt 0.041707 0.042068
vt 0.047504 0.373745
vt 0.048547 0.355655
vt 0.090014 0.359523
vt 0.075131 0.005103
vt 0.042753 0.635969
vt 0.044213 0.641502
vt 0.074047 0.617097
vt 0.051251 0.041217
vt 0.136805 0.350710
vt 0.134555 0.344875
vt 0.019803 0.077731
vt 0.012502 0.476412
vt 0.065907 0.183489
vt 0.034011 0.624180
vt 0.168489 0.425945
vt 0.036691 0.026747
vt 0.100218 0.335738
vt 0.048008 0.600639
vt 0.132628 0.384630
vt 0.023604 0.071874
vt 0.069512 0.039632
vt 0.159299 0.438589
vt 0.095518 0.014523
vt 0.148684 0.310975
vt 0.009509 0.115983
vt 0.112201 0.023880
vt 0.160406 0.458211
vt 0.020767 0.073520
vt 0.014578 0.072464
vt 0.082113 0.618762
vt 0.037649 0.197424
vt 0.007549 0.108625
vt 0.041544 0.484197
vt 0.097820 0.047013
vt 0.102834 0.558846
vt 0.026060 0.499253
vt 0.061142 0.105424
vt 0.023403 0.120367
vt 0.007486 0.084145
vt 0.009973 0.076110
vt 0.043585 0.395284
vt 0.001465 0.112036
vt 0.105954 0.031947
vt 0.024434 0.677728
vt 0.152471 0.045936
vt 0.208072 0.620191
vt 0.215714 0.610367
vt 0.219485 0.617840
vt 0.911569 0.594392
vt 0.913139 0.589175
vt 0.915321 0.597833
vt 0.868321 0.622871
vt 0.873487 0.635827
vt 0.843721 0.629928
vt 0.426175 0.638096
vt 0.435280 0.646634
vt 0.421237 0.643606
vt 0.609331 0.555423
vt 0.598533 0.541095
vt 0.618087 0.544813
vt 0.239217 0.615143
vt 0.254620 0.620576
vt 0.893490 0.563625
vt 0.899980 0.565008
vt 0.889956 0.570889
vt 0.211779 0.638622
vt 0.184326 0.625480
vt 0.200641 0.623589
vt 0.340221 0.541020
vt 0.370274 0.532326
vt 0.392998 0.546514
vt 0.885230 0.562952
vt 0.849372 0.564224
vt 0.850656 0.552756
vt 0.786062 0.607766
vt 0.765292 0.622198
vt 0.777424 0.599850
vt 0.320683 0.561175
vt 0.318956 0.549998
vt 0.329965 0.559047
vt 0.301160 0.653729
vt 0.308248 0.648660
vt 0.313544 0.650032
vt 0.640685 0.655937
vt 0.614279 0.659072
vt 0.648414 0.648782
vt 0.305275 0.587078
vt 0.315649 0.595341
vt 0.302113 0.595882
vt 0.274318 0.587374
vt 0.265651 0.589560
vt 0.273492 0.585391
vt 0.788410 0.617899
vt 0.798013 0.613609
vt 0.796491 0.621936
vt 0.761616 0.641506
vt 0.730973 0.648410
vt 0.712097 0.638085
vt 0.487856 0.618856
vt 0.478617 0.617269
vt 0.482752 0.607224
vt 0.380513 0.576106
vt 0.404475 0.570230
vt 0.387970 0.578724
vt 0.906001 0.606893
vt 0.888365 0.610424
vt 0.886177 0.595590
vt 0.335929 0.612578
vt 0.345223 0.603474
vt 0.348933 0.614233
vt 0.833439 0.619205
vt 0.828846 0.628369
vt 0.815620 0.626866
vt 0.652232 0.677554
vt 0.637087 0.677916
vt 0.635689 0.667737
vt 0.796834 0.608170
vt 0.795713 0.601130
vt 0.252008 0.560423
vt 0.265095 0.562166
vt 0.251475 0.573997
vt 0.806551 0.568494
vt 0.798257 0.573313
vt 0.801563 0.565476
vt 0.218840 0.626469
vt 0.232305 0.629748
vt 0.218701 0.633422
vt 0.893941 0.623170
vt 0.899095 0.620889
vt 0.894613 0.630435
vt 0.635158 0.657794
vt 0.641535 0.667196
vt 0.396830 0.553087
vt 0.393928 0.565416
vt 0.540379 0.579958
vt 0.536916 0.572005
vt 0.557700 0.568892
vt 0.278231 0.623828
vt 0.287861 0.630347
vt 0.263460 0.630408
vt 0.669987 0.570754
vt 0.664874 0.556221
vt 0.734282 0.562975
vt 0.425258 0.515149
vt 0.428355 0.502119
vt 0.456504 0.507727
vt 0.251680 0.607559
vt 0.234201 0.601613
vt 0.243584 0.587752
vt 0.634150 0.640188
vt 0.601830 0.651212
vt 0.798951 0.627355
vt 0.792819 0.624280
vt 0.466369 0.578436
vt 0.470098 0.598243
vt 0.448311 0.599862
vt 0.293773 0.613863
vt 0.290784 0.597023
vt 0.236469 0.539553
vt 0.245813 0.550107
vt 0.236989 0.548206
vt 0.409415 0.641518
vt 0.396450 0.651052
vt 0.394989 0.645383
vt 0.890399 0.555771
vt 0.657941 0.652815
vt 0.666373 0.649103
vt 0.669590 0.656903
vt 0.227229 0.639504
vt 0.809928 0.634617
vt 0.415592 0.651831
vt 0.429282 0.591815
vt 0.413844 0.588898
vt 0.439916 0.575427
vt 0.301441 0.617408
vt 0.322123 0.627492
vt 0.289686 0.619863
vt 0.755225 0.655476
vt 0.760064 0.665079
vt 0.684714 0.665106
vt 0.750491 0.586967
vt 0.765858 0.584473
vt 0.822554 0.553582
vt 0.810716 0.547750
vt 0.822697 0.549463
vt 0.654916 0.666782
vt 0.410982 0.534843
vt 0.398931 0.528316
vt 0.396982 0.514107
vt 0.221019 0.568390
vt 0.223338 0.573579
vt 0.218140 0.576350
vt 0.778747 0.624975
vt 0.450594 0.621814
vt 0.426408 0.621669
vt 0.449520 0.612129
vt 0.223123 0.560337
vt 0.239561 0.561799
vt 0.235080 0.568740
vt 0.601040 0.575314
vt 0.594696 0.569439
vt 0.493045 0.586077
vt 0.501814 0.583433
vt 0.488344 0.595941
vt 0.416645 0.550177
vt 0.416246 0.561316
vt 0.413231 0.556069
vt 0.393997 0.588061
vt 0.399408 0.589562
vt 0.383795 0.591261
vt 0.822308 0.619933
vt 0.828701 0.595442
vt 0.846200 0.608786
vt 0.261322 0.613658
vt 0.238628 0.579853
vt 0.242804 0.577813
vt 0.247459 0.582948
vt 0.925870 0.597776
vt 0.918558 0.594754
vt 0.925534 0.587183
vt 0.251464 0.524821
vt 0.262727 0.533112
vt 0.253951 0.534803
vt 0.286658 0.532973
vt 0.262668 0.544692
vt 0.270214 0.609545
vt 0.272511 0.615754
vt 0.589084 0.533409
vt 0.606438 0.534633
vt 0.410785 0.632371
vt 0.802800 0.612061
vt 0.806337 0.609719
vt 0.805029 0.614911
vt 0.669978 0.546230
vt 0.673805 0.536573
vt 0.676814 0.545330
vt 0.409855 0.646018
vt 0.490244 0.524656
vt 0.490406 0.500767
vt 0.527102 0.507943
vt 0.271123 0.598029
vt 0.258815 0.598582
vt 0.361647 0.638897
vt 0.356236 0.632466
vt 0.375135 0.636642
vt 0.640805 0.536912
vt 0.652382 0.517268
vt 0.661547 0.530945
vt 0.800298 0.622958
vt 0.489648 0.493150
vt 0.516553 0.488783
vt 0.883364 0.600337
vt 0.289215 0.585087
vt 0.406609 0.544766
vt 0.401692 0.548507
vt 0.674059 0.593611
vt 0.672570 0.598598
vt 0.651529 0.594689
vt 0.813545 0.621462
vt 0.826962 0.565171
vt 0.431476 0.544441
vt 0.431389 0.559813
vt 0.467410 0.493795
vt 0.469511 0.483337
vt 0.485251 0.482826
vt 0.395421 0.631022
vt 0.401968 0.618246
vt 0.416378 0.624747
vt 0.507993 0.563649
vt 0.536242 0.558764
vt 0.523027 0.573035
vt 0.576117 0.522343
vt 0.595739 0.518774
vt 0.811402 0.606522
vt 0.317468 0.573066
vt 0.299077 0.576829
vt 0.293236 0.564416
vt 0.364440 0.524479
vt 0.401242 0.588971
vt 0.395941 0.580684
vt 0.330779 0.568979
vt 0.878722 0.575621
vt 0.276893 0.653501
vt 0.259925 0.645548
vt 0.284649 0.649019
vt 0.592000 0.575124
vt 0.572565 0.571658
vt 0.590411 0.554787
vt 0.462412 0.545035
vt 0.450457 0.550279
vt 0.466214 0.539447
vt 0.224721 0.634482
vt 0.262937 0.642423
vt 0.247588 0.622890
vt 0.328632 0.626209
vt 0.349053 0.630434
vt 0.335167 0.629890
vt 0.519765 0.593035
vt 0.584832 0.587460
vt 0.290868 0.663302
vt 0.280206 0.656937
vt 0.301254 0.658631
vt 0.659901 0.598278
vt 0.659035 0.606080
vt 0.575465 0.618465
vt 0.500592 0.624379
vt 0.512011 0.614035
vt 0.738878 0.548623
vt 0.708212 0.552424
vt 0.711120 0.550391
vt 0.406648 0.577807
vt 0.918246 0.564256
vt 0.919765 0.577154
vt 0.914863 0.575862
vt 0.208914 0.556040
vt 0.202372 0.547276
vt 0.338185 0.622731
vt 0.550533 0.558952
vt 0.951701 0.578951
vt 0.929311 0.577409
vt 0.953369 0.578087
vt 0.489940 0.625050
vt 0.484399 0.629928
vt 0.656410 0.614688
vt 0.547393 0.493017
vt 0.557384 0.489725
vt 0.566515 0.496305
vt 0.328462 0.633453
vt 0.662075 0.538730
vt 0.629909 0.551083
vt 0.503538 0.579257
vt 0.518053 0.529638
vt 0.595388 0.588973
vt 0.586245 0.596899
vt 0.489959 0.609324
vt 0.499424 0.604491
vt 0.436516 0.570481
vt 0.415280 0.566834
vt 0.925142 0.622454
vt 0.910792 0.622736
vt 0.918783 0.616668
vt 0.532614 0.490802
vt 0.548495 0.487120
vt 0.267540 0.567657
vt 0.828639 0.649542
vt 0.842253 0.638826
vt 0.334288 0.542318
vt 0.325354 0.525988
vt 0.702609 0.583579
vt 0.714603 0.576395
vt 0.724838 0.594175
vt 0.799030 0.619041
vt 0.360410 0.604963
vt 0.912377 0.581205
vt 0.909822 0.578654
vt 0.406506 0.564832
vt 0.664743 0.639968
vt 0.696853 0.633809
vt 0.927980 0.613401
vt 0.935689 0.616593
vt 0.569591 0.528518
vt 0.565965 0.513277
vt 0.618700 0.523655
vt 0.431265 0.537769
vt 0.447048 0.530006
vt 0.286210 0.598008
vt 0.804876 0.628323
vt 0.797508 0.632149
vt 0.227002 0.608714
vt 0.228758 0.600701
vt 0.918645 0.591115
vt 0.410695 0.608113
vt 0.412874 0.602313
vt 0.438291 0.596340
vt 0.915006 0.591591
vt 0.914959 0.591973
vt 0.218839 0.591013
vt 0.224167 0.585744
vt 0.220950 0.590177
vt 0.661495 0.587011
vt 0.628731 0.573904
vt 0.907234 0.610058
vt 0.904136 0.616377
vt 0.891163 0.615535
vt 0.808725 0.571636
vt 0.810250 0.564997
vt 0.372415 0.556361
vt 0.479187 0.587391
vt 0.909574 0.563996
vt 0.907880 0.551482
vt 0.803722 0.623595
vt 0.242146 0.555512
vt 0.232289 0.551577
vt 0.517895 0.480486
vt 0.503449 0.488739
vt 0.311269 0.643902
vt 0.330046 0.641857
vt 0.333864 0.647634
vt 0.451890 0.538379
vt 0.263890 0.639646
vt 0.262109 0.633062
vt 0.675891 0.659343
vt 0.915899 0.592813
vt 0.823819 0.645239
vt 0.800384 0.647988
vt 0.520500 0.603785
vt 0.389288 0.640438
vt 0.380933 0.641095
vt 0.211014 0.570778
vt 0.204649 0.567957
vt 0.207941 0.563088
vt 0.458516 0.569987
vt 0.461555 0.560057
vt 0.470179 0.565347
vt 0.838064 0.585410
vt 0.232075 0.593518
vt 0.608046 0.600183
vt 0.620090 0.581191
vt 0.656907 0.660195
vt 0.380470 0.602369
vt 0.395728 0.614986
vt 0.379035 0.613551
vt 0.204198 0.594014
vt 0.218418 0.598903
vt 0.217408 0.605625
vt 0.641097 0.606848
vt 0.244045 0.566635
vt 0.892107 0.618677
vt 0.595040 0.635528
vt 0.853835 0.589738
vt 0.859702 0.600988
vt 0.539866 0.640723
vt 0.562770 0.633793
vt 0.561462 0.638023
vt 0.574211 0.536690
vt 0.288115 0.615237
vt 0.817311 0.616783
vt 0.346995 0.638323
vt 0.335065 0.637838
vt 0.909113 0.638333
vt 0.900743 0.629334
vt 0.908308 0.625790
vt 0.471642 0.606599
vt 0.454651 0.606691
vt 0.360055 0.659190
vt 0.375435 0.649314
vt 0.309337 0.644523
vt 0.301581 0.640441
vt 0.308572 0.641378
vt 0.732187 0.605447
vt 0.745958 0.621055
vt 0.718361 0.611746
vt 0.527512 0.487548
vt 0.269827 0.580439
vt 0.927891 0.565524
vt 0.209068 0.543913
vt 0.200003 0.539059
vt 0.358852 0.587047
vt 0.565117 0.482977
vt 0.574089 0.489854
vt 0.521281 0.555854
vt 0.556690 0.547134
vt 0.912944 0.606622
vt 0.910981 0.571858
vt 0.907186 0.571826
vt 0.800496 0.560853
vt 0.274286 0.604453
vt 0.408346 0.506289
vt 0.650324 0.622537
vt 0.622944 0.623820
vt 0.387347 0.633767
vt 0.636700 0.598990
vt 0.487070 0.601290
vt 0.730864 0.583350
vt 0.336943 0.650578
vt 0.370876 0.645422
vt 0.449504 0.592578
vt 0.454664 0.586635
vt 0.789464 0.629076
vt 0.213409 0.592681
vt 0.215338 0.583100
vt 0.381214 0.627373
vt 0.795137 0.578670
vt 0.807377 0.581901
vt 0.808839 0.590770
vt 0.367294 0.643304
vt 0.377713 0.569899
vt 0.698570 0.598612
vt 0.334550 0.564658
vt 0.344262 0.570056
vt 0.642011 0.613690
vt 0.907673 0.577964
vt 0.907371 0.573641
vt 0.456976 0.559938
vt 0.291311 0.551004
vt 0.781489 0.649284
vt 0.414914 0.507804
vt 0.252410 0.589034
vt 0.458303 0.549357
vt 0.476297 0.512537
vt 0.618510 0.669223
vt 0.745519 0.596171
vt 0.223932 0.622261
vt 0.494276 0.634878
vt 0.681194 0.604478
vt 0.200573 0.558534
vt 0.215021 0.560108
vt 0.314898 0.612806
vt 0.545214 0.567935
vt 0.446909 0.641481
vt 0.494533 0.560373
vt 0.524884 0.547414
vt 0.438897 0.561666
vt 0.796167 0.593961
vt 0.457356 0.635174
vt 0.332982 0.617082
vt 0.493984 0.569222
vt 0.883686 0.586581
vt 0.696254 0.550996
vt 0.334076 0.597746
vt 0.321178 0.588610
vt 0.347504 0.590051
vt 0.939296 0.622214
vt 0.466198 0.616324
vt 0.431703 0.613355
vt 0.425917 0.615617
vt 0.280107 0.596840
vt 0.479362 0.568364
vt 0.442238 0.602587
vt 0.440443 0.597228
vt 0.245742 0.572256
vt 0.398254 0.499922
vt 0.606581 0.615414
vt 0.399402 0.595259
vt 0.436279 0.624920
vt 0.420931 0.631252
vt 0.541901 0.534135
vt 0.369087 0.630343
vt 0.349777 0.620291
vt 0.469344 0.554810
vt 0.402235 0.552134
vt 0.898069 0.560857
vt 0.328250 0.661585
vt 0.316942 0.655392
vt 0.219697 0.552432
vt 0.926391 0.557242
vt 0.805517 0.619352
vt 0.481327 0.647141
vt 0.451279 0.647805
vt 0.922680 0.607497
vt 0.684036 0.621477
vt 0.802732 0.604948
vt 0.770196 0.556593
vt 0.779662 0.576618
vt 0.749516 0.567214
vt 0.285271 0.642408
vt 0.759783 0.548816
vt 0.285303 0.601994
vt 0.414327 0.594699
vt 0.782023 0.546933
vt 0.245625 0.578980
vt 0.249804 0.580263
vt 0.311196 0.553928
vt 0.860438 0.615979
vt 0.788234 0.663145
vt 0.657263 0.631882
vt 0.436796 0.632111
vt 0.453666 0.628059
vt 0.882801 0.634488
vt 0.887842 0.628195
vt 0.662992 0.549631
vt 0.913944 0.628449
vt 0.442655 0.549467
vt 0.785230 0.557613
vt 0.754077 0.606015
vt 0.527826 0.530864
vt 0.565086 0.646107
vt 0.552890 0.647644
vt 0.206794 0.611503
vt 0.426107 0.606119
vt 0.909069 0.618451
vt 0.672508 0.635822
vt 0.883094 0.556982
vt 0.237750 0.568710
vt 0.629047 0.593234
vt 0.383308 0.511308
vt 0.384066 0.499547
vt 0.260306 0.654407
vt 0.229984 0.649844
vt 0.284190 0.609330
vt 0.503842 0.538113
vt 0.523777 0.472208
vt 0.489459 0.487950
vt 0.819299 0.574587
vt 0.498016 0.575645
vt 0.382539 0.582790
vt 0.387597 0.583771
vt 0.643658 0.589623
vt 0.596521 0.579010
vt 0.819011 0.583395
vt 0.328419 0.525039
vt 0.338234 0.530593
vt 0.575070 0.501556
vt 0.515428 0.572006
vt 0.386436 0.520518
vt 0.334011 0.665284
vt 0.198443 0.613304
vt 0.437219 0.489316
vt 0.309207 0.663252
vt 0.577056 0.551231
vt 0.221441 0.648583
vt 0.346615 0.523963
vt 0.606715 0.516721
vt 0.585510 0.484880
vt 0.906683 0.559716
vt 0.936983 0.560408
vt 0.338290 0.654183
vt 0.680398 0.532740
vt 0.233429 0.545706
vt 0.398334 0.391811
vt 0.390381 0.378144
vt 0.400391 0.371464
vt 0.671697 0.390323
vt 0.674563 0.353846
vt 0.688486 0.381376
vt 0.697266 0.371422
vt 0.654053 0.362748
vt 0.549316 0.925664
vt 0.567842 0.933747
vt 0.566326 0.948139
vt 0.571080 0.916625
vt 0.576660 0.928444
vt 0.889394 0.844417
vt 0.898832 0.857320
vt 0.875488 0.846290
vt 0.906006 0.846475
vt 0.368580 0.426065
vt 0.366956 0.444417
vt 0.365854 0.422663
vt 0.359619 0.411822
vt 0.370361 0.403242
vt 0.367042 0.397519
vt 0.361816 0.456463
vt 0.377686 0.449876
vt 0.376754 0.463524
vt 0.953369 0.177419
vt 0.953142 0.198263
vt 0.940918 0.187554
vt 0.963991 0.106203
vt 0.943604 0.104289
vt 0.965088 0.104218
vt 0.332327 0.861538
vt 0.331210 0.877162
vt 0.319435 0.872179
vt 0.319336 0.898417
vt 0.330105 0.893239
vt 0.334229 0.903722
vt 0.132324 0.876065
vt 0.144351 0.863027
vt 0.157289 0.876015
vt 0.161133 0.884430
vt 0.136319 0.892556
vt 0.561726 0.953350
vt 0.580811 0.954473
vt 0.579226 0.965948
vt 0.578187 0.976923
vt 0.552734 0.964403
vt 0.759726 0.350620
vt 0.759412 0.348614
vt 0.769531 0.347321
vt 0.738525 0.346402
vt 0.505433 0.367046
vt 0.491925 0.372223
vt 0.505403 0.360247
vt 0.463623 0.393300
vt 0.481600 0.380775
vt 0.485306 0.385689
vt 0.495858 0.353846
vt 0.521293 0.368239
vt 0.518126 0.374528
vt 0.481892 0.363174
vt 0.470711 0.367741
vt 0.475523 0.379858
vt 0.526611 0.389355
vt 0.958740 0.060511
vt 0.969534 0.071152
vt 0.962390 0.082854
vt 0.976789 0.058612
vt 0.968267 0.045579
vt 0.972850 0.028040
vt 0.982178 0.074361
vt 0.973128 0.092556
vt 0.455322 0.423654
vt 0.462673 0.430559
vt 0.456694 0.437181
vt 0.465820 0.423594
vt 0.455685 0.417463
vt 0.456787 0.447912
vt 0.462075 0.412276
vt 0.464542 0.456709
vt 0.458434 0.460298
vt 0.460150 0.396774
vt 0.601160 0.947146
vt 0.603094 0.935653
vt 0.616486 0.940022
vt 0.601074 0.915881
vt 0.620117 0.927392
vt 0.512399 0.863027
vt 0.520752 0.876935
vt 0.509416 0.887020
vt 0.500488 0.875933
vt 0.505184 0.908189
vt 0.518966 0.904234
vt 0.974120 0.887004
vt 0.976326 0.903617
vt 0.968633 0.912254
vt 0.991946 0.902260
vt 0.972918 0.913648
vt 0.980102 0.873038
vt 0.998535 0.868346
vt 0.967383 0.881269
vt 0.947449 0.907441
vt 0.965166 0.863027
vt 0.940186 0.888837
vt 0.877926 0.919706
vt 0.883765 0.916625
vt 0.888184 0.939740
vt 0.876709 0.944913
vt 0.035777 0.762035
vt 0.037967 0.782134
vt 0.021973 0.779269
vt 0.054688 0.777958
vt 0.851263 0.461787
vt 0.867920 0.466362
vt 0.849609 0.468735
vt 0.984375 0.228067
vt 0.964573 0.231504
vt 0.983607 0.223124
vt 0.961029 0.239702
vt 0.954102 0.221588
vt 0.764160 0.849817
vt 0.753991 0.855831
vt 0.740723 0.849132
vt 0.503662 0.856349
vt 0.518716 0.853223
vt 0.535836 0.857787
vt 0.539124 0.854905
vt 0.554377 0.858561
vt 0.566650 0.858178
vt 0.554662 0.854409
vt 0.509219 0.852357
vt 0.705322 0.193052
vt 0.719971 0.201544
vt 0.706852 0.213400
vt 0.441587 0.948197
vt 0.449815 0.916625
vt 0.449384 0.934580
vt 0.477051 0.944085
vt 0.450350 0.937382
vt 0.429443 0.949876
vt 0.457949 0.945910
vt 0.451567 0.936925
vt 0.499023 0.961454
vt 0.511954 0.954342
vt 0.524564 0.969975
vt 0.526367 0.958965
vt 0.681396 0.934136
vt 0.701660 0.934916
vt 0.695447 0.947643
vt 0.695359 0.916625
vt 0.251953 0.770000
vt 0.269531 0.765012
vt 0.264370 0.778412
vt 0.872803 0.327295
vt 0.896484 0.327836
vt 0.886288 0.332754
vt 0.581144 0.460546
vt 0.592894 0.468983
vt 0.572266 0.467001
vt 0.602302 0.464814
vt 0.611816 0.468712
vt 0.693115 0.900821
vt 0.683594 0.904963
vt 0.686741 0.892025
vt 0.687353 0.876179
vt 0.290873 0.801101
vt 0.282093 0.809618
vt 0.291310 0.786352
vt 0.293009 0.835538
vt 0.302734 0.825600
vt 0.296237 0.848080
vt 0.290702 0.818308
vt 0.297051 0.824090
vt 0.285347 0.831794
vt 0.278564 0.827220
vt 0.287833 0.855831
vt 0.298979 0.810476
vt 0.294696 0.990411
vt 0.279936 0.987110
vt 0.290375 0.982134
vt 0.274702 0.982138
vt 0.262532 0.990894
vt 0.273450 0.993995
vt 0.254639 0.995520
vt 0.312567 0.998511
vt 0.299791 0.982835
vt 0.321045 0.997476
vt 0.958252 0.646402
vt 0.976353 0.646526
vt 0.961895 0.665126
vt 0.977295 0.669727
vt 0.960050 0.669538
vt 0.801901 0.344913
vt 0.823986 0.345169
vt 0.801368 0.346829
vt 0.830787 0.349132
vt 0.834961 0.346994
vt 0.820658 0.349068
vt 0.783691 0.345838
vt 0.497679 0.418362
vt 0.501465 0.433892
vt 0.496826 0.442184
vt 0.402742 0.949876
vt 0.401611 0.927104
vt 0.416795 0.925664
vt 0.409626 0.916625
vt 0.426270 0.939650
vt 0.794981 0.916625
vt 0.791835 0.946650
vt 0.778331 0.922343
vt 0.799805 0.936041
vt 0.769287 0.926880
vt 0.912746 0.885704
vt 0.911363 0.873264
vt 0.916169 0.870879
vt 0.843122 0.878025
vt 0.832495 0.872523
vt 0.834109 0.864902
vt 0.876352 0.889321
vt 0.900528 0.902587
vt 0.883322 0.906484
vt 0.869199 0.866356
vt 0.848056 0.913648
vt 0.921387 0.892093
vt 0.897711 0.910231
vt 0.841295 0.897520
vt 0.820068 0.882875
vt 0.860579 0.863027
vt 0.836969 0.877367
vt 0.896655 0.864664
vt 0.971680 0.100769
vt 0.991699 0.099504
vt 0.986349 0.108437
vt 0.331936 0.976427
vt 0.313721 0.967963
vt 0.345459 0.972742
vt 0.325091 0.960546
vt 0.271618 0.950124
vt 0.252930 0.936890
vt 0.274613 0.928264
vt 0.271483 0.916625
vt 0.282471 0.940155
vt 0.957275 0.528645
vt 0.976850 0.524566
vt 0.978516 0.530273
vt 0.670137 0.187841
vt 0.687744 0.191987
vt 0.683812 0.212831
vt 0.665771 0.199488
vt 0.669814 0.213896
vt 0.972656 0.496116
vt 0.978332 0.487345
vt 0.981201 0.513387
vt 0.973593 0.519107
vt 0.995868 0.396278
vt 0.994385 0.385895
vt 0.998535 0.384720
vt 0.995870 0.366005
vt 0.985926 0.572220
vt 0.981789 0.549075
vt 0.986368 0.545988
vt 0.998535 0.563105
vt 0.994172 0.537965
vt 0.993566 0.568267
vt 0.994987 0.588834
vt 0.981445 0.584634
vt 0.440812 0.214608
vt 0.446807 0.207444
vt 0.455921 0.211581
vt 0.411377 0.216511
vt 0.419893 0.207953
vt 0.462227 0.218362
vt 0.468750 0.218336
vt 0.810625 0.878917
vt 0.806215 0.884520
vt 0.804314 0.863027
vt 0.815977 0.892591
vt 0.817139 0.902088
vt 0.798584 0.912655
vt 0.808319 0.895974
vt 0.959140 0.304963
vt 0.986572 0.313345
vt 0.961748 0.322084
vt 0.954102 0.309169
vt 0.015381 0.771108
vt 0.002318 0.782382
vt 0.001465 0.761787
vt 0.307327 0.953350
vt 0.309814 0.975186
vt 0.294235 0.975092
vt 0.291504 0.959599
vt 0.554688 0.363914
vt 0.545166 0.369425
vt 0.545378 0.353846
vt 0.547687 0.392556
vt 0.549093 0.375327
vt 0.608154 0.213400
vt 0.608197 0.191067
vt 0.620850 0.202289
vt 0.248442 0.876018
vt 0.267537 0.892573
vt 0.244451 0.896924
vt 0.262485 0.868327
vt 0.270217 0.863027
vt 0.282959 0.873925
vt 0.260821 0.904467
vt 0.231934 0.880463
vt 0.928223 0.198511
vt 0.929069 0.177419
vt 0.937988 0.189398
vt 0.010498 0.698750
vt 0.022904 0.685856
vt 0.026367 0.704715
vt 0.385986 0.924271
vt 0.395996 0.913648
vt 0.395544 0.936476
vt 0.964724 0.024318
vt 0.960693 0.006571
vt 0.966553 0.001489
vt 0.376678 0.765261
vt 0.396484 0.778097
vt 0.389282 0.783127
vt 0.372070 0.781060
vt 0.994141 0.265430
vt 0.997559 0.257568
vt 0.996975 0.279404
vt 0.796136 0.465947
vt 0.790918 0.460546
vt 0.824951 0.463712
vt 0.808757 0.468983
vt 0.789307 0.462193
vt 0.716797 0.937826
vt 0.727642 0.916625
vt 0.739014 0.937512
vt 0.727801 0.947643
vt 0.930176 0.459401
vt 0.936183 0.453350
vt 0.952097 0.465757
vt 0.961914 0.462707
vt 0.996826 0.921836
vt 0.989119 0.937469
vt 0.980713 0.922282
vt 0.779101 0.856839
vt 0.783932 0.845814
vt 0.795787 0.844417
vt 0.796147 0.858065
vt 0.813232 0.850250
vt 0.767334 0.851261
vt 0.802734 0.936783
vt 0.815335 0.916625
vt 0.822124 0.934398
vt 0.830100 0.918252
vt 0.810080 0.946650
vt 0.834473 0.945373
vt 0.830517 0.919184
vt 0.037354 0.727047
vt 0.025391 0.718230
vt 0.036847 0.708189
vt 0.440308 0.393052
vt 0.434224 0.389330
vt 0.455322 0.391310
vt 0.425049 0.390661
vt 0.648631 0.213896
vt 0.645996 0.202538
vt 0.648682 0.191811
vt 0.429199 0.779156
vt 0.406738 0.777909
vt 0.412796 0.774194
vt 0.070584 0.771167
vt 0.058838 0.764745
vt 0.071818 0.763524
vt 0.085147 0.776675
vt 0.095703 0.768244
vt 0.640660 0.975434
vt 0.639205 0.957445
vt 0.649296 0.959585
vt 0.654789 0.951117
vt 0.669922 0.954563
vt 0.635133 0.967401
vt 0.629883 0.951487
vt 0.690749 0.206203
vt 0.690674 0.187841
vt 0.701660 0.196928
vt 0.041504 0.725558
vt 0.054199 0.733306
vt 0.043305 0.745658
vt 0.735352 0.188586
vt 0.735179 0.209926
vt 0.730957 0.198613
vt 0.530668 0.353846
vt 0.542236 0.361510
vt 0.529541 0.366703
vt 0.533746 0.381343
vt 0.534211 0.392556
vt 0.996165 0.041496
vt 0.990924 0.049736
vt 0.990975 0.031425
vt 0.994360 0.026931
vt 0.995999 0.007090
vt 0.988525 0.012215
vt 0.997803 0.001489
vt 0.994128 0.018384
vt 0.996937 0.064020
vt 0.895254 0.168838
vt 0.906720 0.161901
vt 0.899029 0.173449
vt 0.893556 0.144698
vt 0.901263 0.128918
vt 0.905768 0.149428
vt 0.889648 0.123055
vt 0.907959 0.118859
vt 0.660105 0.215385
vt 0.653320 0.191789
vt 0.661161 0.189629
vt 0.662842 0.187841
vt 0.030505 0.961145
vt 0.053289 0.955295
vt 0.033917 0.967179
vt 0.048407 0.961904
vt 0.064348 0.965674
vt 0.048928 0.967965
vt 0.053744 0.955313
vt 0.109354 0.974442
vt 0.108162 0.963123
vt 0.116296 0.972987
vt 0.018799 0.971580
vt 0.021162 0.968117
vt 0.075752 0.962806
vt 0.069103 0.967040
vt 0.025043 0.972444
vt 0.097356 0.965809
vt 0.090150 0.966154
vt 0.093986 0.964808
vt 0.089261 0.955665
vt 0.069379 0.953350
vt 0.116257 0.967828
vt 0.124756 0.972449
vt 0.907575 0.344169
vt 0.919982 0.326055
vt 0.924316 0.342223
vt 0.905273 0.330972
vt 0.754639 0.935146
vt 0.758634 0.916625
vt 0.766357 0.932004
vt 0.759690 0.946898
vt 0.234334 0.986391
vt 0.246568 0.989166
vt 0.228177 0.995603
vt 0.244917 0.995760
vt 0.251709 0.995737
vt 0.222684 0.987458
vt 0.207982 0.996647
vt 0.206265 0.985464
vt 0.217645 0.998511
vt 0.189534 0.993992
vt 0.183893 0.988727
vt 0.181264 0.982134
vt 0.165039 0.994505
vt 0.177494 0.996961
vt 0.199613 0.995623
vt 0.001465 0.888337
vt 0.011475 0.896522
vt 0.003055 0.910422
vt 0.980225 0.364509
vt 0.988572 0.351861
vt 0.987912 0.367821
vt 0.990234 0.389826
vt 0.981666 0.385581
vt 0.614746 0.390571
vt 0.615873 0.368983
vt 0.620361 0.383387
vt 0.104736 0.906487
vt 0.112987 0.900859
vt 0.113413 0.905647
vt 0.118444 0.896030
vt 0.143555 0.908933
vt 0.357660 0.921954
vt 0.328571 0.932262
vt 0.332479 0.916625
vt 0.357978 0.948203
vt 0.341075 0.946391
vt 0.316650 0.924559
vt 0.339920 0.949876
vt 0.317795 0.939481
vt 0.378418 0.935749
vt 0.665283 0.850570
vt 0.685131 0.849380
vt 0.691511 0.859057
vt 0.697510 0.850863
vt 0.438232 0.378244
vt 0.420654 0.385856
vt 0.423689 0.370223
vt 0.893748 0.392060
vt 0.889893 0.387589
vt 0.911621 0.386849
vt 0.952092 0.942683
vt 0.941766 0.924704
vt 0.951869 0.916625
vt 0.935324 0.943672
vt 0.921875 0.930313
vt 0.957764 0.932264
vt 0.249314 0.845281
vt 0.241198 0.815192
vt 0.256985 0.818069
vt 0.267525 0.835089
vt 0.257665 0.850260
vt 0.255347 0.858809
vt 0.271200 0.838373
vt 0.235596 0.850292
vt 0.275635 0.829492
vt 0.253078 0.786352
vt 0.626953 0.204916
vt 0.638108 0.191563
vt 0.642090 0.209926
vt 0.597683 0.352109
vt 0.608154 0.363980
vt 0.596191 0.376077
vt 0.603109 0.380638
vt 0.600611 0.389578
vt 0.706395 0.389578
vt 0.700195 0.379575
vt 0.713923 0.376239
vt 0.716416 0.353846
vt 0.703216 0.357816
vt 0.721436 0.384575
vt 0.863525 0.375329
vt 0.873291 0.382878
vt 0.864082 0.377027
vt 0.869292 0.353846
vt 0.483773 0.459420
vt 0.477431 0.428063
vt 0.489220 0.437875
vt 0.476464 0.405555
vt 0.488564 0.412307
vt 0.478294 0.417331
vt 0.472412 0.417470
vt 0.493652 0.396774
vt 0.483997 0.460298
vt 0.174316 0.768599
vt 0.158892 0.778164
vt 0.151123 0.768238
vt 0.967672 0.301985
vt 0.954102 0.284367
vt 0.974609 0.289739
vt 0.956005 0.301813
vt 0.442383 0.370774
vt 0.449219 0.361538
vt 0.448591 0.383127
vt 0.538772 0.942184
vt 0.534668 0.925242
vt 0.540771 0.920844
vt 0.994285 0.497519
vt 0.988725 0.529529
vt 0.984375 0.507956
vt 0.997314 0.521850
vt 0.592866 0.208685
vt 0.580811 0.196768
vt 0.595703 0.190571
vt 0.289197 0.771464
vt 0.274170 0.765261
vt 0.294922 0.766872
vt 0.407471 0.961092
vt 0.427246 0.953102
vt 0.421000 0.975543
vt 0.422034 0.976427
vt 0.987305 0.405211
vt 0.996094 0.412459
vt 0.989040 0.426799
vt 0.890625 0.211707
vt 0.880795 0.215881
vt 0.866943 0.211166
vt 0.991037 0.816129
vt 0.990518 0.849380
vt 0.980713 0.833090
vt 0.998047 0.834231
vt 0.969183 0.607444
vt 0.958252 0.597346
vt 0.971924 0.592308
vt 0.510498 0.207187
vt 0.496916 0.214640
vt 0.494141 0.200496
vt 0.974645 0.269193
vt 0.974803 0.247395
vt 0.976074 0.268235
vt 0.974609 0.278660
vt 0.455076 0.984868
vt 0.457275 0.994032
vt 0.447256 0.992061
vt 0.426279 0.986727
vt 0.436076 0.980893
vt 0.444199 0.997270
vt 0.407471 0.988379
vt 0.046143 0.702926
vt 0.031982 0.703970
vt 0.038249 0.689826
vt 0.397991 0.958161
vt 0.403076 0.970822
vt 0.386388 0.953102
vt 0.385010 0.977916
vt 0.138429 0.763524
vt 0.144043 0.773697
vt 0.124268 0.771627
vt 0.746427 0.197918
vt 0.762939 0.197910
vt 0.761807 0.218362
vt 0.762414 0.177419
vt 0.744629 0.188599
vt 0.749672 0.214091
vt 0.723389 0.189082
vt 0.726074 0.195057
vt 0.724084 0.210670
vt 0.996354 0.186439
vt 0.990234 0.192060
vt 0.997070 0.169453
vt 0.990765 0.159057
vt 0.643684 0.912903
vt 0.671387 0.926230
vt 0.655412 0.934751
vt 0.635000 0.932669
vt 0.639311 0.943921
vt 0.623291 0.927937
vt 0.932617 0.212407
vt 0.937083 0.201985
vt 0.952148 0.209673
vt 0.954102 0.281390
vt 0.958658 0.263772
vt 0.964355 0.280130
vt 0.927246 0.458061
vt 0.915217 0.458441
vt 0.906882 0.453350
vt 0.890137 0.461212
vt 0.895980 0.466253
vt 0.962891 0.538355
vt 0.971924 0.536973
vt 0.967916 0.556079
vt 0.965530 0.184864
vt 0.986328 0.173449
vt 0.983696 0.182725
vt 0.959717 0.175557
vt 0.988763 0.463413
vt 0.968750 0.454342
vt 0.992432 0.456892
vt 0.971974 0.465012
vt 0.938232 0.343781
vt 0.929443 0.349132
vt 0.931870 0.328536
vt 0.995847 0.253350
vt 0.993408 0.234275
vt 0.997070 0.229529
vt 0.920166 0.115633
vt 0.898682 0.114253
vt 0.904603 0.110174
vt 0.175049 0.967984
vt 0.161239 0.974938
vt 0.167328 0.953350
vt 0.147705 0.967531
vt 0.936608 0.437274
vt 0.952271 0.450372
vt 0.941683 0.446909
vt 0.962820 0.439272
vt 0.936881 0.430269
vt 0.971383 0.434871
vt 0.916661 0.406084
vt 0.905833 0.415152
vt 0.902680 0.404591
vt 0.890137 0.428989
vt 0.893893 0.418039
vt 0.916782 0.425661
vt 0.897843 0.396774
vt 0.929049 0.405015
vt 0.947900 0.436733
vt 0.950202 0.408666
vt 0.954067 0.415613
vt 0.923149 0.418276
vt 0.925158 0.431359
vt 0.969098 0.424693
vt 0.940684 0.418189
vt 0.964620 0.447656
vt 0.982666 0.421127
vt 0.929370 0.419098
vt 0.225198 0.777942
vt 0.211131 0.778412
vt 0.207031 0.764516
vt 0.230469 0.766542
vt 0.864502 0.386849
vt 0.886475 0.388009
vt 0.878767 0.392804
vt 0.610570 0.956777
vt 0.584717 0.967418
vt 0.598830 0.951613
vt 0.615723 0.967504
vt 0.592003 0.975682
vt 0.846436 0.844665
vt 0.865479 0.844841
vt 0.855853 0.857568
vt 0.596680 0.932841
vt 0.589595 0.947891
vt 0.583984 0.931224
vt 0.590245 0.916625
vt 0.917236 0.386003
vt 0.938232 0.385608
vt 0.936072 0.389826
vt 0.950302 0.348883
vt 0.943848 0.346215
vt 0.966309 0.345409
vt 0.992592 0.282878
vt 0.994141 0.301439
vt 0.991455 0.300938
vt 0.992494 0.313151
vt 0.167740 0.863027
vt 0.170654 0.882397
vt 0.164062 0.876288
vt 0.166563 0.897022
vt 0.198742 0.876581
vt 0.205078 0.903970
vt 0.188333 0.879629
vt 0.186458 0.868281
vt 0.196590 0.863027
vt 0.178639 0.876997
vt 0.185591 0.887542
vt 0.173584 0.896677
vt 0.838867 0.856054
vt 0.816406 0.859553
vt 0.824987 0.845161
vt 0.871338 0.112092
vt 0.894043 0.111414
vt 0.876218 0.113896
vt 0.737359 0.803161
vt 0.738179 0.819736
vt 0.725636 0.822749
vt 0.736691 0.786352
vt 0.726231 0.809240
vt 0.723145 0.830064
vt 0.729709 0.845906
vt 0.740137 0.838669
vt 0.741455 0.844595
vt 0.732179 0.829971
vt 0.816764 0.815018
vt 0.813516 0.822906
vt 0.806561 0.820082
vt 0.774587 0.797316
vt 0.793435 0.796893
vt 0.794974 0.803628
vt 0.905871 0.830774
vt 0.902762 0.839087
vt 0.888204 0.839411
vt 0.827682 0.834381
vt 0.850291 0.833580
vt 0.838877 0.837773
vt 0.825401 0.820453
vt 0.821311 0.809900
vt 0.830885 0.814624
vt 0.812256 0.791739
vt 0.814600 0.787168
vt 0.824169 0.789896
vt 0.880001 0.839293
vt 0.841571 0.841439
vt 0.831036 0.794946
vt 0.880466 0.836249
vt 0.805843 0.795695
vt 0.800226 0.799948
vt 0.829204 0.839946
vt 0.814437 0.838427
vt 0.802212 0.831321
vt 0.806407 0.822629
vt 0.810603 0.830380
vt 0.780435 0.808039
vt 0.791420 0.808324
vt 0.788486 0.811654
vt 0.866784 0.832526
vt 0.804892 0.809694
vt 0.851773 0.795418
vt 0.842917 0.787605
vt 0.850840 0.786632
vt 0.836036 0.798490
vt 0.825498 0.802295
vt 0.842131 0.794566
vt 0.829815 0.808433
vt 0.801990 0.812266
vt 0.793740 0.820570
vt 0.836387 0.816220
vt 0.830679 0.823822
vt 0.919025 0.839287
vt 0.817529 0.803201
vt 0.817423 0.808664
vt 0.926066 0.823395
vt 0.908846 0.825627
vt 0.781701 0.801711
vt 0.821169 0.824277
vt 0.771519 0.821151
vt 0.825759 0.786352
vt 0.822950 0.829913
vt 0.767334 0.815508
vt 0.789953 0.827938
vt 0.926264 0.829028
vt 0.960205 0.826283
vt 0.506156 0.932258
vt 0.522720 0.948883
vt 0.500977 0.938488
vt 0.531250 0.941229
vt 0.486326 0.894429
vt 0.497559 0.892904
vt 0.488317 0.907692
vt 0.492018 0.877141
vt 0.484375 0.879372
vt 0.490166 0.863027
vt 0.969482 0.509219
vt 0.965166 0.506334
vt 0.963934 0.488337
vt 0.962158 0.517866
vt 0.009032 0.750372
vt 0.022461 0.757320
vt 0.001465 0.755952
vt 0.094261 0.882573
vt 0.089661 0.890571
vt 0.090896 0.879877
vt 0.098145 0.875967
vt 0.069964 0.863027
vt 0.056641 0.875399
vt 0.093938 0.882030
vt 0.692981 0.971776
vt 0.698830 0.978164
vt 0.679688 0.974404
vt 0.704590 0.967167
vt 0.690459 0.953350
vt 0.383152 0.762283
vt 0.382614 0.750399
vt 0.396484 0.760082
vt 0.366953 0.753879
vt 0.360181 0.742456
vt 0.371812 0.750676
vt 0.376458 0.719974
vt 0.361132 0.713766
vt 0.365447 0.705932
vt 0.360243 0.727123
vt 0.337158 0.729026
vt 0.369954 0.687004
vt 0.394784 0.689793
vt 0.387489 0.710820
vt 0.368742 0.697800
vt 0.382089 0.685112
vt 0.834787 0.366237
vt 0.806897 0.356235
vt 0.816362 0.353846
vt 0.860596 0.370001
vt 0.842199 0.387841
vt 0.817913 0.374329
vt 0.819497 0.386767
vt 0.792725 0.361437
vt 0.803065 0.364086
vt 0.976318 0.368631
vt 0.962646 0.375454
vt 0.967944 0.355831
vt 0.971080 0.385608
vt 0.780325 0.904471
vt 0.763822 0.871273
vt 0.780851 0.880378
vt 0.786260 0.893437
vt 0.795654 0.912407
vt 0.739852 0.899819
vt 0.746309 0.894964
vt 0.760020 0.901050
vt 0.785816 0.863027
vt 0.754244 0.870860
vt 0.757079 0.909145
vt 0.739258 0.886528
vt 0.737601 0.389082
vt 0.724365 0.376557
vt 0.735371 0.374660
vt 0.761963 0.376450
vt 0.741561 0.353846
vt 0.882872 0.192745
vt 0.884796 0.184309
vt 0.898438 0.192783
vt 0.897137 0.201818
vt 0.872284 0.177419
vt 0.913543 0.205891
vt 0.912978 0.196724
vt 0.925293 0.202379
vt 0.864816 0.193327
vt 0.867631 0.186065
vt 0.878097 0.206700
vt 0.883507 0.182525
vt 0.855225 0.198984
vt 0.197510 0.974938
vt 0.179393 0.970605
vt 0.177979 0.962766
vt 0.193778 0.953350
vt 0.385615 0.907444
vt 0.391066 0.884966
vt 0.394025 0.899432
vt 0.390720 0.863027
vt 0.384277 0.866350
vt 0.395996 0.875965
vt 0.313683 0.422043
vt 0.295654 0.437824
vt 0.305130 0.421319
vt 0.355957 0.452047
vt 0.329838 0.463524
vt 0.329270 0.443092
vt 0.309233 0.403154
vt 0.346296 0.434252
vt 0.309085 0.456990
vt 0.301755 0.448307
vt 0.324552 0.408703
vt 0.318476 0.396774
vt 0.333190 0.421873
vt 0.347924 0.415755
vt 0.339071 0.401481
vt 0.448062 0.155127
vt 0.446944 0.139935
vt 0.459943 0.142622
vt 0.465122 0.128431
vt 0.461207 0.117986
vt 0.470703 0.128886
vt 0.442089 0.164250
vt 0.441154 0.167907
vt 0.436421 0.163671
vt 0.451187 0.131971
vt 0.459775 0.136597
vt 0.437055 0.171503
vt 0.433184 0.169744
vt 0.438557 0.096511
vt 0.447633 0.112446
vt 0.436714 0.107067
vt 0.446994 0.086922
vt 0.455530 0.092400
vt 0.453051 0.102863
vt 0.424988 0.114989
vt 0.434228 0.128265
vt 0.444813 0.063811
vt 0.437965 0.056814
vt 0.442453 0.028199
vt 0.417380 0.195714
vt 0.429644 0.190567
vt 0.428534 0.196798
vt 0.436122 0.148952
vt 0.426975 0.168352
vt 0.426459 0.158467
vt 0.426013 0.059034
vt 0.427596 0.022245
vt 0.432720 0.031390
vt 0.429742 0.017264
vt 0.419688 0.024047
vt 0.422558 0.009266
vt 0.446412 0.125015
vt 0.412998 0.005602
vt 0.421606 0.001489
vt 0.437598 0.078947
vt 0.455151 0.153205
vt 0.429404 0.143286
vt 0.422840 0.188599
vt 0.425972 0.178768
vt 0.434581 0.176897
vt 0.466489 0.115446
vt 0.428163 0.204467
vt 0.434527 0.201461
vt 0.439907 0.015198
vt 0.448625 0.023688
vt 0.416586 0.011850
vt 0.428027 0.084007
vt 0.411377 0.182055
vt 0.412389 0.172342
vt 0.421096 0.175158
vt 0.424462 0.098820
vt 0.423638 0.097652
vt 0.437387 0.195459
vt 0.417164 0.189976
vt 0.420386 0.181269
vt 0.463562 0.022244
vt 0.432374 0.185797
vt 0.419296 0.072496
vt 0.425736 0.043405
vt 0.459015 0.103098
vt 0.445349 0.136802
vt 0.461156 0.161782
vt 0.427265 0.136884
vt 0.438475 0.176904
vt 0.423758 0.098118
vt 0.627368 0.851365
vt 0.636089 0.857072
vt 0.605957 0.853971
vt 0.637695 0.853561
vt 0.764893 0.366602
vt 0.789795 0.353846
vt 0.777898 0.364776
vt 0.785656 0.387576
vt 0.779541 0.389082
vt 0.646902 0.390819
vt 0.640859 0.387186
vt 0.643028 0.374404
vt 0.623535 0.370012
vt 0.638001 0.360994
vt 0.651123 0.353846
vt 0.343262 0.867523
vt 0.364731 0.863027
vt 0.378126 0.873611
vt 0.343929 0.901207
vt 0.355966 0.885536
vt 0.362786 0.894100
vt 0.349936 0.881675
vt 0.364581 0.905955
vt 0.381348 0.890849
vt 0.973145 0.624963
vt 0.958008 0.627295
vt 0.962467 0.611911
vt 0.437979 0.311123
vt 0.448291 0.303101
vt 0.458586 0.317261
vt 0.447086 0.243486
vt 0.450182 0.237632
vt 0.447696 0.264266
vt 0.449138 0.346980
vt 0.445716 0.334140
vt 0.454403 0.339239
vt 0.441834 0.352550
vt 0.428711 0.357816
vt 0.442288 0.340314
vt 0.451559 0.275123
vt 0.443181 0.281149
vt 0.429481 0.340745
vt 0.434238 0.307935
vt 0.456553 0.340377
vt 0.460693 0.324080
vt 0.435816 0.259147
vt 0.441666 0.245452
vt 0.443975 0.225017
vt 0.437233 0.235376
vt 0.439817 0.293979
vt 0.434829 0.276788
vt 0.453579 0.249368
vt 0.457126 0.301808
vt 0.449568 0.295496
vt 0.435470 0.290122
vt 0.434195 0.270142
vt 0.448957 0.221588
vt 0.676882 0.828558
vt 0.667089 0.831223
vt 0.653623 0.814693
vt 0.636113 0.812604
vt 0.633426 0.799023
vt 0.628881 0.831514
vt 0.640877 0.822691
vt 0.638144 0.831676
vt 0.647323 0.823834
vt 0.613718 0.832282
vt 0.611850 0.814955
vt 0.624093 0.821506
vt 0.617475 0.798970
vt 0.605514 0.807032
vt 0.694580 0.840550
vt 0.690501 0.833451
vt 0.700183 0.838407
vt 0.708767 0.832455
vt 0.623732 0.786352
vt 0.662638 0.838377
vt 0.605497 0.833688
vt 0.597364 0.840020
vt 0.593994 0.825489
vt 0.720215 0.832802
vt 0.714244 0.844849
vt 0.664822 0.809345
vt 0.644758 0.798105
vt 0.695736 0.822198
vt 0.717827 0.826212
vt 0.681353 0.838651
vt 0.674030 0.812050
vt 0.677927 0.844809
vt 0.651826 0.789278
vt 0.691061 0.846402
vt 0.822708 0.200579
vt 0.817363 0.177419
vt 0.832429 0.204112
vt 0.817532 0.217370
vt 0.801514 0.200684
vt 0.829687 0.216153
vt 0.838290 0.181029
vt 0.852295 0.190572
vt 0.819350 0.110338
vt 0.821087 0.115881
vt 0.813945 0.110067
vt 0.828112 0.110496
vt 0.816555 0.059786
vt 0.822275 0.067986
vt 0.817356 0.073106
vt 0.812977 0.004574
vt 0.832130 0.001489
vt 0.828070 0.015280
vt 0.826737 0.039077
vt 0.827360 0.073149
vt 0.820961 0.040585
vt 0.816966 0.016467
vt 0.816468 0.036625
vt 0.843506 0.096258
vt 0.836212 0.072870
vt 0.808105 0.039242
vt 0.821556 0.082547
vt 0.835468 0.093349
vt 0.810320 0.087812
vt 0.818143 0.097455
vt 0.832399 0.040436
vt 0.838438 0.026661
vt 0.966287 0.242680
vt 0.968750 0.260794
vt 0.954102 0.254231
vt 0.119141 0.776650
vt 0.109619 0.782878
vt 0.111799 0.762531
vt 0.983887 0.001489
vt 0.983453 0.016129
vt 0.969727 0.007419
vt 0.956299 0.193184
vt 0.975098 0.191811
vt 0.969761 0.200744
vt 0.457275 0.362531
vt 0.456655 0.384367
vt 0.453125 0.370803
vt 0.484689 0.253614
vt 0.468894 0.255166
vt 0.481088 0.244147
vt 0.490454 0.281543
vt 0.494611 0.301873
vt 0.469041 0.304779
vt 0.476313 0.337586
vt 0.478169 0.330431
vt 0.480101 0.332789
vt 0.474246 0.226039
vt 0.471021 0.241577
vt 0.472016 0.221588
vt 0.479240 0.312270
vt 0.463623 0.332374
vt 0.474225 0.336185
vt 0.491493 0.320610
vt 0.481783 0.283176
vt 0.468946 0.290584
vt 0.479652 0.235601
vt 0.471423 0.350868
vt 0.497314 0.288099
vt 0.492935 0.316283
vt 0.487332 0.276574
vt 0.487200 0.267583
vt 0.483143 0.261052
vt 0.992346 0.140353
vt 0.991415 0.153846
vt 0.988658 0.143497
vt 0.987793 0.115040
vt 0.993408 0.111663
vt 0.988525 0.215136
vt 0.967041 0.214106
vt 0.976274 0.206948
vt 0.751756 0.841935
vt 0.744714 0.828478
vt 0.744894 0.820482
vt 0.754895 0.809678
vt 0.764404 0.815928
vt 0.755719 0.825883
vt 0.751354 0.786352
vt 0.744385 0.804182
vt 0.180088 0.783127
vt 0.196777 0.765908
vt 0.193640 0.780534
vt 0.178467 0.762531
vt 0.979248 0.600075
vt 0.990479 0.594541
vt 0.987514 0.614888
vt 0.998291 0.654342
vt 0.996462 0.677171
vt 0.989014 0.662012
vt 0.903551 0.931016
vt 0.918945 0.934608
vt 0.905574 0.944417
vt 0.891113 0.938328
vt 0.903656 0.916625
vt 0.688087 0.252087
vt 0.659488 0.235530
vt 0.687846 0.229423
vt 0.678200 0.279329
vt 0.685643 0.298483
vt 0.659539 0.289823
vt 0.678782 0.267670
vt 0.659207 0.278124
vt 0.654517 0.264632
vt 0.649342 0.248196
vt 0.675667 0.258602
vt 0.695610 0.331120
vt 0.684191 0.316779
vt 0.684104 0.316217
vt 0.707496 0.319139
vt 0.699391 0.316700
vt 0.666997 0.309840
vt 0.702535 0.297499
vt 0.687568 0.313440
vt 0.648748 0.302070
vt 0.661587 0.325134
vt 0.727802 0.272333
vt 0.714745 0.265593
vt 0.746338 0.265751
vt 0.636905 0.267084
vt 0.644154 0.282346
vt 0.633322 0.292355
vt 0.704120 0.242430
vt 0.700273 0.257017
vt 0.640701 0.296752
vt 0.640297 0.315784
vt 0.697945 0.280346
vt 0.710677 0.289247
vt 0.624268 0.272242
vt 0.629785 0.260849
vt 0.707548 0.332186
vt 0.686386 0.335608
vt 0.682203 0.323563
vt 0.687587 0.282860
vt 0.712059 0.312164
vt 0.701736 0.342928
vt 0.725518 0.318252
vt 0.656234 0.327139
vt 0.626925 0.251806
vt 0.648147 0.252045
vt 0.687081 0.221588
vt 0.916722 0.306335
vt 0.925713 0.289479
vt 0.930100 0.306824
vt 0.937297 0.264791
vt 0.940858 0.275112
vt 0.930024 0.255223
vt 0.941773 0.245950
vt 0.933924 0.235358
vt 0.916829 0.253841
vt 0.921143 0.244425
vt 0.916659 0.221588
vt 0.917260 0.234987
vt 0.951172 0.264829
vt 0.938453 0.299088
vt 0.921276 0.279279
vt 0.910850 0.270622
vt 0.924444 0.262375
vt 0.905273 0.297934
vt 0.905355 0.323077
vt 0.905750 0.262507
vt 0.947653 0.294239
vt 0.944237 0.307951
vt 0.544398 0.196016
vt 0.559944 0.206670
vt 0.541853 0.209336
vt 0.577881 0.203839
vt 0.569938 0.212605
vt 0.573133 0.202599
vt 0.528996 0.211660
vt 0.535577 0.204581
vt 0.556893 0.218362
vt 0.517743 0.203894
vt 0.522270 0.190571
vt 0.514160 0.204948
vt 0.702803 0.001489
vt 0.722392 0.015933
vt 0.695902 0.054278
vt 0.702080 0.135725
vt 0.709460 0.125977
vt 0.712341 0.146351
vt 0.677313 0.131585
vt 0.672116 0.131016
vt 0.680075 0.101999
vt 0.661118 0.105419
vt 0.672737 0.045466
vt 0.661462 0.048499
vt 0.663249 0.039734
vt 0.717368 0.076225
vt 0.725662 0.073289
vt 0.741699 0.072947
vt 0.669438 0.086586
vt 0.675211 0.079920
vt 0.721087 0.061618
vt 0.692088 0.093344
vt 0.679435 0.033933
vt 0.720498 0.098073
vt 0.713406 0.098073
vt 0.693656 0.021047
vt 0.688192 0.028633
vt 0.693655 0.018325
vt 0.728953 0.020663
vt 0.728939 0.044661
vt 0.684300 0.069976
vt 0.705474 0.147202
vt 0.728967 0.086470
vt 0.702033 0.165509
vt 0.718735 0.165906
vt 0.680652 0.044096
vt 0.688907 0.155173
vt 0.711526 0.108374
vt 0.694882 0.175211
vt 0.712880 0.177378
vt 0.653320 0.091987
vt 0.694926 0.021101
vt 0.700948 0.184864
vt 0.738577 0.035515
vt 0.730968 0.052101
vt 0.731188 0.103195
vt 0.723452 0.093097
vt 0.101074 0.869736
vt 0.117731 0.863027
vt 0.116241 0.886791
vt 0.129395 0.876889
vt 0.108528 0.891563
vt 0.379969 0.413468
vt 0.374756 0.404498
vt 0.380615 0.398263
vt 0.378439 0.429529
vt 0.520752 0.779393
vt 0.498666 0.775535
vt 0.508546 0.772705
vt 0.505454 0.782630
vt 0.472412 0.778970
vt 0.486041 0.774799
vt 0.264986 0.972742
vt 0.257503 0.966361
vt 0.281006 0.972948
vt 0.243545 0.966253
vt 0.242053 0.972953
vt 0.265124 0.972951
vt 0.231689 0.971601
vt 0.925537 0.139040
vt 0.925181 0.172457
vt 0.920457 0.150625
vt 0.924021 0.118859
vt 0.910889 0.128631
vt 0.911551 0.164974
vt 0.920099 0.172077
vt 0.902135 0.361028
vt 0.876329 0.367689
vt 0.876221 0.366943
vt 0.878823 0.353846
vt 0.898109 0.382382
vt 0.876682 0.368019
vt 0.911377 0.354314
vt 0.298219 0.947167
vt 0.286367 0.933874
vt 0.313721 0.933231
vt 0.300005 0.923153
vt 0.286220 0.950124
vt 0.285400 0.916625
vt 0.973389 0.576745
vt 0.956787 0.583375
vt 0.956969 0.569975
vt 0.212496 0.974638
vt 0.200439 0.974938
vt 0.219727 0.963964
vt 0.203597 0.953350
vt 0.307785 0.841670
vt 0.311716 0.824717
vt 0.307674 0.852854
vt 0.305664 0.821617
vt 0.314077 0.811447
vt 0.314417 0.836152
vt 0.317383 0.848072
vt 0.306971 0.795101
vt 0.314537 0.786352
vt 0.905029 0.211166
vt 0.926514 0.211537
vt 0.921065 0.218114
vt 0.987121 0.067990
vt 0.989746 0.079535
vt 0.987061 0.090323
vt 0.519802 0.927792
vt 0.506836 0.919975
vt 0.523438 0.912159
vt 0.435906 0.868227
vt 0.438537 0.873990
vt 0.435298 0.884768
vt 0.449017 0.875862
vt 0.436228 0.894180
vt 0.441369 0.870912
vt 0.438638 0.863027
vt 0.398926 0.883038
vt 0.418942 0.886335
vt 0.413975 0.892342
vt 0.453041 0.898289
vt 0.462005 0.899432
vt 0.457461 0.894644
vt 0.481445 0.887176
vt 0.437463 0.898807
vt 0.470916 0.907692
vt 0.949548 0.143943
vt 0.955105 0.125942
vt 0.982422 0.158925
vt 0.963005 0.165528
vt 0.934737 0.169479
vt 0.950183 0.155868
vt 0.929688 0.160811
vt 0.937003 0.136297
vt 0.940229 0.117122
vt 0.974890 0.136080
vt 0.939734 0.120756
vt 0.186972 0.850508
vt 0.169118 0.847567
vt 0.176569 0.829843
vt 0.188938 0.814530
vt 0.206192 0.786352
vt 0.200310 0.808846
vt 0.208094 0.859801
vt 0.203629 0.835767
vt 0.229759 0.848218
vt 0.175106 0.812910
vt 0.155029 0.831617
vt 0.185908 0.829860
vt 0.192320 0.791754
vt 0.202169 0.811107
vt 0.232666 0.839029
vt 0.210394 0.794207
vt 0.866595 0.017021
vt 0.846436 0.005905
vt 0.860635 0.001489
vt 0.891557 0.058463
vt 0.907127 0.050478
vt 0.898430 0.060758
vt 0.906505 0.029947
vt 0.917032 0.040721
vt 0.905146 0.046211
vt 0.898135 0.037060
vt 0.858514 0.029197
vt 0.871450 0.032042
vt 0.884686 0.057486
vt 0.867234 0.071432
vt 0.865400 0.053251
vt 0.881295 0.094136
vt 0.867235 0.106614
vt 0.874790 0.091113
vt 0.885881 0.067828
vt 0.925781 0.022317
vt 0.892653 0.030208
vt 0.886208 0.037502
vt 0.894634 0.078991
vt 0.888798 0.076383
vt 0.875928 0.047665
vt 0.865886 0.086000
vt 0.853324 0.021618
vt 0.869901 0.083812
vt 0.875002 0.106948
vt 0.244680 0.698622
vt 0.242696 0.712606
vt 0.228821 0.700421
vt 0.234253 0.727620
vt 0.231329 0.713233
vt 0.252767 0.719385
vt 0.239079 0.732571
vt 0.218832 0.712667
vt 0.222872 0.722403
vt 0.235364 0.753901
vt 0.232181 0.745152
vt 0.240672 0.741732
vt 0.226755 0.695379
vt 0.270508 0.708190
vt 0.223018 0.761290
vt 0.251657 0.728506
vt 0.229879 0.742913
vt 0.216553 0.685112
vt 0.499023 0.994789
vt 0.482318 0.982134
vt 0.495031 0.986123
vt 0.468262 0.991903
vt 0.310303 0.692024
vt 0.331785 0.705334
vt 0.321515 0.710256
vt 0.273438 0.730368
vt 0.298819 0.731508
vt 0.314793 0.761290
vt 0.318577 0.734307
vt 0.297966 0.712670
vt 0.328140 0.755299
vt 0.334229 0.744869
vt 0.277146 0.701101
vt 0.276580 0.719619
vt 0.317070 0.688785
vt 0.316310 0.757137
vt 0.320647 0.685112
vt 0.323834 0.725508
vt 0.315329 0.717569
vt 0.288502 0.749318
vt 0.329119 0.698885
vt 0.485227 0.091557
vt 0.480886 0.088638
vt 0.493210 0.069949
vt 0.487371 0.042095
vt 0.480620 0.042865
vt 0.486896 0.028414
vt 0.481054 0.112783
vt 0.489796 0.139089
vt 0.477832 0.153597
vt 0.500954 0.001489
vt 0.507578 0.006224
vt 0.500177 0.006251
vt 0.496208 0.095033
vt 0.480454 0.181924
vt 0.485243 0.194431
vt 0.503322 0.095903
vt 0.500971 0.069603
vt 0.508798 0.063817
vt 0.496635 0.033016
vt 0.492155 0.015188
vt 0.497209 0.021442
vt 0.490909 0.020336
vt 0.486713 0.066836
vt 0.495634 0.145029
vt 0.507951 0.034420
vt 0.492216 0.187835
vt 0.477575 0.128663
vt 0.476520 0.168091
vt 0.496809 0.190762
vt 0.487441 0.194789
vt 0.505320 0.131633
vt 0.503802 0.177846
vt 0.491494 0.021237
vt 0.490939 0.028070
vt 0.510560 0.169525
vt 0.474753 0.080848
vt 0.473633 0.072690
vt 0.511230 0.185135
vt 0.509284 0.188259
vt 0.474855 0.110206
vt 0.507187 0.191802
vt 0.087888 0.895285
vt 0.095947 0.912159
vt 0.086569 0.910832
vt 0.069336 0.906708
vt 0.796303 0.970219
vt 0.780080 0.954787
vt 0.802734 0.962965
vt 0.744071 0.969830
vt 0.728516 0.959692
vt 0.752346 0.956989
vt 0.788721 0.978908
vt 0.780319 0.971367
vt 0.763144 0.969440
vt 0.766584 0.962495
vt 0.755948 0.953350
vt 0.923340 0.113400
vt 0.933503 0.110918
vt 0.942871 0.113330
vt 0.387207 0.377356
vt 0.382179 0.390571
vt 0.384099 0.369727
vt 0.361328 0.380545
vt 0.531658 0.100098
vt 0.525740 0.071441
vt 0.533714 0.075072
vt 0.559995 0.151216
vt 0.567886 0.153639
vt 0.562339 0.167608
vt 0.557392 0.134797
vt 0.541317 0.155716
vt 0.541024 0.115710
vt 0.581445 0.120608
vt 0.592108 0.091214
vt 0.596108 0.118421
vt 0.562466 0.123809
vt 0.543846 0.038956
vt 0.550033 0.050611
vt 0.545691 0.071097
vt 0.586857 0.059610
vt 0.598589 0.056832
vt 0.596476 0.072582
vt 0.582298 0.140954
vt 0.601095 0.158972
vt 0.587173 0.174296
vt 0.613244 0.110464
vt 0.606275 0.129464
vt 0.601794 0.146155
vt 0.559193 0.045005
vt 0.547402 0.021609
vt 0.553466 0.004957
vt 0.519153 0.076774
vt 0.606401 0.088331
vt 0.541483 0.172130
vt 0.557867 0.168271
vt 0.514160 0.069791
vt 0.612028 0.090348
vt 0.562111 0.100761
vt 0.595252 0.187593
vt 0.550854 0.096395
vt 0.569364 0.077620
vt 0.564830 0.015060
vt 0.565241 0.003116
vt 0.547326 0.181960
vt 0.550110 0.171402
vt 0.606635 0.068373
vt 0.529367 0.182432
vt 0.609966 0.060297
vt 0.600854 0.030883
vt 0.565165 0.051768
vt 0.562672 0.066052
vt 0.552255 0.069895
vt 0.552029 0.186996
vt 0.562588 0.176462
vt 0.536790 0.049895
vt 0.586497 0.028364
vt 0.601676 0.025319
vt 0.591759 0.040612
vt 0.530954 0.118074
vt 0.521603 0.107002
vt 0.571201 0.027104
vt 0.581264 0.011841
vt 0.570148 0.044164
vt 0.581751 0.083304
vt 0.574376 0.011614
vt 0.539816 0.024172
vt 0.537905 0.011474
vt 0.575184 0.170132
vt 0.589545 0.001489
vt 0.541084 0.005266
vt 0.581592 0.161729
vt 0.625977 0.110627
vt 0.618561 0.121171
vt 0.590818 0.079498
vt 0.535692 0.130306
vt 0.285051 0.451556
vt 0.276779 0.466998
vt 0.269803 0.441702
vt 0.272341 0.406511
vt 0.284090 0.427200
vt 0.267915 0.423153
vt 0.292725 0.444061
vt 0.281285 0.403696
vt 0.292514 0.396774
vt 0.288900 0.420464
vt 0.262939 0.429080
vt 0.286999 0.461384
vt 0.989990 0.633261
vt 0.980225 0.641687
vt 0.981878 0.618362
vt 0.784823 0.322324
vt 0.785006 0.321998
vt 0.792289 0.326854
vt 0.800070 0.286078
vt 0.792867 0.276631
vt 0.795546 0.268910
vt 0.827048 0.269785
vt 0.845835 0.264338
vt 0.835388 0.275702
vt 0.862899 0.242533
vt 0.846254 0.251651
vt 0.826467 0.240339
vt 0.859836 0.281256
vt 0.853869 0.278153
vt 0.778401 0.245201
vt 0.780378 0.253117
vt 0.773613 0.244796
vt 0.824171 0.250219
vt 0.809355 0.268686
vt 0.805176 0.237153
vt 0.757726 0.239956
vt 0.761695 0.247345
vt 0.749268 0.266563
vt 0.769001 0.230858
vt 0.816692 0.278980
vt 0.801608 0.300752
vt 0.775104 0.271015
vt 0.783687 0.320958
vt 0.781737 0.311668
vt 0.839179 0.286577
vt 0.819896 0.308044
vt 0.751926 0.231852
vt 0.861566 0.299515
vt 0.852591 0.302457
vt 0.789776 0.227748
vt 0.785405 0.254093
vt 0.809731 0.223958
vt 0.776249 0.283875
vt 0.862121 0.301999
vt 0.862154 0.270501
vt 0.860235 0.255982
vt 0.784144 0.341687
vt 0.788824 0.221588
vt 0.867920 0.256537
vt 0.765483 0.270019
vt 0.403942 0.735471
vt 0.399414 0.726273
vt 0.412428 0.744252
vt 0.410083 0.697052
vt 0.404133 0.697496
vt 0.402738 0.691398
vt 0.408494 0.685112
vt 0.407678 0.755672
vt 0.404875 0.744954
vt 0.413197 0.717181
vt 0.404839 0.721816
vt 0.402559 0.762779
vt 0.416748 0.734406
vt 0.034878 0.882630
vt 0.001709 0.874730
vt 0.013151 0.871592
vt 0.035776 0.874999
vt 0.038311 0.863027
vt 0.053711 0.874537
vt 0.564555 0.353846
vt 0.567492 0.370854
vt 0.557617 0.364805
vt 0.592773 0.371600
vt 0.575414 0.361476
vt 0.574081 0.382858
vt 0.561523 0.392308
vt 0.132592 0.725097
vt 0.132612 0.713550
vt 0.157058 0.721003
vt 0.186874 0.713050
vt 0.184324 0.700120
vt 0.196580 0.698364
vt 0.189389 0.724905
vt 0.162964 0.716880
vt 0.176776 0.718101
vt 0.202737 0.731634
vt 0.189979 0.731528
vt 0.211170 0.724706
vt 0.100678 0.736656
vt 0.104276 0.759553
vt 0.071488 0.753582
vt 0.159671 0.701861
vt 0.170446 0.731700
vt 0.188820 0.742131
vt 0.199806 0.743283
vt 0.140089 0.701981
vt 0.134065 0.690757
vt 0.141288 0.689510
vt 0.165910 0.724841
vt 0.121194 0.686889
vt 0.131700 0.685112
vt 0.124298 0.693454
vt 0.152077 0.735099
vt 0.099589 0.700500
vt 0.067262 0.703637
vt 0.094201 0.694268
vt 0.144844 0.751513
vt 0.168720 0.737669
vt 0.082820 0.731279
vt 0.072143 0.729841
vt 0.088986 0.700764
vt 0.103196 0.715278
vt 0.200030 0.717013
vt 0.129412 0.705226
vt 0.147392 0.705987
vt 0.137163 0.700938
vt 0.213623 0.735356
vt 0.158415 0.738840
vt 0.111598 0.726268
vt 0.082176 0.727360
vt 0.191824 0.715014
vt 0.137791 0.701391
vt 0.171041 0.708107
vt 0.073522 0.724413
vt 0.057617 0.706014
vt 0.627540 0.996278
vt 0.620820 0.986486
vt 0.633057 0.991916
vt 0.604687 0.991277
vt 0.600869 0.979404
vt 0.587891 0.987484
vt 0.398741 0.316627
vt 0.408388 0.293821
vt 0.407979 0.312365
vt 0.390735 0.327670
vt 0.386202 0.319737
vt 0.389099 0.355682
vt 0.390060 0.356097
vt 0.388549 0.358153
vt 0.387635 0.349065
vt 0.390268 0.355607
vt 0.387324 0.356791
vt 0.411122 0.267725
vt 0.384892 0.267848
vt 0.397089 0.358112
vt 0.387287 0.358953
vt 0.372026 0.285142
vt 0.381378 0.247439
vt 0.410920 0.258637
vt 0.400378 0.262315
vt 0.408998 0.347609
vt 0.396422 0.346447
vt 0.409359 0.355330
vt 0.401685 0.366749
vt 0.400050 0.336635
vt 0.381389 0.365469
vt 0.378174 0.238105
vt 0.384560 0.226920
vt 0.406410 0.326651
vt 0.425781 0.232541
vt 0.420916 0.247900
vt 0.410109 0.241217
vt 0.411010 0.324944
vt 0.414229 0.333563
vt 0.397076 0.221588
vt 0.399344 0.231698
vt 0.393667 0.245234
vt 0.361328 0.262591
vt 0.394867 0.346518
vt 0.367547 0.239635
vt 0.032999 0.912655
vt 0.022984 0.903121
vt 0.033085 0.898546
vt 0.018311 0.889826
vt 0.050781 0.893567
vt 0.930022 0.891528
vt 0.924316 0.892115
vt 0.932422 0.874752
vt 0.937256 0.863027
vt 0.925122 0.869162
vt 0.934944 0.909663
vt 0.930596 0.913648
vt 0.935909 0.892261
vt 0.908936 0.853458
vt 0.927923 0.844417
vt 0.921683 0.856079
vt 0.941406 0.850892
vt 0.428933 0.427930
vt 0.443917 0.409700
vt 0.452148 0.421774
vt 0.406210 0.415382
vt 0.421408 0.411287
vt 0.406954 0.440625
vt 0.387363 0.441414
vt 0.407143 0.428988
vt 0.426956 0.460546
vt 0.401380 0.448927
vt 0.402896 0.403363
vt 0.446489 0.438142
vt 0.432563 0.444363
vt 0.383789 0.412356
vt 0.420741 0.397951
vt 0.444280 0.453178
vt 0.429045 0.396774
vt 0.749176 0.986125
vt 0.748566 0.990587
vt 0.741344 0.988605
vt 0.741543 0.982614
vt 0.755527 0.982134
vt 0.798343 0.988073
vt 0.792343 0.995953
vt 0.780291 0.983608
vt 0.803989 0.993820
vt 0.719674 0.984323
vt 0.729116 0.990495
vt 0.711922 0.986468
vt 0.784240 0.990351
vt 0.778465 0.994170
vt 0.772049 0.987152
vt 0.755804 0.990456
vt 0.812988 0.996030
vt 0.715507 0.992003
vt 0.765500 0.992045
vt 0.696777 0.993721
vt 0.885859 0.247453
vt 0.897452 0.245416
vt 0.892472 0.268671
vt 0.871700 0.233177
vt 0.881199 0.230680
vt 0.885819 0.311538
vt 0.890002 0.310028
vt 0.888181 0.323573
vt 0.874383 0.315510
vt 0.870850 0.310941
vt 0.902344 0.286047
vt 0.899015 0.306144
vt 0.881624 0.268473
vt 0.899330 0.260655
vt 0.872907 0.265091
vt 0.872832 0.240369
vt 0.879705 0.304048
vt 0.889105 0.221588
vt 0.890217 0.241714
vt 0.872529 0.286440
vt 0.601919 0.323559
vt 0.591959 0.331373
vt 0.587668 0.318955
vt 0.596724 0.252432
vt 0.598407 0.264330
vt 0.593462 0.258356
vt 0.593893 0.276357
vt 0.582945 0.309960
vt 0.585042 0.274943
vt 0.604107 0.282030
vt 0.602811 0.260551
vt 0.569038 0.254906
vt 0.586623 0.247161
vt 0.584832 0.256419
vt 0.608052 0.269456
vt 0.609126 0.284003
vt 0.597829 0.243041
vt 0.604485 0.332617
vt 0.599752 0.310561
vt 0.567139 0.232672
vt 0.601126 0.222564
vt 0.586491 0.236496
vt 0.592555 0.303147
vt 0.616891 0.247930
vt 0.621338 0.221588
vt 0.571493 0.238844
vt 0.590886 0.346650
vt 0.570579 0.256308
vt 0.620154 0.234316
vt 0.409424 0.391811
vt 0.411515 0.369975
vt 0.416748 0.386348
vt 0.002160 0.709197
vt 0.002529 0.693052
vt 0.007254 0.713325
vt 0.001465 0.739702
vt 0.007324 0.721367
vt 0.004413 0.734099
vt 0.389010 0.802693
vt 0.390859 0.815861
vt 0.376635 0.802828
vt 0.455782 0.832612
vt 0.451944 0.810773
vt 0.471191 0.817808
vt 0.383399 0.825334
vt 0.399570 0.829983
vt 0.399446 0.843373
vt 0.427601 0.828732
vt 0.412487 0.823472
vt 0.411255 0.813538
vt 0.374242 0.786352
vt 0.395070 0.786397
vt 0.371602 0.793581
vt 0.357595 0.794569
vt 0.375980 0.803263
vt 0.358294 0.805825
vt 0.331409 0.793644
vt 0.410722 0.838623
vt 0.406903 0.802631
vt 0.442087 0.818717
vt 0.441091 0.832667
vt 0.340850 0.811170
vt 0.381678 0.816792
vt 0.339333 0.786480
vt 0.368804 0.820499
vt 0.414694 0.797833
vt 0.431825 0.837738
vt 0.420790 0.852854
vt 0.367963 0.814364
vt 0.360304 0.831686
vt 0.320312 0.798535
vt 0.095561 0.929597
vt 0.100002 0.928389
vt 0.099520 0.933324
vt 0.123785 0.927568
vt 0.147142 0.927129
vt 0.127309 0.932510
vt 0.020788 0.922972
vt 0.015235 0.922142
vt 0.021982 0.920187
vt 0.107093 0.929412
vt 0.073243 0.931808
vt 0.058670 0.934788
vt 0.057544 0.931117
vt 0.181447 0.939174
vt 0.191185 0.946286
vt 0.169158 0.947081
vt 0.006372 0.916625
vt 0.103641 0.936748
vt 0.136471 0.938587
vt 0.103811 0.942116
vt 0.189951 0.939706
vt 0.230980 0.929002
vt 0.099106 0.941566
vt 0.075914 0.935231
vt 0.068759 0.938506
vt 0.036336 0.934393
vt 0.027722 0.928675
vt 0.033677 0.929255
vt 0.045710 0.927987
vt 0.044176 0.939125
vt 0.205477 0.933290
vt 0.036716 0.939669
vt 0.075613 0.931869
vt 0.198936 0.928569
vt 0.233985 0.922335
vt 0.120958 0.936331
vt 0.160896 0.940420
vt 0.150398 0.941028
vt 0.078325 0.942081
vt 0.080782 0.939704
vt 0.089468 0.943214
vt 0.001465 0.921631
vt 0.190655 0.932555
vt 0.195802 0.934370
vt 0.092367 0.940138
vt 0.246557 0.918906
vt 0.242572 0.925724
vt 0.238451 0.927672
vt 0.210390 0.942707
vt 0.190415 0.937002
vt 0.180635 0.935607
vt 0.067936 0.928340
vt 0.092024 0.925379
vt 0.092079 0.936145
vt 0.058971 0.942174
vt 0.086149 0.938016
vt 0.159171 0.930239
vt 0.087213 0.932695
vt 0.155904 0.945672
vt 0.156454 0.950372
vt 0.158540 0.933310
vt 0.108837 0.925016
vt 0.172033 0.928095
vt 0.181647 0.929397
vt 0.065117 0.940905
vt 0.086723 0.928412
vt 0.029587 0.922523
vt 0.238362 0.932912
vt 0.035085 0.923359
vt 0.034925 0.921203
vt 0.054726 0.926419
vt 0.250000 0.925024
vt 0.027192 0.931708
vt 0.134706 0.922943
vt 0.860806 0.141214
vt 0.841797 0.141933
vt 0.853670 0.130682
vt 0.814828 0.140737
vt 0.842166 0.164830
vt 0.808105 0.149435
vt 0.826659 0.134291
vt 0.834044 0.119806
vt 0.867957 0.160187
vt 0.845385 0.157210
vt 0.876931 0.143747
vt 0.875922 0.153515
vt 0.875410 0.134580
vt 0.856406 0.123329
vt 0.886719 0.159822
vt 0.869203 0.173449
vt 0.838720 0.118859
vt 0.496305 0.756191
vt 0.485138 0.736190
vt 0.515150 0.739167
vt 0.451742 0.751220
vt 0.458223 0.721897
vt 0.467983 0.747993
vt 0.492357 0.722651
vt 0.500182 0.712185
vt 0.503947 0.710151
vt 0.520752 0.748309
vt 0.494422 0.759311
vt 0.495618 0.745513
vt 0.428491 0.738258
vt 0.439539 0.721679
vt 0.440289 0.733545
vt 0.475045 0.729083
vt 0.488651 0.705619
vt 0.470222 0.713984
vt 0.480399 0.755901
vt 0.466390 0.702262
vt 0.475226 0.686883
vt 0.477709 0.702223
vt 0.443936 0.735788
vt 0.464486 0.769727
vt 0.513832 0.689793
vt 0.490335 0.685112
vt 0.419678 0.724615
vt 0.517181 0.741599
vt 0.208008 0.863027
vt 0.229004 0.871836
vt 0.212580 0.885161
vt 0.222455 0.888922
vt 0.215856 0.903970
vt 0.208396 0.888536
vt 0.092452 0.985791
vt 0.094520 0.989577
vt 0.079534 0.989578
vt 0.069345 0.988038
vt 0.081530 0.985967
vt 0.102753 0.988595
vt 0.100857 0.986090
vt 0.125546 0.984330
vt 0.071274 0.981638
vt 0.063003 0.988436
vt 0.057617 0.987310
vt 0.061102 0.983612
vt 0.125331 0.986946
vt 0.130367 0.985457
vt 0.139648 0.987227
vt 0.963867 0.813399
vt 0.975830 0.829552
vt 0.964391 0.838462
vt 0.970221 0.805955
vt 0.308693 0.766998
vt 0.318242 0.778101
vt 0.303711 0.776122
vt 0.343994 0.774908
vt 0.323962 0.771740
vt 0.339267 0.783127
vt 0.328990 0.780410
vt 0.591064 0.832273
vt 0.573881 0.843319
vt 0.569116 0.832659
vt 0.496840 0.834600
vt 0.511457 0.846251
vt 0.494475 0.847875
vt 0.504269 0.801865
vt 0.534919 0.795095
vt 0.531013 0.803956
vt 0.552772 0.825263
vt 0.538974 0.838705
vt 0.488594 0.837799
vt 0.474121 0.821062
vt 0.508266 0.823479
vt 0.520039 0.832797
vt 0.499661 0.815180
vt 0.559219 0.847300
vt 0.511319 0.793319
vt 0.520885 0.800367
vt 0.526722 0.822454
vt 0.491687 0.812646
vt 0.491081 0.812145
vt 0.490787 0.810916
vt 0.581581 0.830282
vt 0.522491 0.845931
vt 0.520197 0.843089
vt 0.494108 0.786352
vt 0.546011 0.849132
vt 0.489020 0.795025
vt 0.477233 0.845534
vt 0.479346 0.834427
vt 0.543022 0.825445
vt 0.538454 0.812516
vt 0.786935 0.746180
vt 0.793267 0.754942
vt 0.778527 0.757816
vt 0.746205 0.733841
vt 0.755894 0.739509
vt 0.749996 0.753632
vt 0.770081 0.762650
vt 0.761320 0.767030
vt 0.700921 0.765895
vt 0.703591 0.753228
vt 0.721666 0.774153
vt 0.790727 0.776850
vt 0.781234 0.769278
vt 0.725953 0.707405
vt 0.743720 0.739071
vt 0.719383 0.710161
vt 0.792547 0.735564
vt 0.799784 0.748671
vt 0.749856 0.722594
vt 0.684803 0.745054
vt 0.737570 0.767693
vt 0.747955 0.764672
vt 0.708832 0.747805
vt 0.696076 0.723526
vt 0.767705 0.781141
vt 0.767063 0.773718
vt 0.780596 0.779774
vt 0.716032 0.720104
vt 0.795602 0.773797
vt 0.731020 0.768103
vt 0.715756 0.763684
vt 0.706933 0.714846
vt 0.716165 0.698787
vt 0.709031 0.708908
vt 0.725945 0.737427
vt 0.697988 0.685112
vt 0.804397 0.728709
vt 0.820613 0.740388
vt 0.743968 0.768184
vt 0.761050 0.778697
vt 0.683350 0.757785
vt 0.740967 0.744608
vt 0.690399 0.703844
vt 0.795737 0.720015
vt 0.819008 0.727507
vt 0.832764 0.736976
vt 0.808711 0.765904
vt 0.521494 0.985365
vt 0.541382 0.980397
vt 0.538492 0.987013
vt 0.554921 0.987067
vt 0.555176 0.980642
vt 0.571777 0.988771
vt 0.518799 0.992492
vt 0.570275 0.995037
vt 0.923755 0.367642
vt 0.924372 0.353846
vt 0.941181 0.363915
vt 0.958008 0.355883
vt 0.948273 0.370406
vt 0.936823 0.381141
vt 0.914307 0.355580
vt 0.968592 0.729915
vt 0.961778 0.730405
vt 0.952587 0.723544
vt 0.995715 0.761196
vt 0.982692 0.745081
vt 0.998535 0.747902
vt 0.984878 0.762730
vt 0.997959 0.769264
vt 0.940704 0.761991
vt 0.953017 0.758136
vt 0.955837 0.771094
vt 0.948098 0.714680
vt 0.967551 0.721052
vt 0.950860 0.708257
vt 0.944355 0.739917
vt 0.945070 0.732917
vt 0.930983 0.742223
vt 0.945731 0.772416
vt 0.933407 0.762965
vt 0.929600 0.753133
vt 0.926451 0.713046
vt 0.941217 0.714516
vt 0.933142 0.721495
vt 0.913935 0.711085
vt 0.852601 0.721192
vt 0.880054 0.728678
vt 0.859170 0.735378
vt 0.922567 0.760842
vt 0.886962 0.707008
vt 0.895737 0.715203
vt 0.878690 0.716938
vt 0.899944 0.685112
vt 0.950926 0.783375
vt 0.959207 0.778185
vt 0.932793 0.730279
vt 0.920994 0.731976
vt 0.912839 0.718960
vt 0.959447 0.746043
vt 0.967018 0.766291
vt 0.971071 0.754957
vt 0.971668 0.762738
vt 0.962932 0.780533
vt 0.968003 0.780117
vt 0.892621 0.724747
vt 0.923802 0.744123
vt 0.936061 0.728494
vt 0.841205 0.746016
vt 0.835693 0.727959
vt 0.863823 0.716580
vt 0.985781 0.733697
vt 0.972806 0.749948
vt 0.924563 0.770239
vt 0.977684 0.780716
vt 0.972636 0.717225
vt 0.764597 0.434655
vt 0.785248 0.439249
vt 0.762504 0.439956
vt 0.729734 0.407740
vt 0.747289 0.410973
vt 0.721553 0.418967
vt 0.701040 0.439889
vt 0.686176 0.452704
vt 0.678848 0.447433
vt 0.879289 0.409497
vt 0.884931 0.413470
vt 0.877357 0.418624
vt 0.617797 0.427964
vt 0.609808 0.427655
vt 0.621890 0.415309
vt 0.675175 0.436234
vt 0.650315 0.429734
vt 0.661923 0.429702
vt 0.622733 0.407041
vt 0.641132 0.412254
vt 0.720180 0.431404
vt 0.714870 0.423101
vt 0.788501 0.422005
vt 0.801106 0.419648
vt 0.790575 0.431093
vt 0.711713 0.416718
vt 0.824121 0.426425
vt 0.813036 0.426777
vt 0.819710 0.418740
vt 0.855209 0.428283
vt 0.856553 0.422040
vt 0.861258 0.425772
vt 0.790850 0.434220
vt 0.770814 0.433144
vt 0.632371 0.436336
vt 0.605424 0.448211
vt 0.609781 0.433778
vt 0.849276 0.426696
vt 0.849324 0.431980
vt 0.834666 0.424863
vt 0.662468 0.450002
vt 0.650081 0.436748
vt 0.834586 0.432690
vt 0.830161 0.432086
vt 0.572266 0.409021
vt 0.578422 0.407183
vt 0.578754 0.421535
vt 0.871355 0.435079
vt 0.870394 0.420433
vt 0.812145 0.431558
vt 0.636535 0.402012
vt 0.698340 0.406929
vt 0.695037 0.418531
vt 0.675571 0.413970
vt 0.698932 0.425379
vt 0.745994 0.444308
vt 0.751771 0.439910
vt 0.746474 0.444399
vt 0.825930 0.416835
vt 0.860898 0.415331
vt 0.870513 0.410581
vt 0.666023 0.401124
vt 0.743495 0.402756
vt 0.703341 0.428999
vt 0.715211 0.433459
vt 0.698933 0.433165
vt 0.720191 0.439556
vt 0.727158 0.440322
vt 0.739427 0.452001
vt 0.747890 0.435812
vt 0.702233 0.397603
vt 0.605729 0.418593
vt 0.657694 0.414908
vt 0.668250 0.421018
vt 0.607361 0.402948
vt 0.598983 0.411024
vt 0.816463 0.434502
vt 0.816240 0.438151
vt 0.847695 0.423547
vt 0.848290 0.418683
vt 0.582098 0.413926
vt 0.745407 0.443891
vt 0.708772 0.408189
vt 0.711351 0.449209
vt 0.662770 0.457568
vt 0.852290 0.426781
vt 0.849252 0.425262
vt 0.758384 0.423746
vt 0.770522 0.448073
vt 0.783215 0.444503
vt 0.803392 0.441145
vt 0.771107 0.424652
vt 0.597761 0.439313
vt 0.734194 0.437441
vt 0.719476 0.403102
vt 0.835450 0.417268
vt 0.588503 0.439082
vt 0.591651 0.431133
vt 0.801927 0.436429
vt 0.730090 0.404790
vt 0.712491 0.399348
vt 0.887207 0.418992
vt 0.592644 0.396774
vt 0.247620 0.015452
vt 0.248163 0.023639
vt 0.241844 0.020065
vt 0.237092 0.124898
vt 0.234469 0.145396
vt 0.230561 0.140131
vt 0.209291 0.185695
vt 0.219020 0.206212
vt 0.211435 0.209079
vt 0.201949 0.222655
vt 0.201501 0.208104
vt 0.207077 0.194005
vt 0.241844 0.093392
vt 0.235090 0.094271
vt 0.237797 0.086160
vt 0.238885 0.111454
vt 0.234363 0.109899
vt 0.234495 0.102094
vt 0.212448 0.118410
vt 0.212383 0.107484
vt 0.218912 0.112513
vt 0.224486 0.342076
vt 0.216955 0.327443
vt 0.216757 0.314514
vt 0.220067 0.353743
vt 0.219172 0.346647
vt 0.195136 0.235853
vt 0.198743 0.236156
vt 0.196845 0.239043
vt 0.216057 0.146752
vt 0.219708 0.150247
vt 0.210227 0.158621
vt 0.249987 0.407334
vt 0.245893 0.399565
vt 0.249119 0.401842
vt 0.209582 0.220942
vt 0.224165 0.059682
vt 0.229726 0.048917
vt 0.235153 0.054186
vt 0.207194 0.250483
vt 0.199658 0.248606
vt 0.201160 0.246486
vt 0.226575 0.151747
vt 0.219928 0.157094
vt 0.243132 0.404882
vt 0.242241 0.409388
vt 0.237156 0.406032
vt 0.197683 0.245728
vt 0.203834 0.246197
vt 0.221333 0.304024
vt 0.211484 0.293565
vt 0.210692 0.284194
vt 0.221739 0.365440
vt 0.227506 0.366150
vt 0.221682 0.222344
vt 0.223564 0.213922
vt 0.230652 0.335887
vt 0.222518 0.320586
vt 0.226821 0.321197
vt 0.209114 0.147571
vt 0.210008 0.137659
vt 0.237999 0.357902
vt 0.230439 0.355322
vt 0.213226 0.328996
vt 0.212686 0.303514
vt 0.248204 0.060881
vt 0.244505 0.068296
vt 0.240579 0.065275
vt 0.226040 0.421086
vt 0.229706 0.413048
vt 0.228125 0.418793
vt 0.239530 0.410689
vt 0.242109 0.414431
vt 0.235280 0.417679
vt 0.238491 0.020571
vt 0.246097 0.029100
vt 0.237237 0.046084
vt 0.238035 0.035406
vt 0.239923 0.370247
vt 0.234775 0.367099
vt 0.201424 0.236387
vt 0.205644 0.238524
vt 0.200667 0.238946
vt 0.240629 0.403132
vt 0.238968 0.386356
vt 0.219042 0.230529
vt 0.224302 0.414197
vt 0.228857 0.398146
vt 0.211365 0.301644
vt 0.208122 0.310040
vt 0.208790 0.307066
vt 0.207838 0.351304
vt 0.251253 0.039610
vt 0.254871 0.033211
vt 0.248864 0.051173
vt 0.199126 0.241489
vt 0.196301 0.209755
vt 0.228826 0.224688
vt 0.224244 0.243096
vt 0.224832 0.233232
vt 0.239623 0.341531
vt 0.214778 0.176739
vt 0.212548 0.257638
vt 0.213420 0.260625
vt 0.211934 0.267297
vt 0.202981 0.153253
vt 0.204062 0.183880
vt 0.244590 0.409759
vt 0.254121 0.020236
vt 0.254540 0.020802
vt 0.205109 0.256087
vt 0.198525 0.255689
vt 0.253137 0.006057
vt 0.249248 0.011789
vt 0.246950 0.006262
vt 0.218858 0.282033
vt 0.245596 0.422178
vt 0.247300 0.427311
vt 0.242844 0.427753
vt 0.191914 0.199686
vt 0.200017 0.184008
vt 0.232816 0.416252
vt 0.230559 0.422920
vt 0.251207 0.434521
vt 0.251071 0.419875
vt 0.255731 0.429486
vt 0.233706 0.390975
vt 0.237757 0.406318
vt 0.248264 0.455338
vt 0.245219 0.461056
vt 0.242310 0.447216
vt 0.250586 0.055953
vt 0.242851 0.060682
vt 0.246004 0.392397
vt 0.243668 0.386758
vt 0.245909 0.387352
vt 0.229518 0.079503
vt 0.224979 0.070577
vt 0.233701 0.077790
vt 0.226328 0.139843
vt 0.239821 0.123542
vt 0.244187 0.045471
vt 0.240645 0.067218
vt 0.237378 0.136232
vt 0.196182 0.251836
vt 0.195672 0.256690
vt 0.201000 0.313043
vt 0.229728 0.425313
vt 0.260010 0.012325
vt 0.254157 0.019788
vt 0.239159 0.449315
vt 0.240886 0.016816
vt 0.251424 0.062237
vt 0.241529 0.056872
vt 0.232458 0.067962
vt 0.224711 0.382466
vt 0.220455 0.389994
vt 0.213240 0.248881
vt 0.207962 0.243401
vt 0.213884 0.242854
vt 0.249264 0.069136
vt 0.196402 0.241912
vt 0.194075 0.245006
vt 0.194434 0.239564
vt 0.243564 0.078526
vt 0.236245 0.074944
vt 0.214230 0.124874
vt 0.234361 0.081033
vt 0.246096 0.069593
vt 0.207799 0.258277
vt 0.222826 0.171017
vt 0.236481 0.436373
vt 0.234846 0.428503
vt 0.239661 0.432456
vt 0.255070 0.442971
vt 0.258193 0.439098
vt 0.246934 0.430666
vt 0.204038 0.317361
vt 0.206483 0.241673
vt 0.235053 0.089253
vt 0.196983 0.243604
vt 0.209778 0.339762
vt 0.250211 0.438805
vt 0.248091 0.449424
vt 0.248989 0.001489
vt 0.209124 0.238006
vt 0.211713 0.230994
vt 0.196428 0.258899
vt 0.203685 0.279442
vt 0.210472 0.289467
vt 0.237334 0.450473
vt 0.231226 0.087370
vt 0.254084 0.400807
vt 0.249679 0.397036
vt 0.203619 0.173748
vt 0.231177 0.044322
vt 0.241486 0.469231
vt 0.241177 0.460784
vt 0.186469 0.211324
vt 0.184326 0.209854
vt 0.209359 0.265746
vt 0.198892 0.265805
vt 0.224690 0.132578
vt 0.221241 0.112935
vt 0.232999 0.114804
vt 0.220607 0.137148
vt 0.218891 0.120172
vt 0.216659 0.134377
vt 0.241339 0.395406
vt 0.233657 0.421756
vt 0.219453 0.248508
vt 0.241632 0.423175
vt 0.241195 0.355347
vt 0.201419 0.270393
vt 0.243444 0.387707
vt 0.233735 0.412871
vt 0.217367 0.385567
vt 0.213004 0.362409
vt 0.235051 0.037200
vt 0.218693 0.261800
vt 0.217913 0.258775
vt 0.231858 0.108115
vt 0.242257 0.435477
vt 0.240754 0.010166
vt 0.208965 0.125162
vt 0.206701 0.281331
vt 0.203318 0.278424
vt 0.204053 0.273538
vt 0.197968 0.170947
vt 0.202159 0.273542
vt 0.238951 0.410897
vt 0.201854 0.228993
vt 0.221538 0.188140
vt 0.234599 0.437447
vt 0.244310 0.367113
vt 0.258844 0.008549
vt 0.227714 0.041551
vt 0.210016 0.297774
vt 0.254851 0.418660
vt 0.225862 0.428006
vt 0.292039 0.037537
vt 0.294313 0.059509
vt 0.287519 0.044183
vt 0.289182 0.250467
vt 0.305281 0.266582
vt 0.300042 0.278752
vt 0.298751 0.111074
vt 0.317963 0.109010
vt 0.309949 0.125841
vt 0.307899 0.236398
vt 0.311816 0.218553
vt 0.314399 0.228130
vt 0.324927 0.210388
vt 0.328471 0.228373
vt 0.292686 0.343430
vt 0.299629 0.349686
vt 0.296745 0.367406
vt 0.338071 0.019937
vt 0.339587 0.033150
vt 0.333695 0.027088
vt 0.297679 0.034161
vt 0.297008 0.047550
vt 0.305195 0.092440
vt 0.291911 0.089596
vt 0.288606 0.059779
vt 0.316682 0.029026
vt 0.310747 0.029479
vt 0.313267 0.025322
vt 0.302732 0.292843
vt 0.322078 0.135105
vt 0.320208 0.144030
vt 0.314486 0.131741
vt 0.324030 0.013911
vt 0.321561 0.005294
vt 0.330388 0.008372
vt 0.317090 0.232532
vt 0.316484 0.039599
vt 0.321793 0.035839
vt 0.318806 0.045174
vt 0.282455 0.031355
vt 0.278437 0.038126
vt 0.274622 0.024087
vt 0.318050 0.380960
vt 0.322046 0.388815
vt 0.309957 0.390620
vt 0.328909 0.199376
vt 0.284410 0.211077
vt 0.297535 0.214886
vt 0.289959 0.237653
vt 0.346043 0.185494
vt 0.340648 0.188259
vt 0.341138 0.164464
vt 0.332615 0.140657
vt 0.346174 0.139063
vt 0.334586 0.144054
vt 0.294561 0.019706
vt 0.297403 0.021978
vt 0.291570 0.025801
vt 0.309477 0.034573
vt 0.317047 0.033391
vt 0.295921 0.344663
vt 0.355582 0.177355
vt 0.358398 0.186523
vt 0.292102 0.193932
vt 0.275573 0.187286
vt 0.288699 0.166651
vt 0.298377 0.130571
vt 0.306461 0.135776
vt 0.297472 0.174203
vt 0.287191 0.114586
vt 0.315411 0.392504
vt 0.331537 0.107110
vt 0.330656 0.121274
vt 0.324366 0.101956
vt 0.293170 0.305951
vt 0.336305 0.036932
vt 0.327822 0.031817
vt 0.329367 0.021688
vt 0.319438 0.014141
vt 0.316561 0.017204
vt 0.319041 0.001489
vt 0.315571 0.173448
vt 0.326556 0.183744
vt 0.323311 0.022491
vt 0.296099 0.326409
vt 0.281404 0.342153
vt 0.321916 0.088661
vt 0.317394 0.087305
vt 0.323162 0.076523
vt 0.319132 0.163098
vt 0.323052 0.144139
vt 0.324893 0.153849
vt 0.329827 0.037965
vt 0.323060 0.047856
vt 0.276305 0.173193
vt 0.271869 0.119189
vt 0.318313 0.065360
vt 0.307095 0.058190
vt 0.302117 0.027814
vt 0.296328 0.030310
vt 0.337157 0.188573
vt 0.333339 0.041418
vt 0.333474 0.157424
vt 0.324432 0.030166
vt 0.356748 0.156299
vt 0.357758 0.167726
vt 0.349608 0.148547
vt 0.310634 0.156308
vt 0.316263 0.152701
vt 0.329770 0.084184
vt 0.304446 0.385694
vt 0.313761 0.376906
vt 0.342283 0.150184
vt 0.348687 0.162383
vt 0.318371 0.095854
vt 0.316121 0.301127
vt 0.303874 0.326486
vt 0.319279 0.253815
vt 0.310250 0.044678
vt 0.327877 0.127813
vt 0.324961 0.130698
vt 0.310202 0.340588
vt 0.302079 0.061876
vt 0.284604 0.027195
vt 0.288644 0.029289
vt 0.285026 0.036675
vt 0.305098 0.046407
vt 0.299562 0.039539
vt 0.331388 0.101208
vt 0.326212 0.101550
vt 0.315407 0.393766
vt 0.311672 0.391788
vt 0.282851 0.320537
vt 0.308595 0.178657
vt 0.274218 0.051312
vt 0.267132 0.067021
vt 0.262939 0.051981
vt 0.276979 0.017996
vt 0.282404 0.021433
vt 0.279099 0.030764
vt 0.273967 0.093258
vt 0.285565 0.094230
vt 0.270252 0.318535
vt 0.320092 0.367192
vt 0.330129 0.131892
vt 0.281712 0.368598
vt 0.284242 0.374422
vt 0.305006 0.156347
vt 0.318980 0.023049
vt 0.325438 0.386243
vt 0.331226 0.042805
vt 0.309314 0.076692
vt 0.332565 0.088823
vt 0.321425 0.001710
vt 0.278467 0.337142
vt 0.333387 0.363966
vt 0.321619 0.373722
vt 0.304715 0.390098
vt 0.319089 0.123146
vt 0.308238 0.040340
vt 0.336962 0.132574
vt 0.336508 0.077298
vt 0.326531 0.071065
vt 0.328598 0.378228
vt 0.288295 0.026204
vt 0.317622 0.393797
vt 0.331938 0.005056
vt 0.264697 0.037009
vt 0.269946 0.029597
vt 0.280804 0.354250
vt 0.312660 0.281875
vt 0.323400 0.054535
vt 0.285791 0.038328
vt 0.276059 0.028899
vt 0.352156 0.138600
vt 0.334058 0.374126
s 1
usemtl Branch_material
f 1/1/1 2/2/2 3/3/3
f 3/3/3 4/4/4 5/5/5
f 2/2/2 4/4/4 3/3/3
f 6/6/6 2/2/2 1/1/1
f 4/4/4 7/7/7 5/5/5
f 8/8/8 2/2/2 6/6/6
f 9/9/9 10/10/10 11/11/11
f 12/12/12 10/10/10 13/13/13
f 14/14/14 11/11/11 10/10/10
f 10/10/10 9/9/9 13/13/13
f 10/10/10 12/12/12 15/15/15
f 14/14/14 10/10/10 15/15/15
f 16/16/16 12/17/12 13/18/13
f 2/19/2 16/16/16 17/20/17
f 8/21/8 15/22/15 2/19/2
f 15/22/15 12/17/12 16/16/16
f 2/19/2 15/22/15 16/16/16
f 18/23/18 17/24/17 16/25/16
f 18/23/18 7/26/7 17/24/17
f 7/27/7 18/28/18 19/29/19
f 18/28/18 20/30/20 19/29/19
f 18/28/18 13/31/13 20/30/20
f 13/31/13 18/28/18 16/32/16
f 17/33/17 4/34/4 2/35/2
f 4/34/4 17/33/17 7/36/7
f 21/37/21 22/38/21 23/39/21
f 24/40/22 25/41/22 26/42/22
f 27/43/23 28/44/24 29/45/25
f 30/46/26 31/47/27 32/48/28
f 33/49/29 29/45/25 28/44/24
f 32/48/28 3/50/3 34/51/30
f 35/52/31 36/53/32 37/54/33
f 31/47/27 38/55/34 32/48/28
f 39/56/35 40/57/36 41/58/37
f 42/59/38 43/60/39 31/47/27
f 37/54/33 33/49/29 35/52/31
f 43/60/39 44/61/40 45/62/41
f 38/55/34 6/63/6 1/64/1
f 39/56/35 35/52/31 40/57/36
f 32/48/28 1/64/1 3/50/3
f 42/59/38 35/52/31 43/60/39
f 32/48/28 34/51/30 46/65/42
f 47/66/43 35/52/31 33/49/29
f 32/48/28 38/55/34 1/64/1
f 48/67/44 44/61/40 39/56/35
f 32/48/28 46/65/42 30/46/26
f 35/52/31 39/56/35 43/60/39
f 27/43/23 49/68/45 28/44/24
f 41/58/37 50/69/46 51/70/47
f 52/71/48 49/68/45 27/43/23
f 49/68/45 53/72/49 28/44/24
f 42/59/38 31/47/27 30/46/26
f 38/55/34 45/62/41 6/63/6
f 39/56/35 44/61/40 43/60/39
f 36/53/32 42/59/38 30/46/26
f 45/62/41 31/47/27 43/60/39
f 28/44/24 47/66/43 33/49/29
f 45/62/41 38/55/34 31/47/27
f 51/70/47 48/67/44 41/58/37
f 35/52/31 42/59/38 36/53/32
f 39/56/35 41/58/37 48/67/44
f 54/73/50 45/74/41 44/75/40
f 45/74/41 54/73/50 8/76/8
f 55/77/51 56/78/52 57/79/53
f 57/79/53 15/80/15 51/81/47
f 54/73/50 51/81/47 8/76/8
f 48/82/44 54/73/50 44/75/40
f 45/74/41 8/76/8 6/83/6
f 56/78/52 14/84/14 15/80/15
f 48/82/44 51/81/47 54/73/50
f 14/84/14 56/78/52 11/85/11
f 57/79/53 56/78/52 15/80/15
f 8/76/8 51/81/47 15/80/15
f 58/86/54 59/87/55 11/88/11
f 41/89/37 60/90/56 50/91/46
f 61/92/57 7/93/7 19/94/19
f 62/95/58 63/96/59 64/97/60
f 49/98/45 52/99/48 65/100/61
f 66/101/62 67/102/63 68/103/64
f 67/102/63 69/104/65 68/103/64
f 49/98/45 65/100/61 53/105/49
f 70/106/66 69/104/65 67/102/63
f 71/107/67 72/108/68 50/91/46
f 35/109/31 53/105/49 40/110/36
f 59/87/55 68/103/64 11/88/11
f 73/111/69 50/91/46 74/112/70
f 66/101/62 75/113/71 76/114/72
f 62/95/58 57/115/53 72/108/68
f 65/100/61 60/90/56 40/110/36
f 70/106/66 77/116/73 69/104/65
f 40/110/36 53/105/49 65/100/61
f 66/101/62 59/87/55 75/113/71
f 75/113/71 78/117/74 76/114/72
f 75/113/71 64/97/60 79/118/75
f 53/105/49 47/119/43 28/120/24
f 58/86/54 64/97/60 75/113/71
f 61/92/57 11/88/11 68/103/64
f 9/121/9 20/122/20 13/123/13
f 56/124/52 58/86/54 11/88/11
f 80/125/76 61/92/57 19/94/19
f 81/126/77 71/107/67 73/111/69
f 82/127/78 78/117/74 75/113/71
f 20/122/20 9/121/9 80/125/76
f 55/128/51 64/97/60 58/86/54
f 62/95/58 72/108/68 71/107/67
f 63/96/59 83/129/79 79/118/75
f 65/100/61 84/130/80 74/112/70
f 62/95/58 64/97/60 55/128/51
f 62/95/58 71/107/67 81/126/77
f 64/97/60 63/96/59 79/118/75
f 47/119/43 53/105/49 35/109/31
f 77/116/73 7/93/7 61/92/57
f 61/92/57 68/103/64 69/104/65
f 85/131/81 63/96/59 81/126/77
f 62/95/58 55/128/51 57/115/53
f 19/94/19 20/122/20 80/125/76
f 55/128/51 58/86/54 56/124/52
f 81/126/77 63/96/59 62/95/58
f 74/112/70 60/90/56 65/100/61
f 41/89/37 40/110/36 60/90/56
f 82/127/78 79/118/75 83/129/79
f 74/112/70 50/91/46 60/90/56
f 9/121/9 11/88/11 80/125/76
f 80/125/76 11/88/11 61/92/57
f 59/87/55 58/86/54 75/113/71
f 69/104/65 77/116/73 61/92/57
f 75/113/71 79/118/75 82/127/78
f 85/131/81 83/129/79 63/96/59
f 71/107/67 50/91/46 73/111/69
f 66/101/62 68/103/64 59/87/55
f 50/91/46 72/108/68 51/132/47
f 57/115/53 51/132/47 72/108/68
f 86/133/82 87/134/83 88/135/84
f 89/136/85 90/137/86 91/138/87
f 92/139/88 93/140/89 94/141/90
f 95/142/91 92/139/88 96/143/92
f 97/144/93 98/145/94 99/146/95
f 89/136/85 100/147/96 101/148/97
f 102/149/98 33/150/29 103/151/99
f 34/152/30 104/153/100 46/154/42
f 105/155/101 94/141/90 97/144/93
f 104/153/100 36/156/32 30/157/26
f 106/158/102 90/137/86 107/159/103
f 89/136/85 108/160/104 107/159/103
f 109/161/105 87/134/83 107/159/103
f 46/154/42 104/153/100 30/157/26
f 94/141/90 105/155/101 92/139/88
f 36/156/32 104/153/100 110/162/106
f 94/141/90 111/163/107 97/144/93
f 97/144/93 112/164/108 98/145/94
f 94/141/90 93/140/89 111/163/107
f 113/165/109 91/138/87 90/137/86
f 33/150/29 102/149/98 101/148/97
f 112/164/108 97/144/93 111/163/107
f 92/139/88 114/166/110 96/143/92
f 103/151/99 110/162/106 102/149/98
f 90/137/86 89/136/85 107/159/103
f 37/167/33 36/156/32 103/151/99
f 115/168/111 102/149/98 96/143/92
f 115/168/111 116/169/112 108/160/104
f 109/161/105 117/170/113 118/171/114
f 114/166/110 116/169/112 115/168/111
f 99/146/95 109/161/105 116/169/112
f 95/142/91 110/162/106 104/153/100
f 102/149/98 108/160/104 101/148/97
f 29/172/25 33/150/29 100/147/96
f 92/139/88 95/142/91 93/140/89
f 117/170/113 109/161/105 99/146/95
f 113/165/109 90/137/86 106/158/102
f 99/146/95 105/155/101 97/144/93
f 104/153/100 34/152/30 95/142/91
f 110/162/106 103/151/99 36/156/32
f 114/166/110 105/155/101 116/169/112
f 100/147/96 119/173/115 120/174/116
f 102/149/98 110/162/106 96/143/92
f 100/147/96 120/174/116 29/172/25
f 121/175/117 87/134/83 86/133/82
f 101/148/97 100/147/96 33/150/29
f 108/160/104 89/136/85 101/148/97
f 116/169/112 109/161/105 107/159/103
f 121/175/117 107/159/103 87/134/83
f 102/149/98 115/168/111 108/160/104
f 87/134/83 118/171/114 88/135/84
f 107/159/103 121/175/117 106/158/102
f 91/138/87 113/165/109 122/176/118
f 37/167/33 103/151/99 33/150/29
f 114/166/110 92/139/88 105/155/101
f 107/159/103 108/160/104 116/169/112
f 110/162/106 95/142/91 96/143/92
f 95/142/91 34/152/30 3/177/3
f 105/155/101 99/146/95 116/169/112
f 87/134/83 109/161/105 118/171/114
f 114/166/110 115/168/111 96/143/92
f 123/178/119 124/179/120 125/180/121
f 126/181/122 127/182/123 128/183/124
f 128/183/124 129/184/125 130/185/126
f 131/186/127 132/187/128 130/185/126
f 133/188/129 130/185/126 134/189/130
f 135/190/131 136/191/132 137/192/133
f 138/193/134 129/184/125 135/190/131
f 128/183/124 133/188/129 139/194/135
f 140/195/136 141/196/137 142/197/138
f 143/198/139 144/199/140 145/200/141
f 146/201/142 136/191/132 126/181/122
f 147/202/143 148/203/144 149/204/145
f 150/205/146 139/194/135 133/188/129
f 144/199/140 143/198/139 148/203/144
f 132/187/128 151/206/147 142/197/138
f 152/207/148 124/179/120 153/208/149
f 154/209/150 128/183/124 127/182/123
f 153/208/149 126/181/122 128/183/124
f 140/195/136 138/193/134 137/192/133
f 129/184/125 126/181/122 135/190/131
f 151/206/147 140/195/136 142/197/138
f 144/199/140 148/203/144 147/202/143
f 134/189/130 155/210/151 156/211/152
f 129/184/125 128/183/124 154/209/150
f 126/181/122 136/191/132 135/190/131
f 157/212/153 158/213/154 149/204/145
f 124/179/120 159/214/155 125/180/121
f 160/215/156 161/216/157 145/200/141
f 128/183/124 162/217/158 153/208/149
f 129/184/125 138/193/134 130/185/126
f 134/189/130 163/218/159 133/188/129
f 126/181/122 153/208/149 123/178/119
f 131/186/127 151/206/147 132/187/128
f 160/215/156 164/219/160 161/216/157
f 161/216/157 141/196/137 145/200/141
f 125/180/121 146/201/142 123/178/119
f 165/220/161 152/207/148 153/208/149
f 165/220/161 153/208/149 162/217/158
f 133/188/129 128/183/124 130/185/126
f 136/191/132 149/204/145 137/192/133
f 143/198/139 140/195/136 137/192/133
f 140/195/136 143/198/139 141/196/137
f 151/206/147 138/193/134 140/195/136
f 137/192/133 149/204/145 148/203/144
f 130/185/126 138/193/134 131/186/127
f 157/212/153 146/201/142 125/180/121
f 166/221/162 124/179/120 152/207/148
f 148/203/144 143/198/139 137/192/133
f 146/201/142 157/212/153 136/191/132
f 124/179/120 123/178/119 153/208/149
f 129/184/125 127/182/123 126/181/122
f 149/204/145 136/191/132 157/212/153
f 145/200/141 141/196/137 143/198/139
f 126/181/122 123/178/119 146/201/142
f 138/193/134 135/190/131 137/192/133
f 134/189/130 130/185/126 155/210/151
f 125/180/121 158/213/154 157/212/153
f 145/200/141 144/199/140 160/215/156
f 165/220/161 167/222/163 152/207/148
f 151/206/147 131/186/127 138/193/134
f 155/210/151 130/185/126 132/187/128
f 168/223/164 169/224/165 170/225/166
f 171/226/167 172/227/168 173/228/169
f 174/229/170 172/227/168 171/226/167
f 175/230/171 176/231/172 177/232/173
f 175/230/171 177/232/173 178/233/174
f 179/234/175 175/230/171 178/233/174
f 180/235/176 181/236/177 182/237/178
f 183/238/179 184/239/180 185/240/181
f 184/241/180 186/242/182 185/243/181
f 187/244/183 188/245/184 189/246/185
f 190/247/186 188/245/184 191/248/187
f 191/248/187 188/245/184 187/244/183
f 192/249/188 190/247/186 191/248/187
f 193/250/189 194/251/190 195/252/191
f 196/253/192 194/251/190 193/250/189
f 197/254/193 169/255/165 198/256/194
f 197/254/193 170/257/166 169/255/165
f 170/257/166 197/254/193 199/258/195
f 200/259/196 201/260/197 202/261/198
f 203/262/199 204/263/200 205/264/201
f 206/265/202 205/264/201 204/263/200
f 207/266/203 208/267/204 209/268/205
f 208/267/204 210/269/206 211/270/207
f 212/271/208 213/272/209 214/273/210
f 213/272/209 212/271/208 209/268/205
f 212/271/208 207/266/203 209/268/205
f 208/267/204 207/266/203 210/269/206
f 215/274/211 216/275/212 217/276/213
f 173/277/169 218/278/214 219/279/215
f 215/274/211 219/279/215 216/275/212
f 220/280/216 173/277/169 183/281/179
f 219/279/215 215/274/211 183/281/179
f 218/278/214 216/275/212 219/279/215
f 173/277/169 219/279/215 183/281/179
f 221/282/217 222/283/218 223/284/219
f 224/285/220 225/286/221 226/287/222
f 227/288/223 224/285/220 228/289/224
f 229/290/225 230/291/226 231/292/227
f 224/285/220 227/288/223 229/290/225
f 232/293/228 233/294/229 227/288/223
f 224/285/220 229/290/225 225/286/221
f 227/288/223 223/284/219 230/291/226
f 229/290/225 231/292/227 225/286/221
f 230/291/226 229/290/225 227/288/223
f 234/295/230 221/282/217 232/293/228
f 223/284/219 233/294/229 221/282/217
f 224/285/220 235/296/231 228/289/224
f 233/294/229 232/293/228 221/282/217
f 233/294/229 223/284/219 227/288/223
f 235/296/231 224/285/220 226/287/222
f 221/282/217 234/295/230 222/283/218
f 227/288/223 236/297/232 232/293/228
f 228/289/224 236/297/232 227/288/223
f 237/298/233 181/299/177 180/300/176
f 238/301/234 239/302/235 195/303/191
f 182/304/178 240/305/236 241/306/237
f 182/304/178 241/306/237 180/300/176
f 182/304/178 242/307/238 238/301/234
f 243/308/239 244/309/240 245/310/241
f 195/303/191 239/302/235 193/311/189
f 182/304/178 238/301/234 240/305/236
f 246/312/242 247/313/243 245/310/241
f 181/299/177 248/314/244 242/307/238
f 195/303/191 240/305/236 238/301/234
f 243/308/239 248/314/244 181/299/177
f 249/315/245 250/316/246 246/312/242
f 243/308/239 181/299/177 237/298/233
f 251/317/247 250/316/246 249/315/245
f 249/315/245 246/312/242 245/310/241
f 247/313/243 243/308/239 245/310/241
f 247/313/243 248/314/244 243/308/239
f 244/309/240 251/317/247 249/315/245
f 241/306/237 237/298/233 180/300/176
f 245/310/241 244/309/240 249/315/245
f 181/299/177 242/307/238 182/304/178
f 175/318/171 179/319/175 252/320/248
f 201/321/197 253/322/249 254/323/250
f 255/324/251 256/325/252 257/326/253
f 192/327/188 258/328/254 259/329/255
f 260/330/256 200/331/196 192/327/188
f 207/332/203 261/333/257 254/323/250
f 262/334/258 256/325/252 263/335/259
f 264/336/260 265/337/261 266/338/262
f 267/339/263 260/330/256 191/340/187
f 268/341/264 262/334/258 264/336/260
f 211/342/207 175/318/171 252/320/248
f 269/343/265 270/344/266 271/345/267
f 265/337/261 271/345/267 266/338/262
f 272/346/268 200/331/196 260/330/256
f 191/340/187 260/330/256 192/327/188
f 176/347/172 210/348/206 253/322/249
f 201/321/197 200/331/196 253/322/249
f 176/347/172 211/342/207 210/348/206
f 273/349/269 258/328/254 200/331/196
f 201/321/197 262/334/258 268/341/264
f 211/342/207 176/347/172 175/318/171
f 254/323/250 253/322/249 210/348/206
f 274/350/270 265/337/261 264/336/260
f 257/326/253 256/325/252 201/321/197
f 267/339/263 178/351/174 272/346/268
f 274/350/270 264/336/260 262/334/258
f 266/338/262 202/352/198 268/341/264
f 266/338/262 268/341/264 264/336/260
f 207/332/203 254/323/250 210/348/206
f 258/328/254 192/327/188 200/331/196
f 257/326/253 201/321/197 275/353/271
f 276/354/272 256/325/252 255/324/251
f 265/337/261 269/343/265 271/345/267
f 177/355/173 253/322/249 200/331/196
f 268/341/264 202/352/198 201/321/197
f 256/325/252 262/334/258 201/321/197
f 200/331/196 272/346/268 177/355/173
f 260/330/256 267/339/263 272/346/268
f 276/354/272 263/335/259 256/325/252
f 176/347/172 253/322/249 177/355/173
f 177/355/173 272/346/268 178/351/174
f 202/352/198 266/338/262 273/349/269
f 201/321/197 254/323/250 275/353/271
f 200/331/196 202/352/198 273/349/269
f 198/356/194 277/357/273 278/358/274
f 279/359/275 278/358/274 277/357/273
f 280/360/276 216/361/212 218/362/214
f 281/363/277 282/364/278 217/365/213
f 206/366/202 204/367/200 196/368/192
f 283/369/279 284/370/280 285/371/281
f 283/369/279 278/358/274 279/359/275
f 239/372/235 286/373/282 193/374/189
f 203/375/199 287/376/283 288/377/284
f 288/377/284 289/378/285 204/367/200
f 198/356/194 287/376/283 197/379/193
f 184/380/180 183/381/179 215/382/211
f 214/383/210 173/384/169 172/385/168
f 174/386/170 257/387/253 261/388/257
f 220/389/216 171/390/167 173/384/169
f 257/387/253 254/391/250 261/388/257
f 174/386/170 171/390/167 290/392/286
f 291/393/287 278/358/274 285/371/281
f 292/394/288 171/390/167 220/389/216
f 255/395/251 257/387/253 174/386/170
f 206/366/202 286/373/282 205/396/201
f 281/363/277 283/369/279 279/359/275
f 212/397/208 214/383/210 172/385/168
f 206/366/202 196/368/192 193/374/189
f 293/398/289 216/361/212 280/360/276
f 280/360/276 218/362/214 214/383/210
f 220/389/216 183/381/179 185/399/181
f 294/400/290 197/379/193 203/375/199
f 206/366/202 193/374/189 286/373/282
f 261/388/257 207/401/203 212/397/208
f 283/369/279 293/398/289 284/370/280
f 285/371/281 278/358/274 283/369/279
f 204/367/200 289/378/285 196/368/192
f 212/397/208 172/385/168 261/388/257
f 275/402/271 254/391/250 257/387/253
f 171/390/167 292/394/288 290/392/286
f 290/392/286 276/403/272 255/395/251
f 204/367/200 203/375/199 288/377/284
f 174/386/170 290/392/286 255/395/251
f 186/404/182 220/389/216 185/399/181
f 278/358/274 287/376/283 198/356/194
f 281/363/277 217/365/213 293/398/289
f 287/376/283 203/375/199 197/379/193
f 293/398/289 217/365/213 216/361/212
f 279/359/275 277/357/273 282/364/278
f 281/363/277 279/359/275 282/364/278
f 199/405/195 294/400/290 168/406/164
f 173/384/169 214/383/210 218/362/214
f 287/376/283 295/407/291 288/377/284
f 172/385/168 174/386/170 261/388/257
f 294/400/290 199/405/195 197/379/193
f 295/407/291 287/376/283 291/393/287
f 292/394/288 220/389/216 186/404/182
f 217/365/213 184/380/180 215/382/211
f 293/398/289 283/369/279 281/363/277
f 296/408/292 289/378/285 288/377/284
f 292/394/288 276/403/272 290/392/286
f 184/380/180 217/365/213 282/364/278
f 199/405/195 168/406/164 170/409/166
f 291/393/287 287/376/283 278/358/274
f 297/410/293 298/411/294 299/412/295
f 300/413/296 301/414/297 302/415/298
f 303/416/299 304/417/300 305/418/301
f 306/419/302 303/416/299 300/413/296
f 307/420/303 308/421/304 309/422/305
f 310/423/306 311/424/307 312/425/308
f 313/426/309 314/427/310 310/423/306
f 307/420/303 315/428/311 308/421/304
f 316/429/312 317/430/313 311/424/307
f 318/431/314 319/432/315 313/426/309
f 230/433/226 320/434/316 305/418/301
f 307/420/303 321/435/317 315/428/311
f 322/436/318 323/437/319 319/432/315
f 324/438/320 325/439/321 326/440/322
f 327/441/323 300/413/296 302/415/298
f 303/416/299 301/414/297 300/413/296
f 328/442/324 329/443/325 330/444/326
f 231/445/227 230/433/226 299/412/295
f 331/446/327 305/418/301 332/447/328
f 310/423/306 312/425/308 313/426/309
f 298/411/294 297/410/293 317/430/313
f 301/414/297 315/428/311 302/415/298
f 298/411/294 317/430/313 316/429/312
f 333/448/329 311/424/307 317/430/313
f 230/433/226 223/449/219 320/434/316
f 311/424/307 310/423/306 316/429/312
f 334/450/330 324/438/320 326/440/322
f 303/416/299 331/446/327 301/414/297
f 332/447/328 330/444/326 308/421/304
f 318/431/314 313/426/309 335/451/331
f 222/452/218 320/434/316 223/449/219
f 336/453/332 337/454/333 322/436/318
f 337/454/333 323/437/319 322/436/318
f 338/455/334 339/456/335 327/441/323
f 312/425/308 335/451/331 313/426/309
f 222/452/218 305/418/301 320/434/316
f 340/457/336 307/420/303 309/422/305
f 301/414/297 331/446/327 341/458/337
f 230/433/226 305/418/301 304/417/300
f 309/422/305 324/438/320 334/450/330
f 299/412/295 342/459/338 231/445/227
f 332/447/328 341/458/337 331/446/327
f 343/460/339 338/455/334 299/412/295
f 328/442/324 325/439/321 329/443/325
f 332/447/328 308/421/304 341/458/337
f 339/456/335 338/455/334 306/419/302
f 324/438/320 329/443/325 325/439/321
f 299/412/295 304/417/300 343/460/339
f 315/428/311 341/458/337 308/421/304
f 303/416/299 306/419/302 338/455/334
f 319/432/315 318/431/314 322/436/318
f 324/438/320 309/422/305 308/421/304
f 225/461/221 231/445/227 342/459/338
f 302/415/298 315/428/311 321/435/317
f 303/416/299 343/460/339 304/417/300
f 343/460/339 303/416/299 338/455/334
f 297/410/293 333/448/329 317/430/313
f 300/413/296 327/441/323 339/456/335
f 301/414/297 341/458/337 315/428/311
f 314/427/310 313/426/309 344/462/340
f 329/443/325 324/438/320 308/421/304
f 299/412/295 230/433/226 304/417/300
f 338/455/334 297/410/293 299/412/295
f 329/443/325 308/421/304 330/444/326
f 331/446/327 303/416/299 305/418/301
f 225/461/221 342/459/338 226/463/222
f 345/464/341 237/465/233 235/466/231
f 346/467/342 347/468/343 348/469/344
f 347/468/343 349/470/345 350/471/346
f 226/472/222 298/473/294 351/474/347
f 194/475/190 352/476/348 353/477/349
f 323/478/319 354/479/350 355/480/351
f 353/477/349 356/481/352 357/482/353
f 194/475/190 196/483/192 352/476/348
f 358/484/354 348/469/344 359/485/355
f 359/485/355 348/469/344 360/486/356
f 359/485/355 355/480/351 354/479/350
f 346/467/342 361/487/357 362/488/358
f 240/489/236 363/490/359 241/491/237
f 364/492/360 365/493/361 351/474/347
f 194/475/190 353/477/349 363/490/359
f 319/494/315 323/478/319 355/480/351
f 349/470/345 366/495/362 350/471/346
f 367/496/363 368/497/364 369/498/365
f 194/475/190 363/490/359 195/499/191
f 195/499/191 363/490/359 240/489/236
f 370/500/366 235/466/231 365/493/361
f 371/501/367 354/479/350 337/502/333
f 342/503/338 299/504/295 298/473/294
f 372/505/368 353/477/349 357/482/353
f 234/506/230 357/482/353 373/507/369
f 232/508/228 236/509/232 372/505/368
f 237/465/233 374/510/370 243/511/239
f 375/512/371 222/513/218 234/506/230
f 244/514/240 360/486/356 251/515/247
f 376/516/372 366/495/362 250/517/246
f 377/518/373 251/515/247 348/469/344
f 357/482/353 234/506/230 232/508/228
f 368/497/364 367/496/363 378/519/374
f 354/479/350 367/496/363 369/498/365
f 251/515/247 377/518/373 376/516/372
f 244/514/240 243/511/239 374/510/370
f 364/492/360 310/520/306 314/521/310
f 344/522/340 313/523/309 319/494/315
f 244/514/240 374/510/370 364/492/360
f 374/510/370 370/500/366 364/492/360
f 374/510/370 235/466/231 370/500/366
f 379/524/375 237/465/233 241/491/237
f 344/522/340 319/494/315 355/480/351
f 346/467/342 362/488/358 347/468/343
f 346/467/342 348/469/344 358/484/354
f 358/484/354 359/485/355 369/498/365
f 236/509/232 228/525/224 379/524/375
f 237/465/233 345/464/341 374/510/370
f 363/490/359 379/524/375 241/491/237
f 374/510/370 345/464/341 235/466/231
f 314/521/310 344/522/340 360/486/356
f 314/521/310 360/486/356 364/492/360
f 357/482/353 232/508/228 372/505/368
f 378/519/374 380/526/376 368/497/364
f 337/502/333 381/527/377 371/501/367
f 369/498/365 359/485/355 354/479/350
f 363/490/359 372/505/368 382/528/378
f 235/466/231 226/472/222 365/493/361
f 336/529/332 383/530/379 381/527/377
f 371/501/367 381/527/377 384/531/380
f 244/514/240 364/492/360 360/486/356
f 359/485/355 344/522/340 355/480/351
f 360/486/356 344/522/340 359/485/355
f 226/472/222 342/503/338 298/473/294
f 364/492/360 370/500/366 365/493/361
f 234/506/230 373/507/369 375/512/371
f 310/520/306 351/474/347 316/532/312
f 377/518/373 350/471/346 376/516/372
f 236/509/232 379/524/375 382/528/378
f 364/492/360 351/474/347 310/520/306
f 347/468/343 362/488/358 349/470/345
f 385/533/381 378/519/374 367/496/363
f 363/490/359 382/528/378 379/524/375
f 235/466/231 379/524/375 228/525/224
f 347/468/343 350/471/346 377/518/373
f 376/516/372 250/517/246 251/515/247
f 354/479/350 323/478/319 337/502/333
f 372/505/368 363/490/359 353/477/349
f 226/472/222 351/474/347 365/493/361
f 372/505/368 236/509/232 382/528/378
f 351/474/347 298/473/294 316/532/312
f 336/529/332 381/527/377 337/502/333
f 377/518/373 348/469/344 347/468/343
f 371/501/367 367/496/363 354/479/350
f 376/516/372 350/471/346 366/495/362
f 379/524/375 235/466/231 237/465/233
f 251/515/247 360/486/356 348/469/344
f 386/534/382 387/535/383 388/536/384
f 389/537/385 390/538/386 391/539/387
f 392/540/388 393/541/389 394/542/390
f 395/543/391 396/544/392 397/545/393
f 398/546/394 399/547/395 400/548/396
f 401/549/397 402/550/398 403/551/399
f 404/552/400 405/553/401 406/554/402
f 407/555/403 408/556/404 409/557/405
f 410/558/406 411/559/407 412/560/408
f 413/561/409 414/562/410 415/563/411
f 416/564/412 417/565/413 418/566/414
f 419/567/415 420/568/416 421/569/417
f 422/570/418 423/571/419 424/572/420
f 425/573/421 426/574/422 427/575/423
f 428/576/424 429/577/425 430/578/426
f 431/579/427 430/578/426 432/580/428
f 361/581/357 346/582/342 358/583/354
f 433/584/429 434/585/430 435/586/431
f 436/587/432 437/588/433 438/589/434
f 424/572/420 439/590/435 440/591/436
f 441/592/437 442/593/438 443/594/439
f 388/536/384 444/595/440 445/596/441
f 246/597/242 250/598/246 446/599/442
f 447/600/443 448/601/444 449/602/445
f 450/603/446 451/604/447 452/605/448
f 453/606/449 432/580/428 454/607/450
f 455/608/451 456/609/452 457/610/453
f 458/611/454 459/612/455 460/613/456
f 461/614/457 409/557/405 462/615/458
f 463/616/459 464/617/460 447/600/443
f 465/618/461 466/619/462 467/620/463
f 468/621/464 469/622/465 470/623/466
f 471/624/467 472/625/468 473/626/469
f 458/611/454 286/627/282 239/628/235
f 395/543/391 474/629/470 396/544/392
f 475/630/471 476/631/472 477/632/473
f 478/633/474 479/634/475 480/635/476
f 481/636/477 482/637/478 473/626/469
f 483/638/479 484/639/480 485/640/481
f 486/641/482 487/642/483 488/643/484
f 489/644/485 490/645/486 491/646/487
f 492/647/488 434/585/430 433/584/429
f 493/648/489 494/649/490 495/650/491
f 496/651/492 497/652/493 498/653/494
f 499/654/495 500/655/496 478/633/474
f 501/656/497 449/602/445 502/657/498
f 503/658/499 504/659/500 505/660/501
f 450/603/446 506/661/502 451/604/447
f 507/662/503 508/663/504 509/664/505
f 481/636/477 510/665/506 511/666/507
f 395/543/391 512/667/508 474/629/470
f 513/668/509 416/564/412 514/669/510
f 515/670/511 516/671/512 517/672/513
f 518/673/514 519/674/515 520/675/516
f 467/620/463 521/676/517 522/677/518
f 523/678/519 524/679/520 525/680/521
f 526/681/522 527/682/523 528/683/524
f 529/684/525 530/685/526 531/686/527
f 532/687/528 461/614/457 416/564/412
f 533/688/529 534/689/530 535/690/531
f 394/542/390 400/548/396 392/540/388
f 397/545/393 536/691/532 516/671/512
f 537/692/533 380/693/376 538/694/534
f 539/695/535 247/696/243 540/697/536
f 541/698/537 542/699/538 543/700/539
f 544/701/540 545/702/541 546/703/542
f 246/597/242 446/599/442 540/697/536
f 547/704/543 368/705/364 380/693/376
f 548/706/544 549/707/545 475/630/471
f 550/708/546 551/709/547 477/632/473
f 552/710/548 386/534/382 553/711/549
f 517/672/513 411/559/407 554/712/550
f 555/713/551 391/539/387 390/538/386
f 556/714/552 489/644/485 442/593/438
f 557/715/553 445/596/441 444/595/440
f 558/716/554 559/717/555 560/718/556
f 561/719/557 562/720/558 455/608/451
f 563/721/559 564/722/560 565/723/561
f 514/669/510 416/564/412 566/724/562
f 567/725/563 452/605/448 568/726/564
f 523/678/519 503/658/499 524/679/520
f 494/649/490 569/727/565 570/728/566
f 571/729/567 406/554/402 572/730/568
f 573/731/569 574/732/570 575/733/571
f 441/592/437 576/734/572 577/735/573
f 465/618/461 567/725/563 568/726/564
f 578/736/574 534/689/530 533/688/529
f 491/646/487 579/737/575 442/593/438
f 580/738/576 581/739/577 582/740/578
f 583/741/579 438/589/434 442/593/438
f 584/742/580 585/743/581 586/744/582
f 453/606/449 587/745/583 464/617/460
f 588/746/584 589/747/585 590/748/586
f 591/749/587 577/735/573 576/734/572
f 527/682/523 526/681/522 592/750/588
f 593/751/589 530/685/526 553/711/549
f 476/631/472 425/573/421 427/575/423
f 543/700/539 594/752/590 389/537/385
f 286/627/282 294/753/290 203/754/199
f 595/755/591 596/756/592 395/543/391
f 454/607/450 597/757/593 598/758/594
f 599/759/595 600/760/596 601/761/597
f 465/618/461 568/726/564 602/762/598
f 598/758/594 603/763/599 454/607/450
f 604/764/600 502/657/498 605/765/601
f 452/605/448 451/604/447 606/766/602
f 607/767/603 438/589/434 437/588/433
f 472/625/468 468/621/464 470/623/466
f 608/768/604 456/609/452 609/769/605
f 610/770/606 408/556/404 407/555/403
f 611/771/607 612/772/608 613/773/609
f 459/612/455 614/774/610 487/642/483
f 603/763/599 615/775/611 616/776/612
f 533/688/529 535/690/531 617/777/613
f 618/778/614 614/774/610 424/572/420
f 609/769/605 394/542/390 393/541/389
f 619/779/615 602/762/598 620/780/616
f 517/672/513 516/671/512 621/781/617
f 622/782/618 510/665/506 470/623/466
f 475/630/471 477/632/473 551/709/547
f 623/783/619 529/684/525 531/686/527
f 624/784/620 583/741/579 410/558/406
f 481/636/477 605/765/601 482/637/478
f 625/785/621 414/562/410 413/561/409
f 532/687/528 487/642/483 407/555/403
f 409/557/405 408/556/404 626/786/622
f 627/787/623 471/624/467 628/788/624
f 493/648/489 569/727/565 494/649/490
f 629/789/625 588/746/584 590/748/586
f 358/583/354 547/704/543 361/581/357
f 242/790/238 459/612/455 238/791/234
f 585/743/581 404/552/400 630/792/626
f 609/769/605 562/720/558 631/793/627
f 632/794/628 445/596/441 633/795/629
f 401/549/397 403/551/399 634/796/630
f 579/737/575 425/573/421 443/594/439
f 530/685/526 593/751/589 635/797/631
f 619/779/615 620/780/616 636/798/632
f 637/799/633 638/800/634 574/732/570
f 639/801/635 506/661/502 640/802/636
f 641/803/637 527/682/523 592/750/588
f 532/687/528 407/555/403 461/614/457
f 584/742/580 642/804/638 643/805/639
f 515/670/511 500/655/496 595/755/591
f 634/796/630 575/733/571 526/681/522
f 514/669/510 566/724/562 644/806/640
f 250/598/246 366/807/362 446/599/442
f 594/752/590 419/567/415 389/537/385
f 645/808/641 646/809/642 570/728/566
f 563/721/559 472/625/468 471/624/467
f 647/810/643 648/811/644 649/812/645
f 600/760/596 650/813/646 651/814/647
f 438/589/434 607/767/603 556/714/552
f 484/639/480 483/638/479 550/708/546
f 520/675/516 630/792/626 446/599/442
f 393/541/389 550/708/546 483/638/479
f 499/654/495 478/633/474 599/759/595
f 652/815/648 593/751/589 553/711/549
f 600/760/596 526/681/522 638/800/634
f 653/816/649 654/817/650 655/818/651
f 362/819/358 361/581/357 602/762/598
f 595/755/591 516/671/512 515/670/511
f 656/820/652 657/821/653 496/651/492
f 658/822/654 652/815/648 659/823/655
f 542/699/538 541/698/537 391/539/387
f 521/676/517 660/824/656 661/825/657
f 652/815/648 632/794/628 662/826/658
f 663/827/659 664/828/660 665/829/661
f 638/800/634 575/733/571 574/732/570
f 569/727/565 645/808/641 570/728/566
f 561/719/557 666/830/662 562/720/558
f 667/831/663 466/619/462 668/832/664
f 601/761/597 651/814/647 669/833/665
f 549/707/545 443/594/439 475/630/471
f 617/777/613 670/834/666 485/640/481
f 405/553/401 671/835/667 672/836/668
f 673/837/669 674/838/670 613/773/609
f 539/695/535 404/552/400 406/554/402
f 443/594/439 425/573/421 476/631/472
f 549/707/545 576/734/572 441/592/437
f 520/675/516 519/674/515 675/839/671
f 676/840/672 573/731/569 634/796/630
f 522/677/518 640/802/636 567/725/563
f 530/685/526 635/797/631 531/686/527
f 677/841/673 678/842/674 679/843/675
f 562/720/558 609/769/605 456/609/452
f 680/844/676 681/845/677 615/775/611
f 626/786/622 408/556/404 440/591/436
f 611/771/607 420/568/416 594/752/590
f 655/818/651 677/841/673 546/703/542
f 682/846/678 454/607/450 683/847/679
f 526/681/522 528/683/524 634/796/630
f 511/666/507 502/657/498 604/764/600
f 428/576/424 684/848/680 685/849/681
f 625/785/621 667/831/663 414/562/410
f 686/850/682 399/547/395 398/546/394
f 518/673/514 606/766/602 451/604/447
f 392/540/388 687/851/683 688/852/684
f 397/545/393 516/671/512 395/543/391
f 687/851/683 400/548/396 689/853/685
f 601/761/597 600/760/596 651/814/647
f 690/854/686 402/550/398 401/549/397
f 489/644/485 556/714/552 490/645/486
f 637/799/633 574/732/570 691/855/687
f 678/842/674 692/856/688 654/817/650
f 690/854/686 591/749/587 402/550/398
f 693/857/689 626/786/622 694/858/690
f 688/852/684 550/708/546 393/541/389
f 585/743/581 630/792/626 520/675/516
f 386/534/382 552/710/548 596/756/592
f 695/859/691 584/742/580 643/805/639
f 455/608/451 562/720/558 456/609/452
f 696/860/692 697/861/693 627/787/623
f 556/714/552 442/593/438 438/589/434
f 698/862/694 694/858/690 699/863/695
f 482/637/478 663/827/659 700/864/696
f 530/685/526 701/865/697 553/711/549
f 453/606/449 454/607/450 682/846/678
f 702/866/698 558/716/554 703/867/699
f 470/623/466 469/622/465 542/699/538
f 605/765/601 663/827/659 482/637/478
f 704/868/700 581/739/577 580/738/576
f 406/554/402 672/836/668 705/869/701
f 687/851/683 392/540/388 400/548/396
f 490/645/486 706/870/702 491/646/487
f 707/871/703 411/559/407 410/558/406
f 597/757/593 430/578/426 429/577/425
f 487/642/483 618/778/614 610/770/606
f 520/675/516 446/599/442 518/673/514
f 588/746/584 708/872/704 589/747/585
f 509/664/505 508/663/504 578/736/574
f 558/716/554 679/843/675 709/873/705
f 671/835/667 710/874/706 643/805/639
f 392/540/388 688/852/684 393/541/389
f 711/875/707 712/876/708 668/832/664
f 386/534/382 445/596/441 632/794/628
f 713/877/709 641/803/637 714/878/710
f 540/697/536 630/792/626 404/552/400
f 428/576/424 502/657/498 511/666/507
f 635/797/631 658/822/654 531/686/527
f 684/848/680 622/782/618 715/879/711
f 546/703/542 545/702/541 655/818/651
f 590/748/586 716/880/712 629/789/625
f 248/881/244 571/729/567 423/571/419
f 527/682/523 690/854/686 528/683/524
f 554/712/550 707/871/703 480/635/476
f 717/882/713 718/883/714 719/884/715
f 720/885/716 682/846/678 683/847/679
f 721/886/717 366/807/362 362/819/358
f 565/723/561 468/621/464 563/721/559
f 602/762/598 721/886/717 362/819/358
f 475/630/471 443/594/439 476/631/472
f 469/622/465 543/700/539 542/699/538
f 722/887/718 723/888/719 724/889/720
f 540/697/536 247/696/243 246/597/242
f 523/678/519 504/659/500 503/658/499
f 602/762/598 361/581/357 620/780/616
f 463/616/459 501/656/497 464/617/460
f 653/816/649 709/873/705 678/842/674
f 717/882/713 666/830/662 718/883/714
f 471/624/467 627/787/623 563/721/559
f 534/689/530 578/736/574 508/663/504
f 711/875/707 668/832/664 537/692/533
f 611/771/607 613/773/609 402/550/398
f 719/884/715 718/883/714 685/849/681
f 725/890/721 582/740/578 658/822/654
f 535/690/531 670/834/666 617/777/613
f 450/603/446 452/605/448 567/725/563
f 395/543/391 516/671/512 595/755/591
f 726/891/722 503/658/499 727/892/723
f 728/893/724 729/894/725 427/575/423
f 439/590/435 705/869/701 672/836/668
f 478/633/474 500/655/496 479/634/475
f 643/805/639 710/874/706 695/859/691
f 393/541/389 483/638/479 670/834/666
f 672/836/668 671/835/667 439/590/435
f 455/608/451 457/610/453 730/895/726
f 585/743/581 675/839/671 586/744/582
f 731/896/727 732/897/728 396/544/392
f 624/784/620 410/558/406 412/560/408
f 484/639/480 550/708/546 477/632/473
f 608/768/604 534/689/530 457/610/453
f 544/701/540 733/898/729 629/789/625
f 677/841/673 655/818/651 692/856/688
f 664/828/660 605/765/601 734/899/730
f 400/548/396 394/542/390 398/546/394
f 294/753/290 735/900/731 736/901/732
f 634/796/630 573/731/569 575/733/571
f 686/850/682 555/713/551 399/547/395
f 713/877/709 527/682/523 641/803/637
f 693/857/689 737/902/733 409/557/405
f 567/725/563 467/620/463 522/677/518
f 561/719/557 738/903/734 666/830/662
f 739/904/735 716/880/712 740/905/736
f 617/777/613 497/652/493 741/906/737
f 420/568/416 611/771/607 576/734/572
f 679/843/675 596/756/592 595/755/591
f 641/803/637 592/750/588 478/633/474
f 529/684/525 623/783/619 494/649/490
f 647/810/643 484/639/480 477/632/473
f 610/770/606 407/555/403 487/642/483
f 425/573/421 579/737/575 426/574/422
f 630/792/626 540/697/536 446/599/442
f 708/872/704 601/761/597 669/833/665
f 369/907/365 547/704/543 358/583/354
f 441/592/437 742/908/738 442/593/438
f 551/709/547 688/852/684 475/630/471
f 518/673/514 446/599/442 606/766/602
f 460/613/456 743/909/739 294/753/290
f 636/798/632 620/780/616 547/704/543
f 472/625/468 563/721/559 468/621/464
f 481/636/477 472/625/468 510/665/506
f 294/753/290 286/627/282 460/613/456
f 444/595/440 727/892/723 744/910/740
f 432/580/428 453/606/449 431/579/427
f 616/776/612 615/775/611 745/911/741
f 641/803/637 478/633/474 480/635/476
f 640/802/636 522/677/518 552/710/548
f 601/761/597 708/872/704 588/746/584
f 724/889/720 669/833/665 722/887/718
f 494/649/490 704/868/700 495/650/491
f 466/619/462 521/676/517 467/620/463
f 512/667/508 395/543/391 596/756/592
f 661/825/657 474/629/470 521/676/517
f 746/912/742 599/759/595 601/761/597
f 419/567/415 594/752/590 420/568/416
f 727/892/723 444/595/440 387/535/383
f 666/830/662 717/882/713 631/793/627
f 414/562/410 711/875/707 415/563/411
f 706/870/702 728/893/724 426/574/422
f 610/770/606 618/778/614 747/913/743
f 439/590/435 671/835/667 646/809/642
f 707/871/703 442/593/438 742/908/738
f 743/909/739 735/900/731 294/753/290
f 748/914/744 709/873/705 653/816/649
f 533/688/529 749/915/745 578/736/574
f 638/800/634 650/813/646 600/760/596
f 491/646/487 442/593/438 489/644/485
f 448/601/444 502/657/498 449/602/445
f 475/630/471 688/852/684 548/706/544
f 402/550/398 674/838/670 403/551/399
f 590/748/586 589/747/585 740/905/736
f 672/836/668 406/554/402 405/553/401
f 393/541/389 670/834/666 535/690/531
f 430/578/426 501/656/497 428/576/424
f 605/765/601 664/828/660 663/827/659
f 238/791/234 459/612/455 458/611/454
f 685/849/681 684/848/680 715/879/711
f 637/799/633 691/855/687 650/813/646
f 511/666/507 750/916/746 428/576/424
f 557/715/553 751/917/747 445/596/441
f 692/856/688 655/818/651 654/817/650
f 602/762/598 619/779/615 465/618/461
f 700/864/696 665/829/661 752/918/748
f 581/739/577 623/783/619 658/822/654
f 671/835/667 642/804/638 646/809/642
f 753/919/749 589/747/585 708/872/704
f 709/873/705 679/843/675 678/842/674
f 391/539/387 555/713/551 719/884/715
f 498/653/494 649/812/645 754/920/750
f 585/743/581 520/675/516 675/839/671
f 546/703/542 677/841/673 733/898/729
f 608/768/604 535/690/531 534/689/530
f 458/611/454 460/613/456 286/627/282
f 474/629/470 731/896/727 396/544/392
f 433/584/429 435/586/431 755/921/751
f 609/769/605 631/793/627 398/546/394
f 427/575/423 729/894/725 477/632/473
f 600/760/596 478/633/474 592/750/588
f 690/854/686 401/549/397 528/683/524
f 621/781/617 411/559/407 517/672/513
f 632/794/628 633/795/629 756/922/752
f 426/574/422 728/893/724 427/575/423
f 412/560/408 411/559/407 621/781/617
f 687/851/683 689/853/685 548/706/544
f 542/699/538 622/782/618 470/623/466
f 741/906/737 497/652/493 496/651/492
f 537/692/533 538/694/534 711/875/707
f 749/915/745 757/923/753 758/924/754
f 422/570/418 248/881/244 423/571/419
f 629/789/625 733/898/729 746/912/742
f 529/684/525 701/865/697 530/685/526
f 506/661/502 519/674/515 451/604/447
f 481/636/477 604/764/600 605/765/601
f 608/768/604 609/769/605 393/541/389
f 577/735/573 527/682/523 713/877/709
f 569/727/565 699/863/695 645/808/641
f 673/837/669 613/773/609 612/772/608
f 598/758/594 730/895/726 680/844/676
f 386/534/382 388/536/384 445/596/441
f 741/906/737 533/688/529 617/777/613
f 629/789/625 716/880/712 545/702/541
f 466/619/462 465/618/461 619/779/615
f 611/771/607 591/749/587 576/734/572
f 690/854/686 527/682/523 591/749/587
f 459/612/455 743/909/739 460/613/456
f 472/625/468 481/636/477 473/626/469
f 583/741/579 707/871/703 410/558/406
f 558/716/554 387/535/383 386/534/382
f 505/660/501 744/910/740 503/658/499
f 451/604/447 519/674/515 518/673/514
f 684/848/680 750/916/746 511/666/507
f 552/710/548 553/711/549 639/801/635
f 637/799/633 650/813/646 638/800/634
f 593/751/589 658/822/654 635/797/631
f 759/925/755 737/902/733 693/857/689
f 390/538/386 399/547/395 555/713/551
f 450/603/446 640/802/636 506/661/502
f 242/790/238 248/881/244 422/570/418
f 735/900/731 486/641/482 513/668/509
f 689/853/685 399/547/395 419/567/415
f 419/567/415 390/538/386 389/537/385
f 556/714/552 607/767/603 760/926/756
f 441/592/437 577/735/573 713/877/709
f 570/728/566 701/865/697 529/684/525
f 730/895/726 598/758/594 561/719/557
f 761/927/757 657/821/653 656/820/652
f 552/710/548 522/677/518 596/756/592
f 701/865/697 570/728/566 642/804/638
f 522/677/518 474/629/470 512/667/508
f 446/599/442 721/886/717 606/766/602
f 541/698/537 389/537/385 391/539/387
f 611/771/607 594/752/590 543/700/539
f 568/726/564 762/928/758 721/886/717
f 752/918/748 755/921/751 697/861/693
f 581/739/577 704/868/700 623/783/619
f 361/581/357 547/704/543 620/780/616
f 763/929/759 564/722/560 563/721/559
f 596/756/592 679/843/675 386/534/382
f 636/798/632 537/692/533 619/779/615
f 739/904/735 545/702/541 716/880/712
f 579/737/575 443/594/439 442/593/438
f 464/617/460 501/656/497 430/578/426
f 693/857/689 409/557/405 626/786/622
f 558/716/554 709/873/705 748/914/744
f 539/695/535 571/729/567 247/696/243
f 702/866/698 387/535/383 558/716/554
f 484/639/480 647/810/643 617/777/613
f 650/813/646 722/887/718 669/833/665
f 517/672/513 500/655/496 515/670/511
f 668/832/664 466/619/462 537/692/533
f 452/605/448 762/928/758 568/726/564
f 743/909/739 459/612/455 487/642/483
f 730/895/726 457/610/453 681/845/677
f 439/590/435 646/809/642 440/591/436
f 539/695/535 540/697/536 404/552/400
f 633/795/629 445/596/441 751/917/747
f 675/839/671 519/674/515 506/661/502
f 642/804/638 671/835/667 643/805/639
f 595/755/591 677/841/673 679/843/675
f 529/684/525 494/649/490 570/728/566
f 398/546/394 394/542/390 609/769/605
f 419/567/415 399/547/395 390/538/386
f 555/713/551 686/850/682 717/882/713
f 466/619/462 667/831/663 660/824/656
f 717/882/713 686/850/682 631/793/627
f 424/572/420 440/591/436 747/913/743
f 662/826/658 632/794/628 756/922/752
f 583/741/579 442/593/438 707/871/703
f 499/654/495 599/759/595 746/912/742
f 705/869/701 439/590/435 424/572/420
f 493/648/489 495/650/491 764/930/760
f 570/728/566 646/809/642 642/804/638
f 628/788/624 700/864/696 697/861/693
f 703/867/699 727/892/723 702/866/698
f 680/844/676 730/895/726 681/845/677
f 601/761/597 588/746/584 746/912/742
f 420/568/416 576/734/572 421/569/417
f 465/618/461 467/620/463 567/725/563
f 366/807/362 349/931/345 362/819/358
f 481/636/477 511/666/507 604/764/600
f 738/903/734 561/719/557 598/758/594
f 461/614/457 462/615/458 417/565/413
f 628/788/624 697/861/693 696/860/692
f 642/804/638 639/801/635 701/865/697
f 549/707/545 441/592/437 443/594/439
f 571/729/567 539/695/535 406/554/402
f 727/892/723 503/658/499 744/910/740
f 453/606/449 464/617/460 431/579/427
f 416/564/412 513/668/509 488/643/484
f 454/607/450 603/763/599 683/847/679
f 612/772/608 543/700/539 565/723/561
f 649/812/645 498/653/494 647/810/643
f 658/822/654 582/740/578 581/739/577
f 597/757/593 454/607/450 432/580/428
f 411/559/407 707/871/703 554/712/550
f 586/744/582 675/839/671 584/742/580
f 558/716/554 386/534/382 679/843/675
f 619/779/615 537/692/533 466/619/462
f 402/550/398 591/749/587 611/771/607
f 623/783/619 704/868/700 494/649/490
f 718/883/714 738/903/734 598/758/594
f 545/702/541 544/701/540 629/789/625
f 571/729/567 248/881/244 247/696/243
f 715/879/711 622/782/618 542/699/538
f 714/878/710 707/871/703 713/877/709
f 488/643/484 513/668/509 486/641/482
f 765/932/761 548/706/544 419/567/415
f 487/642/483 614/774/610 618/778/614
f 708/872/704 669/833/665 753/919/749
f 741/906/737 757/923/753 749/915/745
f 435/586/431 697/861/693 755/921/751
f 422/570/418 459/612/455 242/790/238
f 638/800/634 526/681/522 575/733/571
f 603/763/599 598/758/594 680/844/676
f 441/592/437 713/877/709 707/871/703
f 405/553/401 695/859/691 710/874/706
f 422/570/418 614/774/610 459/612/455
f 490/645/486 556/714/552 760/926/756
f 566/724/562 416/564/412 418/566/414
f 448/601/444 605/765/601 502/657/498
f 499/654/495 733/898/729 677/841/673
f 706/870/702 426/574/422 491/646/487
f 642/804/638 675/839/671 506/661/502
f 649/812/645 766/933/762 754/920/750
f 691/855/687 722/887/718 650/813/646
f 646/809/642 645/808/641 626/786/622
f 767/934/763 768/935/764 496/651/492
f 461/614/457 417/565/413 416/564/412
f 464/617/460 587/745/583 447/600/443
f 479/634/475 554/712/550 480/635/476
f 446/599/442 366/807/362 721/886/717
f 543/700/539 469/622/465 468/621/464
f 621/781/617 516/671/512 536/691/532
f 610/770/606 747/913/743 408/556/404
f 485/640/481 484/639/480 617/777/613
f 676/840/672 634/796/630 403/551/399
f 762/928/758 452/605/448 606/766/602
f 688/852/684 551/709/547 550/708/546
f 462/615/458 418/566/414 417/565/413
f 669/833/665 651/814/647 650/813/646
f 500/655/496 517/672/513 479/634/475
f 687/851/683 548/706/544 688/852/684
f 422/570/418 424/572/420 614/774/610
f 741/906/737 496/651/492 768/935/764
f 721/886/717 762/928/758 606/766/602
f 542/699/538 391/539/387 715/879/711
f 712/876/708 414/562/410 667/831/663
f 457/610/453 456/609/452 608/768/604
f 572/730/568 705/869/701 424/572/420
f 554/712/550 479/634/475 517/672/513
f 712/876/708 711/875/707 414/562/410
f 701/865/697 639/801/635 553/711/549
f 603/763/599 616/776/612 683/847/679
f 511/666/507 510/665/506 622/782/618
f 626/786/622 645/808/641 694/858/690
f 721/886/717 602/762/598 568/726/564
f 692/856/688 678/842/674 677/841/673
f 673/837/669 565/723/561 564/722/560
f 738/903/734 718/883/714 666/830/662
f 593/751/589 652/815/648 658/822/654
f 386/534/382 652/815/648 553/711/549
f 628/788/624 471/624/467 473/626/469
f 585/743/581 584/742/580 695/859/691
f 684/848/680 511/666/507 622/782/618
f 543/700/539 389/537/385 541/698/537
f 660/824/656 521/676/517 466/619/462
f 665/829/661 700/864/696 663/827/659
f 428/576/424 718/883/714 429/577/425
f 748/914/744 655/818/651 559/717/555
f 426/574/422 579/737/575 491/646/487
f 485/640/481 670/834/666 483/638/479
f 487/642/483 532/687/528 488/643/484
f 719/884/715 685/849/681 715/879/711
f 509/664/505 749/915/745 758/924/754
f 421/569/417 765/932/761 419/567/415
f 700/864/696 628/788/624 482/637/478
f 474/629/470 522/677/518 521/676/517
f 656/820/652 496/651/492 498/653/494
f 572/730/568 423/571/419 571/729/567
f 440/591/436 408/556/404 747/913/743
f 552/710/548 639/801/635 640/802/636
f 628/788/624 473/626/469 482/637/478
f 592/750/588 526/681/522 600/760/596
f 380/693/376 537/692/533 636/798/632
f 419/567/415 548/706/544 689/853/685
f 428/576/424 750/916/746 684/848/680
f 724/889/720 723/888/719 753/919/749
f 532/687/528 416/564/412 488/643/484
f 625/785/621 660/824/656 667/831/663
f 642/804/638 584/742/580 675/839/671
f 478/633/474 600/760/596 599/759/595
f 702/866/698 727/892/723 387/535/383
f 769/936/765 660/824/656 625/785/621
f 624/784/620 438/589/434 583/741/579
f 603/763/599 680/844/676 615/775/611
f 440/591/436 646/809/642 626/786/622
f 543/700/539 468/621/464 565/723/561
f 636/798/632 547/704/543 380/693/376
f 572/730/568 424/572/420 423/571/419
f 611/771/607 543/700/539 612/772/608
f 648/811/644 766/933/762 649/812/645
f 450/603/446 567/725/563 640/802/636
f 695/859/691 404/552/400 585/743/581
f 531/686/527 658/822/654 623/783/619
f 735/900/731 743/909/739 486/641/482
f 748/914/744 653/816/649 655/818/651
f 741/906/737 749/915/745 533/688/529
f 487/642/483 486/641/482 743/909/739
f 742/908/738 441/592/437 707/871/703
f 569/727/565 493/648/489 699/863/695
f 455/608/451 730/895/726 561/719/557
f 677/841/673 595/755/591 499/654/495
f 497/652/493 617/777/613 647/810/643
f 718/883/714 598/758/594 597/757/593
f 590/748/586 740/905/736 716/880/712
f 555/713/551 717/882/713 719/884/715
f 474/629/470 661/825/657 731/896/727
f 549/707/545 765/932/761 576/734/572
f 693/857/689 694/858/690 759/925/755
f 741/906/737 758/924/754 757/923/753
f 578/736/574 749/915/745 509/664/505
f 558/716/554 748/914/744 559/717/555
f 444/595/440 388/536/384 387/535/383
f 741/906/737 768/935/764 758/924/754
f 502/657/498 428/576/424 501/656/497
f 546/703/542 733/898/729 544/701/540
f 597/757/593 429/577/425 718/883/714
f 506/661/502 639/801/635 642/804/638
f 712/876/708 667/831/663 668/832/664
f 666/830/662 631/793/627 562/720/558
f 496/651/492 657/821/653 767/934/763
f 761/927/757 770/937/766 657/821/653
f 719/884/715 715/879/711 391/539/387
f 239/628/235 238/791/234 458/611/454
f 430/578/426 597/757/593 432/580/428
f 673/837/669 612/772/608 565/723/561
f 685/849/681 718/883/714 428/576/424
f 477/632/473 476/631/472 427/575/423
f 735/900/731 513/668/509 736/901/732
f 368/705/364 547/704/543 369/907/365
f 588/746/584 629/789/625 746/912/742
f 393/541/389 535/690/531 608/768/604
f 714/878/710 641/803/637 480/635/476
f 700/864/696 752/918/748 697/861/693
f 703/867/699 558/716/554 560/718/556
f 771/938/767 627/787/623 697/861/693
f 563/721/559 627/787/623 763/929/759
f 501/656/497 463/616/459 449/602/445
f 470/623/466 510/665/506 472/625/468
f 386/534/382 632/794/628 652/815/648
f 686/850/682 398/546/394 631/793/627
f 203/754/199 205/939/201 286/627/282
f 409/557/405 461/614/457 407/555/403
f 477/632/473 729/894/725 648/811/644
f 405/553/401 404/552/400 695/859/691
f 492/647/488 772/940/768 434/585/430
f 421/569/417 576/734/572 765/932/761
f 405/553/401 710/874/706 671/835/667
f 402/550/398 613/773/609 674/838/670
f 595/755/591 500/655/496 499/654/495
f 647/810/643 477/632/473 648/811/644
f 548/706/544 765/932/761 549/707/545
f 753/919/749 669/833/665 724/889/720
f 647/810/643 498/653/494 497/652/493
f 499/654/495 746/912/742 733/898/729
f 424/572/420 747/913/743 618/778/614
f 406/554/402 705/869/701 572/730/568
f 400/548/396 399/547/395 689/853/685
f 628/788/624 696/860/692 627/787/623
f 512/667/508 596/756/592 522/677/518
f 401/549/397 634/796/630 528/683/524
f 577/735/573 591/749/587 527/682/523
f 707/871/703 714/878/710 480/635/476
f 659/823/655 652/815/648 662/826/658
f 430/578/426 431/579/427 464/617/460
f 645/808/641 699/863/695 694/858/690
f 759/925/755 694/858/690 698/862/694
f 773/941/769 774/942/770 775/943/771
f 776/944/772 777/945/773 778/946/774
f 779/947/775 780/948/776 781/949/777
f 782/950/778 783/951/779 784/952/780
f 785/953/781 786/954/782 787/955/783
f 788/956/784 789/957/785 775/943/771
f 790/958/786 791/959/787 792/960/788
f 793/961/789 794/962/790 795/963/791
f 796/964/792 797/965/793 798/966/794
f 799/967/795 800/968/796 338/969/334
f 801/970/797 802/971/798 803/972/799
f 804/973/800 805/974/801 806/975/802
f 807/976/803 808/977/804 809/978/805
f 810/979/806 811/980/807 812/981/808
f 813/982/809 814/983/810 815/984/811
f 816/985/812 817/986/813 818/987/814
f 819/988/815 820/989/816 821/990/817
f 822/991/818 823/992/819 824/993/820
f 825/994/821 826/995/822 827/996/823
f 828/997/824 829/998/825 830/999/826
f 831/1000/827 832/1001/828 833/1002/829
f 834/1003/830 835/1004/831 836/1005/832
f 837/1006/833 838/1007/834 839/1008/835
f 840/1009/836 841/1010/837 842/1011/838
f 843/1012/839 801/970/797 844/1013/840
f 845/1014/841 846/1015/842 847/1016/843
f 848/1017/844 849/1018/845 850/1019/846
f 851/1020/847 852/1021/848 853/1022/849
f 854/1023/850 855/1024/851 856/1025/852
f 857/1026/853 810/979/806 858/1027/854
f 798/966/794 859/1028/855 860/1029/856
f 861/1030/857 862/1031/858 863/1032/859
f 864/1033/860 865/1034/861 866/1035/862
f 383/1036/379 336/1037/332 867/1038/863
f 868/1039/864 869/1040/865 870/1041/866
f 871/1042/867 872/1043/868 873/1044/869
f 874/1045/870 811/980/807 875/1046/871
f 821/990/817 876/1047/872 877/1048/873
f 878/1049/874 879/1050/875 880/1051/876
f 815/984/811 881/1052/877 882/1053/878
f 498/1054/494 754/1055/750 761/1056/757
f 883/1057/879 884/1058/880 885/1059/881
f 799/967/795 302/1060/298 790/958/786
f 886/1061/882 887/1062/883 888/1063/884
f 793/961/789 853/1022/849 889/1064/885
f 890/1065/886 838/1007/834 781/949/777
f 833/1002/829 777/945/773 776/944/772
f 783/951/779 891/1066/887 784/952/780
f 892/1067/888 893/1068/889 894/1069/890
f 895/1070/891 896/1071/892 897/1072/893
f 898/1073/894 899/1074/895 900/1075/896
f 803/972/799 901/1076/897 902/1077/898
f 903/1078/899 333/1079/329 297/1080/293
f 840/1009/836 904/1081/900 900/1075/896
f 905/1082/901 906/1083/902 436/1084/432
f 907/1085/903 908/1086/904 909/1087/905
f 910/1088/906 822/991/818 802/971/798
f 911/1089/907 912/1090/908 913/1091/909
f 914/1092/910 915/1093/911 916/1094/912
f 785/953/781 917/1095/913 918/1096/914
f 919/1097/915 920/1098/916 921/1099/917
f 922/1100/918 923/1101/919 924/1102/920
f 925/1103/921 926/1104/922 927/1105/923
f 928/1106/924 929/1107/925 930/1108/926
f 789/957/785 871/1042/867 931/1109/927
f 932/1110/928 933/1111/929 934/1112/930
f 935/1113/931 936/1114/932 937/1115/933
f 648/1116/644 729/1117/725 766/1118/762
f 728/1119/724 938/1120/934 729/1117/725
f 931/1109/927 939/1121/935 940/1122/936
f 941/1123/937 942/1124/938 786/954/782
f 943/1125/939 883/1057/879 885/1059/881
f 944/1126/940 945/1127/941 946/1128/942
f 384/1129/380 385/1130/381 371/1131/367
f 883/1057/879 784/952/780 947/1132/943
f 948/1133/944 949/1134/945 950/1135/946
f 951/1136/947 952/1137/948 817/986/813
f 953/1138/949 954/1139/950 955/1140/951
f 956/1141/952 380/1142/376 378/1143/374
f 957/1144/953 876/1047/872 821/990/817
f 949/1134/945 958/1145/954 959/1146/955
f 931/1109/927 864/1033/860 789/957/785
f 832/1001/828 930/1108/926 960/1147/956
f 882/1053/878 961/1148/957 813/982/809
f 798/966/794 962/1149/958 963/1150/959
f 824/993/820 823/992/819 887/1062/883
f 964/1151/960 965/1152/961 966/1153/962
f 967/1154/963 928/1106/924 839/1008/835
f 800/968/796 968/1155/964 903/1078/899
f 969/1156/965 970/1157/966 923/1101/919
f 971/1158/967 536/1159/532 397/1160/393
f 972/1161/968 973/1162/969 974/1163/970
f 975/1164/971 976/1165/972 977/1166/973
f 941/1123/937 413/1167/409 415/1168/411
f 929/1107/925 928/1106/924 978/1169/974
f 979/1170/975 980/1171/976 981/1172/977
f 607/1173/603 797/965/793 796/964/792
f 982/1174/978 925/1103/921 983/1175/979
f 984/1176/980 979/1170/975 804/973/800
f 799/967/795 985/1177/981 800/968/796
f 986/1178/982 987/1179/983 988/1180/984
f 918/1096/914 989/1181/985 990/1182/986
f 785/953/781 918/1096/914 991/1183/987
f 992/1184/988 993/1185/989 994/1186/990
f 995/1187/991 852/1021/848 996/1188/992
f 997/1189/993 775/943/771 789/957/785
f 892/1067/888 894/1069/890 878/1049/874
f 998/1190/994 999/1191/995 1000/1192/996
f 1001/1193/997 861/1030/857 1002/1194/998
f 1003/1195/999 1004/1196/1000 1005/1197/1001
f 1006/1198/1002 965/1152/961 1007/1199/1003
f 1008/1200/1004 1009/1201/1005 1010/1202/1006
f 335/1203/331 1011/1204/1007 318/1205/314
f 983/1175/979 830/999/826 1012/1206/1008
f 1013/1207/1009 1014/1208/1010 1015/1209/1011
f 914/1092/910 1016/1210/1012 1017/1211/1013
f 836/1005/832 1018/1212/1014 834/1003/830
f 781/949/777 838/1007/834 837/1006/833
f 1019/1213/1015 862/1031/858 977/1166/973
f 1020/1214/1016 1021/1215/1017 1022/1216/1018
f 1023/1217/1019 1024/1218/1020 826/995/822
f 965/1152/961 1025/1219/1021 1007/1199/1003
f 1026/1220/1022 1027/1221/1023 1028/1222/1024
f 938/1120/934 766/1118/762 729/1117/725
f 998/1190/994 1029/1223/1025 896/1071/892
f 956/1141/952 1030/1224/1026 1031/1225/1027
f 1032/1226/1028 920/1098/916 919/1097/915
f 950/1135/946 1033/1227/1029 948/1133/944
f 1034/1228/1030 1035/1229/1031 1002/1194/998
f 1031/1225/1027 787/955/783 956/1141/952
f 1036/1230/1032 1037/1231/1033 1010/1202/1006
f 970/1157/966 1038/1232/1034 1039/1233/1035
f 1040/1234/1036 1041/1235/1037 1042/1236/1038
f 1043/1237/1039 731/1238/727 1026/1220/1022
f 1044/1239/1040 981/1172/977 980/1171/976
f 1045/1240/1041 1046/1241/1042 780/948/776
f 1047/1242/1043 706/1243/702 796/964/792
f 1048/1244/1044 1049/1245/1045 1050/1246/1046
f 821/990/817 1051/1247/1047 957/1144/953
f 1052/1248/1048 836/1005/832 835/1004/831
f 1015/1209/1011 1053/1249/1049 1054/1250/1050
f 859/1028/855 1055/1251/1051 860/1029/856
f 1056/1252/1052 1057/1253/1053 887/1062/883
f 1058/1254/1054 1059/1255/1055 1042/1236/1038
f 1060/1256/1056 1061/1257/1057 413/1167/409
f 827/996/823 1036/1230/1032 825/994/821
f 380/1142/376 956/1141/952 538/1258/534
f 1062/1259/1058 868/1039/864 1063/1260/1059
f 961/1148/957 882/1053/878 1064/1261/1060
f 876/1047/872 1065/1262/1061 1066/1263/1062
f 1067/1264/1063 1068/1265/1064 872/1043/868
f 1069/1266/1065 937/1115/933 936/1114/932
f 1070/1267/1066 1071/1268/1067 1072/1269/1068
f 811/980/807 874/1045/870 812/981/808
f 1069/1266/1065 1073/1270/1069 1074/1271/1070
f 1075/1272/1071 1076/1273/1072 1077/1274/1073
f 383/1036/379 1078/1275/1074 1079/1276/1075
f 785/953/781 1079/1276/1075 917/1095/913
f 1080/1277/1076 1081/1278/1077 1082/1279/1078
f 1083/1280/1079 848/1017/844 1084/1281/1080
f 796/964/792 1085/1282/1081 806/975/802
f 921/1099/917 1086/1283/1082 919/1097/915
f 340/1284/336 309/1285/305 1013/1207/1009
f 839/1008/835 1065/1262/1061 1087/1286/1083
f 770/1287/766 915/1093/911 657/1288/653
f 1088/1289/1084 959/1146/955 1089/1290/1085
f 1090/1291/1086 1091/1292/1087 1092/1293/1088
f 990/1182/986 861/1030/857 863/1032/859
f 1093/1294/1089 1063/1260/1059 994/1186/990
f 865/1034/861 1094/1295/1090 1095/1296/1091
f 1039/1233/1035 1012/1206/1008 1055/1251/1051
f 823/992/819 898/1073/894 1096/1297/1092
f 1073/1270/1069 778/946/774 1097/1298/1093
f 890/1065/886 1098/1299/1094 1099/1300/1095
f 959/1146/955 1043/1237/1039 1026/1220/1022
f 1035/1229/1031 1100/1301/1096 1001/1193/997
f 1101/1302/1097 1102/1303/1098 972/1161/968
f 1103/1304/1099 1104/1305/1100 1105/1306/1101
f 1106/1307/1102 1107/1308/1103 1108/1309/1104
f 1109/1310/1105 968/1155/964 985/1177/981
f 1077/1274/1073 1076/1273/1072 1110/1311/1106
f 1111/1312/1107 1034/1228/1030 1112/1313/1108
f 864/1033/860 931/1109/927 940/1122/936
f 812/981/808 1113/1314/1109 810/979/806
f 1114/1315/1110 1115/1316/1111 1116/1317/1112
f 1117/1318/1113 1118/1319/1114 1119/1320/1115
f 1007/1199/1003 1120/1321/1116 1006/1198/1002
f 770/1287/766 845/1014/841 1121/1322/1117
f 855/1024/851 1122/1323/1118 1082/1279/1078
f 859/1028/855 1039/1233/1035 1055/1251/1051
f 874/1045/870 875/1046/871 1123/1324/1119
f 908/1086/904 932/1110/928 873/1044/869
f 1124/1325/1120 833/1002/829 1125/1326/1121
f 1126/1327/1122 1127/1328/1123 1128/1329/1124
f 941/1123/937 786/954/782 1129/1330/1125
f 1130/1331/1126 897/1072/893 864/1033/860
f 1076/1273/1072 909/1087/905 908/1086/904
f 946/1128/942 1131/1332/1127 967/1154/963
f 806/975/802 1047/1242/1043 796/964/792
f 1132/1333/1128 1133/1334/1129 954/1139/950
f 1134/1335/1130 1135/1336/1131 1136/1337/1132
f 1137/1338/1133 1138/1339/1134 879/1050/875
f 876/1047/872 957/1144/953 1065/1262/1061
f 413/1167/409 1129/1330/1125 1060/1256/1056
f 1139/1340/1135 1140/1341/1136 885/1059/881
f 1141/1342/1137 1142/1343/1138 1143/1344/1139
f 1144/1345/1140 1145/1346/1141 1146/1347/1142
f 1043/1237/1039 732/1348/728 731/1238/727
f 1147/1349/1143 847/1016/843 1044/1239/1040
f 1014/1208/1010 1013/1207/1009 1148/1350/1144
f 767/1351/763 1017/1211/1013 768/1352/764
f 1023/1217/1019 825/994/821 1009/1201/1005
f 866/1035/862 865/1034/861 1095/1296/1091
f 890/1065/886 1099/1300/1095 1066/1263/1062
f 1130/1331/1126 882/1053/878 881/1052/877
f 1149/1353/1145 1114/1315/1110 1052/1248/1048
f 923/1101/919 922/1100/918 969/1156/965
f 661/1354/657 769/1355/765 1027/1221/1023
f 1101/1302/1097 972/1161/968 943/1125/939
f 976/1165/972 1150/1356/1146 1151/1357/1147
f 1080/1277/1076 831/1000/827 1152/1358/1148
f 340/1284/336 1153/1359/1149 1154/1360/1150
f 1084/1281/1080 850/1019/846 1155/1361/1151
f 1125/1326/1121 833/1002/829 960/1147/956
f 1156/1362/1152 871/1042/867 952/1137/948
f 436/1084/432 1157/1363/1153 868/1039/864
f 1025/1219/1021 1158/1364/1154 1159/1365/1155
f 1102/1303/1098 1160/1366/1156 972/1161/968
f 1123/1324/1119 1128/1329/1124 1127/1328/1123
f 966/1153/962 1120/1321/1116 1161/1367/1157
f 872/1043/868 1110/1311/1106 873/1044/869
f 1036/1230/1032 827/996/823 1162/1368/1158
f 1163/1369/1159 1050/1246/1046 1049/1245/1045
f 1085/1282/1081 796/964/792 798/966/794
f 1164/1370/1160 1165/1371/1161 1140/1341/1136
f 766/1118/762 938/1120/934 754/1055/750
f 920/1098/916 1001/1193/997 1100/1301/1096
f 1079/1276/1075 1031/1225/1027 383/1036/379
f 961/1148/957 980/1171/976 813/982/809
f 1166/1372/1162 1167/1373/1163 880/1051/876
f 948/1133/944 994/1186/990 1063/1260/1059
f 1168/1374/1164 819/988/815 877/1048/873
f 907/1085/903 916/1094/912 908/1086/904
f 846/1015/842 845/1014/841 754/1055/750
f 1075/1272/1071 1169/1375/1165 1170/1376/1166
f 1171/1377/1167 1115/1316/1111 973/1162/969
f 1172/1378/1168 1173/1379/1169 1174/1380/1170
f 1097/1298/1093 778/946/774 777/945/773
f 1102/1303/1098 1165/1371/1161 1175/1381/1171
f 991/1183/987 990/1182/986 863/1032/859
f 1035/1229/1031 1001/1193/997 1002/1194/998
f 1000/1192/996 1133/1334/1129 1029/1223/1025
f 860/1029/856 829/998/825 1176/1382/1172
f 1146/1347/1142 1177/1383/1173 1144/1345/1140
f 1135/1336/1131 856/1025/852 1136/1337/1132
f 1178/1384/1174 1179/1385/1175 984/1176/980
f 808/977/804 1141/1342/1137 809/978/805
f 1118/1319/1114 1075/1272/1071 1068/1265/1064
f 1171/1377/1167 972/1161/968 1160/1366/1156
f 1120/1321/1116 1007/1199/1003 1180/1386/1176
f 803/972/799 844/1013/840 801/970/797
f 1181/1387/1177 1182/1388/1178 1054/1250/1050
f 894/1069/890 1183/1389/1179 1106/1307/1102
f 1001/1193/997 862/1031/858 861/1030/857
f 873/1044/869 932/1110/928 934/1112/930
f 754/1055/750 1184/1390/1180 846/1015/842
f 1175/1381/1171 1165/1371/1161 1164/1370/1160
f 1168/1374/1164 1066/1263/1062 1185/1391/1181
f 868/1039/864 1157/1363/1153 1186/1392/1182
f 1187/1393/1183 873/1044/869 934/1112/930
f 788/956/784 871/1042/867 789/957/785
f 1107/1308/1103 1183/1389/1179 1188/1394/1184
f 972/1161/968 974/1163/970 943/1125/939
f 907/1085/903 909/1087/905 1103/1304/1099
f 1155/1361/1151 850/1019/846 849/1018/845
f 868/1039/864 870/1041/866 1189/1395/1185
f 800/968/796 903/1078/899 297/1080/293
f 866/1035/862 789/957/785 864/1033/860
f 436/1084/432 1062/1259/1058 905/1082/901
f 1190/1396/1186 857/1026/853 858/1027/854
f 1191/1397/1187 901/1076/897 803/972/799
f 1161/1367/1157 1120/1321/1116 1180/1386/1176
f 1192/1398/1188 1095/1296/1091 852/1021/848
f 1054/1250/1050 1053/1249/1049 1181/1387/1177
f 335/1203/331 867/1038/863 1011/1204/1007
f 953/1138/949 1175/1381/1171 1164/1370/1160
f 1126/1327/1122 1193/1399/1189 1009/1201/1005
f 1162/1368/1158 879/1050/875 1086/1283/1082
f 965/1152/961 964/1151/960 1194/1400/1190
f 1105/1306/1101 1195/1401/1191 1196/1402/1192
f 838/1007/834 890/1065/886 839/1008/835
f 895/1070/891 881/1052/877 1197/1403/1193
f 863/1032/859 1198/1404/1194 1019/1213/1015
f 1062/1259/1058 922/1100/918 905/1082/901
f 782/950/778 1199/1405/1195 783/951/779
f 819/988/815 821/990/817 877/1048/873
f 953/1138/949 955/1140/951 1102/1303/1098
f 1150/1356/1146 1200/1406/1196 1201/1407/1197
f 1038/1232/1034 1202/1408/1198 894/1069/890
f 1090/1291/1086 1143/1344/1139 1133/1334/1129
f 810/979/806 1113/1314/1109 858/1027/854
f 1109/1310/1105 985/1177/981 1124/1325/1120
f 436/1084/432 868/1039/864 1062/1259/1058
f 902/1077/898 1203/1409/1199 803/972/799
f 1199/1405/1195 1204/1410/1200 1024/1218/1020
f 889/1064/885 996/1188/992 987/1179/983
f 896/1071/892 1205/1411/1201 1018/1212/1014
f 1200/1406/1196 975/1164/971 1206/1412/1202
f 1063/1260/1059 868/1039/864 1189/1395/1185
f 1207/1413/1203 1124/1325/1120 985/1177/981
f 322/1414/318 318/1205/314 1011/1204/1007
f 1143/1344/1139 1090/1291/1086 1141/1342/1137
f 1174/1380/1170 1203/1409/1199 1172/1378/1168
f 851/1020/847 853/1022/849 773/941/769
f 1208/1415/1204 835/1004/831 815/984/811
f 1048/1244/1044 1078/1275/1074 383/1036/379
f 843/1012/839 945/1127/941 944/1126/940
f 889/1064/885 853/1022/849 995/1187/991
f 1046/1241/1042 1098/1299/1094 890/1065/886
f 1208/1415/1204 1209/1416/1205 1210/1417/1206
f 1042/1236/1038 1211/1418/1207 1040/1234/1036
f 911/1089/907 913/1091/909 1212/1419/1208
f 904/1081/900 1096/1297/1092 900/1075/896
f 918/1096/914 917/1095/913 989/1181/985
f 1213/1420/1209 912/1090/908 1214/1421/1210
f 1215/1422/1211 816/985/812 1064/1261/1060
f 1108/1309/1104 1216/1423/1212 878/1049/874
f 1217/1424/1213 1218/1425/1214 880/1051/876
f 968/1155/964 1084/1281/1080 903/1078/899
f 1219/1426/1215 933/1111/929 916/1094/912
f 1149/1353/1145 828/997/824 927/1105/923
f 412/1427/408 1157/1363/1153 436/1084/432
f 1162/1368/1158 827/996/823 1137/1338/1133
f 1180/1386/1176 1159/1365/1155 1220/1428/1216
f 1156/1362/1152 939/1121/935 871/1042/867
f 661/1354/657 1027/1221/1023 731/1238/727
f 1115/1316/1111 1114/1315/1110 1221/1429/1217
f 1044/1239/1040 980/1171/976 1147/1349/1143
f 1222/1430/1218 1223/1431/1219 912/1090/908
f 1201/1407/1197 1224/1432/1220 1129/1330/1125
f 1225/1433/1221 1226/1434/1222 1171/1377/1167
f 1030/1224/1026 956/1141/952 378/1143/374
f 1216/1423/1212 1108/1309/1104 1227/1435/1223
f 922/1100/918 1228/1436/1224 963/1150/959
f 1180/1386/1176 1007/1199/1003 1025/1219/1021
f 1221/1429/1217 1114/1315/1110 927/1105/923
f 321/1437/317 791/959/787 790/958/786
f 1229/1438/1225 1230/1439/1226 1164/1370/1160
f 915/1093/911 1231/1440/1227 657/1288/653
f 895/1070/891 1205/1411/1201 896/1071/892
f 823/992/819 1096/1297/1092 887/1062/883
f 1148/1350/1144 1013/1207/1009 334/1441/330
f 996/1188/992 808/977/804 988/1180/984
f 946/1128/942 967/1154/963 1232/1442/1228
f 1048/1244/1044 1177/1383/1173 964/1151/960
f 1067/1264/1063 872/1043/868 788/956/784
f 877/1048/873 1066/1263/1062 1168/1374/1164
f 1199/1405/1195 1233/1443/1229 1234/1444/1230
f 914/1092/910 1017/1211/1013 1231/1440/1227
f 920/1098/916 1100/1301/1096 1037/1231/1033
f 1042/1236/1038 1152/1358/1148 1235/1445/1231
f 1185/1391/1181 898/1073/894 822/991/818
f 980/1171/976 961/1148/957 818/987/814
f 1188/1394/1184 992/1184/988 1107/1308/1103
f 1015/1209/1011 340/1284/336 1013/1207/1009
f 1005/1197/1001 1004/1196/1000 986/1178/982
f 1025/1219/1021 1236/1446/1232 1057/1253/1053
f 1203/1409/1199 1174/1380/1170 1237/1447/1233
f 804/973/800 806/975/802 1178/1384/1174
f 1238/1448/1234 1239/1449/1235 1240/1450/1236
f 1241/1451/1237 1141/1342/1137 808/977/804
f 798/966/794 797/965/793 905/1082/901
f 1031/1225/1027 1079/1276/1075 785/953/781
f 780/948/776 1046/1241/1042 781/949/777
f 1086/1283/1082 878/1049/874 919/1097/915
f 1240/1450/1236 312/1452/308 1238/1448/1234
f 1094/1295/1090 1241/1451/1237 808/977/804
f 413/1167/409 941/1123/937 1129/1330/1125
f 1034/1228/1030 990/1182/986 989/1181/985
f 1048/1244/1044 383/1036/379 867/1038/863
f 1215/1422/1211 1242/1453/1238 1156/1362/1152
f 1235/1445/1231 1152/1358/1148 778/946/774
f 1019/1213/1015 977/1166/973 976/1165/972
f 1104/1305/1100 1195/1401/1191 1105/1306/1101
f 820/989/816 843/1012/839 944/1126/940
f 1197/1403/1193 881/1052/877 835/1004/831
f 1240/1450/1236 1049/1245/1045 867/1038/863
f 1142/1343/1138 1141/1342/1137 1241/1451/1237
f 1243/1454/1239 1072/1269/1068 1071/1268/1067
f 1073/1270/1069 1069/1266/1065 936/1114/932
f 974/1163/970 973/1162/969 1214/1421/1210
f 1036/1230/1032 1009/1201/1005 825/994/821
f 1217/1424/1213 913/1091/909 1213/1420/1209
f 1156/1362/1152 951/1136/947 1215/1422/1211
f 311/1455/307 1238/1448/1234 312/1452/308
f 861/1030/857 990/1182/986 1002/1194/998
f 934/1112/930 1244/1456/1240 1245/1457/1241
f 805/974/801 1246/1458/1242 1184/1390/1180
f 843/1012/839 820/989/816 819/988/815
f 1009/1201/1005 1036/1230/1032 1010/1202/1006
f 832/1001/828 1247/1459/1243 930/1108/926
f 1185/1391/1181 1248/1460/1244 899/1074/895
f 1044/1239/1040 847/1016/843 846/1015/842
f 1057/1253/1053 1249/1461/1245 1158/1364/1154
f 1250/1462/1246 911/1089/907 1251/1463/1247
f 881/1052/877 815/984/811 835/1004/831
f 1087/1286/1083 1065/1262/1061 957/1144/953
f 856/1025/852 1252/1464/1248 1253/1465/1249
f 922/1100/918 963/1150/959 962/1149/958
f 1021/1215/1017 1148/1350/1144 1022/1216/1018
f 1030/1224/1026 384/1129/380 381/1466/377
f 1136/1337/1132 1041/1235/1037 1254/1467/1250
f 1193/1399/1189 1199/1405/1195 1024/1218/1020
f 1029/1223/1025 1142/1343/1138 865/1034/861
f 1255/1468/1251 970/1157/966 969/1156/965
f 824/993/820 1236/1446/1232 802/971/798
f 924/1102/920 1039/1233/1035 859/1028/855
f 971/1158/967 1089/1290/1085 958/1145/954
f 785/953/781 991/1183/987 786/954/782
f 1176/1382/1172 829/998/825 828/997/824
f 920/1098/916 1032/1226/1028 862/1031/858
f 854/1023/850 1122/1323/1118 855/1024/851
f 1107/1308/1103 1227/1435/1223 1108/1309/1104
f 821/990/817 820/989/816 1051/1247/1047
f 1102/1303/1098 1175/1381/1171 953/1138/949
f 950/1135/946 1061/1257/1057 1060/1256/1056
f 1066/1263/1062 1065/1262/1061 890/1065/886
f 836/1005/832 999/1191/995 1018/1212/1014
f 826/995/822 1251/1463/1247 1212/1419/1208
f 1172/1378/1168 1256/1469/1252 849/1018/845
f 880/1051/876 913/1091/909 1217/1424/1213
f 802/971/798 1257/1470/1253 803/972/799
f 993/1185/989 1188/1394/1184 1183/1389/1179
f 1072/1269/1068 892/1067/888 1218/1425/1214
f 1170/1376/1166 909/1087/905 1076/1273/1072
f 338/969/334 800/968/796 297/1080/293
f 1113/1314/1109 886/1061/882 888/1063/884
f 1251/1463/1247 1024/1218/1020 1204/1410/1200
f 882/1053/878 1242/1453/1238 1064/1261/1060
f 1258/1471/1254 1201/1407/1197 1033/1227/1029
f 1005/1197/1001 809/978/805 1230/1439/1226
f 984/1176/980 1149/1353/1145 1210/1417/1206
f 1128/1329/1124 1259/1472/1255 1260/1473/1256
f 907/1085/903 914/1092/910 916/1094/912
f 887/1062/883 1249/1461/1245 1056/1252/1052
f 822/991/818 910/1088/906 1185/1391/1181
f 1184/1390/1180 1246/1458/1242 981/1172/977
f 1183/1389/1179 1107/1308/1103 1106/1307/1102
f 822/991/818 824/993/820 802/971/798
f 1237/1447/1233 978/1169/974 945/1127/941
f 960/1147/956 833/1002/829 832/1001/828
f 1164/1370/1160 1132/1333/1128 953/1138/949
f 774/942/770 773/941/769 1261/1474/1257
f 1118/1319/1114 1067/1264/1063 1119/1320/1115
f 1014/1208/1010 937/1115/933 1053/1249/1049
f 1052/1248/1048 835/1004/831 1210/1417/1206
f 1262/1475/1258 1070/1267/1066 1072/1269/1068
f 412/1427/408 869/1040/865 1157/1363/1153
f 1084/1281/1080 848/1017/844 850/1019/846
f 836/1005/832 1226/1434/1222 999/1191/995
f 1081/1278/1077 1042/1236/1038 1263/1476/1259
f 902/1077/898 1240/1450/1236 1239/1449/1235
f 963/1150/959 1228/1436/1224 859/1028/855
f 1108/1309/1104 878/1049/874 1106/1307/1102
f 1056/1252/1052 1249/1461/1245 1264/1477/1260
f 982/1174/978 1221/1429/1217 926/1104/922
f 1254/1467/1250 1134/1335/1130 1136/1337/1132
f 799/967/795 327/1478/323 302/1060/298
f 795/963/791 773/941/769 793/961/789
f 1145/1346/1141 1236/1446/1232 1146/1347/1142
f 855/1024/851 1081/1278/1077 1263/1476/1259
f 1197/1403/1193 835/1004/831 834/1003/830
f 1243/1454/1239 1071/1268/1067 1221/1429/1217
f 1151/1357/1147 1201/1407/1197 1129/1330/1125
f 972/1161/968 1171/1377/1167 973/1162/969
f 1265/1479/1261 1121/1322/1117 1219/1426/1215
f 959/1146/955 958/1145/954 1089/1290/1085
f 1165/1371/1161 1102/1303/1098 1140/1341/1136
f 814/983/810 813/982/809 1209/1416/1205
f 1112/1313/1108 1266/1480/1262 1111/1312/1107
f 873/1044/869 1110/1311/1106 1076/1273/1072
f 878/1049/874 1167/1373/1163 892/1067/888
f 1059/1255/1055 1058/1254/1054 1235/1445/1231
f 438/1481/434 624/1482/620 412/1427/408
f 891/1066/887 884/1058/880 947/1132/943
f 1121/1322/1117 915/1093/911 770/1287/766
f 1164/1370/1160 1091/1292/1087 1132/1333/1128
f 1198/1404/1194 862/1031/858 1019/1213/1015
f 889/1064/885 1267/1483/1263 1268/1484/1264
f 1105/1306/1101 1196/1402/1192 1103/1304/1099
f 1212/1419/1208 1251/1463/1247 911/1089/907
f 778/946/774 936/1114/932 1235/1445/1231
f 928/1106/924 930/1108/926 837/1006/833
f 812/981/808 874/1045/870 1249/1461/1245
f 1269/1485/1265 1156/1362/1152 1242/1453/1238
f 1011/1204/1007 867/1038/863 336/1037/332
f 1115/1316/1111 1221/1429/1217 1071/1268/1067
f 952/1137/948 951/1136/947 1156/1362/1152
f 1218/1425/1214 1167/1373/1163 1166/1372/1162
f 1270/1486/1266 1201/1407/1197 1200/1406/1196
f 884/1058/880 1139/1340/1135 885/1059/881
f 728/1119/724 706/1243/702 1047/1242/1043
f 1155/1361/1151 903/1078/899 1084/1281/1080
f 1210/1417/1206 1209/1416/1205 984/1176/980
f 1203/1409/1199 844/1013/840 803/972/799
f 924/1102/920 1228/1436/1224 922/1100/918
f 812/981/808 886/1061/882 1113/1314/1109
f 1069/1266/1065 1074/1271/1070 777/945/773
f 1112/1313/1108 1079/1276/1075 1266/1480/1262
f 1070/1267/1066 973/1162/969 1115/1316/1111
f 1030/1224/1026 381/1466/377 1031/1225/1027
f 837/1006/833 1247/1459/1243 781/949/777
f 732/1348/728 1088/1289/1084 396/1487/392
f 1143/1344/1139 1029/1223/1025 1133/1334/1129
f 800/968/796 985/1177/981 968/1155/964
f 819/988/815 802/971/798 801/970/797
f 1209/1416/1205 813/982/809 980/1171/976
f 1213/1420/1209 1070/1267/1066 1262/1475/1258
f 1271/1488/1267 1089/1290/1085 971/1158/967
f 952/1137/948 873/1044/869 1187/1393/1183
f 890/1065/886 781/949/777 1046/1241/1042
f 778/946/774 831/1000/827 776/944/772
f 936/1114/932 935/1113/931 1235/1445/1231
f 1272/1489/1268 1173/1379/1169 1083/1280/1079
f 977/1166/973 1032/1226/1028 1273/1490/1269
f 969/1156/965 994/1186/990 993/1185/989
f 895/1070/891 1130/1331/1126 881/1052/877
f 1149/1353/1145 927/1105/923 1114/1315/1110
f 940/1122/936 1269/1485/1265 1130/1331/1126
f 1059/1255/1055 1211/1418/1207 1042/1236/1038
f 950/1135/946 949/1134/945 1026/1220/1022
f 1067/1264/1063 775/943/771 1119/1320/1115
f 1195/1401/1191 1016/1210/1012 1196/1402/1192
f 1218/1425/1214 1217/1424/1213 1262/1475/1258
f 906/1083/902 905/1082/901 797/965/793
f 312/1452/308 867/1038/863 335/1203/331
f 1185/1391/1181 1066/1263/1062 1099/1300/1095
f 956/1141/952 942/1124/938 538/1258/534
f 1219/1426/1215 916/1094/912 1265/1479/1261
f 817/986/813 1245/1457/1241 818/987/814
f 893/1068/889 1038/1232/1034 894/1069/890
f 1274/1491/1270 830/999/826 1275/1492/1271
f 1237/1447/1233 1174/1380/1170 929/1107/925
f 805/974/801 804/973/800 979/1170/975
f 1276/1493/1272 966/1153/962 1161/1367/1157
f 1010/1202/1006 1100/1301/1096 1008/1200/1004
f 833/1002/829 1124/1325/1120 1207/1413/1203
f 954/1139/950 1225/1433/1221 955/1140/951
f 1258/1471/1254 1033/1227/1029 1060/1256/1056
f 1126/1327/1122 1233/1443/1229 1193/1399/1189
f 901/1076/897 1191/1397/1187 1050/1246/1046
f 1277/1494/1273 917/1095/913 1034/1228/1030
f 1113/1314/1109 888/1063/884 904/1081/900
f 1250/1462/1246 1222/1430/1218 911/1089/907
f 1095/1296/1091 1192/1398/1188 997/1189/993
f 969/1156/965 1062/1259/1058 1093/1294/1089
f 1019/1213/1015 976/1165/972 1151/1357/1147
f 1174/1380/1170 1278/1495/1274 929/1107/925
f 1216/1423/1212 1227/1435/1223 1200/1406/1196
f 992/1184/988 1227/1435/1223 1107/1308/1103
f 996/1188/992 852/1021/848 1094/1295/1090
f 1002/1194/998 990/1182/986 1034/1228/1030
f 1177/1383/1173 1146/1347/1142 1194/1400/1190
f 805/974/801 938/1120/934 728/1119/724
f 1009/1201/1005 1193/1399/1189 1023/1217/1019
f 812/981/808 887/1062/883 886/1061/882
f 1275/1492/1271 927/1105/923 1274/1491/1270
f 1278/1495/1274 1174/1380/1170 1173/1379/1169
f 1232/1442/1228 820/989/816 944/1126/940
f 1091/1292/1087 1164/1370/1160 1092/1293/1088
f 1183/1389/1179 1202/1408/1198 993/1185/989
f 397/1160/393 396/1487/392 1271/1488/1267
f 1163/1369/1159 1240/1450/1236 901/1076/897
f 706/1243/702 490/1496/486 1279/1497/1275
f 1081/1278/1077 855/1024/851 1082/1279/1078
f 1130/1331/1126 1242/1453/1238 882/1053/878
f 1171/1377/1167 1226/1434/1222 836/1005/832
f 792/960/788 1154/1360/1150 1182/1388/1178
f 413/1167/409 1061/1257/1057 625/1498/621
f 870/1041/866 949/1134/945 1189/1395/1185
f 1257/1470/1253 1191/1397/1187 803/972/799
f 1213/1420/1209 913/1091/909 912/1090/908
f 959/1146/955 1026/1220/1022 949/1134/945
f 832/1001/828 1080/1277/1076 1082/1279/1078
f 950/1135/946 625/1498/621 1061/1257/1057
f 871/1042/867 939/1121/935 931/1109/927
f 1262/1475/1258 1072/1269/1068 1218/1425/1214
f 1216/1423/1212 1200/1406/1196 1206/1412/1202
f 933/1111/929 932/1110/928 916/1094/912
f 728/1119/724 1047/1242/1043 805/974/801
f 779/947/775 1247/1459/1243 832/1001/828
f 997/1189/993 789/957/785 866/1035/862
f 1086/1283/1082 879/1050/875 878/1049/874
f 1206/1412/1202 975/1164/971 1280/1499/1276
f 1111/1312/1107 1220/1428/1216 1008/1200/1004
f 1231/1440/1227 915/1093/911 914/1092/910
f 817/986/813 816/985/812 951/1136/947
f 334/1441/330 1013/1207/1009 309/1285/305
f 1162/1368/1158 1137/1338/1133 879/1050/875
f 848/1017/844 1083/1280/1079 849/1018/845
f 979/1170/975 1209/1416/1205 980/1171/976
f 1223/1431/1219 782/950/778 943/1125/939
f 1057/1253/1053 1264/1477/1260 1249/1461/1245
f 333/1079/329 903/1078/899 1155/1361/1151
f 1184/1390/1180 754/1055/750 938/1120/934
f 1018/1212/1014 998/1190/994 896/1071/892
f 1243/1454/1239 893/1068/889 892/1067/888
f 1200/1406/1196 1227/1435/1223 1270/1486/1266
f 1179/1385/1175 1176/1382/1172 828/997/824
f 1251/1463/1247 1204/1410/1200 782/950/778
f 1152/1358/1148 1081/1278/1077 1080/1277/1076
f 847/1016/843 1219/1426/1215 1121/1322/1117
f 961/1148/957 816/985/812 818/987/814
f 1026/1220/1022 1028/1222/1024 950/1135/946
f 1153/1359/1149 340/1284/336 1015/1209/1011
f 818/987/814 1147/1349/1143 980/1171/976
f 982/1174/978 1039/1233/1035 1038/1232/1034
f 1051/1247/1047 820/989/816 1232/1442/1228
f 846/1015/842 981/1172/977 1044/1239/1040
f 1267/1483/1263 986/1178/982 1004/1196/1000
f 1159/1365/1155 1158/1364/1154 1123/1324/1119
f 1129/1330/1125 786/954/782 1151/1357/1147
f 437/1500/433 436/1084/432 906/1083/902
f 1194/1400/1190 1146/1347/1142 1236/1446/1232
f 1009/1201/1005 1127/1328/1123 1126/1327/1122
f 926/1104/922 1221/1429/1217 927/1105/923
f 1205/1411/1201 895/1070/891 1197/1403/1193
f 1124/1325/1120 1125/1326/1121 1109/1310/1105
f 799/967/795 792/960/788 985/1177/981
f 1245/1457/1241 847/1016/843 818/987/814
f 1033/1227/1029 1201/1407/1197 1270/1486/1266
f 1255/1468/1251 993/1185/989 1202/1408/1198
f 897/1072/893 1029/1223/1025 865/1034/861
f 1233/1443/1229 1199/1405/1195 1193/1399/1189
f 1205/1411/1201 834/1003/830 1018/1212/1014
f 1259/1472/1255 1128/1329/1124 1123/1324/1119
f 1176/1382/1172 1179/1385/1175 1085/1282/1081
f 1100/1301/1096 1035/1229/1031 1008/1200/1004
f 1012/1206/1008 829/998/825 1055/1251/1051
f 954/1139/950 953/1138/949 1132/1333/1128
f 1207/1413/1203 777/945/773 833/1002/829
f 1023/1217/1019 826/995/822 825/994/821
f 1239/1449/1235 1172/1378/1168 1203/1409/1199
f 869/1040/865 971/1158/967 870/1041/866
f 1037/1231/1033 921/1099/917 920/1098/916
f 983/1175/979 1012/1206/1008 982/1174/978
f 991/1183/987 918/1096/914 990/1182/986
f 815/984/811 882/1053/878 813/982/809
f 1202/1408/1198 1183/1389/1179 894/1069/890
f 1157/1363/1153 869/1040/865 1186/1392/1182
f 946/1128/942 1232/1442/1228 944/1126/940
f 910/1088/906 1168/1374/1164 1185/1391/1181
f 907/1085/903 1196/1402/1192 914/1092/910
f 1273/1490/1269 919/1097/915 878/1049/874
f 767/1351/763 657/1288/653 1231/1440/1227
f 855/1024/851 1136/1337/1132 856/1025/852
f 1273/1490/1269 878/1049/874 1206/1412/1202
f 853/1022/849 793/961/789 773/941/769
f 791/959/787 1154/1360/1150 792/960/788
f 880/1051/876 1167/1373/1163 878/1049/874
f 311/1455/307 1256/1469/1252 1238/1448/1234
f 787/955/783 786/954/782 942/1124/938
f 1187/1393/1183 934/1112/930 1245/1457/1241
f 1078/1275/1074 1048/1244/1044 964/1151/960
f 952/1137/948 1187/1393/1183 817/986/813
f 839/1008/835 890/1065/886 1065/1262/1061
f 383/1036/379 1031/1225/1027 381/1466/377
f 1088/1289/1084 1089/1290/1085 1271/1488/1267
f 1140/1341/1136 1139/1340/1135 1281/1501/1277
f 795/963/791 1282/1502/1278 1261/1474/1257
f 843/1012/839 1203/1409/1199 1237/1447/1233
f 994/1186/990 948/1133/944 992/1184/988
f 807/976/803 809/978/805 1005/1197/1001
f 806/975/802 1179/1385/1175 1178/1384/1174
f 854/1023/850 856/1025/852 1253/1465/1249
f 798/966/794 860/1029/856 1085/1282/1081
f 837/1006/833 930/1108/926 1247/1459/1243
f 872/1043/868 871/1042/867 788/956/784
f 1049/1245/1045 1240/1450/1236 1163/1369/1159
f 621/1503/617 869/1040/865 412/1427/408
f 1185/1391/1181 899/1074/895 898/1073/894
f 774/942/770 1261/1474/1257 1119/1320/1115
f 1037/1231/1033 1162/1368/1158 921/1099/917
f 1077/1274/1073 1110/1311/1106 1075/1272/1071
f 1122/1323/1118 854/1023/850 779/947/775
f 904/1081/900 888/1063/884 1096/1297/1092
f 926/1104/922 925/1103/921 982/1174/978
f 1230/1439/1226 1283/1504/1279 1005/1197/1001
f 1090/1291/1086 809/978/805 1141/1342/1137
f 982/1174/978 1012/1206/1008 1039/1233/1035
f 993/1185/989 992/1184/988 1188/1394/1184
f 1284/1505/1280 786/954/782 991/1183/987
f 889/1064/885 1285/1506/1281 793/961/789
f 839/1008/835 1087/1286/1083 967/1154/963
f 902/1077/898 1239/1449/1235 1203/1409/1199
f 1154/1360/1150 791/959/787 340/1284/336
f 836/1005/832 1052/1248/1048 1116/1317/1112
f 826/995/822 1024/1218/1020 1251/1463/1247
f 828/997/824 830/999/826 1274/1491/1270
f 1162/1368/1158 1086/1283/1082 921/1099/917
f 1120/1321/1116 966/1153/962 1006/1198/1002
f 1070/1267/1066 1213/1420/1209 1214/1421/1210
f 1236/1446/1232 824/993/820 1057/1253/1053
f 1202/1408/1198 1038/1232/1034 970/1157/966
f 773/941/769 775/943/771 851/1020/847
f 1118/1319/1114 1068/1265/1064 1067/1264/1063
f 922/1100/918 1062/1259/1058 969/1156/965
f 863/1032/859 1284/1505/1280 991/1183/987
f 706/1243/702 1279/1497/1275 796/964/792
f 1095/1296/1091 1094/1295/1090 852/1021/848
f 732/1348/728 959/1146/955 1088/1289/1084
f 955/1140/951 1225/1433/1221 1160/1366/1156
f 1201/1407/1197 1258/1471/1254 1224/1432/1220
f 1143/1344/1139 1142/1343/1138 1029/1223/1025
f 1057/1253/1053 1056/1252/1052 1264/1477/1260
f 1014/1208/1010 1053/1249/1049 1015/1209/1011
f 1115/1316/1111 1071/1268/1067 1070/1267/1066
f 777/945/773 1053/1249/1049 1069/1266/1065
f 1273/1490/1269 1032/1226/1028 919/1097/915
f 954/1139/950 1133/1334/1129 999/1191/995
f 777/945/773 1074/1271/1070 1097/1298/1093
f 1212/1419/1208 1138/1339/1134 1137/1338/1133
f 1050/1246/1046 1163/1369/1159 901/1076/897
f 1119/1320/1115 775/943/771 774/942/770
f 1168/1374/1164 910/1088/906 819/988/815
f 831/1000/827 1080/1277/1076 832/1001/828
f 769/1355/765 625/1498/621 1028/1222/1024
f 778/946/774 1152/1358/1148 831/1000/827
f 827/996/823 826/995/822 1137/1338/1133
f 975/1164/971 977/1166/973 1280/1499/1276
f 1133/1334/1129 1091/1292/1087 1090/1291/1086
f 777/945/773 1181/1387/1177 1053/1249/1049
f 1136/1337/1132 855/1024/851 1041/1235/1037
f 754/1055/750 845/1014/841 770/1287/766
f 1232/1442/1228 1087/1286/1083 1051/1247/1047
f 1034/1228/1030 917/1095/913 1112/1313/1108
f 1125/1326/1121 929/1107/925 1109/1310/1105
f 948/1133/944 1227/1435/1223 992/1184/988
f 781/949/777 1247/1459/1243 779/947/775
f 950/1135/946 1028/1222/1024 625/1498/621
f 816/985/812 961/1148/957 1064/1261/1060
f 1201/1407/1197 1151/1357/1147 1150/1356/1146
f 607/1173/603 796/964/792 760/1507/756
f 711/1508/707 941/1123/937 415/1168/411
f 1078/1275/1074 966/1153/962 1276/1493/1272
f 947/1132/943 884/1058/880 883/1057/879
f 954/1139/950 999/1191/995 1225/1433/1221
f 1276/1493/1272 1079/1276/1075 1078/1275/1074
f 973/1162/969 1070/1267/1066 1214/1421/1210
f 1043/1237/1039 959/1146/955 732/1348/728
f 1266/1480/1262 1161/1367/1157 1180/1386/1176
f 924/1102/920 923/1101/919 1039/1233/1035
f 872/1043/868 1068/1265/1064 1110/1311/1106
f 1116/1317/1112 1115/1316/1111 1171/1377/1167
f 1192/1398/1188 775/943/771 997/1189/993
f 1027/1221/1023 769/1355/765 1028/1222/1024
f 1111/1312/1107 1180/1386/1176 1220/1428/1216
f 437/1500/433 797/965/793 607/1173/603
f 988/1180/984 807/976/803 986/1178/982
f 378/1143/374 385/1130/381 1030/1224/1026
f 1224/1432/1220 1258/1471/1254 1060/1256/1056
f 1050/1246/1046 1144/1345/1140 1177/1383/1173
f 1092/1293/1088 1164/1370/1160 809/978/805
f 1227/1435/1223 948/1133/944 1270/1486/1266
f 783/951/779 1199/1405/1195 1234/1444/1230
f 999/1191/995 1226/1434/1222 1225/1433/1221
f 976/1165/972 975/1164/971 1150/1356/1146
f 940/1122/936 1130/1331/1126 864/1033/860
f 1066/1263/1062 877/1048/873 876/1047/872
f 968/1155/964 1109/1310/1105 1272/1489/1268
f 777/945/773 1207/1413/1203 1181/1387/1177
f 790/958/786 302/1060/298 321/1437/317
f 1109/1310/1105 1278/1495/1274 1272/1489/1268
f 1025/1219/1021 1194/1400/1190 1236/1446/1232
f 1050/1246/1046 1191/1397/1187 1144/1345/1140
f 1037/1231/1033 1036/1230/1032 1162/1368/1158
f 1127/1328/1123 1009/1201/1005 1008/1200/1004
f 843/1012/839 1237/1447/1233 945/1127/941
f 1218/1425/1214 892/1067/888 1167/1373/1163
f 1277/1494/1273 989/1181/985 917/1095/913
f 1199/1405/1195 782/950/778 1204/1410/1200
f 1121/1322/1117 845/1014/841 847/1016/843
f 1005/1197/1001 1283/1504/1279 1003/1195/999
f 839/1008/835 928/1106/924 837/1006/833
f 816/985/812 1215/1422/1211 951/1136/947
f 897/1072/893 1130/1331/1126 895/1070/891
f 1200/1406/1196 1150/1356/1146 975/1164/971
f 779/947/775 832/1001/828 1082/1279/1078
f 1269/1485/1265 1242/1453/1238 1130/1331/1126
f 1221/1429/1217 982/1174/978 1243/1454/1239
f 1021/1215/1017 937/1115/933 1014/1208/1010
f 336/1037/332 322/1414/318 1011/1204/1007
f 860/1029/856 1055/1251/1051 829/998/825
f 1215/1422/1211 1064/1261/1060 1242/1453/1238
f 1173/1379/1169 1272/1489/1268 1278/1495/1274
f 929/1107/925 1278/1495/1274 1109/1310/1105
f 982/1174/978 1038/1232/1034 893/1068/889
f 384/1129/380 1030/1224/1026 385/1130/381
f 796/964/792 1279/1497/1275 760/1507/756
f 660/1509/656 769/1355/765 661/1354/657
f 801/970/797 843/1012/839 819/988/815
f 790/958/786 792/960/788 799/967/795
f 948/1133/944 1189/1395/1185 949/1134/945
f 889/1064/885 995/1187/991 996/1188/992
f 1205/1411/1201 1197/1403/1193 834/1003/830
f 1035/1229/1031 1111/1312/1107 1008/1200/1004
f 1034/1228/1030 989/1181/985 1277/1494/1273
f 964/1151/960 1177/1383/1173 1194/1400/1190
f 1176/1382/1172 1085/1282/1081 860/1029/856
f 1058/1254/1054 1042/1236/1038 1235/1445/1231
f 1193/1399/1189 1024/1218/1020 1023/1217/1019
f 1113/1314/1109 904/1081/900 858/1027/854
f 997/1189/993 866/1035/862 1095/1296/1091
f 916/1094/912 932/1110/928 908/1086/904
f 1121/1322/1117 1265/1479/1261 915/1093/911
f 1091/1292/1087 1133/1334/1129 1132/1333/1128
f 1275/1492/1271 830/999/826 983/1175/979
f 901/1076/897 1240/1450/1236 902/1077/898
f 1263/1476/1259 1041/1235/1037 855/1024/851
f 875/1046/871 1259/1472/1255 1123/1324/1119
f 788/956/784 775/943/771 1067/1264/1063
f 869/1040/865 868/1039/864 1186/1392/1182
f 1131/1332/1127 946/1128/942 945/1127/941
f 1114/1315/1110 1116/1317/1112 1052/1248/1048
f 843/1012/839 844/1013/840 1203/1409/1199
f 1042/1236/1038 1081/1278/1077 1152/1358/1148
f 854/1023/850 780/948/776 779/947/775
f 1280/1499/1276 1273/1490/1269 1206/1412/1202
f 829/998/825 1012/1206/1008 830/999/826
f 321/1437/317 307/1510/303 791/959/787
f 1257/1470/1253 1144/1345/1140 1191/1397/1187
f 326/1511/322 1148/1350/1144 334/1441/330
f 1196/1402/1192 907/1085/903 1103/1304/1099
f 779/947/775 1082/1279/1078 1122/1323/1118
f 1151/1357/1147 786/954/782 1284/1505/1280
f 438/1481/434 412/1427/408 436/1084/432
f 1170/1376/1166 1076/1273/1072 1075/1272/1071
f 1182/1388/1178 1154/1360/1150 1153/1359/1149
f 1096/1297/1092 888/1063/884 887/1062/883
f 969/1156/965 993/1185/989 1255/1468/1251
f 1158/1364/1154 1249/1461/1245 874/1045/870
f 1125/1326/1121 960/1147/956 930/1108/926
f 889/1064/885 986/1178/982 1267/1483/1263
f 1129/1330/1125 1224/1432/1220 1060/1256/1056
f 1250/1462/1246 1223/1431/1219 1222/1430/1218
f 1169/1375/1165 1075/1272/1071 1118/1319/1114
f 823/992/819 822/991/818 898/1073/894
f 761/1056/757 754/1055/750 770/1287/766
f 885/1059/881 1101/1302/1097 943/1125/939
f 1255/1468/1251 1202/1408/1198 970/1157/966
f 1172/1378/1168 1239/1449/1235 1256/1469/1252
f 621/1503/617 536/1159/532 971/1158/967
f 1099/1300/1095 1248/1460/1244 1185/1391/1181
f 1018/1212/1014 999/1191/995 998/1190/994
f 1137/1338/1133 826/995/822 1212/1419/1208
f 831/1000/827 833/1002/829 776/944/772
f 942/1124/938 711/1508/707 538/1258/534
f 984/1176/980 1209/1416/1205 979/1170/975
f 957/1144/953 1051/1247/1047 1087/1286/1083
f 952/1137/948 871/1042/867 873/1044/869
f 1268/1484/1264 1285/1506/1281 889/1064/885
f 437/1500/433 906/1083/902 797/965/793
f 1284/1505/1280 1019/1213/1015 1151/1357/1147
f 1256/1469/1252 1239/1449/1235 1238/1448/1234
f 916/1094/912 915/1093/911 1265/1479/1261
f 1164/1370/1160 1286/1512/1282 1229/1438/1225
f 1131/1332/1127 945/1127/941 978/1169/974
f 1033/1227/1029 950/1135/946 1060/1256/1056
f 1029/1223/1025 897/1072/893 896/1071/892
f 815/984/811 814/983/810 1208/1415/1204
f 828/997/824 1274/1491/1270 927/1105/923
f 955/1140/951 1160/1366/1156 1102/1303/1098
f 968/1155/964 1272/1489/1268 1084/1281/1080
f 1021/1215/1017 1014/1208/1010 1148/1350/1144
f 937/1115/933 1069/1266/1065 1053/1249/1049
f 1181/1387/1177 985/1177/981 792/960/788
f 1276/1493/1272 1266/1480/1262 1079/1276/1075
f 808/977/804 996/1188/992 1094/1295/1090
f 984/1176/980 1179/1385/1175 1149/1353/1145
f 767/1351/763 1231/1440/1227 1017/1211/1013
f 1048/1244/1044 1050/1246/1046 1177/1383/1173
f 983/1175/979 925/1103/921 1275/1492/1271
f 988/1180/984 987/1179/983 996/1188/992
f 1016/1210/1012 914/1092/910 1196/1402/1192
f 1123/1324/1119 1158/1364/1154 874/1045/870
f 798/966/794 963/1150/959 859/1028/855
f 1010/1202/1006 1037/1231/1033 1100/1301/1096
f 1228/1436/1224 924/1102/920 859/1028/855
f 1048/1244/1044 867/1038/863 1049/1245/1045
f 1103/1304/1099 909/1087/905 1170/1376/1166
f 1192/1398/1188 851/1020/847 775/943/771
f 1198/1404/1194 863/1032/859 862/1031/858
f 1222/1430/1218 912/1090/908 911/1089/907
f 862/1031/858 1032/1226/1028 977/1166/973
f 1140/1341/1136 1102/1303/1098 885/1059/881
f 1029/1223/1025 998/1190/994 1000/1192/996
f 842/1011/838 904/1081/900 840/1009/836
f 802/971/798 1145/1346/1141 1257/1470/1253
f 849/1018/845 1256/1469/1252 1155/1361/1151
f 891/1066/887 947/1132/943 784/952/780
f 809/978/805 1090/1291/1086 1092/1293/1088
f 1088/1289/1084 1271/1488/1267 396/1487/392
f 1250/1462/1246 782/950/778 1223/1431/1219
f 805/974/801 1184/1390/1180 938/1120/934
f 1207/1413/1203 985/1177/981 1181/1387/1177
f 812/981/808 1249/1461/1245 887/1062/883
f 818/987/814 847/1016/843 1147/1349/1143
f 928/1106/924 1131/1332/1127 978/1169/974
f 887/1062/883 1057/1253/1053 824/993/820
f 1075/1272/1071 1110/1311/1106 1068/1265/1064
f 981/1172/977 1246/1458/1242 979/1170/975
f 962/1149/958 905/1082/901 922/1100/918
f 1240/1450/1236 867/1038/863 312/1452/308
f 1237/1447/1233 929/1107/925 978/1169/974
f 711/1508/707 942/1124/938 941/1123/937
f 1039/1233/1035 923/1101/919 970/1157/966
f 1096/1297/1092 898/1073/894 900/1075/896
f 940/1122/936 939/1121/935 1269/1485/1265
f 327/1478/323 799/967/795 338/969/334
f 966/1153/962 1078/1275/1074 964/1151/960
f 1149/1353/1145 1179/1385/1175 828/997/824
f 892/1067/888 1072/1269/1068 1243/1454/1239
f 621/1503/617 971/1158/967 869/1040/865
f 1220/1428/1216 1123/1324/1119 1008/1200/1004
f 933/1111/929 1219/1426/1215 1244/1456/1240
f 948/1133/944 1033/1227/1029 1270/1486/1266
f 782/950/778 883/1057/879 943/1125/939
f 1133/1334/1129 1000/1192/996 999/1191/995
f 1159/1365/1155 1180/1386/1176 1025/1219/1021
f 986/1178/982 807/976/803 1005/1197/1001
f 804/973/800 1178/1384/1174 984/1176/980
f 1073/1270/1069 936/1114/932 778/946/774
f 974/1163/970 1214/1421/1210 1223/1431/1219
f 1001/1193/997 920/1098/916 862/1031/858
f 966/1153/962 965/1152/961 1006/1198/1002
f 1035/1229/1031 1034/1228/1030 1111/1312/1107
f 1182/1388/1178 1181/1387/1177 792/960/788
f 1153/1359/1149 1015/1209/1011 1182/1388/1178
f 908/1086/904 873/1044/869 1076/1273/1072
f 865/1034/861 1142/1343/1138 1241/1451/1237
f 943/1125/939 974/1163/970 1223/1431/1219
f 1246/1458/1242 805/974/801 979/1170/975
f 969/1156/965 1093/1294/1089 994/1186/990
f 1276/1493/1272 1161/1367/1157 1266/1480/1262
f 852/1021/848 995/1187/991 853/1022/849
f 1256/1469/1252 333/1079/329 1155/1361/1151
f 773/941/769 795/963/791 1261/1474/1257
f 1054/1250/1050 1182/1388/1178 1015/1209/1011
f 367/1513/363 371/1131/367 385/1130/381
f 805/974/801 1047/1242/1043 806/975/802
f 333/1079/329 1256/1469/1252 311/1455/307
f 948/1133/944 1063/1260/1059 1189/1395/1185
f 1214/1421/1210 912/1090/908 1223/1431/1219
f 1206/1412/1202 878/1049/874 1216/1423/1212
f 1062/1259/1058 1063/1260/1059 1093/1294/1089
f 1184/1390/1180 981/1172/977 846/1015/842
f 1026/1220/1022 731/1238/727 1027/1221/1023
f 1144/1345/1140 1257/1470/1253 1145/1346/1141
f 1272/1489/1268 1083/1280/1079 1084/1281/1080
f 930/1108/926 929/1107/925 1125/1326/1121
f 1220/1428/1216 1159/1365/1155 1123/1324/1119
f 1245/1457/1241 817/986/813 1187/1393/1183
f 1123/1324/1119 1127/1328/1123 1008/1200/1004
f 967/1154/963 1131/1332/1127 928/1106/924
f 949/1134/945 971/1158/967 958/1145/954
f 1194/1400/1190 1025/1219/1021 965/1152/961
f 809/978/805 1164/1370/1160 1230/1439/1226
f 1218/1425/1214 1166/1372/1162 880/1051/876
f 1138/1339/1134 913/1091/909 880/1051/876
f 885/1059/881 1102/1303/1098 1101/1302/1097
f 987/1179/983 986/1178/982 889/1064/885
f 1085/1282/1081 1179/1385/1175 806/975/802
f 761/1056/757 656/1514/652 498/1054/494
f 819/988/815 910/1088/906 802/971/798
f 1232/1442/1228 967/1154/963 1087/1286/1083
f 782/950/778 784/952/780 883/1057/879
f 1172/1378/1168 849/1018/845 1173/1379/1169
f 879/1050/875 1138/1339/1134 880/1051/876
f 852/1021/848 851/1020/847 1192/1398/1188
f 1052/1248/1048 1210/1417/1206 1149/1353/1145
f 1160/1366/1156 1225/1433/1221 1171/1377/1167
f 849/1018/845 1083/1280/1079 1173/1379/1169
f 1286/1512/1282 1164/1370/1160 1140/1341/1136
f 863/1032/859 1019/1213/1015 1284/1505/1280
f 1241/1451/1237 1094/1295/1090 865/1034/861
f 1106/1307/1102 878/1049/874 894/1069/890
f 1111/1312/1107 1266/1480/1262 1180/1386/1176
f 1116/1317/1112 1171/1377/1167 836/1005/832
f 927/1105/923 1275/1492/1271 925/1103/921
f 913/1091/909 1138/1339/1134 1212/1419/1208
f 1042/1236/1038 1041/1235/1037 1263/1476/1259
f 1251/1463/1247 782/950/778 1250/1462/1246
f 1219/1426/1215 847/1016/843 1244/1456/1240
f 307/1510/303 340/1284/336 791/959/787
f 1208/1415/1204 1210/1417/1206 835/1004/831
f 397/1160/393 1271/1488/1267 971/1158/967
f 933/1111/929 1244/1456/1240 934/1112/930
f 949/1134/945 870/1041/866 971/1158/967
f 956/1141/952 787/955/783 942/1124/938
f 864/1033/860 897/1072/893 865/1034/861
f 1245/1457/1241 1244/1456/1240 847/1016/843
f 1031/1225/1027 785/953/781 787/955/783
f 988/1180/984 808/977/804 807/976/803
f 1213/1420/1209 1262/1475/1258 1217/1424/1213
f 1057/1253/1053 1158/1364/1154 1025/1219/1021
f 1112/1313/1108 917/1095/913 1079/1276/1075
f 1269/1485/1265 939/1121/935 1156/1362/1152
f 490/1496/486 760/1507/756 1279/1497/1275
f 1209/1416/1205 1208/1415/1204 814/983/810
f 905/1082/901 962/1149/958 798/966/794
f 1145/1346/1141 802/971/798 1236/1446/1232
f 893/1068/889 1243/1454/1239 982/1174/978
f 1273/1490/1269 1280/1499/1276 977/1166/973
f 1287/1515/1283 1288/1516/1284 1289/1517/1285
f 1290/1518/1286 1291/1519/1287 1292/1520/1288
f 1291/1519/1287 164/1521/160 1292/1520/1288
f 1293/1522/1289 1291/1519/1287 1290/1518/1286
f 587/1523/583 1294/1524/1290 1295/1525/1291
f 1294/1524/1290 587/1523/583 453/1526/449
f 453/1526/449 1296/1527/1292 1294/1524/1290
f 222/1528/218 332/1529/328 305/1530/301
f 1297/1531/1293 332/1529/328 222/1528/218
f 296/1532/292 1298/1533/1294 1299/1534/1295
f 352/1535/348 289/1536/285 1299/1534/1295
f 196/1537/192 289/1536/285 352/1535/348
f 289/1536/285 296/1532/292 1299/1534/1295
f 1300/1538/1296 1301/1539/1297 1302/1540/1298
f 447/1541/443 1303/1542/1299 448/1543/444
f 1304/1544/1300 1305/1545/1301 1306/1546/1302
f 1307/1547/1303 1308/1548/1304 1309/1549/1305
f 1310/1550/1306 1311/1551/1307 1312/1552/1308
f 1310/1550/1306 1309/1549/1305 1308/1548/1304
f 1311/1551/1307 1310/1550/1306 1308/1548/1304
f 1313/1553/1309 1314/1554/1310 1315/1555/1311
f 1315/1555/1311 1316/1556/1312 1317/1557/1313
f 1313/1553/1309 1315/1555/1311 1317/1557/1313
f 1318/1558/1314 1319/1559/1315 1320/1560/1316
f 1321/1561/1317 1322/1562/1318 1318/1558/1314
f 1320/1560/1316 1321/1561/1317 1318/1558/1314
f 1323/1563/1319 1324/1564/1320 1325/1565/1321
f 1323/1563/1319 1326/1566/1322 1324/1564/1320
f 1327/1567/1323 1293/1568/1289 1328/1569/1324
f 1329/1570/1325 1330/1571/1326 1331/1572/1327
f 1328/1569/1324 1293/1568/1289 187/1573/183
f 1327/1567/1323 161/1574/157 1291/1575/1287
f 1291/1575/1287 1293/1568/1289 1327/1567/1323
f 1293/1568/1289 1330/1571/1326 191/1576/187
f 267/1577/263 1330/1571/1326 1332/1578/1328
f 1291/1575/1287 161/1574/157 164/1579/160
f 1331/1572/1327 1330/1571/1326 1293/1568/1289
f 267/1577/263 191/1576/187 1330/1571/1326
f 161/1574/157 1327/1567/1323 1328/1569/1324
f 191/1576/187 187/1573/183 1293/1568/1289
f 1333/1580/1329 1334/1581/1330 1335/1582/1331
f 1336/1583/1332 1337/1584/1333 1338/1585/1334
f 1339/1586/1335 1335/1582/1331 1334/1581/1330
f 1333/1580/1329 1336/1583/1332 1334/1581/1330
f 1335/1582/1331 1339/1586/1335 1340/1587/1336
f 1337/1584/1333 1336/1583/1332 1333/1580/1329
f 1339/1586/1335 1334/1581/1330 1336/1583/1332
f 1341/1588/1337 1342/1589/1338 1343/1590/1339
f 1344/1591/1340 1341/1588/1337 1345/1592/1341
f 1346/1593/1342 1343/1590/1339 1342/1589/1338
f 1344/1591/1340 1345/1592/1341 1347/1594/1343
f 1348/1595/1344 1349/1596/1345 1346/1593/1342
f 1347/1594/1343 1345/1592/1341 1350/1597/1346
f 1342/1589/1338 1341/1588/1337 1344/1591/1340
f 1348/1595/1344 1346/1593/1342 1342/1589/1338
f 1351/1598/1347 1352/1599/1348 1353/1600/1349
f 1354/1601/1350 1355/1602/1351 1353/1600/1349
f 1353/1600/1349 1352/1599/1348 1354/1601/1350
f 1356/1603/1352 88/1604/84 1357/1605/1353
f 1358/1606/1354 1357/1605/1353 1359/1607/1355
f 1356/1603/1352 1357/1605/1353 1358/1606/1354
f 1357/1605/1353 118/1608/114 1359/1607/1355
f 1357/1605/1353 88/1604/84 118/1608/114
f 1360/1609/1356 1361/1610/1357 119/1611/115
f 29/1612/25 120/1613/116 1361/1610/1357
f 29/1612/25 1362/1614/1358 27/1615/23
f 1362/1614/1358 29/1612/25 1360/1609/1356
f 1362/1614/1358 1360/1609/1356 1363/1616/1359
f 119/1611/115 1361/1610/1357 120/1613/116
f 1364/1617/1360 1360/1609/1356 119/1611/115
f 1365/1618/1361 1363/1616/1359 1366/1619/1362
f 29/1612/25 1361/1610/1357 1360/1609/1356
f 1365/1618/1361 1362/1614/1358 1363/1616/1359
f 1364/1617/1360 1363/1616/1359 1360/1609/1356
f 1367/1620/1363 1335/1621/1331 1340/1622/1336
f 1340/1622/1336 1368/1623/1364 1367/1620/1363
f 534/1624/530 1369/1625/1365 457/1626/453
f 1369/1625/1365 534/1624/530 508/1627/504
f 1370/1628/1366 1371/1629/1367 1372/1630/1368
f 1373/1631/1369 1374/1632/1370 1375/1633/1371
f 1374/1632/1370 1373/1631/1369 1376/1634/1372
f 1376/1634/1372 1377/1635/1373 1374/1632/1370
f 1378/1636/1374 1379/1637/1375 1310/1638/1306
f 1380/1639/1376 1381/1640/1377 1382/1641/1378
f 1383/1642/1379 1384/1643/1380 1382/1641/1378
f 1385/1644/1381 1384/1643/1380 1386/1645/1382
f 1381/1640/1377 1383/1642/1379 1382/1641/1378
f 1381/1640/1377 1380/1639/1376 1387/1646/1383
f 1384/1643/1380 1383/1642/1379 1386/1645/1382
f 1324/1647/1320 1388/1648/1384 1325/1649/1321
f 1389/1650/1385 1390/1651/1386 1391/1652/1387
f 1392/1653/1388 1389/1650/1385 1393/1654/1389
f 1394/1655/1390 1390/1651/1386 1389/1650/1385
f 1395/1656/1391 1393/1654/1389 1396/1657/1392
f 1391/1652/1387 1393/1654/1389 1389/1650/1385
f 1392/1653/1388 1393/1654/1389 1390/1651/1386
f 1393/1654/1389 1391/1652/1387 1396/1657/1392
f 1397/1658/1393 1398/1659/1394 745/1660/741
f 745/1660/741 1398/1659/1394 616/1661/612
f 1399/1662/1395 1400/1663/1396 1401/1664/1397
f 1402/1665/1398 1400/1663/1396 1399/1662/1395
f 1403/1666/1399 1404/1667/1400 1405/1668/1401
f 1406/1669/1402 1407/1670/1403 1408/1671/1403
f 1409/1672/1404 1410/1673/1405 1411/1674/1406
f 1412/1675/1407 1413/1676/1408 1410/1673/1405
f 1409/1672/1404 1412/1675/1407 1410/1673/1405
f 1414/1677/1409 1415/1678/1410 1416/1679/1411
f 1417/1680/1412 1416/1679/1411 1415/1678/1410
f 1418/1681/1413 1419/1682/1414 1420/1683/1415
f 1421/1684/1416 1422/1685/1417 1423/1686/1418
f 1424/1687/1419 1425/1688/1420 1426/1689/1421
f 1426/1689/1421 1427/1690/1422 1424/1687/1419
f 1422/1685/1417 1421/1684/1416 1425/1688/1420
f 1421/1684/1416 1428/1691/1423 1426/1689/1421
f 1429/1692/1424 1425/1688/1420 1424/1687/1419
f 1424/1687/1419 1427/1690/1422 1419/1682/1414
f 1425/1688/1420 1421/1684/1416 1426/1689/1421
f 1424/1687/1419 1419/1682/1414 1418/1681/1413
f 1430/1693/1425 1431/1694/1426 1432/1695/1427
f 1433/1696/1428 1431/1694/1426 98/1697/94
f 1434/1698/1429 98/1697/94 1431/1694/1426
f 1434/1698/1429 99/1699/95 98/1697/94
f 1432/1695/1427 1431/1694/1426 1433/1696/1428
f 1435/1700/1430 1430/1693/1425 1436/1701/1431
f 1432/1695/1427 1436/1701/1431 1430/1693/1425
f 1435/1700/1430 1436/1701/1431 1437/1702/1432
f 1289/1703/1285 1438/1704/1433 1287/1705/1283
f 1287/1705/1283 1404/1706/1400 1439/1707/1434
f 1404/1706/1400 1287/1705/1283 1438/1704/1433
f 213/1708/209 209/1709/205 1440/1710/1435
f 1441/1711/1436 209/1709/205 208/1712/204
f 1441/1711/1436 1442/1713/1437 209/1709/205
f 1440/1710/1435 1443/1714/1438 213/1708/209
f 1442/1713/1437 1440/1710/1435 209/1709/205
f 1410/1715/1405 1413/1716/1408 1444/1717/1439
f 1445/1718/1440 1446/1719/1441 1447/1720/1442
f 1446/1719/1441 1448/1721/1443 1447/1720/1442
f 1449/1722/1444 1445/1718/1440 1447/1720/1442
f 1450/1723/1445 1451/1724/1446 1452/1725/1447
f 1450/1723/1445 1453/1726/1448 1451/1724/1446
f 1452/1725/1447 1451/1724/1446 1454/1727/1449
f 1455/1728/1450 1394/1729/1390 1389/1730/1385
f 1456/1731/1451 1385/1732/1381 1457/1733/1452
f 1458/1734/1453 269/1735/265 274/1736/270
f 1458/1734/1453 1459/1737/1454 1394/1729/1390
f 262/1738/258 1458/1734/1453 274/1736/270
f 1459/1737/1454 1458/1734/1453 1456/1731/1451
f 1389/1730/1385 270/1739/266 1455/1728/1450
f 274/1736/270 269/1735/265 265/1740/261
f 1460/1741/1455 1461/1742/1456 1458/1734/1453
f 1457/1733/1452 1462/1743/1457 1459/1737/1454
f 1385/1732/1381 1456/1731/1451 1463/1744/1458
f 1455/1728/1450 269/1735/265 1458/1734/1453
f 1458/1734/1453 1394/1729/1390 1455/1728/1450
f 1457/1733/1452 1459/1737/1454 1456/1731/1451
f 270/1739/266 269/1735/265 1455/1728/1450
f 1456/1731/1451 1458/1734/1453 1461/1742/1456
f 1394/1729/1390 1459/1737/1454 1464/1745/1459
f 1460/1741/1455 1458/1734/1453 262/1738/258
f 1465/1746/1460 1466/1747/1461 1467/1748/1462
f 1468/1749/1463 1469/1750/1464 1445/1751/1440
f 1469/1750/1464 1470/1752/1465 1445/1751/1440
f 683/1753/679 1398/1754/1394 1471/1755/1466
f 1471/1755/1466 1398/1754/1394 1397/1756/1393
f 1471/1755/1466 720/1757/716 683/1753/679
f 703/1758/699 1472/1759/1467 727/1760/723
f 1473/1761/1468 1474/1762/1469 1475/1763/1470
f 1475/1763/1470 1476/1764/1471 1473/1761/1468
f 1475/1763/1470 1477/1765/1472 1476/1764/1471
f 1478/1766/1473 1479/1767/1474 1480/1768/1475
f 1481/1769/1476 1478/1766/1473 1480/1768/1475
f 188/1770/184 190/1771/186 1482/1772/1477
f 190/1771/186 192/1773/188 1482/1772/1477
f 1483/1774/1478 1316/1775/1312 1315/1776/1311
f 1484/1777/1479 1315/1776/1311 1314/1778/1310
f 1315/1776/1311 1484/1777/1479 1485/1779/1480
f 1486/1780/1481 1483/1774/1478 1485/1779/1480
f 1315/1776/1311 1485/1779/1480 1483/1774/1478
f 1487/1781/1482 1483/1774/1478 1486/1780/1481
f 1488/1782/1483 1489/1783/1484 1490/1784/1485
f 1489/1783/1484 1491/1785/1486 1492/1786/1487
f 1488/1782/1483 1491/1785/1486 1489/1783/1484
f 1490/1784/1485 1493/1787/1488 1488/1782/1483
f 1493/1787/1488 1490/1784/1485 1494/1788/1489
f 1495/1789/1490 1336/1790/1332 1338/1791/1334
f 1496/1792/1491 1336/1790/1332 1495/1789/1490
f 1496/1792/1491 1497/1793/1492 1340/1794/1336
f 1496/1792/1491 1340/1794/1336 1339/1795/1335
f 1339/1795/1335 1336/1790/1332 1496/1792/1491
f 1498/1796/1493 1499/1797/1494 1500/1798/1495
f 1437/1799/1432 1498/1796/1493 1500/1798/1495
f 1307/1800/1303 1309/1801/1305 1059/1802/1055
f 1501/1803/1496 1466/1804/1461 1502/1805/1497
f 1501/1803/1496 1502/1805/1497 1503/1806/1498
f 587/1807/583 1303/1808/1299 447/1809/443
f 1504/1810/1499 1303/1808/1299 1505/1811/1500
f 1505/1811/1500 1303/1808/1299 587/1807/583
f 1506/1812/1501 1507/1813/1502 1508/1814/1503
f 1509/1815/1504 1510/1816/1505 1511/1817/1506
f 1512/1818/1507 1513/1819/1508 1514/1820/1509
f 1510/1816/1505 1515/1821/1510 1511/1817/1506
f 1514/1820/1509 1510/1816/1505 1512/1818/1507
f 1512/1818/1507 1510/1816/1505 1509/1815/1504
f 1516/1822/1511 1509/1815/1504 1511/1817/1506
f 1487/1823/1482 1517/1824/1512 1518/1825/1513
f 1519/1826/1514 1520/1827/1515 1521/1828/1516
f 1370/1829/1366 1522/1830/1517 1371/1831/1367
f 1359/1832/1355 1523/1833/1518 1358/1834/1354
f 357/1835/353 356/1836/352 1524/1837/1519
f 357/1835/353 1524/1837/1519 373/1838/369
f 771/1839/767 697/1840/693 1525/1841/1520
f 658/1842/654 1526/1843/1521 1409/1844/1404
f 1411/1845/1406 658/1842/654 1409/1844/1404
f 1526/1843/1521 658/1842/654 659/1846/655
f 1527/1847/1522 1528/1848/1523 1529/1849/1524
f 1527/1847/1522 1529/1849/1524 1530/1850/1525
f 1531/1851/1526 1309/1852/1305 1532/1853/1527
f 1309/1852/1305 1310/1854/1306 1532/1853/1527
f 1533/1855/1528 1437/1856/1432 1500/1857/1495
f 1534/1858/1529 1104/1859/1100 1103/1860/1099
f 1534/1858/1529 1103/1860/1099 1535/1861/1530
f 1170/1862/1166 1535/1861/1530 1103/1860/1099
f 1534/1858/1529 1195/1863/1191 1104/1859/1100
f 1501/1864/1496 1503/1865/1498 1358/1866/1354
f 1358/1866/1354 1503/1865/1498 1536/1867/1531
f 1358/1866/1354 1537/1868/1532 1501/1864/1496
f 1537/1868/1532 1358/1866/1354 1523/1869/1518
f 1358/1866/1354 1536/1867/1531 1356/1870/1352
f 1538/1871/1533 1539/1872/1534 1540/1873/1535
f 1541/1874/1536 1542/1875/1537 1543/1876/1538
f 1541/1874/1536 1544/1877/1539 1542/1875/1537
f 1545/1878/1540 1546/1879/1541 1547/1880/1542
f 1548/1881/1543 1549/1882/1544 1550/1883/1545
f 1551/1884/1546 1427/1885/1422 1552/1886/1547
f 1552/1886/1547 1553/1887/1548 1551/1884/1546
f 1554/1888/1549 1553/1887/1548 1552/1886/1547
f 1555/1889/1550 1556/1890/1551 1557/1891/1552
f 1557/1891/1552 1558/1892/1553 1559/1893/1554
f 1557/1891/1552 1556/1890/1551 1558/1892/1553
f 1556/1890/1551 1560/1894/1555 1561/1895/1556
f 1560/1894/1555 1556/1890/1551 1555/1889/1550
f 1562/1896/1557 1563/1897/1558 1564/1898/1559
f 1565/1899/1560 1551/1900/1546 1553/1901/1548
f 1059/1902/1055 1309/1903/1305 1211/1904/1207
f 78/1905/74 1566/1906/1561 76/1907/72
f 1567/1908/1562 76/1907/72 1566/1906/1561
f 1567/1908/1562 1568/1909/1563 76/1907/72
f 284/1910/280 1569/1911/1564 1570/1912/1565
f 1570/1912/1565 285/1913/281 284/1910/280
f 295/1914/291 296/1915/292 288/1916/284
f 285/1913/281 1570/1912/1565 291/1917/287
f 1570/1912/1565 296/1915/292 291/1917/287
f 293/1918/289 1569/1911/1564 284/1910/280
f 291/1917/287 296/1915/292 295/1914/291
f 1571/1919/1566 1572/1920/1567 1573/1921/1568
f 1574/1922/1569 1312/1923/1308 1575/1924/1570
f 1574/1922/1569 1572/1920/1567 1571/1919/1566
f 1572/1920/1567 1574/1922/1569 1575/1924/1570
f 1574/1922/1569 1310/1925/1306 1312/1923/1308
f 1576/1926/1571 1575/1924/1570 1312/1923/1308
f 270/1927/266 1389/1928/1385 1396/1929/1392
f 270/1927/266 1396/1929/1392 1391/1930/1387
f 1577/1931/1572 1578/1932/1573 1579/1933/1574
f 1580/1934/1575 1581/1935/1576 1582/1936/1577
f 1583/1937/1578 1580/1934/1575 1578/1932/1573
f 1584/1938/1579 1548/1939/1543 1585/1940/1580
f 1579/1933/1574 1586/1941/1581 1587/1942/1582
f 1588/1943/1583 1589/1944/1584 1581/1935/1576
f 1586/1941/1581 1579/1933/1574 1590/1945/1585
f 1579/1933/1574 1587/1942/1582 1577/1931/1572
f 1591/1946/1586 1592/1947/1587 1588/1943/1583
f 1579/1933/1574 1578/1932/1573 1580/1934/1575
f 1548/1939/1543 1593/1948/1588 1549/1949/1544
f 1580/1934/1575 1588/1943/1583 1581/1935/1576
f 1580/1934/1575 1583/1937/1578 1588/1943/1583
f 1588/1943/1583 1583/1937/1578 1594/1950/1589
f 1594/1950/1589 1549/1949/1544 1593/1948/1588
f 1593/1948/1588 1548/1939/1543 1584/1938/1579
f 1595/1951/1590 1596/1952/1591 1585/1940/1580
f 1588/1943/1583 1594/1950/1589 1593/1948/1588
f 1582/1936/1577 1579/1933/1574 1580/1934/1575
f 1592/1947/1587 1589/1944/1584 1588/1943/1583
f 1585/1940/1580 1548/1939/1543 1595/1951/1590
f 1469/1953/1464 1597/1954/1592 1470/1955/1465
f 1597/1954/1592 1469/1953/1464 1598/1956/1593
f 1415/1957/1410 1414/1958/1409 1599/1959/1594
f 1415/1957/1410 1599/1959/1594 1600/1960/1595
f 1601/1961/1596 1602/1962/1597 1603/1963/1598
f 1604/1964/1599 1603/1963/1598 1602/1962/1597
f 1605/1965/1600 1604/1964/1599 1602/1962/1597
f 1606/1966/1601 1601/1961/1596 1603/1963/1598
f 1494/1967/1489 1607/1968/1602 1606/1966/1601
f 1606/1966/1601 1603/1963/1598 1608/1969/1603
f 1490/1970/1485 1609/1971/1604 1494/1967/1489
f 1606/1966/1601 1608/1969/1603 1494/1967/1489
f 1609/1971/1604 1610/1972/1605 1494/1967/1489
f 1607/1968/1602 1494/1967/1489 1610/1972/1605
f 1609/1971/1604 1611/1973/1606 1610/1972/1605
f 1601/1961/1596 1606/1966/1601 1607/1968/1602
f 1489/1974/1484 1609/1971/1604 1490/1970/1485
f 1493/1975/1488 1494/1967/1489 1608/1969/1603
f 664/1976/660 734/1977/730 1303/1978/1299
f 1612/1979/1607 1317/1980/1313 1613/1981/1608
f 1518/1982/1513 1517/1983/1512 1612/1979/1607
f 1613/1981/1608 1518/1982/1513 1612/1979/1607
f 1614/1984/1609 1615/1985/1610 1616/1986/1611
f 1344/1987/1340 1617/1988/1612 1342/1989/1338
f 1342/1989/1338 1617/1988/1612 1618/1990/1613
f 1348/1991/1344 1342/1989/1338 1618/1990/1613
f 1619/1992/1614 1620/1993/1615 1621/1994/1616
f 1619/1992/1614 1622/1995/1617 1623/1996/1618
f 1620/1993/1615 1624/1997/1619 1621/1994/1616
f 1623/1996/1618 1620/1993/1615 1619/1992/1614
f 1620/1993/1615 1625/1998/1620 1626/1999/1621
f 1620/1993/1615 1626/1999/1621 1624/1997/1619
f 1619/1992/1614 1627/2000/1622 1622/1995/1617
f 1493/2001/1488 1608/2002/1603 1628/2003/1623
f 1603/2004/1598 1628/2003/1623 1608/2002/1603
f 1629/2005/1624 1630/2006/1625 1539/2007/1534
f 168/2008/164 1631/2009/1626 169/2010/165
f 1484/2011/1479 1632/2012/1627 1633/2013/1628
f 1632/2012/1627 745/2014/741 615/2015/611
f 1633/2013/1628 1485/2016/1480 1484/2011/1479
f 1484/2011/1479 745/2014/741 1632/2012/1627
f 1634/2017/1629 1601/2018/1596 1635/2019/1630
f 1635/2019/1630 1636/2020/1631 1634/2017/1629
f 1634/2017/1629 1637/2021/1632 1527/2022/1522
f 1638/2023/1633 1637/2021/1632 1636/2020/1631
f 1636/2020/1631 1637/2021/1632 1634/2017/1629
f 1527/2022/1522 1639/2024/1634 1634/2017/1629
f 1636/2020/1631 1640/2025/1635 1638/2023/1633
f 1601/2018/1596 1607/2026/1602 1635/2019/1630
f 1634/2017/1629 1639/2024/1634 1601/2018/1596
f 1641/2027/1636 1642/2028/1637 1643/2029/1638
f 1317/2030/1313 1644/2031/1639 1645/2032/1640
f 1644/2031/1639 1646/2033/1641 1645/2032/1640
f 1647/2034/1642 1645/2032/1640 1646/2033/1641
f 1353/2035/1349 1355/2036/1351 1645/2037/1640
f 1317/2038/1313 1355/2036/1351 1313/2039/1309
f 1317/2038/1313 1645/2037/1640 1355/2036/1351
f 1645/2037/1640 1647/2040/1642 1353/2035/1349
f 1648/2041/1643 1612/2042/1607 1649/2043/1644
f 1648/2041/1643 1650/2044/1645 1612/2042/1607
f 1651/2045/1646 1652/2046/1647 1653/2047/1648
f 1654/2048/1649 1655/2049/1650 1656/2050/1651
f 1655/2049/1650 1653/2047/1648 1656/2050/1651
f 1656/2050/1651 1652/2046/1647 1657/2051/1652
f 1655/2049/1650 1654/2048/1649 1658/2052/1653
f 1651/2045/1646 1653/2047/1648 1659/2053/1654
f 1656/2050/1651 1653/2047/1648 1652/2046/1647
f 1656/2050/1651 1657/2051/1652 1654/2048/1649
f 1375/2054/1371 1374/2055/1370 1660/2056/1655
f 1661/2057/1656 1662/2058/1657 1663/2059/1658
f 1662/2058/1657 1661/2057/1656 1508/2060/1503
f 1664/2061/1659 1665/2062/1660 1642/2063/1637
f 1666/2064/1661 1667/2065/1662 1668/2066/1663
f 1414/2067/1409 1669/2068/1664 1599/2069/1594
f 1669/2068/1664 1414/2067/1409 1528/2070/1523
f 1438/2071/1433 1670/2072/1665 1319/2073/1315
f 1444/2074/1439 1413/2075/1408 1671/2076/1666
f 1148/2077/1144 1547/2078/1542 1022/2079/1018
f 1547/2078/1542 1546/2080/1541 1022/2079/1018
f 1672/2081/1667 1650/2082/1645 1338/2083/1334
f 1362/2084/1358 1365/2085/1361 1673/2086/1668
f 1670/2087/1665 1289/2088/1285 1614/2089/1609
f 1289/2088/1285 1670/2087/1665 1438/2090/1433
f 1674/2091/1669 1675/2092/1669 1676/2093/1670
f 1533/2094/1528 1322/2095/1318 1677/2096/1671
f 1678/2097/1672 1679/2098/1673 1680/2099/1674
f 1678/2097/1672 1680/2099/1674 1681/2100/1675
f 1682/2101/1676 1683/2102/1677 1684/2103/1678
f 1681/2104/1675 1685/2105/1679 1684/2103/1678
f 1681/2104/1675 1684/2103/1678 1686/2106/1680
f 1685/2105/1679 1682/2101/1676 1684/2103/1678
f 1681/2104/1675 1686/2106/1680 1687/2107/1681
f 1688/2108/1682 1467/2109/1462 1466/2110/1461
f 1644/2111/1639 1317/2112/1313 1650/2113/1645
f 1650/2113/1645 1317/2112/1313 1612/2114/1607
f 1689/2115/1683 1690/2116/1684 1691/2117/1685
f 1692/2118/1686 1541/2119/1536 1543/2120/1538
f 1692/2118/1686 1544/2121/1539 1541/2119/1536
f 1692/2118/1686 1693/2122/1687 1544/2121/1539
f 1694/2123/1688 1692/2118/1686 1543/2120/1538
f 1695/2124/1689 1696/2125/1690 1639/2126/1634
f 1429/2127/1424 1424/2128/1419 1697/2129/1691
f 1697/2129/1691 1424/2128/1419 1698/2130/1692
f 1557/2131/1552 1600/2132/1595 1699/2133/1693
f 1699/2133/1693 1700/2134/1694 1557/2131/1552
f 1701/2135/1695 1555/2136/1550 1700/2134/1694
f 1701/2135/1695 1700/2134/1694 1699/2133/1693
f 1700/2134/1694 1555/2136/1550 1557/2131/1552
f 1401/2137/1397 1465/2138/1460 1467/2139/1462
f 1288/2140/1284 1614/2141/1609 1289/2142/1285
f 1309/2143/1305 1531/2144/1526 1702/2145/1696
f 1703/2146/1697 1702/2145/1696 1704/2147/1698
f 1531/2144/1526 1704/2147/1698 1702/2145/1696
f 52/2148/48 84/2149/80 65/2150/61
f 1677/2151/1671 1321/2152/1317 1705/2153/1699
f 1321/2152/1317 1677/2151/1671 1322/2154/1318
f 662/2155/658 1706/2156/1700 1526/2157/1521
f 662/2155/658 756/2158/752 1706/2156/1700
f 1626/2159/1621 1707/2160/1701 1708/2161/1702
f 1709/2162/1703 1710/2163/1704 1711/2164/1705
f 1712/2165/1706 1713/2166/1707 1714/2167/1708
f 1431/2168/1426 1715/2169/1709 1434/2170/1429
f 1716/2171/1710 1434/2170/1429 1715/2169/1709
f 1698/2172/1692 1418/2173/1413 1420/2174/1415
f 1429/2175/1424 1717/2176/1711 1425/2177/1420
f 1718/2178/1712 1719/2179/1713 1720/2180/1714
f 1721/2181/1715 1722/2182/1716 1723/2183/1717
f 1719/2179/1713 1723/2183/1717 1722/2182/1716
f 293/2184/289 1718/2178/1712 1720/2180/1714
f 280/2185/276 1718/2178/1712 293/2184/289
f 1697/2186/1691 1698/2172/1692 1717/2176/1711
f 214/2187/210 1443/2188/1438 280/2185/276
f 1724/2189/1718 1717/2176/1711 1725/2190/1719
f 1443/2188/1438 1726/2191/1720 1727/2192/1721
f 1698/2172/1692 1424/2193/1419 1418/2173/1413
f 1443/2188/1438 1727/2192/1721 280/2185/276
f 1717/2176/1711 1429/2175/1424 1697/2186/1691
f 1723/2183/1717 1724/2189/1718 1725/2190/1719
f 1718/2178/1712 1724/2189/1718 1719/2179/1713
f 1443/2188/1438 214/2187/210 213/2194/209
f 1727/2192/1721 1724/2189/1718 1718/2178/1712
f 1725/2190/1719 1698/2172/1692 1420/2174/1415
f 1728/2195/1722 1717/2176/1711 1724/2189/1718
f 280/2185/276 1727/2192/1721 1718/2178/1712
f 1723/2183/1717 1719/2179/1713 1724/2189/1718
f 1725/2190/1719 1717/2176/1711 1698/2172/1692
f 1699/2196/1693 1600/2197/1595 1599/2198/1594
f 1669/2199/1664 1699/2196/1693 1599/2198/1594
f 1729/2200/1723 124/2201/120 1730/2202/1724
f 166/2203/162 1730/2204/1724 124/2205/120
f 166/2203/162 152/2206/148 1731/2207/1725
f 1731/2207/1725 1730/2204/1724 166/2203/162
f 1408/2208/1403 1407/2209/1403 1732/2210/1726
f 1715/2211/1709 1733/2212/1727 1734/2213/1728
f 1734/2213/1728 1716/2214/1710 1715/2211/1709
f 1735/2215/1729 1736/2216/1730 1737/2217/1731
f 703/2218/699 560/2219/556 1472/2220/1467
f 1738/2221/1732 1739/2222/1733 1740/2223/1734
f 1739/2222/1733 1741/2224/1735 1740/2223/1734
f 1742/2225/1736 1743/2226/1737 1744/2227/1738
f 1745/2228/1739 1744/2227/1738 1743/2226/1737
f 1746/2229/1740 1747/2230/1741 1631/2231/1626
f 513/2232/509 514/2233/510 1746/2229/1740
f 1631/2231/1626 736/2234/732 1746/2229/1740
f 736/2234/732 513/2232/509 1746/2229/1740
f 168/2235/164 736/2234/732 1631/2231/1626
f 294/2236/290 736/2234/732 168/2235/164
f 1373/2237/1369 1748/2238/1742 1376/2239/1372
f 559/2240/555 1472/2241/1467 560/2242/556
f 106/2243/102 121/2244/117 1400/2245/1396
f 113/2246/109 106/2243/102 1402/2247/1398
f 121/2244/117 1401/2248/1397 1400/2245/1396
f 1402/2247/1398 106/2243/102 1400/2245/1396
f 1466/2249/1461 86/2250/82 1502/2251/1497
f 86/2250/82 1465/2252/1460 121/2244/117
f 121/2244/117 1465/2252/1460 1401/2248/1397
f 86/2250/82 1466/2249/1461 1465/2252/1460
f 1749/2253/1743 1750/2254/1744 1751/2255/1745
f 1310/2256/1306 1574/2257/1569 1378/2258/1374
f 1752/2259/1746 1491/2260/1486 1753/2261/1747
f 1345/2262/1341 1754/2263/1748 1755/2264/1749
f 1756/2265/1750 1757/2266/1751 1711/2267/1705
f 1571/2268/1566 1573/2269/1568 1758/2270/1752
f 1759/2271/1753 1760/2272/1754 1754/2263/1748
f 1758/2270/1752 1761/2273/1755 1571/2268/1566
f 1762/2274/1756 1752/2259/1746 1753/2261/1747
f 1763/2275/1757 1764/2276/1758 1574/2257/1569
f 1765/2277/1759 1766/2278/1760 1345/2262/1341
f 1745/2279/1739 1767/2280/1761 1350/2281/1346
f 1768/2282/1762 1769/2283/1763 1735/2284/1729
f 1762/2274/1756 1770/2285/1764 1752/2259/1746
f 1770/2285/1764 1762/2274/1756 1759/2271/1753
f 1378/2258/1374 1736/2286/1730 1769/2283/1763
f 1754/2263/1748 1760/2272/1754 1755/2264/1749
f 1663/2287/1658 1771/2288/1765 1772/2289/1766
f 1761/2273/1755 1508/2290/1503 1507/2291/1502
f 1771/2288/1765 1662/2292/1657 1761/2273/1755
f 1773/2293/1767 1711/2267/1705 1757/2266/1751
f 1766/2278/1760 1350/2281/1346 1345/2262/1341
f 1737/2294/1731 1306/2295/1302 1735/2284/1729
f 1749/2253/1743 1757/2266/1751 1756/2265/1750
f 1756/2265/1750 1710/2296/1704 1344/2297/1340
f 1763/2275/1757 1571/2268/1566 1764/2276/1758
f 1492/2298/1487 1491/2260/1486 1752/2259/1746
f 1763/2275/1757 1574/2257/1569 1571/2268/1566
f 1751/2255/1745 1737/2294/1731 1736/2286/1730
f 1755/2264/1749 1760/2272/1754 1765/2277/1759
f 1774/2299/1768 1775/2300/1769 1378/2258/1374
f 1776/2301/1770 1752/2259/1746 1777/2302/1771
f 1775/2300/1769 1774/2299/1768 1757/2266/1751
f 1379/2303/1375 1378/2258/1374 1769/2283/1763
f 1778/2304/1772 1350/2281/1346 1750/2254/1744
f 1306/2295/1302 1305/2305/1301 1735/2284/1729
f 1750/2254/1744 1749/2253/1743 1756/2265/1750
f 1736/2286/1730 1775/2300/1769 1749/2253/1743
f 1771/2288/1765 1758/2270/1752 1779/2306/1773
f 1765/2277/1759 1345/2262/1341 1755/2264/1749
f 1507/2291/1502 1773/2293/1767 1774/2299/1768
f 1745/2279/1739 1306/2295/1302 1767/2280/1761
f 1761/2273/1755 1758/2270/1752 1771/2288/1765
f 1574/2257/1569 1764/2276/1758 1378/2258/1374
f 1347/2307/1343 1350/2281/1346 1778/2304/1772
f 1777/2302/1771 1752/2259/1746 1770/2285/1764
f 1775/2300/1769 1757/2266/1751 1749/2253/1743
f 1736/2286/1730 1749/2253/1743 1751/2255/1745
f 1761/2273/1755 1662/2292/1657 1508/2290/1503
f 1305/2305/1301 1780/2308/1774 1735/2284/1729
f 1750/2254/1744 1350/2281/1346 1767/2280/1761
f 1759/2271/1753 1754/2263/1748 1770/2285/1764
f 1764/2276/1758 1774/2299/1768 1378/2258/1374
f 1764/2276/1758 1571/2268/1566 1507/2291/1502
f 1753/2261/1747 1759/2271/1753 1762/2274/1756
f 1663/2287/1658 1662/2292/1657 1771/2288/1765
f 1778/2304/1772 1344/2297/1340 1347/2307/1343
f 1735/2284/1729 1780/2308/1774 1768/2282/1762
f 1735/2284/1729 1769/2283/1763 1736/2286/1730
f 1778/2304/1772 1756/2265/1750 1344/2297/1340
f 1378/2258/1374 1775/2300/1769 1736/2286/1730
f 1774/2299/1768 1764/2276/1758 1507/2291/1502
f 1745/2279/1739 1743/2309/1737 1306/2295/1302
f 1745/2279/1739 1350/2281/1346 1766/2278/1760
f 1306/2295/1302 1751/2255/1745 1767/2280/1761
f 1751/2255/1745 1306/2295/1302 1737/2294/1731
f 1752/2259/1746 1776/2301/1770 1781/2310/1775
f 1781/2310/1775 1776/2301/1770 1610/2311/1605
f 1711/2267/1705 1710/2296/1704 1756/2265/1750
f 1750/2254/1744 1767/2280/1761 1751/2255/1745
f 1779/2306/1773 1758/2270/1752 1573/2269/1568
f 1750/2254/1744 1756/2265/1750 1778/2304/1772
f 1761/2273/1755 1507/2291/1502 1571/2268/1566
f 1773/2293/1767 1757/2266/1751 1774/2299/1768
f 1782/2312/1776 1783/2313/1777 1784/2314/1778
f 1785/2315/1779 1783/2313/1777 1782/2312/1776
f 1786/2316/1780 1407/2317/1403 1420/2318/1415
f 1732/2319/1726 1624/2320/1619 1626/2321/1621
f 1786/2316/1780 1624/2320/1619 1732/2319/1726
f 1407/2317/1403 1786/2316/1780 1732/2319/1726
f 1553/2322/1548 1787/2323/1781 1565/2324/1560
f 1553/2322/1548 1554/2325/1549 1787/2323/1781
f 1640/2326/1635 1636/2327/1631 1788/2328/1782
f 1789/2329/1783 1790/2330/1784 1791/2331/1785
f 1792/2332/1786 1791/2331/1785 1793/2333/1787
f 1794/2334/1788 1793/2333/1787 1790/2330/1784
f 1791/2331/1785 1792/2332/1786 1795/2335/1789
f 1791/2331/1785 1790/2330/1784 1793/2333/1787
f 1351/2336/1347 1796/2337/1790 1352/2338/1348
f 1796/2337/1790 1351/2336/1347 1794/2339/1788
f 1351/2336/1347 1797/2340/1791 1794/2339/1788
f 1798/2341/1792 1799/2342/1793 1800/2343/1794
f 1448/2344/1443 1446/2345/1441 1801/2346/1795
f 1802/2347/1796 1597/2348/1592 1803/2349/1797
f 1470/2350/1465 1446/2345/1441 1445/2351/1440
f 1804/2352/1798 1805/2353/1799 1806/2354/1800
f 1802/2347/1796 1799/2342/1793 1801/2346/1795
f 1807/2355/1801 1804/2352/1798 1806/2354/1800
f 1802/2347/1796 1806/2354/1800 1800/2343/1794
f 1804/2352/1798 1808/2356/1802 1805/2353/1799
f 1799/2342/1793 1802/2347/1796 1800/2343/1794
f 1802/2347/1796 1807/2355/1801 1806/2354/1800
f 1470/2350/1465 1597/2348/1592 1801/2346/1795
f 1801/2346/1795 1798/2341/1792 1448/2344/1443
f 1807/2355/1801 1802/2347/1796 1803/2349/1797
f 1597/2348/1592 1802/2347/1796 1801/2346/1795
f 1798/2341/1792 1801/2346/1795 1799/2342/1793
f 1470/2350/1465 1801/2346/1795 1446/2345/1441
f 1809/2357/1803 1810/2358/1804 1811/2359/1805
f 1812/2360/1806 1813/2361/1807 1814/2362/1808
f 1809/2357/1803 1812/2360/1806 1814/2362/1808
f 1815/2363/1809 1451/2364/1446 1453/2365/1448
f 1813/2361/1807 1815/2363/1809 1814/2362/1808
f 1453/2365/1448 1809/2357/1803 1814/2362/1808
f 1453/2365/1448 1810/2358/1804 1809/2357/1803
f 1814/2362/1808 1815/2363/1809 1453/2365/1448
f 1816/2366/1810 1563/2367/1558 1817/2368/1811
f 1816/2366/1810 1564/2369/1559 1563/2367/1558
f 1818/2370/1812 1510/2371/1505 1514/2372/1509
f 1819/2373/1813 1820/2374/1814 1818/2370/1812
f 1514/2372/1509 1819/2373/1813 1818/2370/1812
f 1530/2375/1525 1821/2376/1815 1822/2377/1816
f 1822/2377/1816 1510/2371/1505 1818/2370/1812
f 1819/2373/1813 1514/2372/1509 1513/2378/1508
f 1822/2377/1816 1515/2379/1510 1510/2371/1505
f 1822/2377/1816 1821/2376/1815 1515/2379/1510
f 1822/2377/1816 1818/2370/1812 1823/2380/1817
f 1530/2375/1525 1822/2377/1816 1823/2380/1817
f 1821/2376/1815 1529/2381/1524 1515/2379/1510
f 1529/2381/1524 1821/2376/1815 1530/2375/1525
f 448/2382/444 1303/2383/1299 1824/2384/1818
f 1824/2384/1818 605/2385/601 448/2382/444
f 1824/2384/1818 1303/2383/1299 734/2386/730
f 734/2386/730 605/2385/601 1824/2384/1818
f 1307/2387/1303 1546/2388/1541 1545/2389/1540
f 1308/2390/1304 1307/2387/1303 1545/2389/1540
f 1546/2388/1541 1307/2387/1303 1021/2391/1017
f 1311/2392/1307 1825/2393/1819 1312/2394/1308
f 1307/2387/1303 935/2395/931 937/2396/933
f 1825/2393/1819 1308/2390/1304 1545/2389/1540
f 935/2395/931 1307/2387/1303 1059/2397/1055
f 1311/2392/1307 1308/2390/1304 1825/2393/1819
f 937/2396/933 1021/2391/1017 1307/2387/1303
f 1546/2388/1541 1021/2391/1017 1020/2398/1016
f 935/2395/931 1059/2397/1055 1235/2399/1231
f 1439/2400/1434 1404/2401/1400 1558/2402/1553
f 1439/2400/1434 1558/2402/1553 1556/2403/1551
f 1807/2404/1801 1826/2405/1820 1804/2406/1798
f 1371/2407/1367 1826/2405/1820 1827/2408/1821
f 1826/2405/1820 1828/2409/1822 1804/2406/1798
f 1371/2407/1367 1828/2409/1822 1826/2405/1820
f 1829/2410/1823 1830/2411/1824 1831/2412/1825
f 1832/2413/1826 1833/2414/1827 1834/2415/1828
f 1829/2410/1823 1831/2412/1825 752/2416/748
f 1834/2415/1828 1835/2417/1829 1832/2413/1826
f 1834/2415/1828 1836/2418/1830 1837/2419/1831
f 1838/2420/1832 1829/2410/1823 665/2421/661
f 1834/2415/1828 1829/2410/1823 1835/2417/1829
f 665/2421/661 1829/2410/1823 752/2416/748
f 1837/2419/1831 1829/2410/1823 1834/2415/1828
f 1835/2417/1829 1829/2410/1823 1839/2422/1833
f 1840/2423/1834 1835/2417/1829 1839/2422/1833
f 665/2421/661 664/2424/660 1838/2420/1832
f 1829/2410/1823 1837/2419/1831 1830/2411/1824
f 1839/2422/1833 1838/2420/1832 664/2424/660
f 1829/2410/1823 1838/2420/1832 1839/2422/1833
f 1836/2418/1830 1834/2415/1828 1833/2414/1827
f 1841/2425/1835 1376/2426/1372 1630/2427/1625
f 1842/2428/1836 1688/2429/1682 1843/2430/1837
f 1844/2431/1838 1845/2432/1839 1846/2433/1840
f 1376/2426/1372 1748/2434/1742 1847/2435/1841
f 1846/2433/1840 1479/2436/1474 1848/2437/1842
f 1849/2438/1843 1850/2439/1844 1851/2440/1845
f 1852/2441/1846 1399/2442/1395 1853/2443/1847
f 1594/2444/1589 1851/2440/1845 1377/2445/1373
f 1854/2446/1848 1855/2447/1849 1856/2448/1850
f 1614/2449/1609 1481/2450/1476 1670/2451/1665
f 1857/2452/1851 1595/2453/1590 1548/2454/1543
f 1858/2455/1852 1859/2456/1853 1860/2457/1854
f 1663/2458/1658 1861/2459/1855 1661/2460/1656
f 1847/2435/1841 1660/2461/1655 1842/2428/1836
f 1661/2460/1656 1506/2462/1501 1508/2463/1503
f 1849/2438/1843 1862/2464/1856 1850/2439/1844
f 1660/2461/1655 1853/2443/1847 1688/2429/1682
f 1630/2427/1625 1629/2465/1624 1841/2425/1835
f 1857/2452/1851 1548/2454/1543 1550/2466/1545
f 1852/2441/1846 1853/2443/1847 1850/2439/1844
f 1841/2425/1835 1844/2431/1838 1857/2452/1851
f 1859/2456/1853 1861/2459/1855 1663/2458/1658
f 1863/2467/1857 1864/2468/1858 1478/2469/1473
f 1688/2429/1682 1466/2470/1461 1843/2430/1837
f 1319/2471/1315 1670/2451/1665 1320/2472/1316
f 1772/2473/1766 1865/2474/1859 1856/2448/1850
f 1861/2459/1855 1866/2475/1860 1661/2460/1656
f 1867/2476/1861 1858/2455/1852 1862/2464/1856
f 1855/2447/1849 1862/2464/1856 1858/2455/1852
f 1868/2477/1862 1869/2478/1863 1596/2479/1591
f 1867/2476/1861 1870/2480/1864 1578/2481/1573
f 1851/2440/1845 1850/2439/1844 1660/2461/1655
f 1321/2482/1317 1320/2472/1316 1481/2450/1476
f 1595/2453/1590 1846/2433/1840 1848/2437/1842
f 1863/2467/1857 1616/2483/1611 1615/2484/1610
f 1867/2476/1861 1851/2440/1845 1870/2480/1864
f 1630/2427/1625 1376/2426/1372 1847/2435/1841
f 1615/2484/1610 1868/2477/1862 1596/2479/1591
f 1855/2447/1849 1854/2446/1848 1862/2464/1856
f 1865/2474/1859 1772/2473/1766 1871/2485/1865
f 1862/2464/1856 1852/2441/1846 1850/2439/1844
f 1863/2467/1857 1481/2450/1476 1616/2483/1611
f 1481/2450/1476 1480/2486/1475 1321/2482/1317
f 1595/2453/1590 1848/2437/1842 1864/2468/1858
f 1857/2452/1851 1376/2426/1372 1841/2425/1835
f 1852/2441/1846 1862/2464/1856 1854/2446/1848
f 1849/2438/1843 1851/2440/1845 1867/2476/1861
f 1479/2436/1474 1478/2469/1473 1848/2437/1842
f 1479/2436/1474 1846/2433/1840 1845/2432/1839
f 1663/2458/1658 1772/2473/1766 1856/2448/1850
f 1594/2444/1589 1377/2445/1373 1857/2452/1851
f 1866/2475/1860 1506/2462/1501 1661/2460/1656
f 1846/2433/1840 1857/2452/1851 1844/2431/1838
f 1858/2455/1852 1867/2476/1861 1577/2487/1572
f 1596/2479/1591 1595/2453/1590 1864/2468/1858
f 1861/2459/1855 1859/2456/1853 1872/2488/1866
f 1399/2442/1395 1401/2489/1397 1853/2443/1847
f 1616/2483/1611 1481/2450/1476 1614/2449/1609
f 1577/2487/1572 1867/2476/1861 1578/2481/1573
f 1596/2479/1591 1864/2468/1858 1615/2484/1610
f 1660/2461/1655 1374/2490/1370 1377/2445/1373
f 1629/2465/1624 1539/2491/1534 1841/2425/1835
f 1851/2440/1845 1660/2461/1655 1377/2445/1373
f 1850/2439/1844 1853/2443/1847 1660/2461/1655
f 1848/2437/1842 1478/2469/1473 1864/2468/1858
f 1857/2452/1851 1550/2466/1545 1549/2492/1544
f 1663/2458/1658 1856/2448/1850 1860/2457/1854
f 1859/2456/1853 1858/2455/1852 1872/2488/1866
f 1320/2472/1316 1670/2451/1665 1481/2450/1476
f 1870/2480/1864 1851/2440/1845 1594/2444/1589
f 1849/2438/1843 1867/2476/1861 1862/2464/1856
f 1855/2447/1849 1860/2457/1854 1856/2448/1850
f 1863/2467/1857 1615/2484/1610 1864/2468/1858
f 1845/2432/1839 1873/2493/1867 1479/2436/1474
f 1481/2450/1476 1863/2467/1857 1478/2469/1473
f 1401/2489/1397 1688/2429/1682 1853/2443/1847
f 1870/2480/1864 1594/2444/1589 1583/2494/1578
f 1663/2458/1658 1860/2457/1854 1859/2456/1853
f 1858/2455/1852 1860/2457/1854 1855/2447/1849
f 1688/2429/1682 1842/2428/1836 1660/2461/1655
f 1549/2492/1544 1594/2444/1589 1857/2452/1851
f 1846/2433/1840 1595/2453/1590 1857/2452/1851
f 1376/2426/1372 1857/2452/1851 1377/2445/1373
f 1874/2495/1868 1425/2496/1420 1717/2497/1711
f 1425/2496/1420 1874/2495/1868 1422/2498/1417
f 1660/2499/1655 1847/2500/1841 1748/2501/1742
f 1373/2502/1369 1375/2503/1371 1660/2499/1655
f 1748/2501/1742 1373/2502/1369 1660/2499/1655
f 1875/2504/1869 1876/2505/1870 1877/2506/1871
f 1876/2505/1870 1586/2507/1581 1877/2506/1871
f 1878/2508/1872 1877/2506/1871 1586/2507/1581
f 1877/2506/1871 1878/2508/1872 1879/2509/1873
f 95/2510/91 3/2511/3 5/2512/5
f 112/2513/108 111/2514/107 77/2515/73
f 93/2516/89 5/2512/5 111/2514/107
f 112/2513/108 77/2515/73 70/2517/66
f 5/2512/5 7/2518/7 77/2515/73
f 5/2512/5 77/2515/73 111/2514/107
f 5/2512/5 93/2516/89 95/2510/91
f 1325/2519/1321 1880/2520/1874 1881/2521/1875
f 1882/2522/1876 1883/2523/1877 1441/2524/1436
f 1884/2525/1878 1727/2526/1721 1726/2527/1720
f 1474/2528/1469 1473/2529/1468 1885/2530/1879
f 1477/2531/1472 52/2532/48 1476/2533/1471
f 1440/2534/1435 1423/2535/1418 1726/2527/1720
f 1886/2536/1880 1887/2537/1881 1882/2522/1876
f 1888/2538/1882 1885/2530/1879 208/2539/204
f 1885/2530/1879 1473/2529/1468 1441/2524/1436
f 1884/2525/1878 1874/2540/1868 1889/2541/1883
f 1728/2542/1722 1889/2541/1883 1717/2543/1711
f 1890/2544/1884 1421/2545/1416 1423/2535/1418
f 1717/2543/1711 1889/2541/1883 1874/2540/1868
f 1726/2527/1720 1443/2546/1438 1440/2534/1435
f 1882/2522/1876 1476/2533/1471 1886/2536/1880
f 208/2539/204 1885/2530/1879 1441/2524/1436
f 1874/2540/1868 1884/2525/1878 1726/2527/1720
f 1882/2522/1876 1890/2544/1884 1883/2523/1877
f 1476/2533/1471 1882/2522/1876 1473/2529/1468
f 1440/2534/1435 1442/2547/1437 1891/2548/1885
f 1891/2548/1885 1423/2535/1418 1440/2534/1435
f 1728/2542/1722 1727/2526/1721 1884/2525/1878
f 1882/2522/1876 1428/2549/1423 1890/2544/1884
f 1883/2523/1877 1442/2547/1437 1441/2524/1436
f 1422/2550/1417 1874/2540/1868 1726/2527/1720
f 1442/2547/1437 1883/2523/1877 1891/2548/1885
f 1884/2525/1878 1889/2541/1883 1728/2542/1722
f 1882/2522/1876 1887/2537/1881 1428/2549/1423
f 1891/2548/1885 1883/2523/1877 1890/2544/1884
f 52/2532/48 1886/2536/1880 1476/2533/1471
f 1423/2535/1418 1422/2550/1417 1726/2527/1720
f 1421/2545/1416 1890/2544/1884 1428/2549/1423
f 1473/2529/1468 1882/2522/1876 1441/2524/1436
f 1724/2551/1718 1727/2526/1721 1728/2542/1722
f 1891/2548/1885 1890/2544/1884 1423/2535/1418
f 1892/2552/1886 1893/2553/1887 1538/2554/1533
f 1538/2554/1533 1894/2555/1888 1895/2556/1889
f 1847/2557/1841 1540/2558/1535 1630/2559/1625
f 1630/2559/1625 1540/2558/1535 1539/2560/1534
f 1538/2554/1533 1893/2553/1887 1539/2560/1534
f 1842/2561/1836 1359/2562/1355 1896/2563/1890
f 1894/2555/1888 1359/2562/1355 1895/2556/1889
f 117/2564/113 1895/2556/1889 118/2565/114
f 1873/2566/1867 1897/2567/1891 1898/2568/1892
f 1847/2557/1841 1842/2561/1836 1896/2563/1890
f 1897/2567/1891 1899/2569/1893 1898/2568/1892
f 117/2564/113 99/2570/95 1895/2556/1889
f 1896/2563/1890 1359/2562/1355 1894/2555/1888
f 1892/2552/1886 1841/2571/1835 1893/2553/1887
f 1843/2572/1837 1537/2573/1532 1523/2574/1518
f 1898/2568/1892 1321/2575/1317 1480/2576/1475
f 1359/2562/1355 118/2565/114 1895/2556/1889
f 1900/2577/1894 1892/2552/1886 1538/2554/1533
f 1900/2577/1894 1538/2554/1533 1901/2578/1895
f 1899/2569/1893 1902/2579/1896 1705/2580/1699
f 1845/2581/1839 1897/2567/1891 1873/2566/1867
f 1847/2557/1841 1896/2563/1890 1540/2558/1535
f 1894/2555/1888 1540/2558/1535 1896/2563/1890
f 1903/2582/1897 1902/2579/1896 1892/2552/1886
f 1901/2578/1895 1538/2554/1533 1895/2556/1889
f 1897/2567/1891 1845/2581/1839 1892/2552/1886
f 1844/2583/1838 1841/2571/1835 1845/2581/1839
f 1902/2579/1896 1899/2569/1893 1897/2567/1891
f 1434/2584/1429 1895/2556/1889 99/2570/95
f 1900/2577/1894 1903/2582/1897 1892/2552/1886
f 1539/2560/1534 1893/2553/1887 1841/2571/1835
f 1480/2576/1475 1479/2585/1474 1898/2568/1892
f 1899/2569/1893 1321/2575/1317 1898/2568/1892
f 1873/2566/1867 1898/2568/1892 1479/2585/1474
f 1894/2555/1888 1538/2554/1533 1540/2558/1535
f 1842/2561/1836 1843/2572/1837 1359/2562/1355
f 1899/2569/1893 1705/2580/1699 1321/2575/1317
f 1359/2562/1355 1843/2572/1837 1523/2574/1518
f 1892/2552/1886 1845/2581/1839 1841/2571/1835
f 1892/2552/1886 1902/2579/1896 1897/2567/1891
f 1904/2586/1898 1905/2587/1899 1906/2588/1900
f 1905/2587/1899 1907/2589/1901 1880/2590/1874
f 1908/2591/1902 1907/2589/1901 1904/2586/1898
f 1905/2587/1899 1909/2592/1903 1906/2588/1900
f 1905/2587/1899 1904/2586/1898 1907/2589/1901
f 1909/2592/1903 1910/2593/1904 1906/2588/1900
f 1911/2594/1905 1399/2595/1395 1852/2596/1846
f 1399/2595/1395 1911/2594/1905 1402/2597/1398
f 1871/2598/1865 1912/2599/1906 1913/2600/1907
f 1573/2601/1568 1623/2602/1618 1622/2603/1617
f 1627/2604/1622 122/2605/118 1914/2606/1908
f 1779/2607/1773 1914/2606/1908 1771/2608/1765
f 1627/2604/1622 1914/2606/1908 1779/2607/1773
f 91/2609/87 122/2605/118 1915/2610/1909
f 1871/2598/1865 1772/2611/1766 1914/2606/1908
f 1912/2599/1906 1916/2612/1910 1913/2600/1907
f 113/2613/109 1402/2597/1398 1916/2612/1910
f 1852/2596/1846 1854/2614/1848 1917/2615/1911
f 1871/2598/1865 1914/2606/1908 1912/2599/1906
f 122/2605/118 1627/2604/1622 1918/2616/1912
f 1916/2612/1910 1912/2599/1906 122/2605/118
f 1916/2612/1910 122/2605/118 113/2613/109
f 1622/2603/1617 1779/2607/1773 1573/2601/1568
f 122/2605/118 1918/2616/1912 1915/2610/1909
f 1918/2616/1912 1627/2604/1622 1619/2617/1614
f 1622/2603/1617 1627/2604/1622 1779/2607/1773
f 1916/2612/1910 1402/2597/1398 1917/2615/1911
f 1771/2608/1765 1914/2606/1908 1772/2611/1766
f 1914/2606/1908 122/2605/118 1912/2599/1906
f 1917/2615/1911 1911/2594/1905 1852/2596/1846
f 1917/2615/1911 1402/2597/1398 1911/2594/1905
f 1906/2618/1900 1910/2619/1904 1919/2620/1913
f 1906/2621/1900 1908/2622/1902 1904/2623/1898
f 1908/2624/1902 1906/2625/1900 1920/2626/1914
f 1907/2627/1901 1908/2628/1902 1921/2629/1915
f 1880/2630/1874 1907/2631/1901 1881/2632/1875
f 1349/2633/1345 1770/2634/1764 1346/2635/1342
f 1590/2636/1585 1582/2637/1577 1776/2638/1770
f 1922/2639/1916 1923/2640/1917 1924/2641/1918
f 1341/2642/1337 1754/2643/1748 1345/2644/1341
f 1925/2645/1919 1923/2640/1917 1610/2646/1605
f 1926/2647/1920 1923/2640/1917 1922/2639/1916
f 1589/2648/1584 1923/2640/1917 1925/2645/1919
f 1927/2649/1921 1777/2650/1771 1770/2634/1764
f 1343/2651/1339 1346/2635/1342 1754/2643/1748
f 1928/2652/1922 1926/2647/1920 1922/2639/1916
f 1776/2638/1770 1925/2645/1919 1610/2646/1605
f 1927/2649/1921 1770/2634/1764 1349/2633/1345
f 1582/2637/1577 1925/2645/1919 1776/2638/1770
f 1579/2653/1574 1582/2637/1577 1590/2636/1585
f 1582/2637/1577 1581/2654/1576 1925/2645/1919
f 1586/2655/1581 1927/2649/1921 1929/2656/1923
f 1925/2645/1919 1581/2654/1576 1589/2648/1584
f 1343/2651/1339 1754/2643/1748 1341/2642/1337
f 1927/2649/1921 1930/2657/1924 1929/2656/1923
f 1590/2636/1585 1776/2638/1770 1927/2649/1921
f 1777/2650/1771 1927/2649/1921 1776/2638/1770
f 1590/2636/1585 1927/2649/1921 1586/2655/1581
f 1924/2641/1918 1923/2640/1917 1589/2648/1584
f 1346/2635/1342 1770/2634/1764 1754/2643/1748
f 1931/2658/1925 1917/2659/1911 1854/2660/1848
f 1931/2658/1925 1856/2661/1850 1865/2662/1859
f 1856/2661/1850 1931/2658/1925 1854/2660/1848
f 356/2663/352 353/2664/349 1932/2665/1926
f 1016/2666/1012 1195/2667/1191 1933/2668/1927
f 1933/2668/1927 758/2669/754 768/2670/764
f 1017/2671/1013 1016/2666/1012 1933/2668/1927
f 1017/2671/1013 1933/2668/1927 768/2670/764
f 509/2672/505 758/2669/754 1934/2673/1928
f 758/2669/754 1933/2668/1927 1934/2673/1928
f 1313/2674/1309 1354/2675/1350 1314/2676/1310
f 1313/2674/1309 1355/2677/1351 1354/2675/1350
f 1464/2678/1459 1390/2679/1386 1394/2680/1390
f 259/2681/255 1482/2682/1477 192/2683/188
f 1669/2684/1664 1527/2685/1522 1935/2686/1929
f 1935/2686/1929 1699/2687/1693 1669/2684/1664
f 1669/2684/1664 1528/2688/1523 1527/2685/1522
f 1936/2689/1930 1333/2690/1329 1335/2691/1331
f 1937/2692/1931 1938/2693/1932 1939/2694/1933
f 1940/2695/1934 1941/2696/1935 1674/2697/1669
f 1676/2698/1670 1942/2699/1936 1674/2697/1669
f 1943/2700/1937 1789/2701/1783 1795/2702/1789
f 1372/2703/1368 1943/2700/1937 1944/2704/1938
f 1942/2699/1936 1333/2690/1329 1936/2689/1930
f 1793/2705/1787 1939/2694/1933 1938/2693/1932
f 1938/2693/1932 1945/2706/1939 1372/2703/1368
f 1943/2700/1937 1795/2702/1789 1792/2707/1786
f 1797/2708/1791 1793/2705/1787 1794/2709/1788
f 1946/2710/1940 1947/2711/1941 1948/2712/1942
f 1949/2713/1943 1950/2714/1944 1646/2715/1641
f 1940/2695/1934 1942/2699/1936 1936/2689/1930
f 1951/2716/1945 1952/2717/1946 1335/2691/1331
f 1949/2713/1943 1674/2697/1669 1941/2696/1935
f 1647/2718/1642 1797/2708/1791 1353/2719/1349
f 1953/2720/1947 1947/2711/1941 1954/2721/1948
f 1949/2713/1943 1644/2722/1639 1650/2723/1645
f 1943/2700/1937 1372/2703/1368 1564/2724/1559
f 1955/2725/1949 1790/2726/1784 1943/2700/1937
f 1937/2692/1931 1956/2727/1950 1938/2693/1932
f 1952/2717/1946 1956/2727/1950 1940/2695/1934
f 1945/2706/1939 1370/2728/1366 1372/2703/1368
f 1936/2689/1930 1952/2717/1946 1940/2695/1934
f 1943/2700/1937 1564/2724/1559 1816/2729/1810
f 1940/2695/1934 1674/2697/1669 1942/2699/1936
f 1816/2729/1810 1955/2725/1949 1943/2700/1937
f 1950/2714/1944 1949/2713/1943 1941/2696/1935
f 1564/2724/1559 1372/2703/1368 1371/2730/1367
f 1797/2708/1791 1351/2731/1347 1353/2719/1349
f 1944/2704/1938 1792/2707/1786 1938/2693/1932
f 1949/2713/1943 1650/2723/1645 1672/2732/1667
f 1938/2693/1932 1372/2703/1368 1944/2704/1938
f 1941/2696/1935 1940/2695/1934 1937/2692/1931
f 1938/2693/1932 1956/2727/1950 1953/2720/1947
f 1672/2732/1667 1675/2733/1669 1949/2713/1943
f 1949/2713/1943 1646/2715/1641 1644/2722/1639
f 1952/2717/1946 1953/2720/1947 1956/2727/1950
f 1952/2717/1946 1947/2711/1941 1953/2720/1947
f 1676/2698/1670 1333/2690/1329 1942/2699/1936
f 1647/2718/1642 1941/2696/1935 1797/2708/1791
f 1945/2706/1939 1953/2720/1947 1954/2721/1948
f 1793/2705/1787 1938/2693/1932 1792/2707/1786
f 1937/2692/1931 1940/2695/1934 1956/2727/1950
f 1367/2734/1363 1951/2716/1945 1335/2691/1331
f 1947/2711/1941 1946/2710/1940 1954/2721/1948
f 1797/2708/1791 1939/2694/1933 1793/2705/1787
f 1790/2726/1784 1789/2701/1783 1943/2700/1937
f 1943/2700/1937 1792/2707/1786 1944/2704/1938
f 1647/2718/1642 1646/2715/1641 1950/2714/1944
f 1941/2696/1935 1647/2718/1642 1950/2714/1944
f 1938/2693/1932 1953/2720/1947 1945/2706/1939
f 1949/2713/1943 1675/2733/1669 1674/2697/1669
f 1335/2691/1331 1952/2717/1946 1936/2689/1930
f 1955/2725/1949 1794/2709/1788 1790/2726/1784
f 1677/2735/1671 1957/2736/1951 1533/2737/1528
f 1957/2736/1951 1733/2738/1727 1958/2739/1952
f 1733/2738/1727 1715/2740/1709 1431/2741/1426
f 1434/2742/1429 1716/2743/1710 1959/2744/1953
f 1895/2745/1889 1434/2742/1429 1901/2746/1895
f 1430/2747/1425 1960/2748/1954 1958/2739/1952
f 1961/2749/1955 1903/2750/1897 1734/2751/1728
f 1957/2736/1951 1961/2749/1955 1733/2738/1727
f 1961/2749/1955 1734/2751/1728 1733/2738/1727
f 1902/2752/1896 1903/2750/1897 1961/2749/1955
f 1959/2744/1953 1901/2746/1895 1434/2742/1429
f 1705/2753/1699 1902/2752/1896 1677/2735/1671
f 1900/2754/1894 1716/2743/1710 1903/2750/1897
f 1716/2743/1710 1734/2751/1728 1903/2750/1897
f 1733/2738/1727 1431/2741/1426 1430/2747/1425
f 1733/2738/1727 1430/2747/1425 1958/2739/1952
f 1430/2747/1425 1435/2755/1430 1960/2748/1954
f 1677/2735/1671 1961/2749/1955 1957/2736/1951
f 1437/2756/1432 1533/2737/1528 1435/2755/1430
f 1960/2748/1954 1957/2736/1951 1958/2739/1952
f 1900/2754/1894 1901/2746/1895 1959/2744/1953
f 1957/2736/1951 1960/2748/1954 1533/2737/1528
f 1533/2737/1528 1960/2748/1954 1435/2755/1430
f 1961/2749/1955 1677/2735/1671 1902/2752/1896
f 1900/2754/1894 1959/2744/1953 1716/2743/1710
f 1614/2757/1609 1288/2758/1284 1962/2759/1956
f 1439/2760/1434 1963/2761/1957 1287/2762/1283
f 1962/2759/1956 1964/2763/1958 1868/2764/1862
f 1288/2758/1284 1965/2765/1959 1962/2759/1956
f 1288/2758/1284 1287/2762/1283 1963/2761/1957
f 1964/2763/1958 1869/2766/1863 1868/2764/1862
f 1868/2764/1862 1615/2767/1610 1614/2757/1609
f 1962/2759/1956 1868/2764/1862 1614/2757/1609
f 1288/2758/1284 1963/2761/1957 1965/2765/1959
f 1964/2763/1958 1966/2768/1960 1869/2766/1863
f 208/2769/204 211/2770/207 1967/2771/1961
f 1968/2772/1962 1969/2773/1963 1970/2774/1964
f 85/2775/81 81/2776/77 1971/2777/1965
f 73/2778/69 1971/2777/1965 81/2776/77
f 1972/2779/1966 84/2780/80 52/2781/48
f 1329/2782/1325 1973/2783/1967 267/2784/263
f 1971/2777/1965 1974/2785/1968 1975/2786/1969
f 1976/2787/1970 1977/2788/1971 1967/2771/1961
f 1477/2789/1472 1972/2779/1966 52/2781/48
f 85/2775/81 1977/2788/1971 1968/2772/1962
f 1331/2790/1327 1978/2791/1972 1329/2782/1325
f 1979/2792/1973 1474/2793/1469 1885/2794/1879
f 1976/2787/1970 252/2795/248 1980/2796/1974
f 1971/2777/1965 1981/2797/1975 1977/2788/1971
f 1982/2798/1976 1968/2772/1962 1970/2774/1964
f 1329/2782/1325 1976/2787/1970 1973/2783/1967
f 1332/2799/1328 1329/2782/1325 267/2784/263
f 1983/2800/1977 1970/2774/1964 1984/2801/1978
f 1977/2788/1971 1981/2797/1975 1967/2771/1961
f 1475/2802/1470 1981/2797/1975 1975/2786/1969
f 83/2803/79 1968/2772/1962 1982/2798/1976
f 1290/2804/1286 1978/2791/1972 1331/2790/1327
f 82/2805/78 83/2803/79 1982/2798/1976
f 211/2770/207 1976/2787/1970 1967/2771/1961
f 1566/2806/1561 82/2805/78 1983/2800/1977
f 1971/2777/1965 1975/2786/1969 1981/2797/1975
f 1974/2785/1968 73/2778/69 74/2807/70
f 83/2803/79 85/2775/81 1968/2772/1962
f 1888/2808/1882 1474/2793/1469 1979/2792/1973
f 1474/2793/1469 1967/2771/1961 1475/2802/1470
f 1475/2802/1470 1975/2786/1969 1972/2779/1966
f 1474/2793/1469 1888/2808/1882 1967/2771/1961
f 1972/2779/1966 1975/2786/1969 74/2807/70
f 1329/2782/1325 1978/2791/1972 1977/2788/1971
f 1475/2802/1470 1967/2771/1961 1981/2797/1975
f 1566/2806/1561 78/2809/74 82/2805/78
f 179/2810/175 1980/2796/1974 252/2795/248
f 1977/2788/1971 1978/2791/1972 1969/2773/1963
f 1983/2800/1977 1982/2798/1976 1970/2774/1964
f 1980/2796/1974 178/2811/174 1976/2787/1970
f 1331/2790/1327 1293/2812/1289 1290/2804/1286
f 1972/2779/1966 74/2807/70 84/2780/80
f 208/2769/204 1967/2771/1961 1888/2808/1882
f 1975/2786/1969 1974/2785/1968 74/2807/70
f 1969/2773/1963 1968/2772/1962 1977/2788/1971
f 1974/2785/1968 1971/2777/1965 73/2778/69
f 1971/2777/1965 1977/2788/1971 85/2775/81
f 1977/2788/1971 1976/2787/1970 1329/2782/1325
f 1332/2799/1328 1330/2813/1326 1329/2782/1325
f 1980/2796/1974 179/2810/175 178/2811/174
f 1982/2798/1976 1983/2800/1977 82/2805/78
f 1973/2783/1967 178/2811/174 267/2784/263
f 252/2795/248 1976/2787/1970 211/2770/207
f 1973/2783/1967 1976/2787/1970 178/2811/174
f 1972/2779/1966 1477/2789/1472 1475/2802/1470
f 1985/2814/1979 1986/2815/1980 1452/2816/1447
f 1450/2817/1445 1452/2816/1447 1986/2815/1980
f 1454/2818/1449 1985/2814/1979 1452/2816/1447
f 352/2819/348 1932/2820/1926 353/2821/349
f 352/2819/348 1299/2822/1295 1932/2820/1926
f 1917/2823/1911 1913/2824/1907 1916/2825/1910
f 1931/2826/1925 1865/2827/1859 1871/2828/1865
f 1917/2823/1911 1931/2826/1925 1913/2824/1907
f 1931/2826/1925 1871/2828/1865 1913/2824/1907
f 1948/2829/1942 1987/2830/1981 1988/2831/1982
f 1987/2830/1981 1948/2829/1942 1989/2832/1983
f 1948/2829/1942 1947/2833/1941 1989/2832/1983
f 1948/2829/1942 1988/2831/1982 1990/2834/1984
f 1947/2833/1941 1952/2835/1946 1989/2832/1983
f 1781/2836/1775 1610/2837/1605 1611/2838/1606
f 1752/2839/1746 1781/2836/1775 1492/2840/1487
f 1492/2840/1487 1611/2838/1606 1489/2841/1484
f 1609/2842/1604 1489/2841/1484 1611/2838/1606
f 1611/2838/1606 1492/2840/1487 1781/2836/1775
f 1502/2843/1497 1991/2844/1985 1536/2845/1531
f 1502/2843/1497 1536/2845/1531 1503/2846/1498
f 88/2847/84 1356/2848/1352 1502/2843/1497
f 88/2847/84 1502/2843/1497 86/2849/82
f 1356/2848/1352 1991/2844/1985 1502/2843/1497
f 1296/2850/1292 682/2851/678 1352/2852/1348
f 1992/2853/1986 1352/2852/1348 682/2851/678
f 453/2854/449 682/2851/678 1296/2850/1292
f 720/2855/716 1992/2853/1986 682/2851/678
f 683/2856/679 616/2857/612 1398/2858/1394
f 1294/2859/1290 1296/2860/1292 1796/2861/1790
f 1296/2860/1292 1352/2862/1348 1796/2861/1790
f 91/2863/87 1364/2864/1360 89/2865/85
f 1364/2864/1360 1915/2866/1909 1993/2867/1987
f 89/2865/85 119/2868/115 100/2869/96
f 89/2865/85 1364/2864/1360 119/2868/115
f 1993/2867/1987 1915/2866/1909 1918/2870/1912
f 1915/2866/1909 1364/2864/1360 91/2863/87
f 1993/2867/1987 1918/2870/1912 1619/2871/1614
f 1367/2872/1363 1994/2873/1988 1951/2874/1945
f 1995/2875/1989 1996/2876/1990 1261/2877/1257
f 1945/2878/1939 1522/2879/1517 1370/2880/1366
f 1391/2881/1387 1395/2882/1391 270/2883/266
f 270/2883/266 1997/2884/1991 258/2885/254
f 1393/2886/1389 1395/2882/1391 1390/2887/1386
f 266/2888/262 271/2889/267 273/2890/269
f 1395/2882/1391 1997/2884/1991 270/2883/266
f 258/2885/254 1997/2884/1991 1482/2891/1477
f 188/2892/184 1998/2893/1992 1999/2894/1993
f 258/2885/254 271/2889/267 270/2883/266
f 1997/2884/1991 1998/2893/1992 1482/2891/1477
f 271/2889/267 258/2885/254 273/2890/269
f 1391/2881/1387 1390/2887/1386 1395/2882/1391
f 1998/2893/1992 188/2892/184 1482/2891/1477
f 259/2895/255 258/2885/254 1482/2891/1477
f 188/2892/184 1999/2894/1993 189/2896/185
f 2000/2897/1994 167/2898/163 2001/2899/1995
f 2002/2900/1996 2003/2901/1997 2004/2902/1998
f 2005/2903/1999 1302/2904/1298 2000/2897/1994
f 167/2898/163 2000/2897/1994 152/2905/148
f 2001/2899/1995 167/2898/163 165/2906/161
f 2001/2899/1995 2004/2902/1998 2000/2897/1994
f 2004/2902/1998 2005/2903/1999 2000/2897/1994
f 1301/2907/1297 2000/2897/1994 1302/2904/1298
f 2002/2900/1996 2004/2902/1998 2001/2899/1995
f 2005/2903/1999 2004/2902/1998 2003/2901/1997
f 2006/2908/2000 2007/2909/2001 1695/2910/1689
f 1605/2911/1600 1603/2912/1598 1604/2913/1599
f 1823/2914/1817 1639/2915/1634 1530/2916/1525
f 2008/2917/2002 1695/2910/1689 2009/2918/2003
f 1696/2919/1690 1605/2911/1600 1639/2915/1634
f 1605/2911/1600 2008/2917/2002 2010/2920/2004
f 1605/2911/1600 2010/2920/2004 1603/2912/1598
f 2008/2917/2002 1696/2919/1690 1695/2910/1689
f 2006/2908/2000 1639/2915/1634 1823/2914/1817
f 1605/2911/1600 1602/2921/1597 1639/2915/1634
f 2008/2917/2002 1605/2911/1600 1696/2919/1690
f 2006/2908/2000 1695/2910/1689 1639/2915/1634
f 2009/2918/2003 1695/2910/1689 2007/2909/2001
f 1530/2916/1525 1639/2915/1634 1527/2922/1522
f 1639/2915/1634 1602/2921/1597 1601/2923/1596
f 2008/2924/2002 2011/2925/2005 2010/2926/2004
f 2012/2927/2006 2013/2928/2007 2014/2929/2008
f 2006/2930/2000 1818/2931/1812 1820/2932/1814
f 2012/2927/2006 2015/2933/2009 2013/2928/2007
f 2016/2934/2010 2008/2924/2002 2009/2935/2003
f 2017/2936/2011 2018/2937/2012 2019/2938/2013
f 2002/2939/1996 2020/2940/2014 2021/2941/2015
f 2012/2927/2006 2022/2942/2016 2017/2936/2011
f 2006/2930/2000 1823/2943/1817 1818/2931/1812
f 2009/2935/2003 2019/2938/2013 2016/2934/2010
f 2007/2944/2001 2015/2933/2009 2023/2945/2017
f 2003/2946/1997 2002/2939/1996 2024/2947/2018
f 2007/2944/2001 2006/2930/2000 2015/2933/2009
f 2007/2944/2001 2025/2948/2019 2009/2935/2003
f 2023/2945/2017 2012/2927/2006 2017/2936/2011
f 2026/2949/2020 2021/2941/2015 2020/2940/2014
f 2027/2950/2021 2011/2925/2005 2008/2924/2002
f 2017/2936/2011 2022/2942/2016 2018/2937/2012
f 2024/2947/2018 2012/2927/2006 2003/2946/1997
f 2017/2936/2011 2025/2948/2019 2023/2945/2017
f 2009/2935/2003 2025/2948/2019 2019/2938/2013
f 1820/2932/1814 2015/2933/2009 2006/2930/2000
f 2017/2936/2011 2019/2938/2013 2025/2948/2019
f 2023/2945/2017 2025/2948/2019 2007/2944/2001
f 2021/2941/2015 2024/2947/2018 2002/2939/1996
f 2016/2934/2010 2027/2950/2021 2008/2924/2002
f 2022/2942/2016 2024/2947/2018 2018/2937/2012
f 2015/2933/2009 2012/2927/2006 2023/2945/2017
f 2024/2947/2018 2022/2942/2016 2012/2927/2006
f 2028/2951/2022 2018/2937/2012 2024/2947/2018
f 2028/2951/2022 2024/2947/2018 2021/2941/2015
f 2020/2940/2014 2002/2939/1996 2001/2952/1995
f 1819/2953/1813 2029/2954/2023 2013/2955/2007
f 2029/2954/2023 2030/2956/2024 2031/2957/2025
f 1693/2958/1687 2032/2959/2026 2029/2954/2023
f 2014/2960/2008 2031/2957/2025 2033/2961/2027
f 1543/2962/1538 1729/2963/1723 1694/2964/1688
f 2030/2956/2024 2029/2954/2023 2032/2959/2026
f 1820/2965/1814 1819/2953/1813 2013/2955/2007
f 1513/2966/1508 1693/2958/1687 1819/2953/1813
f 1729/2963/1723 1543/2962/1538 159/2967/155
f 2014/2960/2008 2013/2955/2007 2031/2957/2025
f 1694/2964/1688 2032/2959/2026 1692/2968/1686
f 2034/2969/2028 2030/2956/2024 2032/2959/2026
f 2031/2957/2025 2013/2955/2007 2029/2954/2023
f 2015/2970/2009 1820/2965/1814 2013/2955/2007
f 2031/2957/2025 2030/2956/2024 2033/2961/2027
f 2029/2954/2023 1819/2953/1813 1693/2958/1687
f 1729/2963/1723 2032/2959/2026 1694/2964/1688
f 1693/2958/1687 1692/2968/1686 2032/2959/2026
f 2035/2971/2029 1449/2972/1444 2036/2973/2030
f 2035/2971/2029 1445/2974/1440 1449/2972/1444
f 2037/2975/2031 1195/2976/1191 1534/2977/1529
f 1996/2978/1990 1117/2979/1113 1119/2980/1115
f 2038/2981/2032 1117/2979/1113 2039/2982/2033
f 1169/2983/1165 2038/2981/2032 1170/2984/1166
f 2040/2985/2034 2039/2982/2033 2041/2986/2035
f 2037/2975/2031 2042/2987/2036 1195/2976/1191
f 1117/2979/1113 2041/2986/2035 2039/2982/2033
f 1118/2988/1114 1117/2979/1113 2038/2981/2032
f 1934/2989/1928 2042/2987/2036 2037/2975/2031
f 1118/2988/1114 2038/2981/2032 1169/2983/1165
f 2038/2981/2032 1535/2990/1530 1170/2984/1166
f 2038/2981/2032 2039/2982/2033 2043/2991/2037
f 1261/2992/1257 1996/2978/1990 1119/2980/1115
f 1996/2978/1990 2041/2986/2035 1117/2979/1113
f 1934/2989/1928 1933/2993/1927 2042/2987/2036
f 1535/2990/1530 2038/2981/2032 2043/2991/2037
f 2037/2975/2031 1534/2977/1529 2043/2991/2037
f 2042/2987/2036 1933/2993/1927 1195/2976/1191
f 1534/2977/1529 1535/2990/1530 2043/2991/2037
f 2044/2994/2038 2045/2995/2039 2046/2996/2040
f 1747/2997/1741 169/2998/165 1631/2999/1626
f 2047/3000/2041 2048/3001/2042 186/3002/182
f 409/3003/405 737/3004/733 462/3005/458
f 2049/3006/2043 2044/2994/2038 2046/2996/2040
f 276/3007/272 2048/3001/2042 263/3008/259
f 2050/3009/2044 2051/3010/2045 2052/3011/2046
f 2046/2996/2040 2053/3012/2047 2051/3010/2045
f 418/3013/414 644/3014/640 566/3015/562
f 169/2998/165 1747/2997/1741 2054/3016/2048
f 2049/3006/2043 2055/3017/2049 2048/3001/2042
f 2056/3018/2050 644/3014/640 737/3004/733
f 263/3008/259 2055/3017/2049 2057/3019/2051
f 644/3014/640 418/3013/414 737/3004/733
f 2045/2995/2039 2044/2994/2038 2047/3000/2041
f 184/3020/180 2047/3000/2041 186/3002/182
f 2048/3001/2042 2047/3000/2041 2049/3006/2043
f 186/3002/182 2048/3001/2042 292/3021/288
f 644/3014/640 2056/3018/2050 2052/3011/2046
f 2057/3019/2051 1460/3022/1455 262/3023/258
f 2058/3024/2052 1461/3025/1456 2055/3017/2049
f 2058/3024/2052 2055/3017/2049 2049/3006/2043
f 2054/3016/2048 1747/2997/1741 2046/2996/2040
f 276/3007/272 292/3021/288 2048/3001/2042
f 2053/3012/2047 644/3014/640 2051/3010/2045
f 262/3023/258 263/3008/259 2057/3019/2051
f 2057/3019/2051 2055/3017/2049 1461/3025/1456
f 2057/3019/2051 1461/3025/1456 1460/3022/1455
f 514/3026/510 644/3014/640 2053/3012/2047
f 2053/3012/2047 1747/2997/1741 1746/3027/1740
f 2058/3024/2052 1384/3028/1380 1461/3025/1456
f 277/3029/273 198/3030/194 2045/2995/2039
f 462/3005/458 737/3004/733 418/3013/414
f 2054/3016/2048 198/3030/194 169/2998/165
f 2051/3010/2045 2050/3009/2044 2049/3006/2043
f 1384/3028/1380 1385/3031/1381 1463/3032/1458
f 282/3033/278 2047/3000/2041 184/3020/180
f 2046/2996/2040 2051/3010/2045 2049/3006/2043
f 1456/3034/1451 1461/3025/1456 1463/3032/1458
f 1747/2997/1741 2053/3012/2047 2046/2996/2040
f 277/3029/273 2045/2995/2039 2047/3000/2041
f 2049/3006/2043 2050/3009/2044 2058/3024/2052
f 2045/2995/2039 198/3030/194 2054/3016/2048
f 2045/2995/2039 2054/3016/2048 2046/2996/2040
f 2051/3010/2045 644/3014/640 2052/3011/2046
f 1746/3027/1740 514/3026/510 2053/3012/2047
f 1463/3032/1458 1461/3025/1456 1384/3028/1380
f 2047/3000/2041 2044/2994/2038 2049/3006/2043
f 2047/3000/2041 282/3033/278 277/3029/273
f 263/3008/259 2048/3001/2042 2055/3017/2049
f 1519/3035/1514 2059/3036/2053 2060/3037/2054
f 1519/3035/1514 2060/3037/2054 1520/3038/1515
f 1808/3039/1802 2061/3040/2055 1805/3041/1799
f 1371/3042/1367 1522/3043/1517 2062/3044/2056
f 1804/3045/1798 2063/3046/2057 1808/3039/1802
f 2063/3046/2057 1804/3045/1798 1828/3047/1822
f 1808/3039/1802 2063/3046/2057 2064/3048/2058
f 2063/3046/2057 1828/3047/1822 2064/3048/2058
f 2064/3048/2058 2062/3044/2056 2065/3049/2059
f 1828/3047/1822 2062/3044/2056 2064/3048/2058
f 1808/3039/1802 2064/3048/2058 2065/3049/2059
f 1808/3039/1802 2065/3049/2059 2061/3040/2055
f 1828/3047/1822 1371/3042/1367 2062/3044/2056
f 2066/3050/2060 2067/3051/2061 2068/3052/2062
f 1537/3053/1532 1843/3054/1837 1501/3055/1496
f 1466/3056/1461 1501/3055/1496 1843/3054/1837
f 2069/3057/2063 326/3058/322 2070/3059/2064
f 1708/3060/1702 2071/3061/2065 1626/3062/1621
f 2072/3063/2066 1575/3064/1570 1576/3065/1571
f 1721/3066/1715 2073/3067/2067 1722/3068/1716
f 2072/3063/2066 2074/3069/2068 2071/3061/2065
f 328/3070/324 2075/3071/2069 2076/3072/2070
f 2077/3073/2071 1298/3074/1294 2078/3075/2072
f 1406/3076/1402 1725/3077/1719 1407/3078/1403
f 2079/3079/2073 1719/3080/1713 1722/3068/1716
f 1725/3077/1719 1406/3076/1402 1723/3081/1717
f 2080/3082/2074 1297/3083/1293 375/3084/371
f 326/3058/322 2069/3057/2063 1547/3085/1542
f 2081/3086/2075 2079/3079/2073 1722/3068/1716
f 1572/3087/1567 1575/3064/1570 1707/3088/1701
f 1547/3085/1542 1148/3089/1144 326/3058/322
f 2079/3079/2073 2081/3086/2075 1569/3090/1564
f 328/3070/324 2080/3082/2074 2075/3071/2069
f 2074/3069/2068 2082/3091/2076 1721/3066/1715
f 1407/3078/1403 1725/3077/1719 1420/3092/1415
f 2083/3093/2077 2084/3094/2078 2082/3091/2076
f 2085/3095/2079 375/3084/371 373/3096/369
f 1625/3097/1620 1572/3087/1567 2086/3098/2080
f 2081/3086/2075 2087/3099/2081 1569/3090/1564
f 1625/3097/1620 1573/3100/1568 1572/3087/1567
f 1570/3101/1565 2087/3099/2081 296/3102/292
f 2077/3073/2071 2084/3094/2078 2088/3103/2082
f 1569/3090/1564 2087/3099/2081 1570/3101/1565
f 2075/3071/2069 2089/3104/2083 2090/3105/2084
f 2072/3063/2066 1707/3088/1701 1575/3064/1570
f 2080/3082/2074 2088/3103/2082 2075/3071/2069
f 1623/3106/1618 1625/3097/1620 1620/3107/1615
f 325/3108/321 328/3070/324 2076/3072/2070
f 2091/3109/2085 1299/3110/1295 2092/3111/2086
f 1825/3112/1819 2069/3057/2063 1576/3065/1571
f 1576/3065/1571 2083/3093/2077 2072/3063/2066
f 1825/3112/1819 1545/3113/1540 2069/3057/2063
f 2091/3109/2085 2093/3114/2087 356/3115/352
f 2069/3057/2063 2070/3059/2064 1576/3065/1571
f 2085/3095/2079 2093/3114/2087 2094/3116/2088
f 2091/3109/2085 2077/3073/2071 2094/3116/2088
f 2082/3091/2076 2095/3117/2089 2073/3067/2067
f 2077/3073/2071 2092/3111/2086 1298/3074/1294
f 2077/3073/2071 2088/3103/2082 2094/3116/2088
f 2087/3099/2081 2081/3086/2075 2078/3075/2072
f 1524/3118/1519 2085/3095/2079 373/3096/369
f 1299/3110/1295 1298/3074/1294 2092/3111/2086
f 1297/3083/1293 330/3119/326 332/3120/328
f 1708/3060/1702 1707/3088/1701 2072/3063/2066
f 1721/3066/1715 2082/3091/2076 2073/3067/2067
f 2071/3061/2065 1732/3121/1726 1626/3062/1621
f 1299/3110/1295 2091/3109/2085 1932/3122/1926
f 1623/3106/1618 1573/3100/1568 1625/3097/1620
f 2089/3104/2083 2075/3071/2069 2088/3103/2082
f 2072/3063/2066 2083/3093/2077 2082/3091/2076
f 330/3119/326 1297/3083/1293 2080/3082/2074
f 222/3123/218 375/3084/371 1297/3083/1293
f 2082/3091/2076 2084/3094/2078 2095/3117/2089
f 2071/3061/2065 1406/3076/1402 1408/3124/1403
f 2085/3095/2079 2080/3082/2074 375/3084/371
f 356/3115/352 1932/3122/1926 2091/3109/2085
f 2071/3061/2065 2074/3069/2068 1406/3076/1402
f 2086/3098/2080 1707/3088/1701 1626/3062/1621
f 2080/3082/2074 2094/3116/2088 2088/3103/2082
f 2083/3093/2077 2070/3059/2064 2076/3072/2070
f 2081/3086/2075 2073/3067/2067 2078/3075/2072
f 293/3125/289 1720/3126/1714 2079/3079/2073
f 1625/3097/1620 2086/3098/2080 1626/3062/1621
f 2095/3117/2089 2096/3127/2090 2073/3067/2067
f 325/3108/321 2076/3072/2070 2070/3059/2064
f 325/3108/321 2070/3059/2064 326/3058/322
f 1572/3087/1567 1707/3088/1701 2086/3098/2080
f 2096/3127/2090 2078/3075/2072 2073/3067/2067
f 2076/3072/2070 2090/3105/2084 2083/3093/2077
f 2096/3127/2090 2077/3073/2071 2078/3075/2072
f 2092/3111/2086 2077/3073/2071 2091/3109/2085
f 2094/3116/2088 2080/3082/2074 2085/3095/2079
f 2087/3099/2081 2078/3075/2072 1298/3074/1294
f 2090/3105/2084 2089/3104/2083 2084/3094/2078
f 356/3115/352 2093/3114/2087 1524/3118/1519
f 2083/3093/2077 1576/3065/1571 2070/3059/2064
f 2079/3079/2073 1569/3090/1564 293/3125/289
f 2079/3079/2073 1720/3126/1714 1719/3080/1713
f 2073/3067/2067 2081/3086/2075 1722/3068/1716
f 2071/3061/2065 1708/3060/1702 2072/3063/2066
f 2089/3104/2083 2088/3103/2082 2084/3094/2078
f 1408/3124/1403 1732/3121/1726 2071/3061/2065
f 1576/3065/1571 1312/3128/1308 1825/3112/1819
f 2090/3105/2084 2084/3094/2078 2083/3093/2077
f 2085/3095/2079 1524/3118/1519 2093/3114/2087
f 2091/3109/2085 2094/3116/2088 2093/3114/2087
f 2069/3057/2063 1545/3113/1540 1547/3085/1542
f 2077/3073/2071 2095/3117/2089 2084/3094/2078
f 2080/3082/2074 328/3070/324 330/3119/326
f 2077/3073/2071 2096/3127/2090 2095/3117/2089
f 2074/3069/2068 1721/3066/1715 1406/3076/1402
f 2087/3099/2081 1298/3074/1294 296/3102/292
f 1406/3076/1402 1721/3066/1715 1723/3081/1717
f 2075/3071/2069 2090/3105/2084 2076/3072/2070
f 2082/3091/2076 2074/3069/2068 2072/3063/2066
f 2097/3129/2091 1643/3130/1638 2098/3131/2092
f 1832/3132/1826 2099/3133/2093 1833/3134/1827
f 2099/3133/2093 2100/3135/2094 2097/3129/2091
f 1832/3132/1826 2101/3136/2095 2099/3133/2093
f 2099/3133/2093 2101/3136/2095 1563/3137/1558
f 2099/3133/2093 2102/3138/2096 2100/3135/2094
f 1833/3134/1827 2099/3133/2093 2103/3139/2097
f 2099/3133/2093 2097/3129/2091 2098/3131/2092
f 2103/3139/2097 2099/3133/2093 2098/3131/2092
f 2097/3129/2091 2104/3140/2098 1643/3130/1638
f 159/3141/155 124/3142/120 1729/3143/1723
f 1648/3144/1643 2105/3145/2099 1338/3146/1334
f 1487/3147/1482 1486/3148/1481 2106/3149/2100
f 2107/3150/2101 2108/3151/2102 2109/3152/2103
f 2043/3153/2037 2110/3154/2104 2037/3155/2031
f 2111/3156/2105 1497/3157/1492 2108/3151/2102
f 2112/3158/2106 2113/3159/2107 2114/3160/2108
f 2115/3161/2109 2116/3162/2110 507/3163/503
f 681/3164/677 2117/3165/2111 615/3166/611
f 2112/3158/2106 2114/3160/2108 1369/3167/1365
f 2118/3168/2112 2109/3152/2103 1517/3169/1512
f 1633/3170/1628 2106/3149/2100 1486/3148/1481
f 1517/3169/1512 1649/3171/1644 1612/3172/1607
f 2109/3152/2103 1497/3157/1492 1496/3173/1491
f 1496/3173/1491 1495/3174/1490 2109/3152/2103
f 2116/3162/2110 2115/3161/2109 2107/3150/2101
f 2107/3150/2101 2115/3161/2109 2110/3154/2104
f 2105/3145/2099 1517/3169/1512 1495/3174/1490
f 1369/3167/1365 681/3164/677 457/3175/453
f 1497/3157/1492 2119/3176/2113 1340/3177/1336
f 2109/3152/2103 2118/3168/2112 2107/3150/2101
f 2105/3145/2099 1495/3174/1490 1338/3146/1334
f 2116/3162/2110 1487/3147/1482 2106/3149/2100
f 2110/3154/2104 2115/3161/2109 2037/3155/2031
f 508/3178/504 2120/3179/2114 2112/3158/2106
f 2116/3162/2110 2106/3149/2100 507/3163/503
f 507/3163/503 1934/3180/1928 2037/3155/2031
f 1486/3148/1481 1485/3181/1480 1633/3170/1628
f 2108/3151/2102 1497/3157/1492 2109/3152/2103
f 1368/3182/1364 1340/3177/1336 2119/3176/2113
f 2040/3183/2034 2111/3156/2105 2108/3151/2102
f 2121/3184/2115 2040/3183/2034 2108/3151/2102
f 1487/3147/1482 2116/3162/2110 2118/3168/2112
f 2106/3149/2100 2120/3179/2114 507/3163/503
f 1338/3146/1334 1650/3185/1645 1648/3144/1643
f 1934/3180/1928 507/3163/503 509/3186/505
f 2121/3184/2115 2108/3151/2102 2110/3154/2104
f 2121/3184/2115 2039/3187/2033 2040/3183/2034
f 2113/3159/2107 2112/3158/2106 2120/3179/2114
f 2114/3160/2108 2117/3165/2111 1369/3167/1365
f 1369/3167/1365 508/3178/504 2112/3158/2106
f 2113/3159/2107 1632/3188/1627 2117/3165/2111
f 2107/3150/2101 2110/3154/2104 2108/3151/2102
f 2116/3162/2110 2107/3150/2101 2118/3168/2112
f 2120/3179/2114 1633/3170/1628 1632/3188/1627
f 2121/3184/2115 2043/3153/2037 2039/3187/2033
f 1632/3188/1627 615/3166/611 2117/3165/2111
f 2106/3149/2100 1633/3170/1628 2120/3179/2114
f 2105/3145/2099 1649/3171/1644 1517/3169/1512
f 2115/3161/2109 507/3163/503 2037/3155/2031
f 2117/3165/2111 681/3164/677 1369/3167/1365
f 2113/3159/2107 2117/3165/2111 2114/3160/2108
f 2113/3159/2107 2120/3179/2114 1632/3188/1627
f 2043/3153/2037 2121/3184/2115 2110/3154/2104
f 1497/3157/1492 2111/3156/2105 2119/3176/2113
f 507/3163/503 2120/3179/2114 508/3178/504
f 1517/3169/1512 1487/3147/1482 2118/3168/2112
f 1495/3174/1490 1517/3169/1512 2109/3152/2103
f 1930/3189/1924 1349/3190/1345 1878/3191/1872
f 1710/3192/1704 1618/3193/1613 1617/3194/1612
f 1344/3195/1340 1710/3192/1704 1617/3194/1612
f 1878/3191/1872 1586/3196/1581 1929/3197/1923
f 2122/3198/2116 1348/3199/1344 1618/3193/1613
f 1930/3189/1924 1878/3191/1872 1929/3197/1923
f 1618/3193/1613 1710/3192/1704 2122/3198/2116
f 1930/3189/1924 1927/3200/1921 1349/3190/1345
f 1879/3201/1873 1878/3191/1872 2122/3198/2116
f 1878/3191/1872 1348/3199/1344 2122/3198/2116
f 1348/3199/1344 1878/3191/1872 1349/3190/1345
f 1414/3202/1409 2123/3203/2117 2124/3204/2118
f 2124/3204/2118 2125/3205/2119 1414/3202/1409
f 2126/3206/2120 1528/3207/1523 2125/3205/2119
f 1414/3202/1409 2125/3205/2119 1528/3207/1523
f 2125/3205/2119 2124/3204/2118 2126/3206/2120
f 1682/3208/1676 1388/3209/1384 1683/3210/1677
f 1905/3211/1899 1388/3209/1384 2127/3212/2121
f 1388/3209/1384 1905/3211/1899 1880/3213/1874
f 1682/3208/1676 2127/3212/2121 1388/3209/1384
f 1880/3213/1874 1325/3214/1321 1388/3209/1384
f 2128/3215/2122 2129/3216/2123 2130/3217/2124
f 1556/3218/1551 1963/3219/1957 1439/3220/1434
f 2131/3221/2125 2132/3222/2126 1561/3223/1556
f 1935/3224/1929 2133/3225/2127 1701/3226/1695
f 2134/3227/2128 1607/3228/1602 1610/3229/1605
f 2130/3217/2124 1962/3230/1956 2132/3222/2126
f 1638/3231/1633 2133/3225/2127 1637/3232/1632
f 1527/3233/1522 1637/3232/1632 1935/3224/1929
f 1869/3234/1863 2135/3235/2129 1596/3236/1591
f 2136/3237/2130 2132/3222/2126 1638/3231/1633
f 1584/3238/1579 1585/3239/1580 2137/3240/2131
f 1935/3224/1929 1637/3232/1632 2133/3225/2127
f 1788/3241/1782 2134/3227/2128 2128/3215/2122
f 1591/3242/1586 1588/3243/1583 1593/3244/1588
f 1635/3245/1630 1788/3241/1782 1636/3246/1631
f 2132/3222/2126 1962/3230/1956 1561/3223/1556
f 1926/3247/1920 1610/3229/1605 1923/3248/1917
f 1926/3247/1920 2134/3227/2128 1610/3229/1605
f 2128/3215/2122 2136/3237/2130 1788/3241/1782
f 1592/3249/1587 1591/3242/1586 1928/3250/1922
f 1701/3226/1695 2131/3221/2125 1555/3251/1550
f 2129/3216/2123 2138/3252/2132 1964/3253/1958
f 1964/3253/1958 2130/3217/2124 2129/3216/2123
f 1966/3254/1960 2138/3252/2132 2135/3235/2129
f 1935/3224/1929 1701/3226/1695 1699/3255/1693
f 1788/3241/1782 1638/3231/1633 1640/3256/1635
f 2128/3215/2122 2134/3227/2128 2139/3257/2133
f 2131/3221/2125 1638/3231/1633 2132/3222/2126
f 1928/3250/1922 1591/3242/1586 2137/3240/2131
f 1928/3250/1922 2138/3252/2132 2129/3216/2123
f 1928/3250/1922 1922/3258/1916 1592/3249/1587
f 1561/3223/1556 1560/3259/1555 2131/3221/2125
f 2140/3260/2134 2135/3235/2129 1869/3234/1863
f 2138/3252/2132 1966/3254/1960 1964/3253/1958
f 2139/3257/2133 1926/3247/1920 1928/3250/1922
f 2129/3216/2123 2128/3215/2122 2139/3257/2133
f 2140/3260/2134 1966/3254/1960 2135/3235/2129
f 2137/3240/2131 2135/3235/2129 2138/3252/2132
f 2128/3215/2122 2130/3217/2124 2136/3237/2130
f 1788/3241/1782 1635/3245/1630 2134/3227/2128
f 2131/3221/2125 1560/3259/1555 1555/3251/1550
f 1556/3218/1551 1561/3223/1556 1965/3261/1959
f 1591/3242/1586 1593/3244/1588 2137/3240/2131
f 1962/3230/1956 1965/3261/1959 1561/3223/1556
f 1584/3238/1579 2137/3240/2131 1593/3244/1588
f 1922/3258/1916 1924/3262/1918 1592/3249/1587
f 1585/3239/1580 1596/3236/1591 2135/3235/2129
f 1962/3230/1956 2130/3217/2124 1964/3253/1958
f 2133/3225/2127 2131/3221/2125 1701/3226/1695
f 1556/3218/1551 1965/3261/1959 1963/3219/1957
f 1638/3231/1633 2131/3221/2125 2133/3225/2127
f 2137/3240/2131 1585/3239/1580 2135/3235/2129
f 1635/3245/1630 1607/3228/1602 2134/3227/2128
f 2132/3222/2126 2136/3237/2130 2130/3217/2124
f 2134/3227/2128 1926/3247/1920 2139/3257/2133
f 2139/3257/2133 1928/3250/1922 2129/3216/2123
f 1924/3262/1918 1589/3263/1584 1592/3249/1587
f 1638/3231/1633 1788/3241/1782 2136/3237/2130
f 2138/3252/2132 1928/3250/1922 2137/3240/2131
f 1518/3264/1513 1483/3265/1478 1487/3266/1482
f 1613/3267/1608 1316/3268/1312 1483/3265/1478
f 1317/3269/1313 1316/3268/1312 1613/3267/1608
f 1483/3265/1478 1518/3264/1513 1613/3267/1608
f 2141/3270/2135 2019/3271/2013 2018/3272/2012
f 2141/3270/2135 155/3273/151 132/3274/128
f 2142/3275/2136 2143/3276/2137 2144/3277/2138
f 2142/3275/2136 133/3278/129 2145/3279/2139
f 133/3278/129 2142/3275/2136 150/3280/146
f 2016/3281/2010 2019/3271/2013 2146/3282/2140
f 162/3283/158 139/3284/135 2144/3277/2138
f 2143/3276/2137 2145/3279/2139 162/3283/158
f 142/3285/138 2147/3286/2141 132/3274/128
f 2027/3287/2021 2016/3281/2010 2148/3288/2142
f 2020/3289/2014 162/3283/158 156/3290/152
f 2001/3291/1995 165/3292/161 162/3283/158
f 2149/3293/2143 156/3290/152 155/3273/151
f 139/3284/135 162/3283/158 128/3294/124
f 2147/3286/2141 2150/3295/2144 1328/3296/1324
f 2141/3270/2135 2026/3297/2020 2149/3293/2143
f 1999/3298/1993 2010/3299/2004 2011/3300/2005
f 2028/3301/2022 2021/3302/2015 2026/3297/2020
f 2142/3275/2136 2144/3277/2138 150/3280/146
f 1328/3296/1324 187/3303/183 189/3304/185
f 162/3283/158 2145/3279/2139 133/3278/129
f 2143/3276/2137 162/3283/158 2144/3277/2138
f 2026/3297/2020 2141/3270/2135 2018/3272/2012
f 2027/3287/2021 2148/3288/2142 2011/3300/2005
f 2151/3305/2145 2148/3288/2142 2147/3286/2141
f 132/3274/128 2146/3282/2140 2141/3270/2135
f 1328/3296/1324 189/3304/185 2151/3305/2145
f 2151/3305/2145 189/3304/185 2011/3300/2005
f 2147/3286/2141 141/3306/137 2150/3295/2144
f 162/3283/158 133/3278/129 163/3307/159
f 2150/3295/2144 161/3308/157 1328/3296/1324
f 2146/3282/2140 2019/3271/2013 2141/3270/2135
f 2001/3291/1995 162/3283/158 2020/3289/2014
f 2150/3295/2144 141/3306/137 161/3308/157
f 1999/3298/1993 2011/3300/2005 189/3304/185
f 2151/3305/2145 2011/3300/2005 2148/3288/2142
f 2147/3286/2141 2146/3282/2140 132/3274/128
f 2018/3272/2012 2028/3301/2022 2026/3297/2020
f 141/3306/137 2147/3286/2141 142/3285/138
f 2020/3289/2014 156/3290/152 2149/3293/2143
f 2148/3288/2142 2016/3281/2010 2146/3282/2140
f 2147/3286/2141 2148/3288/2142 2146/3282/2140
f 155/3273/151 2141/3270/2135 2149/3293/2143
f 2151/3305/2145 2147/3286/2141 1328/3296/1324
f 2020/3289/2014 2149/3293/2143 2026/3297/2020
f 163/3307/159 156/3290/152 162/3283/158
f 1294/3309/1290 1796/3310/1790 1295/3311/1291
f 1796/3310/1790 1794/3312/1788 1295/3311/1291
f 1295/3311/1291 1794/3312/1788 1955/3313/1949
f 2065/3314/2059 2062/3315/2056 1954/3316/1948
f 1945/3317/1939 1954/3316/1948 1522/3318/1517
f 1522/3318/1517 1954/3316/1948 2062/3315/2056
f 1948/3319/1942 2061/3320/2055 2065/3314/2059
f 1946/3321/1940 2065/3314/2059 1954/3316/1948
f 2065/3314/2059 1946/3321/1940 1948/3319/1942
f 1797/3322/1791 1941/3323/1935 1939/3324/1933
f 1937/3325/1931 1939/3324/1933 1941/3323/1935
f 1504/3326/1499 2101/3327/2095 1832/3328/1826
f 1504/3326/1499 2152/3329/2146 1817/3330/1811
f 1505/3331/1500 587/3332/583 2153/3333/2147
f 1504/3326/1499 1505/3331/1500 2153/3333/2147
f 1504/3326/1499 664/3334/660 1303/3335/1299
f 1955/3336/1949 1817/3330/1811 2152/3329/2146
f 1835/3337/1829 1840/3338/1834 1832/3328/1826
f 1295/3339/1291 2153/3333/2147 587/3332/583
f 2152/3329/2146 2153/3333/2147 1295/3339/1291
f 1955/3336/1949 2152/3329/2146 1295/3339/1291
f 2101/3327/2095 1504/3326/1499 1817/3330/1811
f 2153/3333/2147 2152/3329/2146 1504/3326/1499
f 1832/3328/1826 1840/3338/1834 1504/3326/1499
f 1817/3330/1811 1955/3336/1949 1816/3340/1810
f 664/3334/660 1840/3338/1834 1839/3341/1833
f 1840/3338/1834 664/3334/660 1504/3326/1499
f 1563/3342/1558 2101/3327/2095 1817/3330/1811
f 2154/3343/2148 2155/3344/2149 2156/3345/2150
f 2157/3346/2151 1491/3347/1486 2154/3343/2148
f 1493/3348/1488 2158/3349/2152 1488/3350/1483
f 1493/3348/1488 2159/3351/2153 2158/3349/2152
f 2160/3352/2154 2161/3353/2155 1812/3354/1806
f 2162/3355/2156 2163/3356/2157 2164/3357/2158
f 2165/3358/2159 1491/3347/1486 2164/3357/2158
f 2161/3353/2155 2156/3345/2150 2155/3344/2149
f 2157/3346/2151 2156/3345/2150 2161/3353/2155
f 2154/3343/2148 2156/3345/2150 2157/3346/2151
f 2161/3353/2155 2160/3352/2154 2157/3346/2151
f 2164/3357/2158 1488/3350/1483 2162/3355/2156
f 2158/3349/2152 2163/3356/2157 2162/3355/2156
f 2159/3351/2153 1493/3348/1488 1628/3359/1623
f 2164/3357/2158 1491/3347/1486 1488/3350/1483
f 2161/3353/2155 2166/3360/2160 1812/3354/1806
f 2154/3343/2148 1491/3347/1486 2165/3358/2159
f 2167/3361/2161 2165/3358/2159 2164/3357/2158
f 1812/3354/1806 2166/3360/2160 1813/3362/1807
f 2158/3349/2152 2162/3355/2156 1488/3350/1483
f 2165/3358/2159 2155/3344/2149 2154/3343/2148
f 2164/3357/2158 2163/3356/2157 2167/3361/2161
f 2168/3363/2162 1866/3364/1860 2169/3365/2163
f 1711/3366/1705 1773/3367/1767 2168/3363/2162
f 1876/3368/1870 1875/3369/1869 1577/3370/1572
f 1876/3368/1870 1587/3371/1582 1586/3372/1581
f 1872/3373/1866 1858/3374/1852 1875/3369/1869
f 1709/3375/1703 1711/3366/1705 2168/3363/2162
f 1872/3373/1866 2169/3365/2163 1861/3376/1855
f 2122/3377/2116 1710/3378/1704 1709/3375/1703
f 1709/3375/1703 1872/3373/1866 1875/3369/1869
f 1877/3379/1871 2122/3377/2116 1709/3375/1703
f 1858/3374/1852 1577/3370/1572 1875/3369/1869
f 1709/3375/1703 2169/3365/2163 1872/3373/1866
f 2168/3363/2162 1773/3367/1767 1507/3380/1502
f 1709/3375/1703 2168/3363/2162 2169/3365/2163
f 1877/3379/1871 1709/3375/1703 1875/3369/1869
f 1506/3381/1501 2168/3363/2162 1507/3380/1502
f 1876/3368/1870 1577/3370/1572 1587/3371/1582
f 2169/3365/2163 1866/3364/1860 1861/3376/1855
f 1879/3382/1873 2122/3377/2116 1877/3379/1871
f 1866/3364/1860 2168/3363/2162 1506/3381/1501
f 2170/3383/2164 2171/3384/2165 2172/3385/2166
f 2173/3386/2167 2174/3387/2168 2175/3388/2169
f 2176/3389/2170 2177/3390/2171 2178/3391/2172
f 2179/3392/2173 2174/3387/2168 2180/3393/2174
f 2181/3394/2175 2182/3395/2176 2183/3396/2177
f 2184/3397/2178 2185/3398/2179 2179/3392/2173
f 2182/3395/2176 2186/3399/2180 2173/3386/2167
f 2171/3384/2165 2170/3383/2164 2187/3400/2181
f 2179/3392/2173 2185/3398/2179 2188/3401/2182
f 2173/3386/2167 2180/3393/2174 2174/3387/2168
f 1800/3402/1794 1806/3403/1800 2189/3404/2183
f 2176/3389/2170 2179/3392/2173 2190/3405/2184
f 2186/3399/2180 2191/3406/2185 2173/3386/2167
f 1806/3403/1800 1805/3407/1799 2186/3399/2180
f 2179/3392/2173 2180/3393/2174 2184/3397/2178
f 2184/3397/2178 2180/3393/2174 2191/3406/2185
f 1800/3402/1794 2182/3395/2176 2192/3408/2186
f 2171/3384/2165 2187/3400/2181 2193/3409/2187
f 2172/3385/2166 2188/3401/2182 2170/3383/2164
f 2182/3395/2176 1800/3402/1794 2189/3404/2183
f 2174/3387/2168 2176/3389/2170 2175/3388/2169
f 2177/3390/2171 2176/3389/2170 2190/3405/2184
f 2175/3388/2169 2183/3396/2177 2173/3386/2167
f 2194/3410/2188 2181/3394/2175 2183/3396/2177
f 2186/3399/2180 2182/3395/2176 2189/3404/2183
f 2182/3395/2176 2181/3394/2175 2192/3408/2186
f 2179/3392/2173 2176/3389/2170 2174/3387/2168
f 2176/3389/2170 2183/3396/2177 2175/3388/2169
f 2178/3391/2172 2183/3396/2177 2176/3389/2170
f 2180/3393/2174 2173/3386/2167 2191/3406/2185
f 2189/3404/2183 1806/3403/1800 2186/3399/2180
f 2173/3386/2167 2183/3396/2177 2182/3395/2176
f 2194/3410/2188 2183/3396/2177 2178/3391/2172
f 2186/3399/2180 2195/3411/2189 2191/3406/2185
f 2190/3405/2184 2179/3392/2173 2188/3401/2182
f 2172/3385/2166 2177/3390/2171 2188/3401/2182
f 2195/3411/2189 2186/3399/2180 1805/3407/1799
f 2190/3405/2184 2188/3401/2182 2177/3390/2171
f 1688/3412/1682 1401/3413/1397 1467/3414/1462
f 2196/3415/2190 2197/3416/2191 2198/3417/2192
f 2199/3418/2193 1667/3419/1662 1666/3420/1661
f 2199/3418/2193 2196/3415/2190 1667/3419/1662
f 2196/3415/2190 2198/3417/2192 1667/3419/1662
f 2200/3421/2194 1554/3422/1549 1552/3423/1547
f 27/3424/23 1886/3425/1880 52/3426/48
f 2201/3427/2195 2202/3428/2196 1993/3429/1987
f 1365/3430/1361 2203/3431/2197 1673/3432/1668
f 1426/3433/1421 1428/3434/1423 1427/3435/1422
f 1419/3436/1414 1551/3437/1546 2204/3438/2198
f 2204/3438/2198 1786/3439/1780 1419/3436/1414
f 2202/3428/2196 2203/3431/2197 1366/3440/1362
f 2205/3441/2199 2206/3442/2200 1673/3432/1668
f 2206/3442/2200 27/3424/23 1362/3443/1358
f 1786/3439/1780 2204/3438/2198 1621/3444/1616
f 2202/3428/2196 1787/3445/1781 1554/3422/1549
f 1551/3437/1546 1419/3436/1414 1427/3435/1422
f 2203/3431/2197 1554/3422/1549 2200/3421/2194
f 1552/3423/1547 1427/3435/1422 2200/3421/2194
f 1786/3439/1780 1420/3446/1415 1419/3436/1414
f 1993/3429/1987 2202/3428/2196 1366/3440/1362
f 2203/3431/2197 1365/3430/1361 1366/3440/1362
f 2202/3428/2196 1554/3422/1549 2203/3431/2197
f 2201/3427/2195 1787/3445/1781 2202/3428/2196
f 2207/3447/2201 1787/3445/1781 2201/3427/2195
f 2205/3441/2199 1887/3448/1881 1886/3425/1880
f 1363/3449/1359 1364/3450/1360 1366/3440/1362
f 2206/3442/2200 2205/3441/2199 1886/3425/1880
f 1565/3451/1560 1787/3445/1781 2207/3447/2201
f 2201/3427/2195 1993/3429/1987 1619/3452/1614
f 2204/3438/2198 1551/3437/1546 1565/3451/1560
f 1428/3434/1423 1887/3448/1881 2205/3441/2199
f 1673/3432/1668 2203/3431/2197 2200/3421/2194
f 1366/3440/1362 1364/3450/1360 1993/3429/1987
f 2207/3447/2201 2201/3427/2195 1619/3452/1614
f 2207/3447/2201 2204/3438/2198 1565/3451/1560
f 2200/3421/2194 1427/3435/1422 1428/3434/1423
f 2207/3447/2201 1619/3452/1614 1621/3444/1616
f 2200/3421/2194 2205/3441/2199 1673/3432/1668
f 1428/3434/1423 2205/3441/2199 2200/3421/2194
f 1362/3443/1358 1673/3432/1668 2206/3442/2200
f 2207/3447/2201 1621/3444/1616 2204/3438/2198
f 2206/3442/2200 1886/3425/1880 27/3424/23
f 1624/3453/1619 1786/3439/1780 1621/3444/1616
f 2208/3454/2202 1229/3455/1225 2209/3456/2203
f 1139/3457/1135 884/3458/880 2210/3459/2204
f 2211/3460/2205 2212/3461/2206 793/3462/789
f 2209/3456/2203 1229/3455/1225 1281/3463/1277
f 2213/3464/2207 2214/3465/2208 2215/3466/2209
f 2216/3467/2210 2217/3468/2211 2218/3469/2212
f 794/3470/790 793/3462/789 2212/3461/2206
f 2219/3471/2213 2220/3472/2214 2221/3473/2215
f 2217/3468/2211 2222/3474/2216 2223/3475/2217
f 2221/3473/2215 2224/3476/2218 2219/3471/2213
f 2225/3477/2219 2187/3478/2181 2213/3464/2207
f 2226/3479/2220 2227/3480/2221 2228/3481/2222
f 2226/3479/2220 2229/3482/2223 2185/3483/2179
f 2222/3474/2216 2230/3484/2224 2223/3475/2217
f 2185/3483/2179 2184/3485/2178 2226/3479/2220
f 1003/3486/999 2225/3477/2219 2213/3464/2207
f 2230/3484/2224 1233/3487/1229 1126/3488/1122
f 2210/3459/2204 2231/3489/2225 1139/3457/1135
f 2232/3490/2226 2233/3491/2227 2220/3472/2214
f 2193/3492/2187 2225/3477/2219 2234/3493/2228
f 2221/3473/2215 2235/3494/2229 2224/3476/2218
f 2236/3495/2230 794/3470/790 2212/3461/2206
f 2237/3496/2231 1233/3487/1229 2238/3497/2232
f 2231/3489/2225 2210/3459/2204 2220/3472/2214
f 2224/3476/2218 2239/3498/2233 2209/3456/2203
f 2239/3498/2233 2224/3476/2218 2235/3494/2229
f 1128/3499/1124 1260/3500/1256 2240/3501/2234
f 2217/3468/2211 2223/3475/2217 2241/3502/2235
f 2238/3497/2232 2242/3503/2236 2243/3504/2237
f 2215/3466/2209 2214/3465/2208 2229/3482/2223
f 1004/3505/1000 1003/3486/999 2213/3464/2207
f 1229/3455/1225 2208/3454/2202 1230/3506/1226
f 2208/3454/2202 2209/3456/2203 2244/3507/2238
f 2188/3508/2182 2214/3465/2208 2187/3478/2181
f 2226/3479/2220 2228/3481/2222 2229/3482/2223
f 2225/3477/2219 2193/3492/2187 2187/3478/2181
f 2225/3477/2219 2245/3509/2239 2234/3493/2228
f 2210/3459/2204 884/3458/880 891/3510/887
f 2246/3511/2240 2244/3507/2238 2245/3509/2239
f 2247/3512/2241 2232/3490/2226 2248/3513/2242
f 2242/3503/2236 2222/3474/2216 2216/3467/2210
f 2242/3503/2236 2232/3490/2226 2243/3504/2237
f 891/3510/887 2249/3514/2243 2210/3459/2204
f 2240/3501/2234 1126/3488/1122 1128/3499/1124
f 1286/3515/1282 1281/3463/1277 1229/3455/1225
f 1004/3505/1000 2213/3464/2207 2215/3466/2209
f 2246/3511/2240 1230/3506/1226 2208/3454/2202
f 783/3516/779 1234/3517/1230 2249/3514/2243
f 2214/3465/2208 2185/3483/2179 2229/3482/2223
f 2187/3478/2181 2170/3518/2164 2188/3508/2182
f 2230/3484/2224 2238/3497/2232 1233/3487/1229
f 1283/3519/1279 1230/3506/1226 2246/3511/2240
f 2211/3460/2205 793/3462/789 1285/3520/1281
f 2214/3465/2208 2213/3464/2207 2187/3478/2181
f 2219/3471/2213 2231/3489/2225 2220/3472/2214
f 1139/3457/1135 2231/3489/2225 1281/3463/1277
f 2219/3471/2213 2224/3476/2218 2209/3456/2203
f 2249/3514/2243 1234/3517/1230 2243/3504/2237
f 2250/3521/2244 2241/3502/2235 2223/3475/2217
f 2251/3522/2245 1268/3523/1264 1267/3524/1263
f 1003/3486/999 1283/3519/1279 2246/3511/2240
f 1281/3463/1277 2231/3489/2225 2219/3471/2213
f 2242/3503/2236 2238/3497/2232 2230/3484/2224
f 2217/3468/2211 2216/3467/2210 2222/3474/2216
f 2185/3483/2179 2214/3465/2208 2188/3508/2182
f 2251/3522/2245 1267/3524/1263 2215/3466/2209
f 1259/3525/1255 2250/3521/2244 1260/3500/1256
f 891/3510/887 783/3516/779 2249/3514/2243
f 2219/3471/2213 2209/3456/2203 1281/3463/1277
f 1285/3520/1281 1268/3523/1264 2251/3522/2245
f 2228/3481/2222 2251/3522/2245 2229/3482/2223
f 2232/3490/2226 2242/3503/2236 2216/3467/2210
f 1285/3520/1281 2251/3522/2245 2228/3481/2222
f 2237/3496/2231 2243/3504/2237 1234/3517/1230
f 1267/3524/1263 1004/3505/1000 2215/3466/2209
f 2244/3507/2238 2239/3498/2233 2245/3509/2239
f 2246/3511/2240 2245/3509/2239 2225/3477/2219
f 2240/3501/2234 2223/3475/2217 1126/3488/1122
f 2245/3509/2239 2239/3498/2233 2235/3494/2229
f 2216/3467/2210 2218/3469/2212 2232/3490/2226
f 2193/3492/2187 2234/3493/2228 2235/3494/2229
f 2232/3490/2226 2218/3469/2212 2248/3513/2242
f 2230/3484/2224 2222/3474/2216 2242/3503/2236
f 2232/3490/2226 2220/3472/2214 2249/3514/2243
f 2235/3494/2229 2234/3493/2228 2245/3509/2239
f 1260/3500/1256 2250/3521/2244 2240/3501/2234
f 2215/3466/2209 2229/3482/2223 2251/3522/2245
f 2244/3507/2238 2246/3511/2240 2208/3454/2202
f 2226/3479/2220 2184/3485/2178 2191/3526/2185
f 2210/3459/2204 2249/3514/2243 2220/3472/2214
f 1126/3488/1122 2223/3475/2217 2230/3484/2224
f 1285/3520/1281 2228/3481/2222 2211/3460/2205
f 2238/3497/2232 2243/3504/2237 2237/3496/2231
f 2237/3496/2231 1234/3517/1230 1233/3487/1229
f 2249/3514/2243 2243/3504/2237 2232/3490/2226
f 1003/3486/999 2246/3511/2240 2225/3477/2219
f 1286/3515/1282 1140/3527/1136 1281/3463/1277
f 2209/3456/2203 2239/3498/2233 2244/3507/2238
f 2223/3475/2217 2240/3501/2234 2250/3521/2244
f 1300/3528/1296 2252/3529/2246 2034/3530/2028
f 2014/3531/2008 2003/3532/1997 2012/3533/2006
f 2033/3534/2027 2030/3535/2024 2252/3529/2246
f 2252/3529/2246 1302/3536/1298 2005/3537/1999
f 1731/3538/1725 1301/3539/1297 1300/3528/1296
f 2003/3532/1997 2014/3531/2008 2005/3537/1999
f 1300/3528/1296 1730/3540/1724 1731/3538/1725
f 1730/3540/1724 2034/3530/2028 1729/3541/1723
f 1300/3528/1296 1302/3536/1298 2252/3529/2246
f 2014/3531/2008 2252/3529/2246 2005/3537/1999
f 2014/3531/2008 2033/3534/2027 2252/3529/2246
f 1730/3540/1724 1300/3528/1296 2034/3530/2028
f 2030/3535/2024 2034/3530/2028 2252/3529/2246
f 1301/3539/1297 152/3542/148 2000/3543/1994
f 1301/3539/1297 1731/3538/1725 152/3542/148
f 2032/3544/2026 1729/3541/1723 2034/3530/2028
f 1743/3545/1737 1742/3546/1736 1304/3547/1300
f 2253/3548/2247 2254/3549/2248 1985/3550/1979
f 2255/3551/2249 2256/3552/2250 1305/3553/1301
f 1745/3554/1739 1450/3555/1445 1744/3556/1738
f 2257/3557/2251 2258/3558/2252 2259/3559/2253
f 2259/3559/2253 2258/3558/2252 2254/3549/2248
f 1742/3546/1736 2260/3560/2254 2261/3561/2255
f 2261/3561/2255 2256/3552/2250 2255/3551/2249
f 2254/3549/2248 2262/3562/2256 1985/3550/1979
f 1450/3555/1445 1986/3563/1980 1744/3556/1738
f 2258/3558/2252 1920/3564/1914 2254/3549/2248
f 1906/3565/1900 1919/3566/1913 1920/3564/1914
f 2260/3560/2254 1742/3546/1736 1985/3550/1979
f 2254/3549/2248 2263/3567/2257 2259/3559/2253
f 1986/3563/1980 1985/3550/1979 1742/3546/1736
f 1742/3546/1736 2261/3561/2255 2255/3551/2249
f 1454/3568/1449 2253/3548/2247 1985/3550/1979
f 2255/3551/2249 1305/3553/1301 1742/3546/1736
f 2254/3549/2248 1919/3566/1913 2262/3562/2256
f 2253/3548/2247 2263/3567/2257 2254/3549/2248
f 1305/3553/1301 2256/3552/2250 1780/3569/1774
f 1910/3570/1904 2256/3552/2250 2261/3561/2255
f 2260/3560/2254 2262/3562/2256 2261/3561/2255
f 2256/3552/2250 1910/3570/1904 1780/3569/1774
f 2261/3561/2255 2262/3562/2256 1919/3566/1913
f 2263/3567/2257 2257/3557/2251 2259/3559/2253
f 2257/3557/2251 2264/3571/2258 2258/3558/2252
f 1744/3556/1738 1986/3563/1980 1742/3546/1736
f 1910/3570/1904 2261/3561/2255 1919/3566/1913
f 1304/3547/1300 1742/3546/1736 1305/3553/1301
f 1985/3550/1979 2262/3562/2256 2260/3560/2254
f 1920/3564/1914 1919/3566/1913 2254/3549/2248
f 1306/3572/1302 1743/3545/1737 1304/3547/1300
f 1672/3573/1667 1338/3574/1334 1675/3575/1669
f 1337/3576/1333 1675/3575/1669 1338/3574/1334
f 1675/3575/1669 1333/3577/1329 1676/3578/1670
f 1337/3576/1333 1333/3577/1329 1675/3575/1669
f 1765/3579/1759 1812/3580/1806 1809/3581/1803
f 1809/3581/1803 1811/3582/1805 1766/3583/1760
f 2160/3584/2154 1760/3585/1754 1759/3586/1753
f 1766/3583/1760 1811/3582/1805 1745/3587/1739
f 1810/3588/1804 1453/3589/1448 1450/3590/1445
f 1811/3582/1805 1810/3588/1804 1450/3590/1445
f 1760/3585/1754 1812/3580/1806 1765/3579/1759
f 2157/3591/2151 2160/3584/2154 1759/3586/1753
f 1450/3590/1445 1745/3587/1739 1811/3582/1805
f 1812/3580/1806 1760/3585/1754 2160/3584/2154
f 1753/3592/1747 1491/3593/1486 2157/3591/2151
f 2157/3591/2151 1759/3586/1753 1753/3592/1747
f 1809/3581/1803 1766/3583/1760 1765/3579/1759
f 1314/3594/1310 745/3595/741 1484/3596/1479
f 1397/3597/1393 745/3595/741 1314/3594/1310
f 2265/3598/2259 557/3599/553 444/3600/440
f 2266/3601/2260 2267/3602/2261 2265/3598/2259
f 2266/3601/2260 633/3603/629 751/3604/747
f 2267/3602/2261 2266/3601/2260 751/3604/747
f 557/3599/553 2265/3598/2259 2267/3602/2261
f 2226/3605/2220 2191/3606/2185 2227/3607/2221
f 2268/3608/2262 1987/3609/1981 1989/3610/1983
f 1995/3611/1989 1261/3612/1257 1282/3613/1278
f 2211/3614/2205 2227/3607/2221 1988/3615/1982
f 1994/3616/1988 1367/3617/1363 2268/3608/2262
f 2268/3608/2262 2269/3618/2263 2236/3619/2230
f 2270/3620/2264 2269/3618/2263 2268/3608/2262
f 2195/3621/2189 1988/3615/1982 2227/3607/2221
f 1995/3611/1989 2041/3622/2035 1996/3623/1990
f 1987/3609/1981 2268/3608/2262 1988/3615/1982
f 2270/3620/2264 1282/3613/1278 794/3624/790
f 1368/3625/1364 2271/3626/2265 2270/3620/2264
f 2268/3608/2262 1367/3617/1363 2270/3620/2264
f 2119/3627/2113 2270/3620/2264 2271/3626/2265
f 2228/3628/2222 2227/3607/2221 2211/3614/2205
f 2061/3629/2055 1990/3630/1984 1988/3615/1982
f 1995/3611/1989 2040/3631/2034 2041/3622/2035
f 1988/3615/1982 2195/3621/2189 1805/3632/1799
f 1282/3613/1278 2270/3620/2264 2119/3627/2113
f 2061/3629/2055 1988/3615/1982 1805/3632/1799
f 2040/3631/2034 2119/3627/2113 2111/3633/2105
f 1994/3616/1988 1952/3634/1946 1951/3635/1945
f 2211/3614/2205 1988/3615/1982 2212/3636/2206
f 1988/3615/1982 2236/3619/2230 2212/3636/2206
f 2227/3607/2221 2191/3606/2185 2195/3621/2189
f 2119/3627/2113 1995/3611/1989 1282/3613/1278
f 1367/3617/1363 1368/3625/1364 2270/3620/2264
f 2040/3631/2034 1995/3611/1989 2119/3627/2113
f 2269/3618/2263 794/3624/790 2236/3619/2230
f 1988/3615/1982 2268/3608/2262 2236/3619/2230
f 1952/3634/1946 1994/3616/1988 1989/3610/1983
f 2268/3608/2262 1989/3610/1983 1994/3616/1988
f 2270/3620/2264 794/3624/790 2269/3618/2263
f 795/3637/791 794/3624/790 1282/3613/1278
f 2272/3638/2266 1544/3639/1539 2273/3640/2267
f 2068/3641/2062 2274/3642/2268 2275/3643/2269
f 2276/3644/2270 2277/3645/2271 2275/3643/2269
f 2278/3646/2272 2279/3647/2273 2280/3648/2274
f 1512/3649/1507 2281/3650/2275 2273/3640/2267
f 144/3651/140 2067/3652/2061 2282/3653/2276
f 2283/3654/2277 1542/3655/1537 2272/3638/2266
f 2273/3640/2267 2274/3642/2268 147/3656/143
f 2279/3647/2273 2278/3646/2272 1567/3657/1562
f 147/3656/143 2274/3642/2268 2068/3641/2062
f 2284/3658/2278 2275/3643/2269 1782/3659/1776
f 2285/3660/2279 1567/3657/1562 1566/3661/1561
f 2275/3643/2269 2277/3645/2271 1782/3659/1776
f 1516/3662/1511 1785/3663/1779 1509/3664/1504
f 2286/3665/2280 2282/3653/2276 2067/3652/2061
f 1544/3639/1539 1513/3666/1508 2273/3640/2267
f 2272/3638/2266 1542/3655/1537 1544/3639/1539
f 1782/3659/1776 2277/3645/2271 1785/3663/1779
f 2287/3667/2281 2288/3668/2282 2285/3660/2279
f 1984/3669/1978 2286/3665/2280 1566/3661/1561
f 2275/3643/2269 2274/3642/2268 2276/3644/2270
f 160/3670/156 144/3651/140 2282/3653/2276
f 2281/3650/2275 1509/3664/1504 2276/3644/2270
f 2282/3653/2276 2286/3665/2280 2289/3671/2283
f 2284/3658/2278 2287/3667/2281 2290/3672/2284
f 2289/3671/2283 164/3673/160 160/3670/156
f 2283/3654/2277 158/3674/154 1543/3675/1538
f 2283/3654/2277 2272/3638/2266 147/3656/143
f 2285/3660/2279 2279/3647/2273 1567/3657/1562
f 1784/3676/1778 2284/3658/2278 1782/3659/1776
f 1783/3677/1777 1785/3663/1779 1516/3662/1511
f 1567/3657/1562 2278/3646/2272 1568/3678/1563
f 2281/3650/2275 1512/3649/1507 1509/3664/1504
f 2290/3672/2284 2066/3679/2060 2275/3643/2269
f 1566/3661/1561 1983/3680/1977 1984/3669/1978
f 147/3656/143 2272/3638/2266 2273/3640/2267
f 2286/3665/2280 2290/3672/2284 1566/3661/1561
f 2285/3660/2279 1566/3661/1561 2290/3672/2284
f 2276/3644/2270 2274/3642/2268 2273/3640/2267
f 2290/3672/2284 2287/3667/2281 2285/3660/2279
f 158/3674/154 2283/3654/2277 149/3681/145
f 2066/3679/2060 2068/3641/2062 2275/3643/2269
f 1542/3655/1537 2283/3654/2277 1543/3675/1538
f 2283/3654/2277 147/3656/143 149/3681/145
f 147/3656/143 2068/3641/2062 144/3651/140
f 2067/3652/2061 2066/3679/2060 2286/3665/2280
f 125/3682/121 1543/3675/1538 158/3674/154
f 2273/3640/2267 2281/3650/2275 2276/3644/2270
f 160/3670/156 2282/3653/2276 2289/3671/2283
f 1785/3663/1779 2276/3644/2270 1509/3664/1504
f 2289/3671/2283 2286/3665/2280 1984/3669/1978
f 2067/3652/2061 144/3651/140 2068/3641/2062
f 159/3683/155 1543/3675/1538 125/3682/121
f 1693/3684/1687 1513/3666/1508 1544/3639/1539
f 2279/3647/2273 2285/3660/2279 2288/3668/2282
f 1513/3666/1508 1512/3649/1507 2273/3640/2267
f 2290/3672/2284 2275/3643/2269 2284/3658/2278
f 2066/3679/2060 2290/3672/2284 2286/3665/2280
f 2276/3644/2270 1785/3663/1779 2277/3645/2271
f 1290/3685/1286 1292/3686/1288 1969/3687/1963
f 1970/3688/1964 164/3689/160 2289/3690/2283
f 1969/3687/1963 1978/3691/1972 1290/3685/1286
f 1970/3688/1964 1969/3687/1963 164/3689/160
f 2289/3690/2283 1984/3692/1978 1970/3688/1964
f 1292/3686/1288 164/3689/160 1969/3687/1963
f 1471/3693/1466 1314/3694/1310 1354/3695/1350
f 1354/3695/1350 1352/3696/1348 1992/3697/1986
f 1992/3697/1986 720/3698/716 1354/3695/1350
f 720/3698/716 1471/3693/1466 1354/3695/1350
f 1397/3699/1393 1314/3694/1310 1471/3693/1466
f 2291/3700/2285 2124/3701/2118 2123/3702/2117
f 2292/3703/2286 2126/3704/2120 1515/3705/1510
f 1528/3706/1523 2292/3703/2286 1529/3707/1524
f 2293/3708/2287 1499/3709/1494 1403/3710/1399
f 2291/3700/2285 2123/3702/2117 2284/3711/2278
f 1783/3712/1777 2284/3711/2278 1784/3713/1778
f 2294/3714/2288 1417/3715/1412 1499/3709/1494
f 1498/3716/1493 2294/3714/2288 1499/3709/1494
f 1403/3710/1399 1319/3717/1315 2293/3708/2287
f 1318/3718/1314 1500/3719/1495 2293/3708/2287
f 2288/3720/2282 2287/3721/2281 2280/3722/2274
f 2279/3723/2273 2288/3720/2282 2280/3722/2274
f 70/3724/66 1432/3725/1427 1433/3726/1428
f 1500/3719/1495 1318/3718/1314 1533/3727/1528
f 66/3728/62 1568/3729/1563 2295/3730/2289
f 76/3731/72 1568/3729/1563 66/3728/62
f 1438/3732/1433 1403/3710/1399 1405/3733/1401
f 2296/3734/2290 2297/3735/2291 2278/3736/2272
f 2123/3702/2117 1416/3737/1411 1417/3715/1412
f 1559/3738/1554 1415/3739/1410 1600/3740/1595
f 2278/3736/2272 2280/3722/2274 2296/3734/2290
f 1404/3741/1400 1438/3732/1433 1405/3733/1401
f 2292/3703/2286 1528/3706/1523 2126/3704/2120
f 1404/3741/1400 1559/3738/1554 1558/3742/1553
f 1500/3719/1495 1499/3709/1494 2293/3708/2287
f 1432/3725/1427 2295/3730/2289 1436/3743/1431
f 1783/3712/1777 2291/3700/2285 2284/3711/2278
f 1498/3716/1493 1437/3744/1432 2297/3735/2291
f 1499/3709/1494 1559/3738/1554 1403/3710/1399
f 2298/3745/2292 2296/3734/2290 2280/3722/2274
f 2278/3736/2272 2297/3735/2291 1437/3744/1432
f 1433/3726/1428 98/3746/94 112/3747/108
f 1432/3725/1427 67/3748/63 2295/3730/2289
f 67/3748/63 66/3728/62 2295/3730/2289
f 2123/3702/2117 2280/3722/2274 2287/3721/2281
f 1417/3715/1412 1559/3738/1554 1499/3709/1494
f 1437/3744/1432 1436/3743/1431 2278/3736/2272
f 2280/3722/2274 2123/3702/2117 1417/3715/1412
f 2291/3700/2285 1511/3749/1506 2126/3704/2120
f 2295/3730/2289 1568/3729/1563 1436/3743/1431
f 2123/3702/2117 1414/3750/1409 1416/3737/1411
f 1433/3726/1428 112/3747/108 70/3724/66
f 1559/3738/1554 1417/3715/1412 1415/3739/1410
f 1318/3718/1314 1322/3751/1318 1533/3727/1528
f 2296/3734/2290 1498/3716/1493 2297/3735/2291
f 1319/3717/1315 1403/3710/1399 1438/3732/1433
f 1319/3717/1315 1318/3718/1314 2293/3708/2287
f 2287/3721/2281 2284/3711/2278 2123/3702/2117
f 2294/3714/2288 2298/3745/2292 1417/3715/1412
f 1559/3738/1554 1404/3741/1400 1403/3710/1399
f 1783/3712/1777 1511/3749/1506 2291/3700/2285
f 1529/3707/1524 2292/3703/2286 1515/3705/1510
f 67/3748/63 1432/3725/1427 70/3724/66
f 1568/3729/1563 2278/3736/2272 1436/3743/1431
f 2294/3714/2288 2296/3734/2290 2298/3745/2292
f 1515/3705/1510 2126/3704/2120 1511/3749/1506
f 2280/3722/2274 1417/3715/1412 2298/3745/2292
f 1557/3752/1552 1559/3738/1554 1600/3740/1595
f 2291/3700/2285 2126/3704/2120 2124/3701/2118
f 1498/3716/1493 2296/3734/2290 2294/3714/2288
f 1783/3712/1777 1516/3753/1511 1511/3749/1506
f 2299/3754/2293 1383/3755/1379 1381/3756/1377
f 2300/3757/2294 1451/3758/1446 2301/3759/2295
f 2302/3760/2296 2056/3761/2050 2303/3762/2297
f 1628/3763/1623 1603/3764/1598 1999/3765/1993
f 2304/3766/2298 2305/3767/2299 2306/3768/2300
f 2307/3769/2301 2308/3770/2302 2309/3771/2303
f 2306/3768/2300 2310/3772/2304 2311/3773/2305
f 2301/3759/2295 1655/3774/1650 1658/3775/1653
f 2166/3776/2160 2161/3777/2155 2312/3778/2306
f 2301/3759/2295 1658/3775/1653 2313/3779/2307
f 2314/3780/2308 2315/3781/2309 2155/3782/2149
f 1395/3783/1391 1392/3784/1388 1997/3785/1991
f 2316/3786/2310 2299/3754/2293 2317/3787/2311
f 699/3788/695 493/3789/489 764/3790/760
f 1390/3791/1386 1464/3792/1459 2318/3793/2312
f 2307/3769/2301 759/3794/755 698/3795/694
f 2314/3780/2308 1459/3796/1454 1462/3797/1457
f 2307/3769/2301 2303/3762/2297 759/3794/755
f 725/3798/721 2319/3799/2313 582/3800/578
f 1998/3801/1992 1997/3785/1991 2320/3802/2314
f 2315/3781/2309 2314/3780/2308 2321/3803/2315
f 2310/3772/2304 2322/3804/2316 2311/3773/2305
f 698/3795/694 2308/3770/2302 2307/3769/2301
f 2304/3766/2298 2308/3770/2302 699/3788/695
f 2323/3805/2317 2324/3806/2318 2325/3807/2319
f 2323/3805/2317 2326/3808/2320 2324/3806/2318
f 1659/3809/1654 1387/3810/1383 1380/3811/1376
f 2155/3782/2149 2165/3812/2159 2314/3780/2308
f 2158/3813/2152 2159/3814/2153 1999/3765/1993
f 2327/3815/2321 2311/3773/2305 2322/3804/2316
f 2300/3757/2294 1454/3816/1449 1451/3758/1446
f 2328/3817/2322 1654/3818/1649 2329/3819/2323
f 1658/3775/1653 2328/3817/2322 2313/3779/2307
f 1657/3820/1652 1652/3821/1647 2050/3822/2044
f 1381/3756/1377 2330/3823/2324 2299/3754/2293
f 2327/3815/2321 2264/3824/2258 2325/3807/2319
f 2307/3769/2301 2326/3808/2320 2329/3819/2323
f 2318/3793/2312 1464/3792/1459 1459/3796/1454
f 2330/3823/2324 1655/3774/1650 2301/3759/2295
f 764/3790/760 2331/3825/2325 2305/3767/2299
f 1999/3765/1993 2320/3802/2314 2158/3813/2152
f 2304/3766/2298 764/3790/760 2305/3767/2299
f 2312/3778/2306 2161/3777/2155 2315/3781/2309
f 2332/3826/2326 2327/3815/2321 2333/3827/2327
f 2334/3828/2328 2331/3825/2325 2335/3829/2329
f 2321/3803/2315 1457/3830/1452 1385/3831/1381
f 2336/3832/2330 2163/3833/2157 1392/3784/1388
f 2335/3829/2329 2331/3825/2325 2337/3834/2331
f 2307/3769/2301 2329/3819/2323 2303/3762/2297
f 1654/3818/1649 1657/3820/1652 2329/3819/2323
f 2317/3787/2311 2312/3778/2306 2316/3786/2310
f 1380/3811/1376 2050/3822/2044 1651/3835/1646
f 2331/3825/2325 2334/3828/2328 2306/3768/2300
f 1462/3797/1457 2321/3803/2315 2314/3780/2308
f 2333/3827/2327 2309/3771/2303 2308/3770/2302
f 2313/3779/2307 2326/3808/2320 2338/3836/2332
f 1657/3820/1652 2050/3822/2044 2052/3837/2046
f 2308/3770/2302 2304/3766/2298 2306/3768/2300
f 2302/3760/2296 2329/3819/2323 1657/3820/1652
f 2323/3805/2317 2325/3807/2319 2264/3824/2258
f 1659/3809/1654 2330/3823/2324 1387/3810/1383
f 2313/3779/2307 2300/3757/2294 2301/3759/2295
f 759/3794/755 2056/3761/2050 737/3838/733
f 1392/3784/1388 2320/3802/2314 1997/3785/1991
f 1396/3839/1392 1389/3840/1385 1392/3784/1388
f 1654/3818/1649 2328/3817/2322 1658/3775/1653
f 1459/3796/1454 2314/3780/2308 2318/3793/2312
f 2302/3760/2296 2303/3762/2297 2329/3819/2323
f 698/3795/694 699/3788/695 2308/3770/2302
f 2317/3787/2311 2299/3754/2293 1815/3841/1809
f 2058/3842/2052 1382/3843/1378 1384/3844/1380
f 2332/3826/2326 2333/3827/2327 2311/3773/2305
f 2317/3787/2311 1815/3841/1809 1813/3845/1807
f 2326/3808/2320 2313/3779/2307 2328/3817/2322
f 2327/3815/2321 2325/3807/2319 2333/3827/2327
f 2319/3799/2313 2337/3834/2331 582/3800/578
f 1998/3801/1992 2320/3802/2314 1999/3765/1993
f 2331/3825/2325 764/3790/760 495/3846/491
f 1390/3791/1386 2318/3793/2312 2336/3832/2330
f 1659/3809/1654 1653/3847/1648 2330/3823/2324
f 2311/3773/2305 2327/3815/2321 2332/3826/2326
f 2305/3767/2299 2331/3825/2325 2306/3768/2300
f 1628/3763/1623 1999/3765/1993 2159/3814/2153
f 2263/3848/2257 2300/3757/2294 2313/3779/2307
f 2314/3780/2308 2165/3812/2159 2318/3793/2312
f 1457/3830/1452 2321/3803/2315 1462/3797/1457
f 2316/3786/2310 2312/3778/2306 2321/3803/2315
f 2050/3822/2044 1380/3811/1376 2058/3842/2052
f 2167/3849/2161 2318/3793/2312 2165/3812/2159
f 1392/3784/1388 1390/3791/1386 2336/3832/2330
f 2167/3849/2161 2163/3833/2157 2336/3832/2330
f 495/3846/491 704/3850/700 580/3851/576
f 2324/3806/2318 2333/3827/2327 2325/3807/2319
f 2307/3769/2301 2333/3827/2327 2326/3808/2320
f 2166/3776/2160 2317/3787/2311 1813/3845/1807
f 2263/3848/2257 2313/3779/2307 2338/3836/2332
f 2163/3833/2157 2158/3813/2152 1392/3784/1388
f 2331/3825/2325 495/3846/491 2337/3834/2331
f 1386/3852/1382 2321/3803/2315 1385/3831/1381
f 2300/3757/2294 2253/3853/2247 1454/3816/1449
f 2155/3782/2149 2315/3781/2309 2161/3777/2155
f 2052/3837/2046 2302/3760/2296 1657/3820/1652
f 2263/3848/2257 2338/3836/2332 2257/3854/2251
f 2058/3842/2052 1380/3811/1376 1382/3843/1378
f 2166/3776/2160 2312/3778/2306 2317/3787/2311
f 2337/3834/2331 495/3846/491 580/3851/576
f 759/3794/755 2303/3762/2297 2056/3761/2050
f 2316/3786/2310 1383/3755/1379 2299/3754/2293
f 2333/3827/2327 2324/3806/2318 2326/3808/2320
f 2321/3803/2315 2312/3778/2306 2315/3781/2309
f 2336/3832/2330 2318/3793/2312 2167/3849/2161
f 2338/3836/2332 2264/3824/2258 2257/3854/2251
f 2301/3759/2295 1815/3841/1809 2330/3823/2324
f 1396/3839/1392 1392/3784/1388 1395/3783/1391
f 2311/3773/2305 2308/3770/2302 2306/3768/2300
f 2330/3823/2324 1815/3841/1809 2299/3754/2293
f 2158/3813/2152 2320/3802/2314 1392/3784/1388
f 2010/3855/2004 1999/3765/1993 1603/3764/1598
f 2264/3824/2258 2338/3836/2332 2323/3805/2317
f 2338/3836/2332 2326/3808/2320 2323/3805/2317
f 2335/3829/2329 2337/3834/2331 2339/3856/2333
f 2304/3766/2298 699/3788/695 764/3790/760
f 2263/3848/2257 2253/3853/2247 2300/3757/2294
f 2309/3771/2303 2333/3827/2327 2307/3769/2301
f 2302/3760/2296 2052/3837/2046 2056/3761/2050
f 580/3851/576 582/3800/578 2337/3834/2331
f 1386/3852/1382 1383/3755/1379 2316/3786/2310
f 2308/3770/2302 2311/3773/2305 2333/3827/2327
f 1653/3847/1648 1655/3774/1650 2330/3823/2324
f 1652/3821/1647 1651/3835/1646 2050/3822/2044
f 2337/3834/2331 2319/3799/2313 2339/3856/2333
f 2330/3823/2324 1381/3756/1377 1387/3810/1383
f 2339/3856/2333 2334/3828/2328 2335/3829/2329
f 2326/3808/2320 2328/3817/2322 2329/3819/2323
f 2334/3828/2328 2310/3772/2304 2306/3768/2300
f 1815/3841/1809 2301/3759/2295 1451/3758/1446
f 2316/3786/2310 2321/3803/2315 1386/3852/1382
f 2340/3857/2334 2341/3858/2335 2342/3859/2336
f 2343/3860/2337 2232/3861/2226 2247/3862/2241
f 2344/3863/2338 2345/3864/2339 2346/3865/2340
f 2347/3866/2341 2348/3867/2342 2349/3868/2343
f 2221/3869/2215 2350/3870/2344 2351/3871/2345
f 2352/3872/2346 2353/3873/2347 2354/3874/2348
f 2355/3875/2349 2356/3876/2350 2357/3877/2351
f 2358/3878/2352 2359/3879/2353 2360/3880/2354
f 2361/3881/2355 2362/3882/2356 2358/3878/2352
f 523/3883/519 2363/3884/2357 2364/3885/2358
f 2365/3886/2359 2366/3887/2360 2367/3888/2361
f 1135/3889/1131 1685/3890/1679 856/3891/852
f 2368/3892/2362 2347/3866/2341 2349/3868/2343
f 1520/3893/1515 1741/3894/1735 2369/3895/2363
f 2370/3896/2364 2371/3897/2365 2372/3898/2366
f 2218/3899/2212 2373/3900/2367 2366/3887/2360
f 1684/3901/1678 1683/3902/1677 1324/3903/1320
f 2374/3904/2368 2375/3905/2369 2372/3898/2366
f 2376/3906/2370 1412/3907/1407 1409/3908/1404
f 2377/3909/2371 2361/3881/2355 2378/3910/2372
f 2379/3911/2373 2345/3864/2339 2250/3912/2244
f 1248/3913/1244 2380/3914/2374 899/3915/895
f 2365/3886/2359 2381/3916/2375 2382/3917/2376
f 1248/3913/1244 1045/3918/1041 2383/3919/2377
f 2339/3920/2333 1671/3921/1666 2360/3880/2354
f 2384/3922/2378 2385/3923/2379 1667/3924/1662
f 2258/3925/2252 2386/3926/2380 2387/3927/2381
f 2127/3928/2121 1134/3929/1130 1905/3930/1899
f 2035/3931/2029 2342/3859/2336 2388/3932/2382
f 2388/3932/2382 2389/3933/2383 1713/3934/1707
f 1045/3918/1041 1679/3935/1673 2390/3936/2384
f 2360/3880/2354 2376/3906/2370 2380/3914/2374
f 2391/3937/2385 2392/3938/2386 2393/3939/2387
f 1686/3940/1680 1324/3903/1320 1687/3941/1681
f 2394/3942/2388 2346/3865/2340 2379/3911/2373
f 2386/3926/2380 2264/3943/2258 2395/3944/2389
f 1444/3945/1439 2396/3946/2390 2397/3947/2391
f 2362/3882/2356 2361/3881/2355 2310/3948/2304
f 2398/3949/2392 2178/3950/2172 2177/3951/2171
f 2392/3938/2386 2375/3905/2369 2399/3952/2393
f 2400/3953/2394 2348/3867/2342 2347/3866/2341
f 1259/3954/1255 875/3955/871 2401/3956/2395
f 1045/3918/1041 1248/3913/1244 1099/3957/1095
f 2365/3886/2359 2367/3888/2361 2381/3916/2375
f 2367/3888/2361 2366/3887/2360 2402/3958/2396
f 842/3959/838 858/3960/854 904/3961/900
f 2403/3962/2397 2382/3917/2376 2381/3916/2375
f 2349/3868/2343 2348/3867/2342 2404/3963/2398
f 1682/3964/1676 1135/3889/1131 1134/3929/1130
f 2341/3858/2335 2405/3965/2399 2194/3966/2188
f 2367/3888/2361 2402/3958/2396 2344/3863/2338
f 1135/3889/1131 1682/3964/1676 1685/3890/1679
f 2406/3967/2400 2407/3968/2401 2370/3896/2364
f 1798/3969/1792 2408/3970/2402 1447/3971/1442
f 2376/3906/2370 900/3972/896 899/3915/895
f 2409/3973/2403 1703/3974/1697 1689/3975/1683
f 2404/3963/2398 2410/3976/2404 2411/3977/2405
f 1881/3978/1875 1921/3979/1915 2387/3927/2381
f 1702/3980/1696 1254/3981/1250 1040/3982/1036
f 1326/3983/1322 1323/3984/1319 2395/3944/2389
f 1671/3921/1666 1412/3907/1407 2376/3906/2370
f 1310/3985/1306 1379/3986/1375 2412/3987/2406
f 2364/3885/2358 2363/3884/2357 2393/3939/2387
f 2172/3988/2166 2384/3922/2378 2198/3989/2192
f 1252/3990/1248 1680/3991/1674 780/3992/776
f 2413/3993/2407 1521/3994/1516 2199/3995/2193
f 2366/3887/2360 2248/3996/2242 2218/3899/2212
f 2220/3997/2214 2352/3872/2346 2221/3869/2215
f 2197/3998/2191 2389/3933/2383 2388/3932/2382
f 2385/3923/2379 1668/3999/1663 1667/3924/1662
f 2233/4000/2227 2232/3861/2226 2343/3860/2337
f 744/4001/740 2407/3968/2401 444/4002/440
f 725/4003/721 2397/3947/2391 2396/3946/2390
f 1671/3921/1666 2396/3946/2390 1444/3945/1439
f 2258/3925/2252 1921/3979/1915 1908/4004/1902
f 2390/3936/2384 1679/3935/1673 1687/3941/1681
f 2192/4005/2186 2181/4006/2175 2408/3970/2402
f 1667/3924/1662 2198/3989/2192 2384/3922/2378
f 2346/3865/2340 2394/3942/2388 2368/3892/2362
f 2386/3926/2380 2258/3925/2252 2264/3943/2258
f 2414/4007/2408 2412/3987/2406 1379/3986/1375
f 2342/3859/2336 2035/3931/2029 2036/4008/2030
f 2380/3914/2374 2358/3878/2352 2360/3880/2354
f 2171/4009/2165 2384/3922/2378 2172/3988/2166
f 2343/3860/2337 2352/3872/2346 2220/3997/2214
f 2196/4010/2190 2415/4011/2409 2369/3895/2363
f 2416/4012/2410 1326/3983/1322 2417/4013/2411
f 2371/3897/2365 744/4001/740 2374/3904/2368
f 1134/3929/1130 1254/3981/1250 2409/3973/2403
f 1190/4014/1186 2418/4015/2412 2419/4016/2413
f 2384/3922/2378 2171/4009/2165 2193/4017/2187
f 2420/4018/2414 505/4019/501 504/4020/500
f 2235/4021/2229 1666/4022/1661 1668/3999/1663
f 2355/3875/2349 2357/3877/2351 2421/4023/2415
f 780/3992/776 1679/3935/1673 1045/3918/1041
f 2413/3993/2407 2199/3995/2193 2422/4024/2416
f 1680/3991/1674 1679/3935/1673 780/3992/776
f 1687/3941/1681 1326/3983/1322 2378/3910/2372
f 2423/4025/2417 2385/3923/2379 2384/3922/2378
f 841/4026/837 2370/3896/2364 842/3959/838
f 2373/3900/2367 2218/3899/2212 2217/4027/2211
f 2424/4028/2418 1909/4029/1903 1690/4030/1684
f 1309/4031/1305 1702/3980/1696 1211/4032/1207
f 1190/4014/1186 2370/3896/2364 2418/4015/2412
f 899/3915/895 2380/3914/2374 2376/3906/2370
f 1689/3975/1683 1703/3974/1697 1704/4033/1698
f 2319/4034/2313 725/4003/721 2396/3946/2390
f 2425/4035/2419 2418/4015/2412 2375/3905/2369
f 2351/3871/2345 2426/4036/2420 2422/4024/2416
f 2393/3939/2387 2427/4037/2421 2364/3885/2358
f 2362/3882/2356 2310/3948/2304 2334/4038/2328
f 1704/4033/1698 1531/4039/1526 1690/4030/1684
f 2395/3944/2389 2417/4013/2411 1326/3983/1322
f 2425/4035/2419 2375/3905/2369 2392/3938/2386
f 1532/4040/1527 1310/3985/1306 2412/3987/2406
f 1447/3971/1442 1448/4041/1443 1798/3969/1792
f 2389/3933/2383 2197/3998/2191 2369/3895/2363
f 2418/4015/2412 2425/4035/2419 2428/4042/2422
f 2419/4016/2413 2429/4043/2423 2394/3942/2388
f 2235/4021/2229 2221/3869/2215 2351/3871/2345
f 444/4002/440 2407/3968/2401 2265/4044/2259
f 2391/3937/2385 2393/3939/2387 2363/3884/2357
f 2397/3947/2391 658/4045/654 1410/4046/1405
f 2414/4007/2408 1780/4047/1774 2424/4028/2418
f 2379/3911/2373 2401/3956/2395 2394/3942/2388
f 2426/4036/2420 2350/3870/2344 2430/4048/2424
f 1702/3980/1696 1703/3974/1697 1254/3981/1250
f 2346/3865/2340 2368/3892/2362 2349/3868/2343
f 854/4049/850 1253/4050/1249 780/3992/776
f 2431/4051/2425 2403/3962/2397 2367/3888/2361
f 2389/3933/2383 1741/3894/1735 1712/4052/1706
f 2340/3857/2334 2408/3970/2402 2181/4006/2175
f 1769/4053/1763 1768/4054/1762 1379/3986/1375
f 2432/4055/2426 2433/4056/2427 2410/3976/2404
f 1409/3908/1404 840/4057/836 900/3972/896
f 1671/3921/1666 2376/3906/2370 2360/3880/2354
f 2419/4016/2413 2428/4042/2422 2429/4043/2423
f 2419/4016/2413 2418/4015/2412 2428/4042/2422
f 2359/3879/2353 2362/3882/2356 2339/3920/2333
f 2266/4058/2260 841/4026/837 840/4057/836
f 2423/4025/2417 2193/4017/2187 2235/4021/2229
f 2419/4016/2413 2401/3956/2395 875/3955/871
f 2434/4059/2428 2435/4060/2429 2436/4061/2430
f 2352/3872/2346 2354/3874/2348 2221/3869/2215
f 2437/4062/2431 2421/4023/2415 2438/4063/2432
f 2439/4064/2433 2421/4023/2415 2437/4062/2431
f 2379/3911/2373 2250/3912/2244 2401/3956/2395
f 1685/3890/1679 1681/4065/1675 1680/3991/1674
f 841/4026/837 2406/3967/2400 2370/3896/2364
f 2367/3888/2361 2344/3863/2338 2431/4051/2425
f 1684/3901/1678 1324/3903/1320 1686/3940/1680
f 2362/3882/2356 2359/3879/2353 2358/3878/2352
f 2358/3878/2352 2380/3914/2374 1248/3913/1244
f 2403/3962/2397 2381/3916/2375 2367/3888/2361
f 2388/3932/2382 2342/3859/2336 2341/3858/2335
f 2370/3896/2364 2372/3898/2366 2375/3905/2369
f 2396/3946/2390 2339/3920/2333 2319/4034/2313
f 1881/3978/1875 1907/4066/1901 1921/3979/1915
f 811/4067/807 2419/4016/2413 875/3955/871
f 1211/4032/1207 1702/3980/1696 1040/3982/1036
f 1905/3930/1899 1691/4068/1685 1909/4029/1903
f 1098/4069/1094 1045/3918/1041 1099/3957/1095
f 2385/3923/2379 2235/4021/2229 1668/3999/1663
f 1324/3903/1320 1326/3983/1322 1687/3941/1681
f 2399/3952/2393 2427/4037/2421 2393/3939/2387
f 2423/4025/2417 2235/4021/2229 2385/3923/2379
f 2440/4070/2434 2266/4058/2260 840/4057/836
f 2127/3928/2121 1682/3964/1676 1134/3929/1130
f 2361/3881/2355 2383/3919/2377 2378/3910/2372
f 1768/4054/1762 1780/4047/1774 2414/4007/2408
f 1679/3935/1673 1678/4071/1672 1687/3941/1681
f 2432/4055/2426 2410/3976/2404 2400/3953/2394
f 2429/4043/2423 2368/3892/2362 2394/3942/2388
f 1881/3978/1875 2386/3926/2380 1325/4072/1321
f 2416/4012/2410 2327/4073/2321 2377/3909/2371
f 2377/3909/2371 2322/4074/2316 2361/3881/2355
f 2345/3864/2339 2379/3911/2373 2346/3865/2340
f 1712/4052/1706 1714/4075/1708 2389/3933/2383
f 1881/3978/1875 2387/3927/2381 2386/3926/2380
f 2036/4008/2030 2340/3857/2334 2342/3859/2336
f 2437/4062/2431 2434/4059/2428 2248/3996/2242
f 2364/3885/2358 2420/4018/2414 504/4020/500
f 810/4076/806 857/4077/853 811/4067/807
f 2378/3910/2372 2416/4012/2410 2377/3909/2371
f 2436/4061/2430 2353/3873/2347 2352/3872/2346
f 1323/3984/1319 1325/4072/1321 2395/3944/2389
f 1798/3969/1792 2192/4005/2186 2408/3970/2402
f 2441/4078/2435 2354/3874/2348 2353/3873/2347
f 2197/3998/2191 2398/3949/2392 2198/3989/2192
f 2383/3919/2377 2358/3878/2352 1248/3913/1244
f 1252/3990/1248 856/3891/852 1685/3890/1679
f 2388/3932/2382 2194/3966/2188 2178/3950/2172
f 841/4026/837 2407/3968/2401 2406/3967/2400
f 1714/4075/1708 1713/3934/1707 2389/3933/2383
f 2442/4079/2436 1531/4039/1526 2412/3987/2406
f 2409/3973/2403 1689/3975/1683 1691/4068/1685
f 2414/4007/2408 2424/4028/2418 2442/4079/2436
f 2383/3919/2377 1045/3918/1041 2390/3936/2384
f 2343/3860/2337 2220/3997/2214 2233/4000/2227
f 1691/4068/1685 1134/3929/1130 2409/3973/2403
f 1379/3986/1375 1768/4054/1762 2414/4007/2408
f 2408/3970/2402 2340/3857/2334 1449/4080/1444
f 2339/3920/2333 2362/3882/2356 2334/4038/2328
f 2327/4073/2321 2416/4012/2410 2417/4013/2411
f 2369/3895/2363 1741/3894/1735 2389/3933/2383
f 2378/3910/2372 2383/3919/2377 2390/3936/2384
f 2404/3963/2398 2348/3867/2342 2410/3976/2404
f 2399/3952/2393 2375/3905/2369 2374/3904/2368
f 2415/4011/2409 2196/4010/2190 2199/3995/2193
f 2365/3886/2359 2382/3917/2376 2439/4064/2433
f 2371/3897/2365 2374/3904/2368 2372/3898/2366
f 2369/3895/2363 2415/4011/2409 1520/3893/1515
f 1410/4046/1405 1444/3945/1439 2397/3947/2391
f 2217/4027/2211 2402/3958/2396 2373/3900/2367
f 2425/4035/2419 2392/3938/2386 2428/4042/2422
f 2443/4081/2437 2355/3875/2349 2421/4023/2415
f 2364/3885/2358 504/4020/500 523/3883/519
f 2414/4007/2408 2442/4079/2436 2412/3987/2406
f 658/4045/654 1411/4082/1406 1410/4046/1405
f 1409/3908/1404 1526/4083/1521 1706/4084/1700
f 2407/3968/2401 841/4026/837 2265/4044/2259
f 1449/4080/1444 2340/3857/2334 2036/4008/2030
f 2371/3897/2365 2407/3968/2401 744/4001/740
f 2417/4013/2411 2395/3944/2389 2264/3943/2258
f 1521/3994/1516 2415/4011/2409 2199/3995/2193
f 2417/4013/2411 2264/3943/2258 2327/4073/2321
f 2412/3987/2406 1531/4039/1526 1532/4040/1527
f 1409/3908/1404 900/3972/896 2376/3906/2370
f 1690/4030/1684 2442/4079/2436 2424/4028/2418
f 2265/4044/2259 841/4026/837 2266/4058/2260
f 2370/3896/2364 1190/4014/1186 842/3959/838
f 2444/4085/2438 2431/4051/2425 2404/3963/2398
f 2344/3863/2338 2404/3963/2398 2431/4051/2425
f 658/4045/654 2397/3947/2391 725/4003/721
f 2177/3951/2171 2198/3989/2192 2398/3949/2392
f 2181/4006/2175 2341/3858/2335 2340/3857/2334
f 1687/3941/1681 1678/4071/1672 1681/4065/1675
f 2437/4062/2431 2365/3886/2359 2439/4064/2433
f 2364/3885/2358 2427/4037/2421 2420/4018/2414
f 2427/4037/2421 2374/3904/2368 505/4019/501
f 1259/3954/1255 2401/3956/2395 2250/3912/2244
f 756/4086/752 2440/4070/2434 1706/4084/1700
f 1388/4087/1384 1324/3903/1320 1683/3902/1677
f 505/4019/501 2374/3904/2368 744/4001/740
f 2445/4088/2439 2400/3953/2394 2347/3866/2341
f 2423/4025/2417 2384/3922/2378 2193/4017/2187
f 2444/4085/2438 2404/3963/2398 2411/3977/2405
f 2250/3912/2244 2345/3864/2339 2241/4089/2235
f 2434/4059/2428 2437/4062/2431 2435/4060/2429
f 2427/4037/2421 2399/3952/2393 2374/3904/2368
f 2409/3973/2403 1254/3981/1250 1703/3974/1697
f 2366/3887/2360 2365/3886/2359 2437/4062/2431
f 2235/4021/2229 2422/4024/2416 1666/4022/1661
f 2439/4064/2433 2443/4081/2437 2421/4023/2415
f 2344/3863/2338 2349/3868/2343 2404/3963/2398
f 2241/4089/2235 2402/3958/2396 2217/4027/2211
f 2422/4024/2416 2199/3995/2193 1666/4022/1661
f 2247/3862/2241 2248/3996/2242 2436/4061/2430
f 2426/4036/2420 2351/3871/2345 2350/3870/2344
f 2194/3966/2188 2388/3932/2382 2341/3858/2335
f 2370/3896/2364 2375/3905/2369 2418/4015/2412
f 2424/4028/2418 1780/4047/1774 1910/4090/1904
f 2347/3866/2341 2368/3892/2362 2429/4043/2423
f 2398/3949/2392 2388/3932/2382 2178/3950/2172
f 858/3960/854 842/3959/838 1190/4014/1186
f 2431/4051/2425 2444/4085/2438 2403/3962/2397
f 2405/3965/2399 2341/3858/2335 2181/4006/2175
f 2198/3989/2192 2177/3951/2171 2172/3988/2166
f 2398/3949/2392 2197/3998/2191 2388/3932/2382
f 1691/4068/1685 1690/4030/1684 1909/4029/1903
f 2402/3958/2396 2345/3864/2339 2344/3863/2338
f 2424/4028/2418 1910/4090/1904 1909/4029/1903
f 1531/4039/1526 2442/4079/2436 1690/4030/1684
f 1046/4091/1042 1045/3918/1041 1098/4069/1094
f 1252/3990/1248 1685/3890/1679 1680/3991/1674
f 2435/4060/2429 2437/4062/2431 2438/4063/2432
f 2392/3938/2386 2399/3952/2393 2393/3939/2387
f 2373/3900/2367 2402/3958/2396 2366/3887/2360
f 2192/4005/2186 1798/3969/1792 1800/4092/1794
f 1921/3979/1915 2258/3925/2252 2387/3927/2381
f 2322/4074/2316 2377/3909/2371 2327/4073/2321
f 505/4019/501 2420/4018/2414 2427/4037/2421
f 2339/3920/2333 2360/3880/2354 2359/3879/2353
f 2415/4011/2409 1521/3994/1516 1520/3893/1515
f 2370/3896/2364 2407/3968/2401 2371/3897/2365
f 2221/3869/2215 2354/3874/2348 2350/3870/2344
f 2416/4012/2410 2378/3910/2372 1326/3983/1322
f 2443/4081/2437 2439/4064/2433 2382/3917/2376
f 1741/3894/1735 1739/4093/1733 1712/4052/1706
f 2346/3865/2340 2349/3868/2343 2344/3863/2338
f 1671/3921/1666 1413/4094/1408 1412/3907/1407
f 2357/3877/2351 2438/4063/2432 2421/4023/2415
f 2378/3910/2372 2390/3936/2384 1687/3941/1681
f 1252/3990/1248 780/3992/776 1253/4050/1249
f 1041/4095/1037 1040/3982/1036 1254/3981/1250
f 1190/4014/1186 2419/4016/2413 857/4077/853
f 2396/3946/2390 1671/3921/1666 2339/3920/2333
f 2438/4063/2432 2357/3877/2351 2435/4060/2429
f 1449/4080/1444 1447/3971/1442 2408/3970/2402
f 2426/4036/2420 2430/4048/2424 2422/4024/2416
f 840/4057/836 1706/4084/1700 2440/4070/2434
f 2197/3998/2191 2196/4010/2190 2369/3895/2363
f 2422/4024/2416 2235/4021/2229 2351/3871/2345
f 1908/4004/1902 1920/4096/1914 2258/3925/2252
f 2352/3872/2346 2247/3862/2241 2436/4061/2430
f 2386/3926/2380 2395/3944/2389 1325/4072/1321
f 2343/3860/2337 2247/3862/2241 2352/3872/2346
f 2248/3996/2242 2434/4059/2428 2436/4061/2430
f 1691/4068/1685 1905/3930/1899 1134/3929/1130
f 1704/4033/1698 1690/4030/1684 1689/3975/1683
f 2394/3942/2388 2401/3956/2395 2419/4016/2413
f 2436/4061/2430 2441/4078/2435 2353/3873/2347
f 1409/3908/1404 1706/4084/1700 840/4057/836
f 2361/3881/2355 2322/4074/2316 2310/3948/2304
f 2361/3881/2355 2358/3878/2352 2383/3919/2377
f 2348/3867/2342 2400/3953/2394 2410/3976/2404
f 2345/3864/2339 2402/3958/2396 2241/4089/2235
f 2248/3996/2242 2366/3887/2360 2437/4062/2431
f 2347/3866/2341 2429/4043/2423 2445/4088/2439
f 857/4077/853 2419/4016/2413 811/4067/807
f 2446/4097/2440 2447/4098/2441 492/4099/488
f 722/4100/718 2448/4101/2442 723/4102/719
f 2449/4103/2443 2450/4104/2444 2451/4105/2445
f 2452/4106/2446 2453/4107/2447 2454/4108/2448
f 2454/4108/2448 2443/4109/2437 2382/4110/2376
f 2433/4111/2427 2455/4112/2449 2456/4113/2450
f 1826/4114/1820 1807/4115/1801 2457/4116/2451
f 2446/4097/2440 1664/4117/1659 2458/4118/2452
f 2459/4119/2453 2460/4120/2454 772/4121/768
f 2461/4122/2455 2097/4123/2091 2100/4124/2094
f 2448/4101/2442 2462/4125/2456 723/4102/719
f 2463/4126/2457 2464/4127/2458 2465/4128/2459
f 2466/4129/2460 1562/4130/1557 1827/4131/1821
f 2452/4106/2446 2454/4108/2448 2467/4132/2461
f 2468/4133/2462 2469/4134/2463 2470/4135/2464
f 435/4136/431 1525/4137/1520 697/4138/693
f 2471/4139/2465 2363/4140/2357 726/4141/722
f 2355/4142/2349 2443/4109/2437 2453/4107/2447
f 574/4143/570 2472/4144/2466 691/4145/687
f 2473/4146/2467 2435/4147/2429 2474/4148/2468
f 2475/4149/2469 2413/4150/2407 2476/4151/2470
f 1833/4152/1827 2103/4153/2097 1836/4154/1830
f 2104/4155/2098 2477/4156/2471 2468/4133/2462
f 2433/4111/2427 2432/4157/2426 2455/4112/2449
f 2473/4146/2467 2441/4158/2435 2436/4159/2430
f 2478/4160/2472 573/4161/569 2479/4162/2473
f 2480/4163/2474 2481/4164/2475 2482/4165/2476
f 2483/4166/2477 2449/4103/2443 2480/4163/2474
f 2484/4167/2478 726/4141/722 2363/4140/2357
f 1741/4168/1735 1520/4169/1515 1740/4170/1734
f 722/4100/718 2452/4106/2446 2448/4101/2442
f 2462/4125/2456 753/4171/749 723/4102/719
f 1520/4169/1515 2450/4104/2444 1740/4170/1734
f 1803/4172/1797 2457/4116/2451 1807/4115/1801
f 2457/4116/2451 2485/4173/2479 2486/4174/2480
f 2102/4175/2096 2099/4176/2093 1563/4177/1558
f 2487/4178/2481 2356/4179/2350 2355/4142/2349
f 2102/4175/2096 2466/4129/2460 2488/4180/2482
f 2489/4181/2483 2433/4111/2427 739/4182/735
f 1738/4183/1732 2490/4184/2484 2491/4185/2485
f 2492/4186/2486 2464/4127/2458 2493/4187/2487
f 492/4099/488 2447/4098/2441 772/4121/768
f 2476/4151/2470 2494/4188/2488 2475/4149/2469
f 1598/4189/1593 1468/4190/1463 2485/4173/2479
f 2483/4166/2477 676/4191/672 403/4192/399
f 2470/4135/2464 2495/4193/2489 2496/4194/2490
f 2098/4195/2092 1665/4196/1660 2103/4153/2097
f 2357/4197/2351 2356/4179/2350 2435/4147/2429
f 1803/4172/1797 1597/4198/1592 2485/4173/2479
f 2497/4199/2491 2492/4186/2486 2494/4188/2488
f 2485/4173/2479 2469/4134/2463 2498/4200/2492
f 2350/4201/2344 2354/4202/2348 2430/4203/2424
f 2499/4204/2493 2481/4164/2475 2500/4205/2494
f 2491/4185/2485 2501/4206/2495 1738/4183/1732
f 1472/4207/1467 2502/4208/2496 2471/4139/2465
f 2497/4199/2491 2503/4209/2497 2504/4210/2498
f 2474/4148/2468 2356/4179/2350 2497/4199/2491
f 2505/4211/2499 2490/4184/2484 1740/4170/1734
f 2494/4188/2488 2493/4187/2487 2475/4149/2469
f 2462/4125/2456 2411/4212/2405 2410/4213/2404
f 2500/4205/2494 2492/4186/2486 2499/4204/2493
f 2497/4199/2491 2356/4179/2350 2492/4186/2486
f 2467/4132/2461 2403/4214/2397 2452/4106/2446
f 2506/4215/2500 2468/4133/2462 2470/4135/2464
f 2102/4175/2096 1563/4177/1558 1562/4130/1557
f 2472/4144/2466 2452/4106/2446 691/4145/687
f 1520/4169/1515 2060/4216/2054 2059/4217/2053
f 2455/4112/2449 2400/4218/2394 2456/4113/2450
f 2458/4118/2452 2507/4219/2501 2447/4098/2441
f 573/4161/569 2478/4160/2472 574/4143/570
f 2458/4118/2452 2447/4098/2441 2446/4097/2440
f 1830/4220/1824 2508/4221/2502 433/4222/429
f 1641/4223/1636 2507/4219/2501 1642/4224/1637
f 2449/4103/2443 2459/4119/2453 2505/4211/2499
f 1738/4183/1732 1712/4225/1706 1739/4226/1733
f 2453/4107/2447 2443/4109/2437 2454/4108/2448
f 726/4141/722 525/4227/521 524/4228/520
f 2489/4181/2483 739/4182/735 2509/4229/2503
f 1598/4189/1593 2485/4173/2479 1597/4198/1592
f 2463/4126/2457 2465/4128/2459 2059/4217/2053
f 2510/4230/2504 2492/4186/2486 2487/4178/2481
f 2461/4122/2455 2488/4180/2482 2498/4200/2492
f 2457/4116/2451 1803/4172/1797 2485/4173/2479
f 2486/4174/2480 2488/4180/2482 2466/4129/2460
f 2511/4231/2505 673/4232/669 564/4233/560
f 2500/4205/2494 2481/4164/2475 2464/4127/2458
f 2104/4155/2098 2097/4123/2091 2477/4156/2471
f 752/4234/748 1831/4235/1825 755/4236/751
f 691/4145/687 2452/4106/2446 722/4100/718
f 674/4237/670 2511/4231/2505 2512/4238/2506
f 2509/4229/2503 589/4239/585 753/4171/749
f 2445/4240/2439 2456/4113/2450 2400/4218/2394
f 2507/4219/2501 772/4121/768 2447/4098/2441
f 2463/4126/2457 1519/4241/1514 2493/4187/2487
f 2498/4200/2492 2488/4180/2482 2486/4174/2480
f 655/4242/651 2433/4111/2427 559/4243/555
f 2435/4147/2429 2356/4179/2350 2474/4148/2468
f 2479/4162/2473 676/4191/672 2483/4166/2477
f 2455/4112/2449 2432/4157/2426 2400/4218/2394
f 2469/4134/2463 2468/4133/2462 2477/4156/2471
f 2481/4164/2475 2513/4244/2507 2482/4165/2476
f 2478/4160/2472 2482/4165/2476 2472/4144/2466
f 2497/4199/2491 2494/4188/2488 2476/4151/2470
f 2102/4175/2096 2514/4245/2508 2100/4124/2094
f 2471/4139/2465 2391/4246/2385 2363/4140/2357
f 2482/4165/2476 2478/4160/2472 2479/4162/2473
f 1468/4190/1463 1598/4189/1593 1469/4247/1464
f 2493/4187/2487 2464/4127/2458 2463/4126/2457
f 2456/4113/2450 559/4243/555 2433/4111/2427
f 1740/4170/1734 2490/4184/2484 1738/4183/1732
f 2466/4129/2460 2102/4175/2096 1562/4130/1557
f 2469/4134/2463 1468/4190/1463 2470/4135/2464
f 2515/4248/2509 2490/4184/2484 2505/4211/2499
f 2509/4229/2503 753/4171/749 2489/4181/2483
f 1713/4249/1707 1738/4183/1732 2501/4206/2495
f 2486/4174/2480 1827/4131/1821 1826/4114/1820
f 1827/4131/1821 1562/4130/1557 1564/4250/1559
f 740/4251/736 2509/4229/2503 739/4182/735
f 2445/4240/2439 2429/4252/2423 2516/4253/2510
f 655/4242/651 739/4182/735 2433/4111/2427
f 2471/4139/2465 727/4254/723 1472/4207/1467
f 2517/4255/2511 2059/4217/2053 2451/4105/2445
f 2479/4162/2473 2480/4163/2474 2482/4165/2476
f 2468/4133/2462 1643/4256/1638 2104/4155/2098
f 2430/4203/2424 2354/4202/2348 2504/4210/2498
f 2509/4229/2503 740/4251/736 589/4239/585
f 2483/4166/2477 674/4237/670 2512/4238/2506
f 2471/4139/2465 726/4141/722 727/4254/723
f 1830/4220/1824 755/4236/751 1831/4235/1825
f 2493/4187/2487 2494/4188/2488 2492/4186/2486
f 1519/4241/1514 1521/4257/1516 2475/4149/2469
f 2388/4258/2382 2501/4206/2495 2035/4259/2029
f 1642/4224/1637 2098/4195/2092 1643/4256/1638
f 2392/4260/2386 2471/4139/2465 2516/4253/2510
f 2469/4134/2463 2477/4156/2471 2498/4200/2492
f 2413/4150/2407 2497/4199/2491 2476/4151/2470
f 2490/4184/2484 2515/4248/2509 2495/4193/2489
f 2516/4253/2510 2502/4208/2496 2445/4240/2439
f 2491/4185/2485 2495/4193/2489 2035/4259/2029
f 1830/4220/1824 433/4222/429 755/4236/751
f 1642/4224/1637 1665/4196/1660 2098/4195/2092
f 2460/4120/2454 2459/4119/2453 2483/4166/2477
f 2510/4230/2504 2482/4165/2476 2513/4244/2507
f 2453/4107/2447 2472/4144/2466 2487/4178/2481
f 1643/4256/1638 2506/4215/2500 1641/4223/1636
f 2482/4165/2476 2510/4230/2504 2472/4144/2466
f 2481/4164/2475 2465/4128/2459 2464/4127/2458
f 1837/4261/1831 2508/4221/2502 1830/4220/1824
f 492/4099/488 433/4222/429 2446/4097/2440
f 2473/4146/2467 2474/4148/2468 2504/4210/2498
f 523/4262/519 2484/4167/2478 2363/4140/2357
f 2462/4125/2456 2489/4181/2483 753/4171/749
f 2445/4240/2439 2502/4208/2496 2456/4113/2450
f 2507/4219/2501 2496/4194/2490 2515/4248/2509
f 1371/4263/1367 1827/4131/1821 1564/4250/1559
f 403/4192/399 674/4237/670 2483/4166/2477
f 2479/4162/2473 2483/4166/2477 2480/4163/2474
f 2513/4244/2507 2499/4204/2493 2492/4186/2486
f 1519/4241/1514 2463/4126/2457 2059/4217/2053
f 1643/4256/1638 2468/4133/2462 2506/4215/2500
f 2100/4124/2094 2514/4245/2508 2488/4180/2482
f 2472/4144/2466 574/4143/570 2478/4160/2472
f 2382/4110/2376 2467/4132/2461 2454/4108/2448
f 2481/4164/2475 2480/4163/2474 2449/4103/2443
f 2513/4244/2507 2481/4164/2475 2499/4204/2493
f 2472/4144/2466 2453/4107/2447 2452/4106/2446
f 1472/4207/1467 2456/4113/2450 2502/4208/2496
f 2477/4156/2471 2461/4122/2455 2498/4200/2492
f 2466/4129/2460 1827/4131/1821 2486/4174/2480
f 2403/4214/2397 2467/4132/2461 2382/4110/2376
f 2388/4258/2382 1713/4249/1707 2501/4206/2495
f 763/4264/759 627/4265/623 564/4233/560
f 2459/4119/2453 772/4121/768 2507/4219/2501
f 2103/4153/2097 1665/4196/1660 1836/4154/1830
f 2451/4105/2445 2465/4128/2459 2481/4164/2475
f 2496/4194/2490 2495/4193/2489 2515/4248/2509
f 655/4242/651 545/4266/541 739/4182/735
f 2444/4267/2438 2448/4101/2442 2403/4214/2397
f 2516/4253/2510 2471/4139/2465 2502/4208/2496
f 2471/4139/2465 2392/4260/2386 2391/4246/2385
f 2470/4135/2464 2496/4194/2490 2506/4215/2500
f 2496/4194/2490 2507/4219/2501 1641/4223/1636
f 2508/4221/2502 2446/4097/2440 433/4222/429
f 2514/4245/2508 2102/4175/2096 2488/4180/2482
f 2505/4211/2499 2459/4119/2453 2515/4248/2509
f 2505/4211/2499 2450/4104/2444 2449/4103/2443
f 1665/4196/1660 2446/4097/2440 2508/4221/2502
f 2483/4166/2477 2459/4119/2453 2449/4103/2443
f 1468/4190/1463 1445/4268/1440 2495/4193/2489
f 2460/4120/2454 2483/4166/2477 2512/4238/2506
f 1642/4224/1637 2507/4219/2501 2458/4118/2452
f 2472/4144/2466 2510/4230/2504 2487/4178/2481
f 2511/4231/2505 674/4237/670 673/4232/669
f 2059/4217/2053 2517/4255/2511 1520/4169/1515
f 573/4161/569 676/4191/672 2479/4162/2473
f 2495/4193/2489 2491/4185/2485 2490/4184/2484
f 2491/4185/2485 2035/4259/2029 2501/4206/2495
f 2515/4248/2509 2459/4119/2453 2507/4219/2501
f 2517/4255/2511 2451/4105/2445 2450/4104/2444
f 2512/4238/2506 2511/4231/2505 772/4121/768
f 1468/4190/1463 2469/4134/2463 2485/4173/2479
f 1740/4170/1734 2450/4104/2444 2505/4211/2499
f 2441/4158/2435 2504/4210/2498 2354/4202/2348
f 2035/4259/2029 2495/4193/2489 1445/4268/1440
f 2436/4159/2430 2435/4147/2429 2473/4146/2467
f 2493/4187/2487 1519/4241/1514 2475/4149/2469
f 2473/4146/2467 2504/4210/2498 2441/4158/2435
f 2356/4179/2350 2487/4178/2481 2492/4186/2486
f 1525/4137/1520 435/4136/431 434/4269/430
f 1468/4190/1463 2495/4193/2489 2470/4135/2464
f 2430/4203/2424 2503/4209/2497 2413/4150/2407
f 627/4265/623 2511/4231/2505 564/4233/560
f 2489/4181/2483 2462/4125/2456 2410/4213/2404
f 1712/4225/1706 1738/4183/1732 1713/4249/1707
f 771/4270/767 1525/4137/1520 2511/4231/2505
f 1664/4117/1659 1642/4224/1637 2458/4118/2452
f 559/4243/555 2456/4113/2450 1472/4207/1467
f 2448/4101/2442 2444/4267/2438 2462/4125/2456
f 627/4265/623 771/4270/767 2511/4231/2505
f 2433/4111/2427 2489/4181/2483 2410/4213/2404
f 1826/4114/1820 2457/4116/2451 2486/4174/2480
f 2504/4210/2498 2474/4148/2468 2497/4199/2491
f 2517/4255/2511 2450/4104/2444 1520/4169/1515
f 2097/4123/2091 2461/4122/2455 2477/4156/2471
f 2508/4221/2502 1836/4154/1830 1665/4196/1660
f 2508/4221/2502 1837/4261/1831 1836/4154/1830
f 2487/4178/2481 2355/4142/2349 2453/4107/2447
f 2413/4150/2407 2422/4271/2416 2430/4203/2424
f 2511/4231/2505 1525/4137/1520 772/4121/768
f 2461/4122/2455 2100/4124/2094 2488/4180/2482
f 2475/4149/2469 1521/4257/1516 2413/4150/2407
f 2059/4217/2053 2465/4128/2459 2451/4105/2445
f 2460/4120/2454 2512/4238/2506 772/4121/768
f 2462/4125/2456 2444/4267/2438 2411/4212/2405
f 2492/4186/2486 2500/4205/2494 2464/4127/2458
f 2504/4210/2498 2503/4209/2497 2430/4203/2424
f 1525/4137/1520 434/4269/430 772/4121/768
f 2429/4252/2423 2428/4272/2422 2516/4253/2510
f 2516/4253/2510 2428/4272/2422 2392/4260/2386
f 726/4141/722 2484/4167/2478 525/4227/521
f 2452/4106/2446 2403/4214/2397 2448/4101/2442
f 2506/4215/2500 2496/4194/2490 1641/4223/1636
f 2485/4173/2479 2498/4200/2492 2486/4174/2480
f 2492/4186/2486 2510/4230/2504 2513/4244/2507
f 1664/4117/1659 2446/4097/2440 1665/4196/1660
f 2413/4150/2407 2503/4209/2497 2497/4199/2491
f 2481/4164/2475 2449/4103/2443 2451/4105/2445
