# Blender 5.1.0
# www.blender.org
mtllib Yuna.mtl
o 0009_object02
v 0.096766 0.145427 0.023076
v 0.098297 0.124614 0.010489
v 0.094347 0.146169 0.019955
v 0.106225 0.120645 0.021874
v 0.103763 0.146057 0.025461
v 0.126504 0.144280 -0.053148
v 0.143238 0.146360 -0.064492
v 0.130580 0.148704 -0.054508
v 0.138951 0.132759 -0.061877
v 0.127027 0.137580 -0.047242
v 0.084364 0.162765 0.006342
v 0.086797 0.163225 0.009376
v 0.092683 0.151318 0.003575
v 0.083091 0.170183 0.010261
v 0.080726 0.169537 0.006521
v 0.070988 0.187899 -0.030936
v 0.074326 0.188076 -0.037244
v 0.075827 0.177728 -0.033331
v 0.075385 0.193120 -0.036083
v 0.072122 0.197195 -0.028551
v 0.075827 0.177728 -0.033331
v 0.074326 0.188076 -0.037244
v 0.078213 0.177760 -0.038091
v 0.070988 0.187899 -0.030936
v 0.075385 0.193120 -0.036083
v 0.072122 0.197195 -0.028551
v 0.074326 0.188076 -0.037244
v 0.075827 0.177728 -0.033331
v 0.078213 0.177760 -0.038091
v 0.084951 0.170126 -0.038558
v 0.091206 0.148014 0.017110
v 0.090830 0.126865 0.003286
v 0.090181 0.149734 0.010994
v 0.097146 0.123927 0.013812
v 0.094347 0.146169 0.019955
v 0.131156 0.153594 -0.057393
v 0.156672 0.155564 -0.057728
v 0.135690 0.157864 -0.055237
v 0.151064 0.145297 -0.068670
v 0.129860 0.148573 -0.054568
v 0.068396 0.179770 -0.019260
v 0.069503 0.178547 -0.022999
v 0.067698 0.190032 -0.024242
v 0.075822 0.166154 -0.022455
v 0.067698 0.190032 -0.024242
v 0.068396 0.179770 -0.019260
v 0.068307 0.192317 -0.018560
v 0.069503 0.178547 -0.022999
v 0.071405 0.199709 -0.023616
v 0.068307 0.192317 -0.018560
v 0.067698 0.190032 -0.024242
v 0.068307 0.192317 -0.018560
v 0.068396 0.179770 -0.019260
v 0.067698 0.190032 -0.024242
v 0.069614 0.200677 -0.019800
v 0.068307 0.192317 -0.018560
v 0.071405 0.199709 -0.023616
v 0.089538 0.150931 0.001444
v 0.082897 0.163322 0.002675
v 0.084005 0.162315 0.005638
v 0.082897 0.163322 0.002675
v 0.080726 0.169537 0.006521
v 0.084005 0.162315 0.005638
v 0.082897 0.163322 0.002675
v 0.078284 0.173902 0.001477
v 0.080726 0.169537 0.006521
v 0.067698 0.190032 -0.024242
v 0.068307 0.192317 -0.018560
v 0.071405 0.199709 -0.023616
v 0.071405 0.199709 -0.023616
v 0.068307 0.192317 -0.018560
v 0.069614 0.200677 -0.019800
v 0.072468 0.177072 -0.029923
v 0.071430 0.177779 -0.025889
v 0.080656 0.162138 -0.028912
v 0.068354 0.189714 -0.024832
v 0.069614 0.188221 -0.030416
v 0.072121 0.197061 -0.028541
v 0.068354 0.189714 -0.024832
v 0.069614 0.188221 -0.030416
v 0.072468 0.177072 -0.029923
v 0.072121 0.197061 -0.028541
v 0.071405 0.199709 -0.023616
v 0.102919 0.153935 -0.044105
v 0.102170 0.136677 -0.039477
v 0.104228 0.153138 -0.041915
v 0.102919 0.153935 -0.044105
v 0.100595 0.154709 -0.043058
v 0.102170 0.136677 -0.039477
v 0.068354 0.189714 -0.024832
v 0.072121 0.197061 -0.028541
v 0.071405 0.199709 -0.023616
v 0.154873 0.157397 -0.067962
v 0.138229 0.156671 -0.056459
v 0.139236 0.162799 -0.057037
v 0.068354 0.189714 -0.024832
v 0.072468 0.177072 -0.029923
v 0.071430 0.177779 -0.025889
v 0.139236 0.162799 -0.057037
v 0.160342 0.169137 -0.055261
v 0.140233 0.166133 -0.053500
v 0.154873 0.157397 -0.067962
v 0.138229 0.156671 -0.056459
v 0.073107 0.183563 -0.038534
v 0.077510 0.185084 -0.044687
v 0.070783 0.192369 -0.037901
v 0.089190 0.162268 -0.048074
v 0.071152 0.198536 -0.030598
v 0.069444 0.192076 -0.032871
v 0.070783 0.192369 -0.037901
v 0.073107 0.183563 -0.038534
v 0.070783 0.192369 -0.037901
v 0.069444 0.192076 -0.032871
v 0.070541 0.202017 -0.021563
v 0.069444 0.192076 -0.032871
v 0.071152 0.198536 -0.030598
v 0.085303 0.151954 -0.018516
v 0.085173 0.154229 -0.016816
v 0.085962 0.151439 -0.018114
v 0.084523 0.154046 -0.017592
v 0.081192 0.152845 -0.021711
v 0.080835 0.155397 -0.021783
v 0.079023 0.154411 -0.024543
v 0.080057 0.157647 -0.024229
v 0.080143 0.157697 -0.025377
v 0.081231 0.163315 -0.023704
v 0.081521 0.163379 -0.024634
v 0.081564 0.168157 -0.023576
v 0.081854 0.168221 -0.024506
v 0.080619 0.171306 -0.024776
v 0.082181 0.168160 -0.025297
v 0.081220 0.171339 -0.026074
v 0.083497 0.169755 -0.027192
v 0.083095 0.173022 -0.030378
v 0.086326 0.172423 -0.030723
v 0.083853 0.174554 -0.033225
v 0.086847 0.173870 -0.032935
v 0.085766 0.175915 -0.036398
v 0.088276 0.174588 -0.035782
v 0.089200 0.176589 -0.039550
v 0.090250 0.174630 -0.038602
v 0.094990 0.177133 -0.042263
v 0.096408 0.173558 -0.041312
v 0.101035 0.176473 -0.043009
v 0.101024 0.171741 -0.041560
v 0.107356 0.173746 -0.042574
v 0.101043 0.170146 -0.041316
v 0.106795 0.168253 -0.042450
v 0.102379 0.164983 -0.041910
v 0.105891 0.163181 -0.042115
v 0.100629 0.159588 -0.040606
v 0.103951 0.153348 -0.039049
v 0.097099 0.157490 -0.038587
v 0.100104 0.150746 -0.036623
v 0.094589 0.155593 -0.035482
v 0.096776 0.149895 -0.034050
v 0.092643 0.148997 -0.030398
v 0.096968 0.143783 -0.029347
v 0.089936 0.145789 -0.026865
v 0.089930 0.145255 -0.026827
v 0.087591 0.146059 -0.025357
v 0.088005 0.145254 -0.025283
v 0.086322 0.145275 -0.023392
v 0.087193 0.144074 -0.023144
v 0.086481 0.145184 -0.020913
v 0.088086 0.143949 -0.021019
v 0.087315 0.144546 -0.018455
v 0.088281 0.143733 -0.018402
v 0.090973 0.142926 -0.012418
v 0.091449 0.142900 -0.012696
v 0.091576 0.142298 -0.011712
v 0.091005 0.141307 -0.023651
v 0.091338 0.142817 -0.023153
v 0.091030 0.142651 -0.021792
v 0.093306 0.142325 -0.025934
v 0.093598 0.140691 -0.026187
v 0.097300 0.143329 -0.028153
v 0.097440 0.142893 -0.028584
v 0.097862 0.143220 -0.029570
v 0.097840 0.142716 -0.029109
v 0.099365 0.143358 -0.031139
v 0.098790 0.142264 -0.029636
v 0.102748 0.143856 -0.033005
v 0.101124 0.140130 -0.029053
v 0.104244 0.137342 -0.028096
v 0.098604 0.137298 -0.025880
v 0.100438 0.133184 -0.024875
v 0.096979 0.132070 -0.022245
v 0.098472 0.130478 -0.021733
v 0.097466 0.130220 -0.019881
v 0.100862 0.129957 -0.021138
v 0.099174 0.129577 -0.019217
v 0.105798 0.131423 -0.016808
v 0.099209 0.129891 -0.016731
v 0.103617 0.132003 -0.012850
v 0.100542 0.131671 -0.012346
v 0.102338 0.135090 -0.007510
v 0.099969 0.135651 -0.007555
v 0.100139 0.140839 -0.000826
v 0.095791 0.141643 -0.003386
v 0.094893 0.145246 -0.000152
v 0.093174 0.142442 -0.005753
v 0.088298 0.149736 -0.004127
v 0.091699 0.142332 -0.009371
v 0.087349 0.149177 -0.008289
v 0.090973 0.142926 -0.012418
v 0.086705 0.148518 -0.013792
v 0.086902 0.145485 -0.018539
v 0.086024 0.149351 -0.019108
v 0.085868 0.146377 -0.021236
v 0.086352 0.149315 -0.023260
v 0.086494 0.145815 -0.023340
v 0.087467 0.146464 -0.025349
v 0.086322 0.145275 -0.023392
v 0.087591 0.146059 -0.025357
v 0.084411 0.162897 -0.027126
v 0.088427 0.166808 -0.028153
v 0.084139 0.167769 -0.026683
v 0.087813 0.161800 -0.028747
v 0.083704 0.157769 -0.027545
v 0.087543 0.157407 -0.028225
v 0.083013 0.155478 -0.027744
v 0.088462 0.154283 -0.028559
v 0.083243 0.153064 -0.027645
v 0.088701 0.152206 -0.027506
v 0.084793 0.151253 -0.026435
v 0.086411 0.150292 -0.024604
v 0.085939 0.150255 -0.023343
v 0.086352 0.149315 -0.023260
v 0.085557 0.150204 -0.022248
v 0.086024 0.149351 -0.019108
v 0.085962 0.151439 -0.018114
v 0.086705 0.148518 -0.013792
v 0.085007 0.154796 -0.014568
v 0.084728 0.154847 -0.008332
v 0.083739 0.159856 -0.007968
v 0.084547 0.156482 -0.004334
v 0.083873 0.160361 -0.004683
v 0.086027 0.158494 -0.000428
v 0.084734 0.161664 -0.001387
v 0.086488 0.163771 0.002012
v 0.085641 0.168942 0.000924
v 0.089359 0.166931 0.005291
v 0.089630 0.172361 0.006096
v 0.092812 0.174124 0.008681
v 0.085982 0.177759 0.003994
v 0.088434 0.179957 0.006902
v 0.083163 0.188211 0.001300
v 0.162524 0.088314 0.018385
v 0.159281 0.069377 0.017983
v 0.139364 0.064249 0.033128
v 0.165383 0.071940 -0.006932
v 0.162366 0.101818 -0.006710
v 0.168374 0.092191 -0.032995
v 0.159082 0.122821 -0.027068
v 0.163815 0.113019 -0.046670
v 0.157445 0.126141 -0.044589
v 0.164398 0.110439 -0.052540
v 0.160884 0.123336 -0.053100
v 0.167637 0.114661 -0.058678
v 0.149853 0.125141 -0.061468
v 0.158671 0.116958 -0.071043
v 0.141331 0.118024 -0.066456
v 0.145865 0.113143 -0.071926
v 0.137121 0.107932 -0.067325
v 0.150196 0.102621 -0.075548
v 0.136994 0.094303 -0.068167
v 0.150881 0.087303 -0.079170
v 0.152624 0.062689 -0.084839
v 0.163850 0.083753 -0.079786
v 0.166524 0.064650 -0.085269
v 0.171966 0.061717 -0.072947
v 0.095905 0.179808 -0.042296
v 0.088456 0.179020 -0.039499
v 0.089200 0.176589 -0.039550
v 0.099036 0.189319 -0.042190
v 0.103054 0.179132 -0.043084
v 0.106740 0.181336 -0.043617
v 0.111390 0.175464 -0.042335
v 0.125593 0.182901 -0.039453
v 0.118457 0.169975 -0.040948
v 0.126915 0.165279 -0.035825
v 0.119273 0.163499 -0.039341
v 0.127335 0.159380 -0.033723
v 0.122250 0.155252 -0.035866
v 0.122844 0.151393 -0.033395
v 0.113844 0.149904 -0.036813
v 0.115691 0.143172 -0.031152
v 0.111473 0.141810 -0.032061
v 0.109022 0.135701 -0.025884
v 0.107089 0.136291 -0.027317
v 0.104667 0.132149 -0.023663
v 0.101973 0.131868 -0.024254
v 0.100862 0.129957 -0.021138
v 0.098472 0.130478 -0.021733
v 0.097466 0.130220 -0.019881
v 0.099209 0.129891 -0.016731
v 0.099174 0.129577 -0.019217
v 0.096964 0.130378 -0.017785
v 0.095508 0.131979 -0.018169
v 0.096460 0.132805 -0.014027
v 0.094208 0.136992 -0.014076
v 0.097269 0.136667 -0.008793
v 0.094111 0.139446 -0.009879
v 0.093174 0.142442 -0.005753
v 0.092088 0.141550 -0.010830
v 0.091699 0.142332 -0.009371
v 0.091666 0.142152 -0.011868
v 0.091576 0.142298 -0.011712
v 0.091735 0.142099 -0.012584
v 0.092013 0.142461 -0.013110
v 0.090276 0.140457 -0.016941
v 0.090128 0.142056 -0.017148
v 0.089862 0.141288 -0.020376
v 0.090431 0.142751 -0.020503
v 0.091030 0.142651 -0.021792
v 0.085557 0.150204 -0.022248
v 0.085303 0.151954 -0.018516
v 0.085962 0.151439 -0.018114
v 0.083049 0.151201 -0.021862
v 0.085939 0.150255 -0.023343
v 0.082479 0.150533 -0.023748
v 0.082806 0.150472 -0.024539
v 0.079968 0.151727 -0.024354
v 0.080053 0.151644 -0.025493
v 0.079023 0.154411 -0.024543
v 0.079071 0.154319 -0.025810
v 0.080143 0.157697 -0.025377
v 0.079915 0.154509 -0.026770
v 0.080857 0.157758 -0.026290
v 0.083013 0.155478 -0.027744
v 0.083704 0.157769 -0.027545
v 0.154157 0.130812 -0.036252
v 0.144304 0.130901 -0.051423
v 0.144498 0.127709 -0.052799
v 0.140014 0.134787 -0.039239
v 0.139405 0.139795 -0.033249
v 0.126126 0.119581 -0.045456
v 0.122960 0.120381 -0.036747
v 0.110363 0.099004 -0.042637
v 0.109486 0.101692 -0.033469
v 0.097793 0.083885 -0.040010
v 0.096651 0.087248 -0.015978
v 0.091285 0.068724 -0.018446
v 0.087279 0.066129 0.002639
v 0.091100 0.054631 0.002172
v 0.089016 0.065919 0.014878
v 0.095486 0.053123 0.013586
v 0.098594 0.064591 0.025878
v 0.105412 0.054641 0.024987
v 0.104888 0.062433 0.030480
v 0.114995 0.069337 0.032780
v 0.106161 0.072089 0.030421
v 0.088334 0.168518 -0.028664
v 0.087768 0.168691 -0.028230
v 0.088427 0.166808 -0.028153
v 0.086326 0.172423 -0.030723
v 0.088629 0.171279 -0.031319
v 0.086847 0.173870 -0.032935
v 0.088541 0.172488 -0.033196
v 0.088276 0.174588 -0.035782
v 0.089268 0.172714 -0.035524
v 0.090250 0.174630 -0.038602
v 0.090653 0.172425 -0.037449
v 0.096408 0.173558 -0.041312
v 0.095054 0.171955 -0.039546
v 0.096953 0.170587 -0.039588
v 0.093829 0.168846 -0.038133
v 0.096318 0.168077 -0.039089
v 0.092939 0.166014 -0.036557
v 0.096241 0.161261 -0.038596
v 0.094111 0.160649 -0.036250
v 0.097099 0.157490 -0.038587
v 0.094589 0.155593 -0.035482
v 0.085478 0.170572 0.001139
v 0.089630 0.172361 0.006096
v 0.085641 0.168942 0.000924
v 0.084362 0.175254 0.002542
v 0.081968 0.172532 -0.002026
v 0.080427 0.176048 -0.001957
v 0.079062 0.173757 -0.007836
v 0.077593 0.175657 -0.007817
v 0.079322 0.173909 -0.011281
v 0.076957 0.175201 -0.012357
v 0.080201 0.173401 -0.014443
v 0.077642 0.174115 -0.016121
v 0.081204 0.172025 -0.016601
v 0.078882 0.172824 -0.018914
v 0.081317 0.169539 -0.021220
v 0.080313 0.171272 -0.023425
v 0.081564 0.168157 -0.023576
v 0.080619 0.171306 -0.024776
v 0.167929 0.083291 0.066826
v 0.143160 0.099431 0.042743
v 0.155093 0.074864 0.063472
v 0.158313 0.105539 0.040401
v 0.165713 0.090411 0.077620
v 0.157327 0.109339 0.064917
v 0.146889 0.105617 0.073130
v 0.153769 0.123442 0.056870
v 0.139732 0.121364 0.063085
v 0.133928 0.131719 0.053016
v 0.125777 0.120958 0.049709
v 0.123427 0.121540 0.042521
v 0.124409 0.112200 0.043578
v 0.113482 0.102794 0.034414
v 0.119377 0.095211 0.038247
v 0.107310 0.078486 0.031741
v 0.123455 0.079934 0.035727
v 0.114995 0.069337 0.032780
v 0.124510 0.067038 0.034069
v 0.107089 0.136291 -0.027317
v 0.104244 0.137342 -0.028096
v 0.100438 0.133184 -0.024875
v 0.106508 0.142612 -0.032901
v 0.111473 0.141810 -0.032061
v 0.107754 0.146555 -0.035777
v 0.113844 0.149904 -0.036813
v 0.103951 0.153348 -0.039049
v 0.110732 0.157621 -0.040212
v 0.105891 0.163181 -0.042115
v 0.111809 0.167028 -0.041876
v 0.106795 0.168253 -0.042450
v 0.111390 0.175464 -0.042335
v 0.107356 0.173746 -0.042574
v 0.103054 0.179132 -0.043084
v 0.101035 0.176473 -0.043009
v 0.094990 0.177133 -0.042263
v 0.075009 0.066798 -0.056925
v 0.082217 0.068110 -0.054369
v 0.075941 0.076048 -0.040344
v 0.086730 0.059991 -0.060030
v 0.078113 0.058687 -0.064552
v 0.087947 0.055659 -0.064005
v 0.078835 0.053241 -0.069145
v 0.091051 0.051319 -0.069653
v 0.086438 0.042968 -0.070664
v 0.099536 0.039769 -0.075680
v 0.085454 0.034254 -0.066836
v 0.097351 0.031478 -0.073629
v 0.091372 0.033948 -0.060852
v 0.099877 0.029871 -0.065722
v 0.104764 0.038291 -0.061857
v 0.107656 0.139011 -0.002622
v 0.116807 0.149247 0.006585
v 0.113125 0.140589 -0.002234
v 0.110567 0.146791 0.005084
v 0.104013 0.142158 0.001307
v 0.107860 0.150114 0.007887
v 0.098679 0.148786 0.004791
v 0.105615 0.154041 0.009814
v 0.094005 0.156423 0.005634
v 0.100983 0.162089 0.010755
v 0.093521 0.165752 0.008211
v 0.099133 0.168637 0.011825
v 0.092812 0.174124 0.008681
v 0.105489 0.181358 0.015942
v 0.088434 0.179957 0.006902
v 0.090059 0.139266 -0.020434
v 0.089862 0.141288 -0.020376
v 0.090276 0.140457 -0.016941
v 0.090184 0.141291 -0.022150
v 0.090417 0.139144 -0.022070
v 0.091203 0.139419 -0.023718
v 0.091294 0.138477 -0.021861
v 0.092245 0.138623 -0.023409
v 0.092213 0.138221 -0.021553
v 0.093569 0.138591 -0.023655
v 0.094626 0.137300 -0.022756
v 0.097239 0.138886 -0.026430
v 0.095585 0.135819 -0.022655
v 0.098604 0.137298 -0.025880
v 0.096979 0.132070 -0.022245
v 0.083973 0.168419 -0.017723
v 0.084539 0.166415 -0.017471
v 0.082196 0.167639 -0.021347
v 0.084158 0.168196 -0.017062
v 0.081204 0.172025 -0.016601
v 0.082562 0.170805 -0.014676
v 0.080201 0.173401 -0.014443
v 0.081332 0.171995 -0.013278
v 0.079322 0.173909 -0.011281
v 0.080222 0.172048 -0.010857
v 0.079062 0.173757 -0.007836
v 0.080173 0.171542 -0.008569
v 0.081968 0.172532 -0.002026
v 0.082122 0.170896 -0.004197
v 0.083677 0.169619 -0.003026
v 0.134138 0.169867 -0.030702
v 0.133579 0.180131 -0.033765
v 0.135782 0.184183 -0.040567
v 0.142146 0.164923 -0.016054
v 0.136209 0.158818 -0.025229
v 0.139630 0.142798 -0.025126
v 0.127603 0.138234 -0.023246
v 0.120997 0.119633 -0.023246
v 0.119771 0.135894 -0.019670
v 0.114579 0.113533 -0.011989
v 0.115063 0.133107 -0.012501
v 0.116221 0.134761 -0.002459
v 0.112944 0.136298 -0.009582
v 0.113125 0.140589 -0.002234
v 0.104097 0.090611 -0.014753
v 0.098546 0.086980 -0.015675
v 0.107279 0.098169 -0.028661
v 0.103543 0.095922 0.000996
v 0.109523 0.104949 -0.012574
v 0.115678 0.115901 0.009776
v 0.114579 0.113533 -0.011989
v 0.117496 0.117695 0.001423
v 0.116221 0.134761 -0.002459
v 0.121872 0.136395 0.004308
v 0.116807 0.149247 0.006585
v 0.124713 0.157289 0.011271
v 0.112655 0.153276 0.009623
v 0.110844 0.158134 0.011497
v 0.092652 0.223856 -0.017093
v 0.091042 0.219120 -0.032668
v 0.110274 0.223909 -0.026598
v 0.083886 0.221257 -0.019104
v 0.091213 0.222882 -0.008488
v 0.082411 0.219505 -0.011974
v 0.096773 0.219722 -0.004861
v 0.086066 0.214750 -0.006559
v 0.098238 0.220970 0.001480
v 0.084812 0.215410 -0.001340
v 0.101965 0.219870 0.009140
v 0.084988 0.213565 0.004753
v 0.088002 0.203908 0.014752
v 0.126490 0.224916 -0.004551
v 0.113716 0.224454 0.000064
v 0.105303 0.223628 -0.005251
v 0.118722 0.222205 0.005049
v 0.140250 0.215021 -0.001742
v 0.131372 0.213266 0.011615
v 0.153630 0.197176 0.002566
v 0.144371 0.195943 0.019357
v 0.164048 0.175256 0.005783
v 0.153422 0.174548 0.024059
v 0.169594 0.156223 0.007291
v 0.158856 0.155024 0.026193
v 0.173231 0.139454 0.008221
v 0.078164 0.189711 -0.025187
v 0.071405 0.199709 -0.023616
v 0.076738 0.191771 -0.017354
v 0.072121 0.197061 -0.028541
v 0.082133 0.192131 -0.031974
v 0.075385 0.193120 -0.036083
v 0.088651 0.191999 -0.038353
v 0.080687 0.185982 -0.041062
v 0.099036 0.189319 -0.042190
v 0.085181 0.178065 -0.043932
v 0.103906 0.169116 -0.047681
v 0.092576 0.166913 -0.044629
v 0.099201 0.163513 -0.047875
v 0.110363 0.099004 -0.042637
v 0.113779 0.093757 -0.053351
v 0.132646 0.118107 -0.055521
v 0.101035 0.084712 -0.044795
v 0.097793 0.083885 -0.040010
v 0.092271 0.069242 -0.035283
v 0.091285 0.068724 -0.018446
v 0.094705 0.056367 -0.019714
v 0.091100 0.054631 0.002172
v 0.100668 0.051846 0.004179
v 0.095486 0.053123 0.013586
v 0.106752 0.051271 0.021328
v 0.105412 0.054641 0.024987
v 0.136994 0.094303 -0.068167
v 0.142409 0.094700 -0.054388
v 0.144306 0.089428 -0.056399
v 0.128734 0.096837 -0.062283
v 0.137121 0.107932 -0.067325
v 0.125482 0.105072 -0.058540
v 0.141331 0.118024 -0.066456
v 0.132646 0.118107 -0.055521
v 0.149853 0.125141 -0.061468
v 0.144498 0.127709 -0.052799
v 0.157445 0.126141 -0.044589
v 0.154157 0.130812 -0.036252
v 0.159082 0.122821 -0.027068
v 0.065322 0.058610 -0.036030
v 0.075311 0.067491 -0.032432
v 0.076705 0.062814 -0.029999
v 0.064401 0.064362 -0.038396
v 0.063047 0.056450 -0.040252
v 0.062132 0.062736 -0.042656
v 0.062299 0.052223 -0.050516
v 0.061058 0.059034 -0.053142
v 0.095585 0.135819 -0.022655
v 0.095844 0.131817 -0.020356
v 0.096979 0.132070 -0.022245
v 0.094616 0.135570 -0.020674
v 0.094626 0.137300 -0.022756
v 0.093877 0.137034 -0.020979
v 0.092213 0.138221 -0.021553
v 0.093337 0.137182 -0.019012
v 0.091861 0.138413 -0.018944
v 0.092880 0.138589 -0.014497
v 0.091668 0.139443 -0.015880
v 0.092088 0.141550 -0.010830
v 0.091666 0.142152 -0.011868
v 0.078164 0.189711 -0.025187
v 0.079512 0.174386 -0.025084
v 0.081422 0.174443 -0.029566
v 0.078191 0.174196 -0.020486
v 0.076738 0.191771 -0.017354
v 0.076263 0.177343 -0.012581
v 0.077700 0.191212 -0.008222
v 0.077032 0.178195 -0.008108
v 0.083163 0.188211 0.001300
v 0.080977 0.178775 -0.001327
v 0.085982 0.177759 0.003994
v 0.080427 0.176048 -0.001957
v 0.084362 0.175254 0.002542
v 0.166170 0.123952 -0.004733
v 0.163310 0.123725 -0.023191
v 0.159082 0.122821 -0.027068
v 0.163874 0.128963 -0.004546
v 0.159429 0.120692 0.012300
v 0.158285 0.128928 0.010808
v 0.149026 0.126575 0.019560
v 0.134798 0.135823 0.013295
v 0.133618 0.131999 0.017823
v 0.118064 0.121369 0.020735
v 0.133206 0.133262 0.027792
v 0.120449 0.121101 0.030410
v 0.132656 0.131108 0.029501
v 0.078933 0.048897 -0.054881
v 0.091206 0.047246 -0.059062
v 0.088944 0.037303 -0.057574
v 0.082330 0.062617 -0.048566
v 0.074501 0.061829 -0.051396
v 0.077288 0.071489 -0.040004
v 0.072247 0.070772 -0.041416
v 0.075941 0.076048 -0.040344
v 0.070696 0.075317 -0.041975
v 0.158313 0.105539 0.040401
v 0.138578 0.099979 0.038450
v 0.143160 0.099431 0.042743
v 0.148694 0.091622 0.041520
v 0.155919 0.118142 0.047090
v 0.152862 0.112668 0.041506
v 0.150055 0.131374 0.047056
v 0.146815 0.131445 0.036385
v 0.131763 0.133827 0.039091
v 0.148300 0.127029 0.027578
v 0.132656 0.131108 0.029501
v 0.149026 0.126575 0.019560
v 0.168374 0.092191 -0.032995
v 0.167345 0.073757 -0.033521
v 0.165383 0.071940 -0.006932
v 0.151965 0.071343 -0.054457
v 0.159675 0.091429 -0.054183
v 0.148224 0.084080 -0.059137
v 0.158978 0.094860 -0.044000
v 0.142409 0.094700 -0.054388
v 0.159122 0.089554 -0.046755
v 0.144306 0.089428 -0.056399
v 0.164759 0.057835 -0.062731
v 0.149652 0.057155 -0.067074
v 0.169594 0.156223 0.007291
v 0.173548 0.156105 -0.014151
v 0.173231 0.139454 0.008221
v 0.167771 0.175587 -0.015062
v 0.164048 0.175256 0.005783
v 0.157356 0.196846 -0.016275
v 0.153630 0.197176 0.002566
v 0.142216 0.214097 -0.017928
v 0.140250 0.215021 -0.001742
v 0.129346 0.224503 -0.017254
v 0.126490 0.224916 -0.004551
v 0.127366 0.168109 0.033117
v 0.158856 0.155024 0.026193
v 0.132183 0.149975 0.033936
v 0.153422 0.174548 0.024059
v 0.119990 0.187885 0.028596
v 0.144371 0.195943 0.019357
v 0.109725 0.210357 0.018158
v 0.131372 0.213266 0.011615
v 0.101965 0.219870 0.009140
v 0.118722 0.222205 0.005049
v 0.113716 0.224454 0.000064
v 0.082196 0.167639 -0.021347
v 0.081564 0.168157 -0.023576
v 0.081317 0.169539 -0.021220
v 0.081231 0.163315 -0.023704
v 0.082140 0.162695 -0.020989
v 0.080057 0.157647 -0.024229
v 0.081470 0.157575 -0.021280
v 0.080835 0.155397 -0.021783
v 0.083819 0.157216 -0.018445
v 0.084523 0.154046 -0.017592
v 0.085173 0.154229 -0.016816
v 0.090184 0.141291 -0.022150
v 0.091030 0.142651 -0.021792
v 0.089862 0.141288 -0.020376
v 0.091005 0.141307 -0.023651
v 0.091203 0.139419 -0.023718
v 0.093598 0.140691 -0.026187
v 0.094546 0.139641 -0.025693
v 0.097440 0.142893 -0.028584
v 0.095411 0.139871 -0.026102
v 0.097840 0.142716 -0.029109
v 0.098790 0.142264 -0.029636
v 0.122844 0.151393 -0.033395
v 0.127586 0.154576 -0.031365
v 0.127335 0.159380 -0.033723
v 0.123264 0.147898 -0.029639
v 0.115691 0.143172 -0.031152
v 0.116101 0.139778 -0.026000
v 0.109022 0.135701 -0.025884
v 0.115832 0.136503 -0.017439
v 0.106612 0.132164 -0.021295
v 0.105798 0.131423 -0.016808
v 0.100862 0.129957 -0.021138
v 0.076855 0.043596 -0.067200
v 0.086438 0.042968 -0.070664
v 0.078835 0.053241 -0.069145
v 0.085454 0.034254 -0.066836
v 0.079703 0.034889 -0.062676
v 0.091372 0.033948 -0.060852
v 0.088944 0.037303 -0.057574
v 0.096276 0.041898 -0.059759
v 0.091206 0.047246 -0.059062
v 0.095969 0.050253 -0.063184
v 0.087947 0.055659 -0.064005
v 0.130810 0.209091 -0.036911
v 0.142216 0.214097 -0.017928
v 0.118989 0.219478 -0.032624
v 0.157356 0.196846 -0.016275
v 0.144442 0.190622 -0.039350
v 0.167771 0.175587 -0.015062
v 0.153902 0.170208 -0.039594
v 0.173548 0.156105 -0.014151
v 0.158717 0.151941 -0.038765
v 0.176931 0.139148 -0.012153
v 0.160182 0.134150 -0.035588
v 0.076059 0.208278 -0.004720
v 0.067246 0.199705 -0.005745
v 0.075451 0.207958 -0.011097
v 0.069316 0.191830 0.002728
v 0.078233 0.201236 0.007863
v 0.074200 0.182088 0.008127
v 0.084895 0.182875 0.016974
v 0.083886 0.171260 0.008555
v 0.090278 0.165008 0.019708
v 0.091206 0.148014 0.017110
v 0.094347 0.146169 0.019955
v 0.107032 0.169515 -0.052822
v 0.115093 0.151985 -0.052436
v 0.119351 0.155918 -0.053115
v 0.102780 0.166581 -0.053193
v 0.093980 0.183852 -0.049847
v 0.083694 0.178716 -0.048159
v 0.083671 0.194714 -0.046177
v 0.077510 0.185084 -0.044687
v 0.070783 0.192369 -0.037901
v 0.080687 0.185982 -0.041062
v 0.075385 0.193120 -0.036083
v 0.084988 0.213565 0.004753
v 0.076059 0.208278 -0.004720
v 0.084812 0.215410 -0.001340
v 0.078233 0.201236 0.007863
v 0.088002 0.203908 0.014752
v 0.084895 0.182875 0.016974
v 0.097833 0.177637 0.024600
v 0.090278 0.165008 0.019708
v 0.101846 0.158088 0.026172
v 0.096766 0.145427 0.023076
v 0.103763 0.146057 0.025461
v 0.153769 0.123442 0.056870
v 0.155919 0.118142 0.047090
v 0.157327 0.109339 0.064917
v 0.150055 0.131374 0.047056
v 0.133928 0.131719 0.053016
v 0.131763 0.133827 0.039091
v 0.123427 0.121540 0.042521
v 0.120449 0.121101 0.030410
v 0.113482 0.102794 0.034414
v 0.102474 0.090539 0.026729
v 0.102471 0.079373 0.026521
v 0.120895 0.116117 -0.034728
v 0.114579 0.113533 -0.011989
v 0.109523 0.104949 -0.012574
v 0.120997 0.119633 -0.023246
v 0.140194 0.137577 -0.032207
v 0.139630 0.142798 -0.025126
v 0.144901 0.145552 -0.015945
v 0.142146 0.164923 -0.016054
v 0.145978 0.145725 -0.004098
v 0.141190 0.164102 -0.003403
v 0.135096 0.163874 0.007354
v 0.107269 0.085979 -0.052307
v 0.113779 0.093757 -0.053351
v 0.101035 0.084712 -0.044795
v 0.113409 0.085135 -0.055587
v 0.110503 0.071333 -0.059241
v 0.118497 0.069944 -0.062327
v 0.120668 0.062445 -0.059787
v 0.128561 0.076438 -0.060126
v 0.141558 0.062098 -0.059446
v 0.139815 0.074802 -0.058692
v 0.151965 0.071343 -0.054457
v 0.130738 0.114235 0.055996
v 0.125777 0.120958 0.049709
v 0.139732 0.121364 0.063085
v 0.124409 0.112200 0.043578
v 0.128860 0.100623 0.047690
v 0.119377 0.095211 0.038247
v 0.138578 0.099979 0.038450
v 0.123455 0.079934 0.035727
v 0.137292 0.076855 0.038043
v 0.124510 0.067038 0.034069
v 0.139364 0.064249 0.033128
v 0.089018 0.167407 -0.029067
v 0.088334 0.168518 -0.028664
v 0.088427 0.166808 -0.028153
v 0.090347 0.168239 -0.030353
v 0.090594 0.166392 -0.031698
v 0.090930 0.167598 -0.033559
v 0.092939 0.166014 -0.036557
v 0.092170 0.167674 -0.036026
v 0.093829 0.168846 -0.038133
v 0.090653 0.172425 -0.037449
v 0.095054 0.171955 -0.039546
v 0.102338 0.135090 -0.007510
v 0.107656 0.139011 -0.002622
v 0.112944 0.136298 -0.009582
v 0.104013 0.142158 0.001307
v 0.100139 0.140839 -0.000826
v 0.098679 0.148786 0.004791
v 0.094893 0.145246 -0.000152
v 0.089640 0.152318 0.000199
v 0.088298 0.149736 -0.004127
v 0.084547 0.156482 -0.004334
v 0.084728 0.154847 -0.008332
v 0.163310 0.123725 -0.023191
v 0.154157 0.130812 -0.036252
v 0.159082 0.122821 -0.027068
v 0.161792 0.131319 -0.020611
v 0.163874 0.128963 -0.004546
v 0.155830 0.127665 -0.005178
v 0.158285 0.128928 0.010808
v 0.145769 0.128948 0.010975
v 0.134798 0.135823 0.013295
v 0.134672 0.133666 0.015020
v 0.094118 0.166291 -0.047417
v 0.092576 0.166913 -0.044629
v 0.100595 0.154709 -0.043058
v 0.083694 0.178716 -0.048159
v 0.099201 0.163513 -0.047875
v 0.102780 0.166581 -0.053193
v 0.111087 0.150485 -0.047800
v 0.115093 0.151985 -0.052436
v 0.127027 0.137580 -0.047242
v 0.126504 0.144280 -0.053148
v 0.164398 0.110439 -0.052540
v 0.158978 0.094860 -0.044000
v 0.159675 0.091429 -0.054183
v 0.166525 0.104583 -0.055138
v 0.167637 0.114661 -0.058678
v 0.170916 0.104927 -0.064565
v 0.158671 0.116958 -0.071043
v 0.162541 0.103563 -0.075451
v 0.145865 0.113143 -0.071926
v 0.150196 0.102621 -0.075548
v 0.070079 0.040428 -0.035889
v 0.068499 0.056558 -0.039758
v 0.071388 0.037476 -0.043066
v 0.070561 0.057331 -0.038036
v 0.070327 0.041557 -0.033241
v 0.077398 0.054008 -0.029035
v 0.073497 0.043619 -0.030254
v 0.077934 0.056409 -0.023620
v 0.074085 0.045998 -0.025133
v 0.067237 0.189181 -0.015651
v 0.076738 0.191771 -0.017354
v 0.069614 0.200677 -0.019800
v 0.077700 0.191212 -0.008222
v 0.070980 0.180590 -0.005660
v 0.083163 0.188211 0.001300
v 0.078284 0.173902 0.001477
v 0.080726 0.169537 0.006521
v 0.070980 0.180590 -0.005660
v 0.148694 0.091622 0.041520
v 0.137292 0.076855 0.038043
v 0.138578 0.099979 0.038450
v 0.149362 0.084697 0.036905
v 0.152862 0.112668 0.041506
v 0.154027 0.109884 0.034780
v 0.148300 0.127029 0.027578
v 0.155040 0.117532 0.014364
v 0.149026 0.126575 0.019560
v 0.091078 0.143951 -0.026094
v 0.092317 0.144002 -0.025200
v 0.097155 0.143694 -0.028696
v 0.090225 0.143863 -0.023738
v 0.089268 0.144111 -0.024175
v 0.089360 0.143303 -0.022327
v 0.088440 0.143426 -0.022625
v 0.088086 0.143949 -0.021019
v 0.087193 0.144074 -0.023144
v 0.082297 0.167931 -0.006143
v 0.082122 0.170896 -0.004197
v 0.083677 0.169619 -0.003026
v 0.080173 0.171542 -0.008569
v 0.082272 0.167052 -0.009014
v 0.080222 0.172048 -0.010857
v 0.083012 0.166981 -0.011745
v 0.081332 0.171995 -0.013278
v 0.082562 0.170805 -0.014676
v 0.095844 0.131817 -0.020356
v 0.097466 0.130220 -0.019881
v 0.096979 0.132070 -0.022245
v 0.095508 0.131979 -0.018169
v 0.094076 0.135718 -0.018707
v 0.094208 0.136992 -0.014076
v 0.092880 0.138589 -0.014497
v 0.094111 0.139446 -0.009879
v 0.092088 0.141550 -0.010830
v 0.096953 0.170587 -0.039588
v 0.101024 0.171741 -0.041560
v 0.096408 0.173558 -0.041312
v 0.101043 0.170146 -0.041316
v 0.096318 0.168077 -0.039089
v 0.098954 0.162707 -0.040470
v 0.096241 0.161261 -0.038596
v 0.100629 0.159588 -0.040606
v 0.097099 0.157490 -0.038587
v 0.073675 0.065373 -0.037824
v 0.075067 0.060562 -0.035381
v 0.076705 0.062814 -0.029999
v 0.068588 0.057779 -0.039588
v 0.067738 0.063147 -0.041668
v 0.067848 0.056706 -0.041536
v 0.066965 0.062466 -0.043774
v 0.068823 0.053744 -0.048894
v 0.067488 0.060301 -0.051335
v 0.093980 0.183852 -0.049847
v 0.091088 0.203105 -0.044171
v 0.083671 0.194714 -0.046177
v 0.102118 0.191470 -0.049119
v 0.111568 0.172443 -0.054353
v 0.114913 0.175337 -0.054694
v 0.122644 0.159788 -0.058545
v 0.126644 0.163240 -0.054777
v 0.135690 0.157864 -0.055237
v 0.117791 0.168586 0.014059
v 0.109006 0.163920 0.013176
v 0.112542 0.164231 0.016177
v 0.124713 0.157289 0.011271
v 0.135096 0.163874 0.007354
v 0.133037 0.140285 0.011544
v 0.140854 0.144048 0.005356
v 0.134672 0.133666 0.015020
v 0.145524 0.129586 0.008624
v 0.092239 0.081892 0.004016
v 0.096651 0.087248 -0.015978
v 0.098546 0.086980 -0.015675
v 0.090954 0.081031 0.003053
v 0.095449 0.079256 0.018231
v 0.094018 0.078296 0.017737
v 0.098854 0.076213 0.025000
v 0.098594 0.064591 0.025878
v 0.104888 0.062433 0.030480
v 0.082605 0.165230 -0.008146
v 0.082272 0.167052 -0.009014
v 0.082297 0.167931 -0.006143
v 0.083012 0.166981 -0.011745
v 0.083911 0.165915 -0.013334
v 0.084478 0.167708 -0.014464
v 0.084332 0.167037 -0.016334
v 0.084158 0.168196 -0.017062
v 0.084539 0.166415 -0.017471
v 0.083873 0.160361 -0.004683
v 0.083476 0.167005 -0.003906
v 0.084734 0.161664 -0.001387
v 0.082605 0.165230 -0.008146
v 0.083739 0.159856 -0.007968
v 0.084223 0.160747 -0.016008
v 0.085007 0.154796 -0.014568
v 0.085173 0.154229 -0.016816
v 0.085962 0.151439 -0.018114
v 0.088821 0.149569 -0.026799
v 0.086352 0.149315 -0.023260
v 0.087467 0.146464 -0.025349
v 0.086411 0.150292 -0.024604
v 0.089376 0.151660 -0.027526
v 0.088701 0.152206 -0.027506
v 0.089533 0.154659 -0.028758
v 0.088462 0.154283 -0.028559
v 0.087543 0.157407 -0.028225
v 0.104393 0.142099 0.024709
v 0.132183 0.149975 0.033936
v 0.135446 0.132349 0.032237
v 0.127366 0.168109 0.033117
v 0.101507 0.157544 0.026029
v 0.119990 0.187885 0.028596
v 0.097833 0.177637 0.024600
v 0.088002 0.203908 0.014752
v 0.120668 0.062445 -0.059787
v 0.122536 0.058976 -0.057296
v 0.141558 0.062098 -0.059446
v 0.107578 0.059317 -0.053077
v 0.110503 0.071333 -0.059241
v 0.098231 0.071260 -0.051022
v 0.107269 0.085979 -0.052307
v 0.101035 0.084712 -0.044795
v 0.166525 0.104583 -0.055138
v 0.159122 0.089554 -0.046755
v 0.158978 0.094860 -0.044000
v 0.171253 0.088263 -0.068272
v 0.170916 0.104927 -0.064565
v 0.163850 0.083753 -0.079786
v 0.162541 0.103563 -0.075451
v 0.150196 0.102621 -0.075548
v 0.080053 0.151644 -0.025493
v 0.079915 0.154509 -0.026770
v 0.079071 0.154319 -0.025810
v 0.080769 0.151838 -0.026416
v 0.082806 0.150472 -0.024539
v 0.083007 0.150683 -0.025313
v 0.085939 0.150255 -0.023343
v 0.084793 0.151253 -0.026435
v 0.091668 0.139443 -0.015880
v 0.091735 0.142099 -0.012584
v 0.091666 0.142152 -0.011868
v 0.091404 0.139248 -0.016768
v 0.091861 0.138413 -0.018944
v 0.091010 0.138484 -0.019959
v 0.092213 0.138221 -0.021553
v 0.091294 0.138477 -0.021861
v 0.085868 0.146377 -0.021236
v 0.086322 0.145275 -0.023392
v 0.086494 0.145815 -0.023340
v 0.086029 0.145981 -0.021116
v 0.086902 0.145485 -0.018539
v 0.086896 0.144951 -0.018500
v 0.090973 0.142926 -0.012418
v 0.087315 0.144546 -0.018455
v 0.096968 0.143783 -0.029347
v 0.097155 0.143694 -0.028696
v 0.097862 0.143220 -0.029570
v 0.091078 0.143951 -0.026094
v 0.090219 0.144721 -0.026734
v 0.089268 0.144111 -0.024175
v 0.088005 0.145254 -0.025283
v 0.087193 0.144074 -0.023144
v 0.082217 0.068110 -0.054369
v 0.077288 0.071489 -0.040004
v 0.075941 0.076048 -0.040344
v 0.082330 0.062617 -0.048566
v 0.086730 0.059991 -0.060030
v 0.091206 0.047246 -0.059062
v 0.087947 0.055659 -0.064005
v 0.112173 0.199923 -0.049569
v 0.119775 0.178642 -0.054667
v 0.124706 0.181539 -0.050994
v 0.102118 0.191470 -0.049119
v 0.100197 0.212277 -0.044114
v 0.091088 0.203105 -0.044171
v 0.080571 0.212733 -0.035317
v 0.070541 0.202017 -0.021563
v 0.067384 0.205368 -0.020310
v 0.069614 0.200677 -0.019800
v 0.066538 0.198655 -0.029674
v 0.071152 0.198536 -0.030598
v 0.070783 0.192369 -0.037901
v 0.075385 0.193120 -0.036083
v 0.111087 0.150485 -0.047800
v 0.120174 0.158580 -0.049621
v 0.119351 0.155918 -0.053115
v 0.120539 0.184232 -0.047859
v 0.103906 0.169116 -0.047681
v 0.106740 0.181336 -0.043617
v 0.099036 0.189319 -0.042190
v 0.121401 0.159491 0.020765
v 0.135096 0.163874 0.007354
v 0.115199 0.178735 0.016497
v 0.148770 0.151633 0.013009
v 0.139957 0.149532 0.029030
v 0.163037 0.138044 0.026139
v 0.135446 0.132349 0.032237
v 0.162366 0.101818 -0.006710
v 0.160582 0.114246 -0.006065
v 0.159082 0.122821 -0.027068
v 0.155040 0.117532 0.014364
v 0.162524 0.088314 0.018385
v 0.154027 0.109884 0.034780
v 0.149362 0.084697 0.036905
v 0.107578 0.059317 -0.053077
v 0.110870 0.056686 -0.044344
v 0.122536 0.058976 -0.057296
v 0.097926 0.058248 -0.041499
v 0.098231 0.071260 -0.051022
v 0.093429 0.069694 -0.039992
v 0.101035 0.084712 -0.044795
v 0.115063 0.133107 -0.012501
v 0.112850 0.135033 -0.014085
v 0.112944 0.136298 -0.009582
v 0.115832 0.136503 -0.017439
v 0.119771 0.135894 -0.019670
v 0.119785 0.141358 -0.022151
v 0.126647 0.150774 -0.026490
v 0.088651 0.191999 -0.038353
v 0.088456 0.179020 -0.039499
v 0.099036 0.189319 -0.042190
v 0.085072 0.178057 -0.036622
v 0.082133 0.192131 -0.031974
v 0.081422 0.174443 -0.029566
v 0.078164 0.189711 -0.025187
v 0.093521 0.165752 0.008211
v 0.089359 0.166931 0.005291
v 0.092812 0.174124 0.008681
v 0.088890 0.161889 0.004237
v 0.094005 0.156423 0.005634
v 0.089640 0.152318 0.000199
v 0.098679 0.148786 0.004791
v 0.084539 0.166415 -0.017471
v 0.082140 0.162695 -0.020989
v 0.082196 0.167639 -0.021347
v 0.083781 0.161443 -0.017605
v 0.084223 0.160747 -0.016008
v 0.083819 0.157216 -0.018445
v 0.085173 0.154229 -0.016816
v 0.084411 0.162897 -0.027126
v 0.080857 0.157758 -0.026290
v 0.083704 0.157769 -0.027545
v 0.081811 0.163442 -0.025563
v 0.084139 0.167769 -0.026683
v 0.082181 0.168160 -0.025297
v 0.083497 0.169755 -0.027192
v 0.111809 0.167028 -0.041876
v 0.118457 0.169975 -0.040948
v 0.111390 0.175464 -0.042335
v 0.119273 0.163499 -0.039341
v 0.110732 0.157621 -0.040212
v 0.122250 0.155252 -0.035866
v 0.113844 0.149904 -0.036813
v 0.089936 0.145789 -0.026865
v 0.087467 0.146464 -0.025349
v 0.087591 0.146059 -0.025357
v 0.088821 0.149569 -0.026799
v 0.092643 0.148997 -0.030398
v 0.089376 0.151660 -0.027526
v 0.090838 0.155318 -0.030586
v 0.078113 0.058687 -0.064552
v 0.061058 0.059034 -0.053142
v 0.078835 0.053241 -0.069145
v 0.074501 0.061829 -0.051396
v 0.075009 0.066798 -0.056925
v 0.072247 0.070772 -0.041416
v 0.070696 0.075317 -0.041975
v 0.063897 0.056246 -0.039227
v 0.065128 0.040137 -0.035118
v 0.062299 0.052223 -0.050516
v 0.066503 0.042327 -0.030634
v 0.066388 0.058122 -0.035189
v 0.077934 0.056409 -0.023620
v 0.076882 0.062361 -0.026941
v 0.066965 0.062466 -0.043774
v 0.062132 0.062736 -0.042656
v 0.061058 0.059034 -0.053142
v 0.064401 0.064362 -0.038396
v 0.067738 0.063147 -0.041668
v 0.075311 0.067491 -0.032432
v 0.073675 0.065373 -0.037824
v 0.064915 0.035799 -0.044972
v 0.079703 0.034889 -0.062676
v 0.076855 0.043596 -0.067200
v 0.071388 0.037476 -0.043066
v 0.107044 0.227674 -0.012198
v 0.110274 0.223909 -0.026598
v 0.129346 0.224503 -0.017254
v 0.092652 0.223856 -0.017093
v 0.105303 0.223628 -0.005251
v 0.091213 0.222882 -0.008488
v 0.096773 0.219722 -0.004861
v 0.083886 0.221257 -0.019104
v 0.080571 0.212733 -0.035317
v 0.091042 0.219120 -0.032668
v 0.071375 0.216432 -0.024621
v 0.082411 0.219505 -0.011974
v 0.073326 0.215232 -0.014895
v 0.075451 0.207958 -0.011097
v 0.144442 0.190622 -0.039350
v 0.124706 0.181539 -0.050994
v 0.129856 0.159644 -0.051972
v 0.112173 0.199923 -0.049569
v 0.130810 0.209091 -0.036911
v 0.100197 0.212277 -0.044114
v 0.118989 0.219478 -0.032624
v 0.122644 0.159788 -0.058545
v 0.129989 0.148569 -0.054605
v 0.131156 0.153594 -0.057393
v 0.119351 0.155918 -0.053115
v 0.111568 0.172443 -0.054353
v 0.107032 0.169515 -0.052822
v 0.093980 0.183852 -0.049847
v 0.069316 0.191830 0.002728
v 0.067237 0.189181 -0.015651
v 0.067246 0.199705 -0.005745
v 0.070980 0.180590 -0.005660
v 0.074200 0.182088 0.008127
v 0.080726 0.169537 0.006521
v 0.083091 0.170183 0.010261
v 0.128734 0.096837 -0.062283
v 0.134099 0.086899 -0.059531
v 0.142409 0.094700 -0.054388
v 0.117624 0.085218 -0.059346
v 0.125482 0.105072 -0.058540
v 0.113409 0.085135 -0.055587
v 0.113779 0.093757 -0.053351
v 0.097526 0.160860 0.021089
v 0.094347 0.146169 0.019955
v 0.096766 0.145427 0.023076
v 0.096092 0.182360 0.019046
v 0.110754 0.184041 0.024150
v 0.105489 0.181358 0.015942
v 0.115199 0.178735 0.016497
v 0.089258 0.160953 0.009931
v 0.090180 0.149600 0.011004
v 0.091206 0.148014 0.017110
v 0.083886 0.171260 0.008555
v 0.088434 0.179957 0.006902
v 0.074200 0.182088 0.008127
v 0.083163 0.188211 0.001300
v 0.068823 0.053744 -0.048894
v 0.074501 0.061829 -0.051396
v 0.078933 0.048897 -0.054881
v 0.067488 0.060301 -0.051335
v 0.101694 0.096701 0.015198
v 0.118064 0.121369 0.020735
v 0.120449 0.121101 0.030410
v 0.117688 0.120161 0.011412
v 0.103926 0.099521 0.006233
v 0.103543 0.095922 0.000996
v 0.098546 0.086980 -0.015675
v 0.095449 0.079256 0.018231
v 0.102474 0.090539 0.026729
v 0.102471 0.079373 0.026521
v 0.101694 0.096701 0.015198
v 0.092239 0.081892 0.004016
v 0.103926 0.099521 0.006233
v 0.098546 0.086980 -0.015675
v 0.128561 0.076438 -0.060126
v 0.117624 0.085218 -0.059346
v 0.118615 0.078976 -0.060046
v 0.134099 0.086899 -0.059531
v 0.139815 0.074802 -0.058692
v 0.148224 0.084080 -0.059137
v 0.151965 0.071343 -0.054457
v 0.110844 0.158134 0.011497
v 0.105615 0.154041 0.009814
v 0.100983 0.162089 0.010755
v 0.107860 0.150114 0.007887
v 0.112655 0.153276 0.009623
v 0.110567 0.146791 0.005084
v 0.116807 0.149247 0.006585
v 0.096460 0.132805 -0.014027
v 0.098085 0.131476 -0.013572
v 0.096964 0.130378 -0.017785
v 0.099969 0.135651 -0.007555
v 0.097269 0.136667 -0.008793
v 0.095791 0.141643 -0.003386
v 0.093174 0.142442 -0.005753
v 0.081422 0.174443 -0.029566
v 0.083095 0.173022 -0.030378
v 0.083853 0.174554 -0.033225
v 0.081220 0.171339 -0.026074
v 0.079512 0.174386 -0.025084
v 0.080619 0.171306 -0.024776
v 0.080313 0.171272 -0.023425
v 0.136209 0.158818 -0.025229
v 0.127335 0.159380 -0.033723
v 0.127586 0.154576 -0.031365
v 0.126915 0.165279 -0.035825
v 0.134138 0.169867 -0.030702
v 0.131539 0.165631 -0.035805
v 0.137197 0.173345 -0.037855
v 0.093569 0.138591 -0.023655
v 0.094546 0.139641 -0.025693
v 0.092245 0.138623 -0.023409
v 0.095411 0.139871 -0.026102
v 0.097239 0.138886 -0.026430
v 0.098790 0.142264 -0.029636
v 0.101124 0.140130 -0.029053
v 0.070079 0.040428 -0.035889
v 0.064915 0.035799 -0.044972
v 0.065128 0.040137 -0.035118
v 0.071388 0.037476 -0.043066
v 0.089289 0.161034 -0.029827
v 0.092939 0.166014 -0.036557
v 0.090594 0.166392 -0.031698
v 0.094111 0.160649 -0.036250
v 0.090838 0.155318 -0.030586
v 0.094589 0.155593 -0.035482
v 0.092643 0.148997 -0.030398
v 0.099365 0.143358 -0.031139
v 0.096776 0.149895 -0.034050
v 0.096968 0.143783 -0.029347
v 0.100104 0.150746 -0.036623
v 0.102748 0.143856 -0.033005
v 0.107754 0.146555 -0.035777
v 0.106508 0.142612 -0.032901
v 0.126644 0.163240 -0.054777
v 0.119775 0.178642 -0.054667
v 0.114913 0.175337 -0.054694
v 0.128731 0.169044 -0.055929
v 0.138229 0.156671 -0.056459
v 0.139236 0.162799 -0.057037
v 0.149999 0.131736 -0.020404
v 0.144901 0.145552 -0.015945
v 0.140194 0.137577 -0.032207
v 0.145978 0.145725 -0.004098
v 0.155830 0.127665 -0.005178
v 0.145524 0.129586 0.008624
v 0.173231 0.139454 0.008221
v 0.148770 0.151633 0.013009
v 0.163037 0.138044 0.026139
v 0.155010 0.151959 0.001782
v 0.157358 0.152231 -0.010819
v 0.142146 0.164923 -0.016054
v 0.161792 0.131319 -0.020611
v 0.139405 0.139795 -0.033249
v 0.154157 0.130812 -0.036252
v 0.148756 0.133606 -0.026326
v 0.155830 0.127665 -0.005178
v 0.149999 0.131736 -0.020404
v 0.117496 0.117695 0.001423
v 0.134672 0.133666 0.015020
v 0.115678 0.115901 0.009776
v 0.133037 0.140285 0.011544
v 0.121872 0.136395 0.004308
v 0.124713 0.157289 0.011271
v 0.090954 0.081031 0.003053
v 0.087279 0.066129 0.002639
v 0.096651 0.087248 -0.015978
v 0.089016 0.065919 0.014878
v 0.094018 0.078296 0.017737
v 0.098594 0.064591 0.025878
v 0.066503 0.042327 -0.030634
v 0.074085 0.045998 -0.025133
v 0.073497 0.043619 -0.030254
v 0.077934 0.056409 -0.023620
v 0.077593 0.175657 -0.007817
v 0.080977 0.178775 -0.001327
v 0.080427 0.176048 -0.001957
v 0.077032 0.178195 -0.008108
v 0.076957 0.175201 -0.012357
v 0.076263 0.177343 -0.012581
v 0.088890 0.161889 0.004237
v 0.086488 0.163771 0.002012
v 0.089359 0.166931 0.005291
v 0.086027 0.158494 -0.000428
v 0.089640 0.152318 0.000199
v 0.084547 0.156482 -0.004334
v 0.091404 0.139248 -0.016768
v 0.090276 0.140457 -0.016941
v 0.091735 0.142099 -0.012584
v 0.090059 0.139266 -0.020434
v 0.091010 0.138484 -0.019959
v 0.091294 0.138477 -0.021861
v 0.077642 0.174115 -0.016121
v 0.076263 0.177343 -0.012581
v 0.076957 0.175201 -0.012357
v 0.078191 0.174196 -0.020486
v 0.078882 0.172824 -0.018914
v 0.080313 0.171272 -0.023425
v 0.105798 0.131423 -0.016808
v 0.112850 0.135033 -0.014085
v 0.115832 0.136503 -0.017439
v 0.112944 0.136298 -0.009582
v 0.103617 0.132003 -0.012850
v 0.102338 0.135090 -0.007510
v 0.089268 0.172714 -0.035524
v 0.092170 0.167674 -0.036026
v 0.090653 0.172425 -0.037449
v 0.090930 0.167598 -0.033559
v 0.088541 0.172488 -0.033196
v 0.088629 0.171279 -0.031319
v 0.081811 0.163442 -0.025563
v 0.080143 0.157697 -0.025377
v 0.080857 0.157758 -0.026290
v 0.081521 0.163379 -0.024634
v 0.082181 0.168160 -0.025297
v 0.081854 0.168221 -0.024506
v 0.071375 0.216432 -0.024621
v 0.067761 0.207804 -0.027445
v 0.072677 0.205734 -0.036719
v 0.067384 0.205368 -0.020310
v 0.073326 0.215232 -0.014895
v 0.075451 0.207958 -0.011097
v 0.156422 0.058326 0.017064
v 0.159281 0.069377 0.017983
v 0.165383 0.071940 -0.006932
v 0.139364 0.064249 0.033128
v 0.137371 0.054794 0.032125
v 0.121268 0.052827 0.030262
v 0.165383 0.071940 -0.006932
v 0.165240 0.061209 -0.006709
v 0.156422 0.058326 0.017064
v 0.167211 0.063364 -0.032344
v 0.167345 0.073757 -0.033521
v 0.151965 0.071343 -0.054457
v 0.104764 0.038291 -0.061857
v 0.095969 0.050253 -0.063184
v 0.106504 0.045180 -0.064801
v 0.096276 0.041898 -0.059759
v 0.091372 0.033948 -0.060852
v 0.095969 0.050253 -0.063184
v 0.104073 0.046710 -0.071891
v 0.106504 0.045180 -0.064801
v 0.091051 0.051319 -0.069653
v 0.087947 0.055659 -0.064005
v 0.076855 0.043596 -0.067200
v 0.062299 0.052223 -0.050516
v 0.064915 0.035799 -0.044972
v 0.061058 0.059034 -0.053142
v 0.078835 0.053241 -0.069145
v 0.077398 0.054008 -0.029035
v 0.076437 0.059947 -0.032521
v 0.070561 0.057331 -0.038036
v 0.076882 0.062361 -0.026941
v 0.077934 0.056409 -0.023620
v 0.072677 0.205734 -0.036719
v 0.080571 0.212733 -0.035317
v 0.071375 0.216432 -0.024621
v 0.091088 0.203105 -0.044171
v 0.083671 0.194714 -0.046177
v 0.113716 0.224454 0.000064
v 0.096773 0.219722 -0.004861
v 0.105303 0.223628 -0.005251
v 0.098238 0.220970 0.001480
v 0.101965 0.219870 0.009140
v 0.128731 0.169044 -0.055929
v 0.124706 0.181539 -0.050994
v 0.119775 0.178642 -0.054667
v 0.134249 0.169843 -0.051444
v 0.140360 0.165996 -0.053528
v 0.120174 0.158580 -0.049621
v 0.129989 0.148569 -0.054605
v 0.119351 0.155918 -0.053115
v 0.131156 0.153594 -0.057393
v 0.135690 0.157864 -0.055237
v 0.091042 0.219120 -0.032668
v 0.118989 0.219478 -0.032624
v 0.110274 0.223909 -0.026598
v 0.100197 0.212277 -0.044114
v 0.127118 0.164994 -0.049020
v 0.138229 0.156671 -0.056459
v 0.126644 0.163240 -0.054777
v 0.139236 0.162799 -0.057037
v 0.140360 0.165996 -0.053528
v 0.120539 0.184232 -0.047859
v 0.127118 0.164994 -0.049020
v 0.120174 0.158580 -0.049621
v 0.134965 0.185826 -0.042120
v 0.125593 0.182901 -0.039453
v 0.083694 0.178716 -0.048159
v 0.085181 0.178065 -0.043932
v 0.092576 0.166913 -0.044629
v 0.080687 0.185982 -0.041062
v 0.077510 0.185084 -0.044687
v 0.099201 0.163513 -0.047875
v 0.100595 0.154709 -0.043058
v 0.092576 0.166913 -0.044629
v 0.104190 0.153129 -0.042043
v 0.102919 0.153935 -0.044105
v 0.102919 0.153935 -0.044105
v 0.100595 0.154709 -0.043058
v 0.104190 0.153129 -0.042043
v 0.094118 0.166291 -0.047417
v 0.099201 0.163513 -0.047875
v 0.111087 0.150485 -0.047800
v 0.126504 0.144280 -0.053148
v 0.127027 0.137580 -0.047242
v 0.130578 0.148570 -0.054498
v 0.119351 0.155918 -0.053115
v 0.118734 0.145527 0.024189
v 0.104393 0.142099 0.024709
v 0.135446 0.132349 0.032237
v 0.101507 0.157544 0.026029
v 0.121401 0.159491 0.020765
v 0.137197 0.173345 -0.037855
v 0.126915 0.165279 -0.035825
v 0.131539 0.165631 -0.035805
v 0.125593 0.182901 -0.039453
v 0.135782 0.184183 -0.040567
v 0.155010 0.151959 0.001782
v 0.135096 0.163874 0.007354
v 0.148770 0.151633 0.013009
v 0.141190 0.164102 -0.003403
v 0.142146 0.164923 -0.016054
v 0.097526 0.160860 0.021089
v 0.101846 0.158088 0.026172
v 0.110754 0.184041 0.024150
v 0.103763 0.146057 0.025461
v 0.096766 0.145427 0.023076
v 0.117791 0.168586 0.014059
v 0.115199 0.178735 0.016497
v 0.135096 0.163874 0.007354
v 0.112462 0.182361 0.023486
v 0.115493 0.171714 0.021653
v 0.110754 0.184041 0.024150
v 0.121401 0.159491 0.020765
v 0.115199 0.178735 0.016497
v 0.101507 0.157544 0.026029
v 0.097833 0.177637 0.024600
v 0.115493 0.171714 0.021653
v 0.105489 0.181358 0.015942
v 0.112462 0.182361 0.023486
v 0.109006 0.163920 0.013176
v 0.112542 0.164231 0.016177
v 0.132646 0.118107 -0.055521
v 0.126126 0.119581 -0.045456
v 0.110363 0.099004 -0.042637
v 0.144304 0.130901 -0.051423
v 0.144498 0.127709 -0.052799
v 0.107310 0.078486 0.031741
v 0.102471 0.079373 0.026521
v 0.113482 0.102794 0.034414
v 0.106161 0.072089 0.030421
v 0.114995 0.069337 0.032780
v 0.146889 0.105617 0.073130
v 0.130738 0.114235 0.055996
v 0.139732 0.121364 0.063085
v 0.136302 0.101123 0.065067
v 0.144879 0.081141 0.078066
v 0.171966 0.061717 -0.072947
v 0.171253 0.088263 -0.068272
v 0.163850 0.083753 -0.079786
v 0.159122 0.089554 -0.046755
v 0.164759 0.057835 -0.062731
v 0.144413 0.060101 -0.079177
v 0.144306 0.089428 -0.056399
v 0.149652 0.057155 -0.067074
v 0.136994 0.094303 -0.068167
v 0.152624 0.062689 -0.084839
v 0.098085 0.131476 -0.013572
v 0.099209 0.129891 -0.016731
v 0.096964 0.130378 -0.017785
v 0.100542 0.131671 -0.012346
v 0.099969 0.135651 -0.007555
v 0.093337 0.137182 -0.019012
v 0.094616 0.135570 -0.020674
v 0.093877 0.137034 -0.020979
v 0.094076 0.135718 -0.018707
v 0.092880 0.138589 -0.014497
v 0.086481 0.145184 -0.020913
v 0.086896 0.144951 -0.018500
v 0.087315 0.144546 -0.018455
v 0.086029 0.145981 -0.021116
v 0.086322 0.145275 -0.023392
v 0.084223 0.160747 -0.016008
v 0.083911 0.165915 -0.013334
v 0.082605 0.165230 -0.008146
v 0.084332 0.167037 -0.016334
v 0.084539 0.166415 -0.017471
v 0.083476 0.167005 -0.003906
v 0.085641 0.168942 0.000924
v 0.084734 0.161664 -0.001387
v 0.083677 0.169619 -0.003026
v 0.082297 0.167931 -0.006143
v 0.109006 0.163920 0.013176
v 0.099133 0.168637 0.011825
v 0.105489 0.181358 0.015942
v 0.100983 0.162089 0.010755
v 0.110844 0.158134 0.011497
v 0.083243 0.153064 -0.027645
v 0.083007 0.150683 -0.025313
v 0.084793 0.151253 -0.026435
v 0.080769 0.151838 -0.026416
v 0.079915 0.154509 -0.026770
v 0.126647 0.150774 -0.026490
v 0.136209 0.158818 -0.025229
v 0.127586 0.154576 -0.031365
v 0.127603 0.138234 -0.023246
v 0.119771 0.135894 -0.019670
v 0.087768 0.168691 -0.028230
v 0.084139 0.167769 -0.026683
v 0.088427 0.166808 -0.028153
v 0.083497 0.169755 -0.027192
v 0.086326 0.172423 -0.030723
v 0.081192 0.152845 -0.021711
v 0.079968 0.151727 -0.024354
v 0.079023 0.154411 -0.024543
v 0.082479 0.150533 -0.023748
v 0.083049 0.151201 -0.021862
v 0.089846 0.143723 -0.018300
v 0.110071 0.155598 -0.014409
v 0.089135 0.143822 -0.020757
v 0.099840 0.151229 -0.003974
v 0.091449 0.142900 -0.012696
v 0.066503 0.042327 -0.030634
v 0.070079 0.040428 -0.035889
v 0.065128 0.040137 -0.035118
v 0.070327 0.041557 -0.033241
v 0.073497 0.043619 -0.030254
v 0.067761 0.207804 -0.027445
v 0.070783 0.192369 -0.037901
v 0.072677 0.205734 -0.036719
v 0.066538 0.198655 -0.029674
v 0.067384 0.205368 -0.020310
v 0.153902 0.170208 -0.039594
v 0.132254 0.144192 -0.051608
v 0.158717 0.151941 -0.038765
v 0.129856 0.159644 -0.051972
v 0.144442 0.190622 -0.039350
v 0.141762 0.147151 -0.038925
v 0.129856 0.159644 -0.051972
v 0.141435 0.160953 -0.033904
v 0.132254 0.144192 -0.051608
v 0.160182 0.134150 -0.035588
v 0.157358 0.152231 -0.010819
v 0.141435 0.160953 -0.033904
v 0.142146 0.164923 -0.016054
v 0.161043 0.151160 -0.028758
v 0.176931 0.139148 -0.012153
v 0.096092 0.182360 0.019046
v 0.089258 0.160953 0.009931
v 0.094347 0.146169 0.019955
v 0.088434 0.179957 0.006902
v 0.105489 0.181358 0.015942
v 0.107279 0.098169 -0.028661
v 0.122960 0.120381 -0.036747
v 0.120895 0.116117 -0.034728
v 0.109486 0.101692 -0.033469
v 0.096651 0.087248 -0.015978
v 0.166170 0.123952 -0.004733
v 0.155040 0.117532 0.014364
v 0.159429 0.120692 0.012300
v 0.160582 0.114246 -0.006065
v 0.159082 0.122821 -0.027068
v 0.116101 0.139778 -0.026000
v 0.126647 0.150774 -0.026490
v 0.123264 0.147898 -0.029639
v 0.119785 0.141358 -0.022151
v 0.115832 0.136503 -0.017439
v 0.089135 0.143822 -0.020757
v 0.088281 0.143733 -0.018402
v 0.089846 0.143723 -0.018300
v 0.088086 0.143949 -0.021019
v 0.089360 0.143303 -0.022327
v 0.089289 0.161034 -0.029827
v 0.089533 0.154659 -0.028758
v 0.090838 0.155318 -0.030586
v 0.087543 0.157407 -0.028225
v 0.087813 0.161800 -0.028747
v 0.089289 0.161034 -0.029827
v 0.088427 0.166808 -0.028153
v 0.087813 0.161800 -0.028747
v 0.089018 0.167407 -0.029067
v 0.090594 0.166392 -0.031698
v 0.092013 0.142461 -0.013110
v 0.102821 0.146143 -0.003237
v 0.091449 0.142900 -0.012696
v 0.110475 0.141590 -0.014821
v 0.090424 0.142655 -0.018116
v 0.126490 0.224916 -0.004551
v 0.107044 0.227674 -0.012198
v 0.129346 0.224503 -0.017254
v 0.105303 0.223628 -0.005251
v 0.086066 0.214750 -0.006559
v 0.076059 0.208278 -0.004720
v 0.075451 0.207958 -0.011097
v 0.084812 0.215410 -0.001340
v 0.134965 0.185826 -0.042120
v 0.141435 0.160953 -0.033904
v 0.129856 0.159644 -0.051972
v 0.133579 0.180131 -0.033765
v 0.134249 0.169843 -0.051444
v 0.127118 0.164994 -0.049020
v 0.124706 0.181539 -0.050994
v 0.140360 0.165996 -0.053528
v 0.115093 0.151985 -0.052436
v 0.130578 0.148570 -0.054498
v 0.119351 0.155918 -0.053115
v 0.126504 0.144280 -0.053148
v 0.120174 0.158580 -0.049621
v 0.126644 0.163240 -0.054777
v 0.135690 0.157864 -0.055237
v 0.127118 0.164994 -0.049020
v 0.161043 0.151160 -0.028758
v 0.141762 0.147151 -0.038925
v 0.141435 0.160953 -0.033904
v 0.160182 0.134150 -0.035588
v 0.070541 0.202017 -0.021563
v 0.072121 0.197061 -0.028541
v 0.071152 0.198536 -0.030598
v 0.071405 0.199709 -0.023616
v 0.109725 0.210357 0.018158
v 0.088002 0.203908 0.014752
v 0.101965 0.219870 0.009140
v 0.119990 0.187885 0.028596
v 0.121268 0.052827 0.030262
v 0.124510 0.067038 0.034069
v 0.139364 0.064249 0.033128
v 0.114995 0.069337 0.032780
v 0.163037 0.138044 0.026139
v 0.132183 0.149975 0.033936
v 0.158856 0.155024 0.026193
v 0.135446 0.132349 0.032237
v 0.140854 0.144048 0.005356
v 0.145978 0.145725 -0.004098
v 0.145524 0.129586 0.008624
v 0.135096 0.163874 0.007354
v 0.143160 0.099431 0.042743
v 0.128860 0.100623 0.047690
v 0.143345 0.074673 0.070146
v 0.138578 0.099979 0.038450
v 0.128860 0.100623 0.047690
v 0.144879 0.081141 0.078066
v 0.143345 0.074673 0.070146
v 0.136302 0.101123 0.065067
v 0.118734 0.145527 0.024189
v 0.139957 0.149532 0.029030
v 0.121401 0.159491 0.020765
v 0.135446 0.132349 0.032237
v 0.140194 0.137577 -0.032207
v 0.148756 0.133606 -0.026326
v 0.149999 0.131736 -0.020404
v 0.139405 0.139795 -0.033249
v 0.145524 0.129586 0.008624
v 0.145769 0.128948 0.010975
v 0.134672 0.133666 0.015020
v 0.155830 0.127665 -0.005178
v 0.117688 0.120161 0.011412
v 0.115678 0.115901 0.009776
v 0.134672 0.133666 0.015020
v 0.103543 0.095922 0.000996
v 0.109523 0.104949 -0.012574
v 0.107279 0.098169 -0.028661
v 0.120895 0.116117 -0.034728
v 0.104097 0.090611 -0.014753
v 0.149026 0.126575 0.019560
v 0.133206 0.133262 0.027792
v 0.133618 0.131999 0.017823
v 0.132656 0.131108 0.029501
v 0.092271 0.069242 -0.035283
v 0.093429 0.069694 -0.039992
v 0.101035 0.084712 -0.044795
v 0.094705 0.056367 -0.019714
v 0.094705 0.056367 -0.019714
v 0.097926 0.058248 -0.041499
v 0.093429 0.069694 -0.039992
v 0.110870 0.056686 -0.044344
v 0.118497 0.069944 -0.062327
v 0.118615 0.078976 -0.060046
v 0.113409 0.085135 -0.055587
v 0.128561 0.076438 -0.060126
v 0.102471 0.079373 0.026521
v 0.098854 0.076213 0.025000
v 0.095449 0.079256 0.018231
v 0.106161 0.072089 0.030421
v 0.159675 0.091429 -0.054183
v 0.163815 0.113019 -0.046670
v 0.164398 0.110439 -0.052540
v 0.168374 0.092191 -0.032995
v 0.139364 0.064249 0.033128
v 0.149362 0.084697 0.036905
v 0.162524 0.088314 0.018385
v 0.137292 0.076855 0.038043
v 0.151965 0.071343 -0.054457
v 0.156257 0.063654 -0.054204
v 0.167211 0.063364 -0.032344
v 0.141558 0.062098 -0.059446
v 0.121268 0.052827 0.030262
v 0.105412 0.054641 0.024987
v 0.114995 0.069337 0.032780
v 0.106752 0.051271 0.021328
v 0.153742 0.089971 0.084516
v 0.146889 0.105617 0.073130
v 0.165713 0.090411 0.077620
v 0.144879 0.081141 0.078066
v 0.084728 0.154847 -0.008332
v 0.087349 0.149177 -0.008289
v 0.086705 0.148518 -0.013792
v 0.088298 0.149736 -0.004127
v 0.090128 0.142056 -0.017148
v 0.090424 0.142655 -0.018116
v 0.092013 0.142461 -0.013110
v 0.090431 0.142751 -0.020503
v 0.083973 0.168419 -0.017723
v 0.081317 0.169539 -0.021220
v 0.081204 0.172025 -0.016601
v 0.082196 0.167639 -0.021347
v 0.083781 0.161443 -0.017605
v 0.081470 0.157575 -0.021280
v 0.082140 0.162695 -0.020989
v 0.083819 0.157216 -0.018445
v 0.082562 0.170805 -0.014676
v 0.084478 0.167708 -0.014464
v 0.084158 0.168196 -0.017062
v 0.083012 0.166981 -0.011745
v 0.100438 0.133184 -0.024875
v 0.101973 0.131868 -0.024254
v 0.107089 0.136291 -0.027317
v 0.098472 0.130478 -0.021733
v 0.102379 0.164983 -0.041910
v 0.098954 0.162707 -0.040470
v 0.100629 0.159588 -0.040606
v 0.101043 0.170146 -0.041316
v 0.106612 0.132164 -0.021295
v 0.104667 0.132149 -0.023663
v 0.100862 0.129957 -0.021138
v 0.109022 0.135701 -0.025884
v 0.094990 0.177133 -0.042263
v 0.095905 0.179808 -0.042296
v 0.089200 0.176589 -0.039550
v 0.103054 0.179132 -0.043084
v 0.083853 0.174554 -0.033225
v 0.085072 0.178057 -0.036622
v 0.081422 0.174443 -0.029566
v 0.085766 0.175915 -0.036398
v 0.093306 0.142325 -0.025934
v 0.093023 0.142930 -0.025053
v 0.091338 0.142817 -0.023153
v 0.097300 0.143329 -0.028153
v 0.085766 0.175915 -0.036398
v 0.088456 0.179020 -0.039499
v 0.085072 0.178057 -0.036622
v 0.089200 0.176589 -0.039550
v 0.090219 0.144721 -0.026734
v 0.089930 0.145255 -0.026827
v 0.088005 0.145254 -0.025283
v 0.096968 0.143783 -0.029347
v 0.090347 0.168239 -0.030353
v 0.088629 0.171279 -0.031319
v 0.088334 0.168518 -0.028664
v 0.090930 0.167598 -0.033559
v 0.102821 0.146143 -0.003237
v 0.110071 0.155598 -0.014409
v 0.099840 0.151229 -0.003974
v 0.110475 0.141590 -0.014821
v 0.110475 0.141590 -0.014821
v 0.091338 0.142817 -0.023153
v 0.093023 0.142930 -0.025053
v 0.091030 0.142651 -0.021792
v 0.097300 0.143329 -0.028153
v 0.111923 0.147054 -0.028217
v 0.110475 0.141590 -0.014821
v 0.097155 0.143694 -0.028696
v 0.099536 0.039769 -0.075680
v 0.104073 0.046710 -0.071891
v 0.091051 0.051319 -0.069653
v 0.079703 0.034889 -0.062676
v 0.071388 0.037476 -0.043066
v 0.088944 0.037303 -0.057574
v 0.078933 0.048897 -0.054881
v 0.088944 0.037303 -0.057574
v 0.071388 0.037476 -0.043066
v 0.062299 0.052223 -0.050516
v 0.065128 0.040137 -0.035118
v 0.064915 0.035799 -0.044972
v 0.071388 0.037476 -0.043066
v 0.068823 0.053744 -0.048894
v 0.078933 0.048897 -0.054881
v 0.066965 0.062466 -0.043774
v 0.061058 0.059034 -0.053142
v 0.067488 0.060301 -0.051335
v 0.061058 0.059034 -0.053142
v 0.074501 0.061829 -0.051396
v 0.067488 0.060301 -0.051335
v 0.071388 0.037476 -0.043066
v 0.068499 0.056558 -0.039758
v 0.068823 0.053744 -0.048894
v 0.075941 0.076048 -0.040344
v 0.070696 0.075317 -0.041975
v 0.075009 0.066798 -0.056925
v 0.076705 0.062814 -0.029999
v 0.075311 0.067491 -0.032432
v 0.073675 0.065373 -0.037824
v 0.129346 0.224503 -0.017254
v 0.110274 0.223909 -0.026598
v 0.118989 0.219478 -0.032624
v 0.129346 0.224503 -0.017254
v 0.118989 0.219478 -0.032624
v 0.142216 0.214097 -0.017928
v 0.100197 0.212277 -0.044114
v 0.091042 0.219120 -0.032668
v 0.080571 0.212733 -0.035317
v 0.102118 0.191470 -0.049119
v 0.114913 0.175337 -0.054694
v 0.119775 0.178642 -0.054667
v 0.070783 0.192369 -0.037901
v 0.083671 0.194714 -0.046177
v 0.072677 0.205734 -0.036719
v 0.082411 0.219505 -0.011974
v 0.086066 0.214750 -0.006559
v 0.075451 0.207958 -0.011097
v 0.069614 0.200677 -0.019800
v 0.067384 0.205368 -0.020310
v 0.075451 0.207958 -0.011097
v 0.069614 0.200677 -0.019800
v 0.075451 0.207958 -0.011097
v 0.067246 0.199705 -0.005745
v 0.134965 0.185826 -0.042120
v 0.129856 0.159644 -0.051972
v 0.124706 0.181539 -0.050994
v 0.124706 0.181539 -0.050994
v 0.127118 0.164994 -0.049020
v 0.134965 0.185826 -0.042120
v 0.131156 0.153594 -0.057393
v 0.135690 0.157864 -0.055237
v 0.122644 0.159788 -0.058545
v 0.139236 0.162799 -0.057037
v 0.140360 0.165996 -0.053528
v 0.128731 0.169044 -0.055929
v 0.141435 0.160953 -0.033904
v 0.133579 0.180131 -0.033765
v 0.142146 0.164923 -0.016054
v 0.134965 0.185826 -0.042120
v 0.125593 0.182901 -0.039453
v 0.133579 0.180131 -0.033765
v 0.160182 0.134150 -0.035588
v 0.158717 0.151941 -0.038765
v 0.132254 0.144192 -0.051608
v 0.161043 0.151160 -0.028758
v 0.176931 0.139148 -0.012153
v 0.160182 0.134150 -0.035588
v 0.176931 0.139148 -0.012153
v 0.157358 0.152231 -0.010819
v 0.173231 0.139454 0.008221
v 0.173548 0.156105 -0.014151
v 0.176931 0.139148 -0.012153
v 0.173231 0.139454 0.008221
v 0.072121 0.197061 -0.028541
v 0.075385 0.193120 -0.036083
v 0.071152 0.198536 -0.030598
v 0.070541 0.202017 -0.021563
v 0.069614 0.200677 -0.019800
v 0.071405 0.199709 -0.023616
v 0.076738 0.191771 -0.017354
v 0.071405 0.199709 -0.023616
v 0.069614 0.200677 -0.019800
v 0.067246 0.199705 -0.005745
v 0.067237 0.189181 -0.015651
v 0.069614 0.200677 -0.019800
v 0.125593 0.182901 -0.039453
v 0.120539 0.184232 -0.047859
v 0.106740 0.181336 -0.043617
v 0.099201 0.163513 -0.047875
v 0.103906 0.169116 -0.047681
v 0.111087 0.150485 -0.047800
v 0.135782 0.184183 -0.040567
v 0.133579 0.180131 -0.033765
v 0.125593 0.182901 -0.039453
v 0.134099 0.086899 -0.059531
v 0.148224 0.084080 -0.059137
v 0.142409 0.094700 -0.054388
v 0.135782 0.184183 -0.040567
v 0.137197 0.173345 -0.037855
v 0.134138 0.169867 -0.030702
v 0.158856 0.155024 0.026193
v 0.173231 0.139454 0.008221
v 0.163037 0.138044 0.026139
v 0.157327 0.109339 0.064917
v 0.155919 0.118142 0.047090
v 0.158313 0.105539 0.040401
v 0.083163 0.188211 0.001300
v 0.083091 0.170183 0.010261
v 0.074200 0.182088 0.008127
v 0.080726 0.169537 0.006521
v 0.083091 0.170183 0.010261
v 0.083163 0.188211 0.001300
v 0.101846 0.158088 0.026172
v 0.097833 0.177637 0.024600
v 0.110754 0.184041 0.024150
v 0.090278 0.165008 0.019708
v 0.096766 0.145427 0.023076
v 0.094347 0.146169 0.019955
v 0.094347 0.146169 0.019955
v 0.089258 0.160953 0.009931
v 0.091206 0.148014 0.017110
v 0.090180 0.149600 0.011004
v 0.083886 0.171260 0.008555
v 0.091206 0.148014 0.017110
v 0.120895 0.116117 -0.034728
v 0.122960 0.120381 -0.036747
v 0.140194 0.137577 -0.032207
v 0.139405 0.139795 -0.033249
v 0.140194 0.137577 -0.032207
v 0.122960 0.120381 -0.036747
v 0.112462 0.182361 0.023486
v 0.105489 0.181358 0.015942
v 0.115199 0.178735 0.016497
v 0.112542 0.164231 0.016177
v 0.115493 0.171714 0.021653
v 0.117791 0.168586 0.014059
v 0.134672 0.133666 0.015020
v 0.134798 0.135823 0.013295
v 0.117688 0.120161 0.011412
v 0.098546 0.086980 -0.015675
v 0.096651 0.087248 -0.015978
v 0.107279 0.098169 -0.028661
v 0.144304 0.130901 -0.051423
v 0.140014 0.134787 -0.039239
v 0.126126 0.119581 -0.045456
v 0.117688 0.120161 0.011412
v 0.134798 0.135823 0.013295
v 0.118064 0.121369 0.020735
v 0.159429 0.120692 0.012300
v 0.155040 0.117532 0.014364
v 0.149026 0.126575 0.019560
v 0.155093 0.074864 0.063472
v 0.143160 0.099431 0.042743
v 0.143345 0.074673 0.070146
v 0.131763 0.133827 0.039091
v 0.120449 0.121101 0.030410
v 0.132656 0.131108 0.029501
v 0.102474 0.090539 0.026729
v 0.101694 0.096701 0.015198
v 0.120449 0.121101 0.030410
v 0.125482 0.105072 -0.058540
v 0.132646 0.118107 -0.055521
v 0.113779 0.093757 -0.053351
v 0.118615 0.078976 -0.060046
v 0.117624 0.085218 -0.059346
v 0.113409 0.085135 -0.055587
v 0.160884 0.123336 -0.053100
v 0.157445 0.126141 -0.044589
v 0.149853 0.125141 -0.061468
v 0.148300 0.127029 0.027578
v 0.152862 0.112668 0.041506
v 0.146815 0.131445 0.036385
v 0.104888 0.062433 0.030480
v 0.098854 0.076213 0.025000
v 0.106161 0.072089 0.030421
v 0.094705 0.056367 -0.019714
v 0.100668 0.051846 0.004179
v 0.101847 0.053656 -0.020780
v 0.110870 0.056686 -0.044344
v 0.094705 0.056367 -0.019714
v 0.101847 0.053656 -0.020780
v 0.150881 0.087303 -0.079170
v 0.163850 0.083753 -0.079786
v 0.150196 0.102621 -0.075548
v 0.128860 0.100623 0.047690
v 0.130738 0.114235 0.055996
v 0.136302 0.101123 0.065067
v 0.082297 0.167931 -0.006143
v 0.083476 0.167005 -0.003906
v 0.082605 0.165230 -0.008146
v 0.124713 0.157289 0.011271
v 0.110844 0.158134 0.011497
v 0.109006 0.163920 0.013176
v 0.078191 0.174196 -0.020486
v 0.080313 0.171272 -0.023425
v 0.079512 0.174386 -0.025084
v 0.083677 0.169619 -0.003026
v 0.081968 0.172532 -0.002026
v 0.085478 0.170572 0.001139
v 0.112944 0.136298 -0.009582
v 0.107656 0.139011 -0.002622
v 0.113125 0.140589 -0.002234
v 0.083049 0.151201 -0.021862
v 0.081192 0.152845 -0.021711
v 0.085303 0.151954 -0.018516
v 0.090059 0.139266 -0.020434
v 0.091294 0.138477 -0.021861
v 0.090417 0.139144 -0.022070
v 0.116221 0.134761 -0.002459
v 0.113125 0.140589 -0.002234
v 0.116807 0.149247 0.006585
v 0.088281 0.143733 -0.018402
v 0.091449 0.142900 -0.012696
v 0.089846 0.143723 -0.018300
v 0.091576 0.142298 -0.011712
v 0.092013 0.142461 -0.013110
v 0.091449 0.142900 -0.012696
v 0.085478 0.170572 0.001139
v 0.085641 0.168942 0.000924
v 0.083677 0.169619 -0.003026
v 0.090973 0.142926 -0.012418
v 0.091699 0.142332 -0.009371
v 0.091576 0.142298 -0.011712
v 0.102748 0.143856 -0.033005
v 0.104244 0.137342 -0.028096
v 0.106508 0.142612 -0.032901
v 0.099365 0.143358 -0.031139
v 0.096968 0.143783 -0.029347
v 0.097862 0.143220 -0.029570
v 0.079915 0.154509 -0.026770
v 0.083243 0.153064 -0.027645
v 0.083013 0.155478 -0.027744
v 0.089268 0.144111 -0.024175
v 0.087193 0.144074 -0.023144
v 0.088440 0.143426 -0.022625
v 0.100104 0.150746 -0.036623
v 0.107754 0.146555 -0.035777
v 0.103951 0.153348 -0.039049
v 0.127586 0.154576 -0.031365
v 0.123264 0.147898 -0.029639
v 0.126647 0.150774 -0.026490
v 0.094546 0.139641 -0.025693
v 0.091203 0.139419 -0.023718
v 0.092245 0.138623 -0.023409
v 0.089376 0.151660 -0.027526
v 0.090838 0.155318 -0.030586
v 0.089533 0.154659 -0.028758
v 0.097300 0.143329 -0.028153
v 0.097862 0.143220 -0.029570
v 0.097155 0.143694 -0.028696
v 0.101124 0.140130 -0.029053
v 0.097239 0.138886 -0.026430
v 0.098604 0.137298 -0.025880
v 0.085982 0.177759 0.003994
v 0.089630 0.172361 0.006096
v 0.084362 0.175254 0.002542
v 0.094076 0.135718 -0.018707
v 0.095844 0.131817 -0.020356
v 0.094616 0.135570 -0.020674
v 0.111923 0.147054 -0.028217
v 0.097155 0.143694 -0.028696
v 0.109122 0.151981 -0.029275
v 0.110071 0.155598 -0.014409
v 0.090225 0.143863 -0.023738
v 0.089360 0.143303 -0.022327
v 0.109122 0.151981 -0.029275
v 0.092317 0.144002 -0.025200
v 0.110071 0.155598 -0.014409
v 0.099840 0.151229 -0.003974
v 0.091449 0.142900 -0.012696
v 0.102821 0.146143 -0.003237
v 0.111923 0.147054 -0.028217
v 0.110071 0.155598 -0.014409
v 0.110475 0.141590 -0.014821
v 0.109122 0.151981 -0.029275
v 0.110071 0.155598 -0.014409
v 0.111923 0.147054 -0.028217
v 0.110071 0.155598 -0.014409
v 0.089360 0.143303 -0.022327
v 0.089135 0.143822 -0.020757
v 0.110475 0.141590 -0.014821
v 0.090424 0.142655 -0.018116
v 0.090431 0.142751 -0.020503
v 0.110475 0.141590 -0.014821
v 0.090431 0.142751 -0.020503
v 0.091030 0.142651 -0.021792
v 0.110071 0.155598 -0.014409
v 0.092317 0.144002 -0.025200
v 0.090225 0.143863 -0.023738
v 0.097300 0.143329 -0.028153
v 0.110475 0.141590 -0.014821
v 0.093023 0.142930 -0.025053
v 0.092317 0.144002 -0.025200
v 0.109122 0.151981 -0.029275
v 0.097155 0.143694 -0.028696
v 0.166047 0.016212 -0.071432
v 0.147114 0.043595 -0.074771
v 0.157808 0.042391 -0.061868
v 0.169017 0.026394 -0.082520
v 0.119124 0.048073 -0.069258
v 0.168478 0.023536 -0.097978
v 0.114316 0.043544 -0.084330
v 0.141243 0.012205 -0.099153
v 0.105899 0.025351 -0.090124
v 0.128598 -0.025169 -0.099587
v 0.091714 -0.011241 -0.091140
v 0.069776 -0.004599 -0.077055
v 0.091714 -0.011241 -0.091140
v 0.082729 0.034226 -0.084368
v 0.105899 0.025351 -0.090124
v 0.091630 0.050194 -0.079541
v 0.114316 0.043544 -0.084330
v 0.096421 0.055084 -0.065049
v 0.119124 0.048073 -0.069258
v 0.117158 0.037087 -0.057989
v 0.166047 0.016212 -0.071432
v 0.143952 0.004066 -0.066360
v 0.170734 -0.005383 -0.070196
v 0.168204 -0.041632 -0.088784
v 0.195385 -0.044976 -0.086162
v 0.173582 -0.038400 -0.098979
v 0.128598 -0.025169 -0.099587
v 0.130135 -0.022362 0.095543
v 0.115981 -0.007056 0.093177
v 0.109228 -0.002093 0.079000
v 0.117968 0.035894 -0.048348
v 0.121030 0.015081 -0.053267
v 0.136624 0.016729 -0.067045
v 0.106784 0.033266 -0.026978
v 0.102422 0.051417 -0.021914
v 0.104068 0.031005 -0.002936
v 0.101475 0.048364 0.004463
v 0.108915 0.029584 0.015333
v 0.107415 0.048288 0.021060
v 0.122447 0.030019 0.025333
v 0.121395 0.049821 0.029592
v 0.139096 0.031444 0.027213
v 0.137901 0.051879 0.030912
v 0.156523 0.035045 0.014722
v 0.156992 0.055222 0.016971
v 0.166782 0.037859 -0.007929
v 0.167051 0.058290 -0.005919
v 0.169082 0.060626 -0.030885
v 0.167211 0.063364 -0.032344
v 0.156257 0.063654 -0.054204
v 0.106784 0.033266 -0.026978
v 0.108255 0.013060 -0.031192
v 0.121030 0.015081 -0.053267
v 0.104812 0.011036 -0.005835
v 0.104068 0.031005 -0.002936
v 0.108642 0.009789 0.014680
v 0.108915 0.029584 0.015333
v 0.123939 0.009826 0.025029
v 0.122447 0.030019 0.025333
v 0.142456 0.010543 0.026691
v 0.139096 0.031444 0.027213
v 0.162360 0.012306 0.013321
v 0.156523 0.035045 0.014722
v 0.173222 0.014358 -0.008615
v 0.166782 0.037859 -0.007929
v 0.171097 0.040182 -0.032723
v 0.169082 0.060626 -0.030885
v 0.158553 0.061047 -0.052738
v 0.156257 0.063654 -0.054204
v 0.141558 0.062098 -0.059446
v 0.158167 0.003374 0.093531
v 0.183540 -0.026365 0.087589
v 0.130135 -0.022362 0.095543
v 0.210996 -0.002377 0.078030
v 0.188063 0.030678 0.081909
v 0.227535 0.010818 0.064298
v 0.169118 0.063606 0.056781
v 0.178870 0.019760 0.055829
v 0.159460 0.057388 0.047305
v 0.154528 0.026434 0.060681
v 0.144181 0.054527 0.053658
v 0.149917 0.034113 0.073257
v 0.142096 0.058553 0.068125
v 0.152339 0.065408 0.079065
v 0.117158 0.037087 -0.057989
v 0.094175 0.043933 -0.054246
v 0.096421 0.055084 -0.065049
v 0.109582 0.017531 -0.058338
v 0.143952 0.004066 -0.066360
v 0.129543 -0.029876 -0.080927
v 0.168204 -0.041632 -0.088784
v 0.109582 0.017531 -0.058338
v 0.087521 0.026791 -0.052653
v 0.094175 0.043933 -0.054246
v 0.093709 -0.015942 -0.072229
v 0.129543 -0.029876 -0.080927
v 0.171097 0.040182 -0.032723
v 0.178015 0.016325 -0.032685
v 0.173222 0.014358 -0.008615
v 0.163773 0.040135 -0.053105
v 0.158553 0.061047 -0.052738
v 0.141746 0.059274 -0.059446
v 0.141558 0.062098 -0.059446
v 0.124275 0.056771 -0.057793
v 0.122536 0.058976 -0.057296
v 0.111629 0.054091 -0.044807
v 0.110870 0.056686 -0.044344
v 0.102422 0.051417 -0.021914
v 0.101847 0.053656 -0.020780
v 0.100668 0.051846 0.004179
v 0.168354 0.068368 0.072349
v 0.167407 0.069146 0.055081
v 0.169118 0.063606 0.056781
v 0.166575 0.074094 0.071356
v 0.152339 0.065408 0.079065
v 0.151168 0.071238 0.077746
v 0.142096 0.058553 0.068125
v 0.140384 0.064092 0.066425
v 0.144181 0.054527 0.053658
v 0.142227 0.059911 0.051620
v 0.159460 0.057388 0.047305
v 0.157634 0.062767 0.045230
v 0.169118 0.063606 0.056781
v 0.167407 0.069146 0.055081
v 0.157808 0.042391 -0.061868
v 0.156521 0.048035 -0.060201
v 0.172041 0.045754 -0.065151
v 0.145827 0.049238 -0.073104
v 0.147114 0.043595 -0.074771
v 0.152106 0.053835 -0.086595
v 0.153043 0.048079 -0.088012
v 0.168200 0.057786 -0.090744
v 0.169077 0.051383 -0.091819
v 0.179060 0.056587 -0.077750
v 0.179721 0.050602 -0.078650
v 0.170975 0.051514 -0.063696
v 0.172041 0.045754 -0.065151
v 0.156521 0.048035 -0.060201
v 0.068588 0.057779 -0.039588
v 0.065322 0.058610 -0.036030
v 0.075067 0.060562 -0.035381
v 0.063047 0.056450 -0.040252
v 0.067848 0.056706 -0.041536
v 0.062299 0.052223 -0.050516
v 0.068823 0.053744 -0.048894
v 0.063897 0.056246 -0.039227
v 0.068499 0.056558 -0.039758
v 0.066388 0.058122 -0.035189
v 0.070561 0.057331 -0.038036
v 0.076882 0.062361 -0.026941
v 0.076437 0.059947 -0.032521
v 0.158145 0.031556 0.089355
v 0.152339 0.065408 0.079065
v 0.168354 0.068368 0.072349
v 0.149917 0.034113 0.073257
v 0.109228 -0.002093 0.079000
v 0.245877 -0.042625 0.069468
v 0.264726 -0.025398 0.072832
v 0.209084 -0.004806 0.066443
v 0.227535 0.010818 0.064298
v 0.178870 0.019760 0.055829
v 0.114004 -0.009901 0.066525
v 0.127556 -0.025457 0.063487
v 0.169017 0.026394 -0.082520
v 0.153043 0.048079 -0.088012
v 0.147114 0.043595 -0.074771
v 0.169077 0.051383 -0.091819
v 0.168478 0.023536 -0.097978
v 0.179721 0.050602 -0.078650
v 0.189639 0.002666 -0.091543
v 0.172041 0.045754 -0.065151
v 0.195385 -0.044976 -0.086162
v 0.170734 -0.005383 -0.070196
v 0.167407 0.069146 0.055081
v 0.167002 0.076845 0.051869
v 0.156181 0.069691 0.040420
v 0.166734 0.082963 0.071397
v 0.166575 0.074094 0.071356
v 0.151168 0.071238 0.077746
v 0.167051 0.058290 -0.005919
v 0.165240 0.061209 -0.006709
v 0.167211 0.063364 -0.032344
v 0.156422 0.058326 0.017064
v 0.156992 0.055222 0.016971
v 0.137371 0.054794 0.032125
v 0.137901 0.051879 0.030912
v 0.121268 0.052827 0.030262
v 0.121395 0.049821 0.029592
v 0.107415 0.048288 0.021060
v 0.093709 -0.015942 -0.072229
v 0.069776 -0.004599 -0.077055
v 0.087521 0.026791 -0.052653
v 0.104073 0.046710 -0.071891
v 0.096421 0.055084 -0.065049
v 0.106504 0.045180 -0.064801
v 0.091630 0.050194 -0.079541
v 0.099536 0.039769 -0.075680
v 0.082729 0.034226 -0.084368
v 0.097351 0.031478 -0.073629
v 0.069776 -0.004599 -0.077055
v 0.099877 0.029871 -0.065722
v 0.155732 -0.000792 0.059688
v 0.178870 0.019760 0.055829
v 0.154528 0.026434 0.060681
v 0.209084 -0.004806 0.066443
v 0.182010 -0.028825 0.068196
v 0.245877 -0.042625 0.069468
v 0.156181 0.069691 0.040420
v 0.157634 0.062767 0.045230
v 0.167407 0.069146 0.055081
v 0.142227 0.059911 0.051620
v 0.138399 0.066397 0.047816
v 0.140384 0.064092 0.066425
v 0.136869 0.071254 0.064582
v 0.148824 0.079673 0.078831
v 0.181172 0.065102 -0.076717
v 0.179060 0.056587 -0.077750
v 0.170975 0.051514 -0.063696
v 0.168200 0.057786 -0.090744
v 0.168777 0.066581 -0.091660
v 0.152106 0.053835 -0.086595
v 0.149883 0.061597 -0.085500
v 0.142281 0.056570 -0.070751
v 0.264726 -0.025398 0.072832
v 0.210996 -0.002377 0.078030
v 0.227535 0.010818 0.064298
v 0.246544 -0.041246 0.081212
v 0.155732 -0.000792 0.059688
v 0.127556 -0.025457 0.063487
v 0.182010 -0.028825 0.068196
v 0.114004 -0.009901 0.066525
v 0.154528 0.026434 0.060681
v 0.109228 -0.002093 0.079000
v 0.149917 0.034113 0.073257
v 0.188063 0.030678 0.081909
v 0.168354 0.068368 0.072349
v 0.169118 0.063606 0.056781
v 0.158145 0.031556 0.089355
v 0.158167 0.003374 0.093531
v 0.115981 -0.007056 0.093177
v 0.130135 -0.022362 0.095543
v 0.094175 0.043933 -0.054246
v 0.106504 0.045180 -0.064801
v 0.096421 0.055084 -0.065049
v 0.104764 0.038291 -0.061857
v 0.087521 0.026791 -0.052653
v 0.099877 0.029871 -0.065722
v 0.069776 -0.004599 -0.077055
v 0.124275 0.056771 -0.057793
v 0.147949 0.039484 -0.060878
v 0.141746 0.059274 -0.059446
v 0.131238 0.037851 -0.060067
v 0.111629 0.054091 -0.044807
v 0.117968 0.035894 -0.048348
v 0.102422 0.051417 -0.021914
v 0.154901 0.017556 -0.065740
v 0.131238 0.037851 -0.060067
v 0.136624 0.016729 -0.067045
v 0.147949 0.039484 -0.060878
v 0.170455 0.017585 -0.055466
v 0.163773 0.040135 -0.053105
v 0.178015 0.016325 -0.032685
v 0.170975 0.051514 -0.063696
v 0.170991 0.059159 -0.060170
v 0.181172 0.065102 -0.076717
v 0.154711 0.054966 -0.055671
v 0.156521 0.048035 -0.060201
v 0.145827 0.049238 -0.073104
v 0.121030 0.015081 -0.053267
v 0.178015 0.016325 -0.032685
v 0.170455 0.017585 -0.055466
v 0.173222 0.014358 -0.008615
v 0.108255 0.013060 -0.031192
v 0.104812 0.011036 -0.005835
v 0.173582 -0.038400 -0.098979
v 0.141243 0.012205 -0.099153
v 0.128598 -0.025169 -0.099587
v 0.189639 0.002666 -0.091543
v 0.195385 -0.044976 -0.086162
v 0.104812 0.011036 -0.005835
v 0.162360 0.012306 0.013321
v 0.173222 0.014358 -0.008615
v 0.142456 0.010543 0.026691
v 0.123939 0.009826 0.025029
v 0.106752 0.051271 0.021328
v 0.101475 0.048364 0.004463
v 0.100668 0.051846 0.004179
v 0.107415 0.048288 0.021060
v 0.121268 0.052827 0.030262
v 0.183540 -0.026365 0.087589
v 0.246544 -0.041246 0.081212
v 0.210996 -0.002377 0.078030
v 0.182010 -0.028825 0.068196
v 0.127556 -0.025457 0.063487
v 0.156181 0.069691 0.040420
v 0.136869 0.071254 0.064582
v 0.138399 0.066397 0.047816
v 0.167002 0.076845 0.051869
v 0.166734 0.082963 0.071397
v 0.136869 0.071254 0.064582
v 0.167002 0.076845 0.051869
v 0.148824 0.079673 0.078831
v 0.151168 0.071238 0.077746
v 0.148824 0.079673 0.078831
v 0.166734 0.082963 0.071397
v 0.140384 0.064092 0.066425
v 0.170734 -0.005383 -0.070196
v 0.157808 0.042391 -0.061868
v 0.172041 0.045754 -0.065151
v 0.166047 0.016212 -0.071432
v 0.142281 0.056570 -0.070751
v 0.145827 0.049238 -0.073104
v 0.152106 0.053835 -0.086595
v 0.154711 0.054966 -0.055671
v 0.149883 0.061597 -0.085500
v 0.154711 0.054966 -0.055671
v 0.142281 0.056570 -0.070751
v 0.170991 0.059159 -0.060170
v 0.149883 0.061597 -0.085500
v 0.181172 0.065102 -0.076717
v 0.170991 0.059159 -0.060170
v 0.168777 0.066581 -0.091660
v 0.121030 0.015081 -0.053267
v 0.154901 0.017556 -0.065740
v 0.136624 0.016729 -0.067045
v 0.170455 0.017585 -0.055466
v 0.130135 -0.022362 0.095543
v 0.183540 -0.026365 0.087589
v 0.158145 0.031556 0.089355
v 0.115981 -0.007056 0.093177
v 0.109228 -0.002093 0.079000
v 0.109228 -0.002093 0.079000
v 0.114004 -0.009901 0.066525
v 0.168478 0.023536 -0.097978
v 0.141243 0.012205 -0.099153
v 0.189639 0.002666 -0.091543
v 0.065322 0.058610 -0.036030
v 0.076705 0.062814 -0.029999
v 0.075067 0.060562 -0.035381
v 0.131238 0.037851 -0.060067
v 0.117968 0.035894 -0.048348
v 0.136624 0.016729 -0.067045
v 0.104812 0.011036 -0.005835
v 0.108642 0.009789 0.014680
v 0.123939 0.009826 0.025029
v 0.163773 0.040135 -0.053105
v 0.141746 0.059274 -0.059446
v 0.147949 0.039484 -0.060878
v 0.101475 0.048364 0.004463
v 0.102422 0.051417 -0.021914
v 0.100668 0.051846 0.004179
v 0.162462 0.101741 -0.005893
v 0.165713 0.072146 -0.007742
v 0.165351 0.072001 -0.006087
v 0.162657 0.101882 -0.007639
v 0.160716 0.114178 -0.005120
v 0.160910 0.114318 -0.006866
v 0.104228 0.153138 -0.041915
v 0.102170 0.136677 -0.039477
v 0.102919 0.153935 -0.044105
v 0.102170 0.136677 -0.039477
v 0.100595 0.154709 -0.043058
v 0.102919 0.153935 -0.044105
v 0.073107 0.183563 -0.038534
v 0.077510 0.185084 -0.044687
v 0.089190 0.162268 -0.048074
v 0.075827 0.177728 -0.033331
v 0.078213 0.177760 -0.038091
v 0.084951 0.170126 -0.038558
v 0.071430 0.177779 -0.025889
v 0.072468 0.177072 -0.029923
v 0.080656 0.162138 -0.028912
v 0.068396 0.179770 -0.019260
v 0.069503 0.178547 -0.022999
v 0.075822 0.166154 -0.022455
v 0.084005 0.162315 0.005638
v 0.082897 0.163322 0.002675
v 0.089538 0.150931 0.001444
v 0.084364 0.162765 0.006342
v 0.092683 0.151318 0.003575
v 0.086797 0.163225 0.009376
v 0.124920 0.130418 -0.025839
v 0.140534 0.140194 -0.029409
v 0.138870 0.143320 -0.027318
v 0.126420 0.127421 -0.028031
v 0.116177 0.119141 -0.021520
v 0.115306 0.116438 -0.023737
v 0.111385 0.111165 -0.015507
v 0.111899 0.111505 -0.020020
v 0.122205 0.124684 0.009637
v 0.121255 0.127896 0.007455
v 0.131564 0.137058 0.014997
v 0.113785 0.117480 -0.000273
v 0.112469 0.114518 0.001296
v 0.110551 0.110626 -0.008229
v 0.110166 0.110282 -0.003754
v 0.111899 0.111505 -0.020020
v 0.107116 0.099906 -0.025095
v 0.112380 0.111773 -0.023677
v 0.105770 0.099161 -0.013314
v 0.111385 0.111165 -0.015507
v 0.111032 0.110894 -0.011887
v 0.105770 0.099161 -0.013314
v 0.110166 0.110282 -0.003754
v 0.104422 0.098282 -0.001524
v 0.110551 0.110626 -0.008229
v 0.111032 0.110894 -0.011887
v 0.130655 0.140546 0.012924
v 0.131564 0.137058 0.014997
v 0.121255 0.127896 0.007455
v 0.104422 0.098282 -0.001524
v 0.110166 0.110282 -0.003754
v 0.109723 0.110024 0.000032
v 0.108116 0.169774 0.023388
v 0.106790 0.169647 0.027004
v 0.112752 0.146967 0.024583
v 0.106790 0.169647 0.027004
v 0.111516 0.146827 0.028034
v 0.112752 0.146967 0.024583
v 0.112752 0.146967 0.024583
v 0.106790 0.169647 0.027004
v 0.108116 0.169774 0.023388
v 0.112752 0.146967 0.024583
v 0.111516 0.146827 0.028034
v 0.106790 0.169647 0.027004
v 0.108866 0.164902 0.019307
v 0.103608 0.162422 0.012062
v 0.110611 0.165088 0.014724
v 0.101991 0.162232 0.016607
v 0.103608 0.162422 0.012062
v 0.108866 0.164902 0.019307
v 0.110611 0.165088 0.014724
v 0.101991 0.162232 0.016607
v 0.108204 0.166518 0.019249
v 0.106840 0.166382 0.022737
v 0.112801 0.143702 0.020316
v 0.106840 0.166382 0.022737
v 0.111566 0.143562 0.023766
v 0.112801 0.143702 0.020316
v 0.112801 0.143702 0.020316
v 0.106840 0.166382 0.022737
v 0.108204 0.166518 0.019249
v 0.112801 0.143702 0.020316
v 0.111566 0.143562 0.023766
v 0.106840 0.166382 0.022737
v 0.135318 0.132353 0.032274
v 0.115373 0.107123 0.020267
v 0.139328 0.111991 0.028166
v 0.099795 0.123175 0.018686
v 0.104393 0.142099 0.024709
v 0.160182 0.134150 -0.035588
v 0.124060 0.125072 -0.047889
v 0.132254 0.144192 -0.051608
v 0.137276 0.108831 -0.040005
v 0.160650 0.113571 -0.030247
v 0.163490 0.115474 0.022526
v 0.135318 0.132353 0.032274
v 0.139328 0.111991 0.028166
v 0.163037 0.138044 0.026139
v 0.173177 0.114809 0.007419
v 0.163037 0.138044 0.026139
v 0.163490 0.115474 0.022526
v 0.173231 0.139454 0.008221
v 0.173177 0.114809 0.007419
v 0.176931 0.139148 -0.012153
v 0.173231 0.139454 0.008221
v 0.175386 0.116337 -0.010126
v 0.175386 0.116337 -0.010126
v 0.160182 0.134150 -0.035588
v 0.176931 0.139148 -0.012153
v 0.160650 0.113571 -0.030247
v 0.160342 0.169137 -0.055261
v 0.139236 0.162799 -0.057037
v 0.140233 0.166133 -0.053500
v 0.154873 0.157397 -0.067962
v 0.092124 0.143747 -0.015751
v 0.102404 0.146681 -0.003292
v 0.101249 0.148817 -0.003660
v 0.093281 0.141744 -0.015391
v 0.092289 0.143071 -0.021350
v 0.093446 0.141069 -0.020991
v 0.096841 0.142064 -0.025273
v 0.095249 0.144966 -0.026266
v 0.109120 0.151847 -0.029265
v 0.110443 0.149849 -0.028815
v 0.094217 0.146564 -0.026634
v 0.091582 0.144010 -0.021487
v 0.090551 0.145741 -0.021864
v 0.090202 0.146309 -0.015924
v 0.106195 -0.011652 0.020654
v 0.105477 0.011055 -0.005471
v 0.099704 -0.012006 0.001730
v 0.111355 0.009842 0.015841
v 0.124072 -0.012289 0.033233
v 0.124786 0.009819 0.025061
v 0.139818 0.010507 0.025787
v 0.165575 -0.008003 -0.075641
v 0.155603 0.017584 -0.065248
v 0.167908 0.017537 -0.056535
v 0.139316 0.016876 -0.066445
v 0.142991 -0.006713 -0.078069
v 0.121750 0.015211 -0.053207
v 0.125591 -0.008481 -0.068091
v 0.096766 0.145427 0.023076
v 0.106225 0.120645 0.021874
v 0.103763 0.146057 0.025461
v 0.098297 0.124614 0.010489
v 0.094347 0.146169 0.019955
v 0.131156 0.153594 -0.057393
v 0.151064 0.145297 -0.068670
v 0.129860 0.148573 -0.054568
v 0.156672 0.155564 -0.057728
v 0.135690 0.157864 -0.055237
v 0.126504 0.144280 -0.053148
v 0.138951 0.132759 -0.061877
v 0.127027 0.137580 -0.047242
v 0.143238 0.146360 -0.064492
v 0.130580 0.148704 -0.054508
v 0.091362 0.144574 -0.015584
v 0.090202 0.146309 -0.015924
v 0.091582 0.144010 -0.021487
v 0.099840 0.151229 -0.003974
v 0.101162 0.149231 -0.003524
v 0.095684 0.144067 -0.025632
v 0.096841 0.142064 -0.025273
v 0.092289 0.143071 -0.021350
v 0.111502 0.147325 -0.028252
v 0.110349 0.149595 -0.028630
v 0.083091 0.170183 0.010261
v 0.084364 0.162765 0.006342
v 0.086797 0.163225 0.009376
v 0.080726 0.169537 0.006521
v 0.125591 -0.008481 -0.068091
v 0.114398 -0.010161 -0.054060
v 0.111801 0.013652 -0.037310
v 0.111801 0.013652 -0.037310
v 0.121750 0.015211 -0.053207
v 0.125591 -0.008481 -0.068091
v 0.099704 -0.012006 0.001730
v 0.105477 0.011055 -0.005471
v 0.107218 0.012507 -0.024133
v 0.100605 -0.011379 -0.017329
v 0.099704 -0.012006 0.001730
v 0.107218 0.012507 -0.024133
v 0.124072 -0.012289 0.033233
v 0.143701 -0.011384 0.035816
v 0.139818 0.010507 0.025787
v 0.167908 0.017537 -0.056535
v 0.181731 -0.007368 -0.064325
v 0.165575 -0.008003 -0.075641
v 0.084005 0.162315 0.005638
v 0.080726 0.169537 0.006521
v 0.082897 0.163322 0.002675
v 0.080726 0.169537 0.006521
v 0.078284 0.173902 0.001477
v 0.082897 0.163322 0.002675
v 0.143254 0.137798 0.006623
v 0.130655 0.140546 0.012924
v 0.131564 0.137058 0.014997
v 0.141349 0.140463 0.006018
v 0.151895 0.138538 -0.004076
v 0.111229 0.036648 -0.053842
v 0.118545 0.021879 -0.054407
v 0.112473 0.021252 -0.045448
v 0.125373 0.022976 -0.064180
v 0.124345 0.044834 -0.066786
v 0.146053 0.142112 -0.016884
v 0.147989 0.139386 -0.017124
v 0.138870 0.143320 -0.027318
v 0.151895 0.138538 -0.004076
v 0.150012 0.141243 -0.004131
v 0.116112 0.038136 -0.049218
v 0.117222 0.038547 -0.052650
v 0.118222 0.038734 -0.055475
v 0.119459 0.039007 -0.058935
v 0.177056 0.055074 -0.087834
v 0.174986 0.044623 -0.108197
v 0.169712 0.054001 -0.088966
v 0.185291 0.042536 -0.107574
v 0.183161 0.037306 -0.098472
v 0.179094 0.034041 -0.101534
v 0.172793 0.054403 -0.088498
v 0.192081 0.017208 -0.111174
v 0.175691 0.051972 0.086444
v 0.171156 0.054914 0.089249
v 0.183000 0.036941 0.102692
v 0.162741 0.070265 0.075402
v 0.172986 0.035073 0.106874
v 0.161794 0.049458 0.092229
v 0.168923 0.030351 0.107831
v 0.165800 0.053934 0.091585
v 0.165800 0.053934 0.091585
v 0.156998 0.069165 0.077861
v 0.161794 0.049458 0.092229
v 0.160690 0.070974 0.079313
v 0.195558 0.042162 -0.083268
v 0.177056 0.055074 -0.087834
v 0.176722 0.053182 -0.080609
v 0.177056 0.055074 -0.087834
v 0.195558 0.042162 -0.083268
v 0.196669 0.041123 -0.093737
v 0.177056 0.055074 -0.087834
v 0.183161 0.037306 -0.098472
v 0.172793 0.054403 -0.088498
v 0.179094 0.034041 -0.101534
v 0.192081 0.017208 -0.111174
v 0.187937 0.013791 -0.114482
v 0.176844 0.053903 -0.083633
v 0.186971 0.036784 -0.093955
v 0.177056 0.055074 -0.087834
v 0.186971 0.036784 -0.093955
v 0.176844 0.053903 -0.083633
v 0.188898 0.032899 -0.089774
v 0.186971 0.036784 -0.093955
v 0.188898 0.032899 -0.089774
v 0.199129 0.016398 -0.102688
v 0.199129 0.016398 -0.102688
v 0.188898 0.032899 -0.089774
v 0.201181 0.012108 -0.098515
v 0.175691 0.051972 0.086444
v 0.183000 0.036941 0.102692
v 0.187699 0.033871 0.099988
v 0.171156 0.054914 0.089249
v 0.162741 0.070265 0.075402
v 0.160690 0.070974 0.079313
v 0.160690 0.070974 0.079313
v 0.152470 0.057912 0.096196
v 0.162107 0.058381 0.100477
v 0.181903 0.063279 0.083984
v 0.160690 0.070974 0.079313
v 0.178379 0.061333 0.093687
v 0.160690 0.070974 0.079313
v 0.181903 0.063279 0.083984
v 0.164158 0.069915 0.072632
v 0.160690 0.070974 0.079313
v 0.154273 0.068042 0.076777
v 0.152470 0.057912 0.096196
v 0.138870 0.143320 -0.027318
v 0.147989 0.139386 -0.017124
v 0.140534 0.140194 -0.029409
v 0.141349 0.140463 0.006018
v 0.151895 0.138538 -0.004076
v 0.150012 0.141243 -0.004131
v 0.112473 0.021252 -0.045448
v 0.104135 0.040575 -0.035942
v 0.111229 0.036648 -0.053842
v 0.104135 0.040575 -0.035942
v 0.111642 0.055650 -0.049257
v 0.111229 0.036648 -0.053842
v 0.111642 0.055650 -0.049257
v 0.124345 0.044834 -0.066786
v 0.111229 0.036648 -0.053842
v 0.091206 0.148014 0.017110
v 0.097146 0.123927 0.013812
v 0.094347 0.146169 0.019955
v 0.090830 0.126865 0.003286
v 0.090181 0.149734 0.010994
v 0.142991 -0.006713 -0.078069
v 0.121750 0.015211 -0.053207
v 0.125591 -0.008481 -0.068091
v 0.139316 0.016876 -0.066445
v 0.165575 -0.008003 -0.075641
v 0.155603 0.017584 -0.065248
v 0.167908 0.017537 -0.056535
v 0.091362 0.144574 -0.015584
v 0.099840 0.151229 -0.003974
v 0.101162 0.149231 -0.003524
v 0.090202 0.146309 -0.015924
v 0.091582 0.144010 -0.021487
v 0.090551 0.145741 -0.021864
v 0.094217 0.146564 -0.026634
v 0.095684 0.144067 -0.025632
v 0.111502 0.147325 -0.028252
v 0.110349 0.149595 -0.028630
v 0.096841 0.142064 -0.025273
v 0.092289 0.143071 -0.021350
v 0.093446 0.141069 -0.020991
v 0.093281 0.141744 -0.015391
v 0.124072 -0.012289 0.033233
v 0.124786 0.009819 0.025061
v 0.139818 0.010507 0.025787
v 0.111355 0.009842 0.015841
v 0.106195 -0.011652 0.020654
v 0.105477 0.011055 -0.005471
v 0.099704 -0.012006 0.001730
v 0.173177 0.114809 0.007419
v 0.176931 0.139148 -0.012153
v 0.175386 0.116337 -0.010126
v 0.173231 0.139454 0.008221
v 0.163037 0.138044 0.026139
v 0.160182 0.134150 -0.035588
v 0.137276 0.108831 -0.040005
v 0.160650 0.113571 -0.030247
v 0.124060 0.125072 -0.047889
v 0.132254 0.144192 -0.051608
v 0.135318 0.132353 0.032274
v 0.099795 0.123175 0.018686
v 0.104393 0.142099 0.024709
v 0.115373 0.107123 0.020267
v 0.139328 0.111991 0.028166
v 0.092124 0.143747 -0.015751
v 0.093281 0.141744 -0.015391
v 0.092289 0.143071 -0.021350
v 0.102404 0.146681 -0.003292
v 0.101249 0.148817 -0.003660
v 0.095249 0.144966 -0.026266
v 0.094217 0.146564 -0.026634
v 0.091582 0.144010 -0.021487
v 0.109120 0.151847 -0.029265
v 0.110443 0.149849 -0.028815
v 0.099704 -0.012006 0.001730
v 0.107218 0.012507 -0.024133
v 0.105477 0.011055 -0.005471
v 0.100605 -0.011379 -0.017329
v 0.135318 0.132353 0.032274
v 0.163490 0.115474 0.022526
v 0.139328 0.111991 0.028166
v 0.163037 0.138044 0.026139
v 0.160182 0.134150 -0.035588
v 0.175386 0.116337 -0.010126
v 0.176931 0.139148 -0.012153
v 0.160650 0.113571 -0.030247
v 0.111801 0.013652 -0.037310
v 0.114398 -0.010161 -0.054060
v 0.125591 -0.008481 -0.068091
v 0.125591 -0.008481 -0.068091
v 0.121750 0.015211 -0.053207
v 0.111801 0.013652 -0.037310
v 0.173177 0.114809 0.007419
v 0.163490 0.115474 0.022526
v 0.163037 0.138044 0.026139
v 0.139818 0.010507 0.025787
v 0.143701 -0.011384 0.035816
v 0.124072 -0.012289 0.033233
v 0.165575 -0.008003 -0.075641
v 0.181731 -0.007368 -0.064325
v 0.167908 0.017537 -0.056535
v 0.070783 0.192369 -0.037901
v 0.069444 0.192076 -0.032871
v 0.071152 0.198536 -0.030598
v 0.069444 0.192076 -0.032871
v 0.070783 0.192369 -0.037901
v 0.073107 0.183563 -0.038534
v 0.073107 0.183563 -0.038534
v 0.070783 0.192369 -0.037901
v 0.077510 0.185084 -0.044687
v 0.071152 0.198536 -0.030598
v 0.069444 0.192076 -0.032871
v 0.070541 0.202017 -0.021563
v 0.188720 -0.033201 -0.004277
v 0.175923 -0.033787 0.020923
v 0.169421 -0.009673 0.018926
v 0.153960 -0.033652 0.034206
v 0.146728 -0.012105 0.031900
v 0.126960 -0.034621 0.037006
v 0.129276 -0.011942 0.031404
v 0.106089 -0.010654 0.015859
v 0.112922 0.009965 0.015933
v 0.106807 0.011092 -0.004744
v 0.103124 -0.031989 0.017639
v 0.100277 -0.031203 -0.010968
v 0.107635 -0.030891 -0.037075
v 0.120120 -0.030873 -0.060885
v 0.110269 -0.008421 -0.034359
v 0.122829 -0.007457 -0.059936
v 0.109344 0.013075 -0.030813
v 0.123224 0.015214 -0.052939
v 0.142926 -0.030462 -0.079490
v 0.172459 -0.032504 -0.077087
v 0.140486 -0.006841 -0.074667
v 0.167854 -0.007406 -0.070752
v 0.140757 0.016807 -0.065323
v 0.156736 0.017348 -0.062765
v 0.120120 -0.030873 -0.060885
v 0.142926 -0.030462 -0.079490
v 0.122829 -0.007457 -0.059936
v 0.140486 -0.006841 -0.074667
v 0.123224 0.015214 -0.052939
v 0.140757 0.016807 -0.065323
v 0.190320 -0.032125 -0.056037
v 0.196902 -0.033069 -0.030893
v 0.189746 -0.007574 -0.034333
v 0.188720 -0.033201 -0.004277
v 0.182539 -0.008182 -0.006711
v 0.169421 -0.009673 0.018926
v 0.160542 0.012261 0.014277
v 0.146728 -0.012105 0.031900
v 0.141678 0.010497 0.025943
v 0.129276 -0.011942 0.031404
v 0.127211 0.009968 0.023781
v 0.112922 0.009965 0.015933
v 0.185679 0.069500 -0.017048
v 0.179776 0.066658 0.011466
v 0.161507 0.064559 0.007448
v 0.185050 0.066811 0.019986
v 0.193877 0.071019 -0.022633
v 0.191626 0.045805 0.018529
v 0.200236 0.049833 -0.022895
v 0.184726 0.012642 0.019619
v 0.199961 0.015673 -0.023397
v 0.179297 0.000440 0.019113
v 0.196533 0.003051 -0.027539
v 0.166358 0.006365 0.006123
v 0.177467 0.008785 -0.025567
v 0.175923 -0.033787 0.020923
v 0.153960 -0.033652 0.034206
v 0.126960 -0.034621 0.037006
v 0.103124 -0.031989 0.017639
v 0.106089 -0.010654 0.015859
v 0.102759 -0.009831 -0.006732
v 0.106807 0.011092 -0.004744
v 0.109344 0.013075 -0.030813
v 0.190320 -0.032125 -0.056037
v 0.172459 -0.032504 -0.077087
v 0.181287 -0.008091 -0.059527
v 0.189746 -0.007574 -0.034333
v 0.177195 0.016334 -0.034544
v 0.182539 -0.008182 -0.006711
v 0.171839 0.014343 -0.009048
v 0.160542 0.012261 0.014277
v 0.184588 0.076429 -0.012448
v 0.167409 0.067402 -0.021066
v 0.164971 0.074190 -0.016762
v 0.185679 0.069500 -0.017048
v 0.200209 0.067097 -0.034993
v 0.189595 0.037520 -0.020187
v 0.200146 0.040175 -0.039415
v 0.191735 0.040163 -0.039049
v 0.211726 0.059050 -0.049707
v 0.103575 0.160055 0.014614
v 0.103608 0.162422 0.012062
v 0.179776 0.066658 0.011466
v 0.180346 0.074346 0.008250
v 0.161507 0.064559 0.007448
v 0.186202 0.060337 0.032829
v 0.183477 0.034632 0.009512
v 0.185508 0.033112 0.031552
v 0.177890 0.033470 0.027882
v 0.191347 0.049213 0.048882
v 0.181819 0.101510 -0.020924
v 0.184588 0.076429 -0.012448
v 0.164971 0.074190 -0.016762
v 0.189201 0.102592 -0.019663
v 0.199787 0.118126 -0.022437
v 0.200209 0.067097 -0.034993
v 0.212290 0.107480 -0.046916
v 0.219939 0.079443 -0.052541
v 0.191735 0.040163 -0.039049
v 0.172838 0.035567 -0.023819
v 0.189595 0.037520 -0.020187
v 0.177836 0.037655 -0.044319
v 0.202461 0.056437 -0.051990
v 0.184031 0.074428 -0.043913
v 0.212850 0.075824 -0.055392
v 0.201938 0.108757 -0.047610
v 0.166720 0.032678 0.005880
v 0.177890 0.033470 0.027882
v 0.183477 0.034632 0.009512
v 0.163197 0.030592 0.026648
v 0.167477 0.066417 0.035937
v 0.182157 0.046618 0.046856
v 0.189531 0.064652 0.057725
v 0.180346 0.074346 0.008250
v 0.175571 0.098243 0.016536
v 0.160601 0.072111 0.003973
v 0.182952 0.099192 0.017807
v 0.186202 0.060337 0.032829
v 0.191563 0.113703 0.026598
v 0.195696 0.098670 0.051612
v 0.191626 0.045805 0.018529
v 0.179776 0.066658 0.011466
v 0.185050 0.066811 0.019986
v 0.183477 0.034632 0.009512
v 0.184726 0.012642 0.019619
v 0.179297 0.000440 0.019113
v 0.100277 -0.031203 -0.010968
v 0.102759 -0.009831 -0.006732
v 0.103124 -0.031989 0.017639
v 0.110269 -0.008421 -0.034359
v 0.107635 -0.030891 -0.037075
v 0.167854 -0.007406 -0.070752
v 0.169478 0.017463 -0.055451
v 0.156736 0.017348 -0.062765
v 0.181287 -0.008091 -0.059527
v 0.172459 -0.032504 -0.077087
v 0.196902 -0.033069 -0.030893
v 0.188720 -0.033201 -0.004277
v 0.186202 0.060337 0.032829
v 0.196905 0.068265 0.058674
v 0.195696 0.098670 0.051612
v 0.191347 0.049213 0.048882
v 0.185508 0.033112 0.031552
v 0.167477 0.066417 0.035937
v 0.185632 0.100208 0.048998
v 0.189531 0.064652 0.057725
v 0.181072 0.118417 0.026967
v 0.166800 0.096611 0.014881
v 0.167477 0.066417 0.035937
v 0.160601 0.072111 0.003973
v 0.166800 0.096611 0.014881
v 0.161507 0.064559 0.007448
v 0.166720 0.032678 0.005880
v 0.184031 0.074428 -0.043913
v 0.172838 0.035567 -0.023819
v 0.177836 0.037655 -0.044319
v 0.167409 0.067402 -0.021066
v 0.164971 0.074190 -0.016762
v 0.184031 0.074428 -0.043913
v 0.173215 0.100016 -0.022498
v 0.164971 0.074190 -0.016762
v 0.189889 0.123000 -0.025331
v 0.201938 0.108757 -0.047610
v 0.172838 0.035567 -0.023819
v 0.166358 0.006365 0.006123
v 0.177467 0.008785 -0.025567
v 0.166720 0.032678 0.005880
v 0.161507 0.064559 0.007448
v 0.165800 0.053934 0.091585
v 0.156998 0.069165 0.077861
v 0.160690 0.070974 0.079313
v 0.161794 0.049458 0.092229
v 0.172986 0.035073 0.106874
v 0.146053 0.142112 -0.016884
v 0.151895 0.138538 -0.004076
v 0.150012 0.141243 -0.004131
v 0.147989 0.139386 -0.017124
v 0.111229 0.036648 -0.053842
v 0.111642 0.055650 -0.049257
v 0.104135 0.040575 -0.035942
v 0.124345 0.044834 -0.066786
v 0.125373 0.022976 -0.064180
v 0.176778 0.067538 0.038032
v 0.195696 0.098670 0.051612
v 0.196905 0.068265 0.058674
v 0.191563 0.113703 0.026598
v 0.175571 0.098243 0.016536
v 0.176778 0.067538 0.038032
v 0.181072 0.118417 0.026967
v 0.175571 0.098243 0.016536
v 0.185632 0.100208 0.048998
v 0.189531 0.064652 0.057725
v 0.176778 0.067538 0.038032
v 0.182157 0.046618 0.046856
v 0.189531 0.064652 0.057725
v 0.177890 0.033470 0.027882
v 0.191347 0.049213 0.048882
v 0.189595 0.037520 -0.020187
v 0.196533 0.003051 -0.027539
v 0.199961 0.015673 -0.023397
v 0.177467 0.008785 -0.025567
v 0.172838 0.035567 -0.023819
v 0.200236 0.049833 -0.022895
v 0.189595 0.037520 -0.020187
v 0.199961 0.015673 -0.023397
v 0.185679 0.069500 -0.017048
v 0.193877 0.071019 -0.022633
v 0.193295 0.075540 -0.041946
v 0.212290 0.107480 -0.046916
v 0.199787 0.118126 -0.022437
v 0.219939 0.079443 -0.052541
v 0.211726 0.059050 -0.049707
v 0.193295 0.075540 -0.041946
v 0.191735 0.040163 -0.039049
v 0.211726 0.059050 -0.049707
v 0.202461 0.056437 -0.051990
v 0.212850 0.075824 -0.055392
v 0.193295 0.075540 -0.041946
v 0.201938 0.108757 -0.047610
v 0.212850 0.075824 -0.055392
v 0.189889 0.123000 -0.025331
v 0.181819 0.101510 -0.020924
v 0.166800 0.096611 0.014881
v 0.175571 0.098243 0.016536
v 0.181072 0.118417 0.026967
v 0.160601 0.072111 0.003973
v 0.183477 0.034632 0.009512
v 0.166358 0.006365 0.006123
v 0.166720 0.032678 0.005880
v 0.179297 0.000440 0.019113
v 0.173215 0.100016 -0.022498
v 0.181819 0.101510 -0.020924
v 0.164971 0.074190 -0.016762
v 0.189889 0.123000 -0.025331
v 0.200209 0.067097 -0.034993
v 0.211726 0.059050 -0.049707
v 0.200146 0.040175 -0.039415
v 0.219939 0.079443 -0.052541
v 0.116112 0.038136 -0.049218
v 0.117222 0.038547 -0.052650
v 0.118222 0.038734 -0.055475
v 0.119459 0.039007 -0.058935
v 0.177056 0.055074 -0.087834
v 0.195558 0.042162 -0.083268
v 0.176722 0.053182 -0.080609
v 0.196669 0.041123 -0.093737
v 0.179094 0.034041 -0.101534
v 0.192081 0.017208 -0.111174
v 0.183161 0.037306 -0.098472
v 0.187937 0.013791 -0.114482
v 0.171156 0.054914 0.089249
v 0.162741 0.070265 0.075402
v 0.175691 0.051972 0.086444
v 0.160690 0.070974 0.079313
v 0.152470 0.057912 0.096196
v 0.160690 0.070974 0.079313
v 0.162107 0.058381 0.100477
v 0.154273 0.068042 0.076777
v 0.160690 0.070974 0.079313
v 0.181903 0.063279 0.083984
v 0.178379 0.061333 0.093687
v 0.164158 0.069915 0.072632
v 0.130655 0.140546 0.012924
v 0.143254 0.137798 0.006623
v 0.131564 0.137058 0.014997
v 0.141349 0.140463 0.006018
v 0.111229 0.036648 -0.053842
v 0.118545 0.021879 -0.054407
v 0.125373 0.022976 -0.064180
v 0.112473 0.021252 -0.045448
v 0.110269 -0.008421 -0.034359
v 0.109344 0.013075 -0.030813
v 0.102759 -0.009831 -0.006732
v 0.177195 0.016334 -0.034544
v 0.169478 0.017463 -0.055451
v 0.181287 -0.008091 -0.059527
v 0.191563 0.113703 0.026598
v 0.175571 0.098243 0.016536
v 0.182952 0.099192 0.017807
v 0.176778 0.067538 0.038032
v 0.196905 0.068265 0.058674
v 0.191347 0.049213 0.048882
v 0.163197 0.030592 0.026648
v 0.182157 0.046618 0.046856
v 0.177890 0.033470 0.027882
v 0.180346 0.074346 0.008250
v 0.160601 0.072111 0.003973
v 0.161507 0.064559 0.007448
v 0.167409 0.067402 -0.021066
v 0.185679 0.069500 -0.017048
v 0.161507 0.064559 0.007448
v 0.172838 0.035567 -0.023819
v 0.167409 0.067402 -0.021066
v 0.161507 0.064559 0.007448
v 0.184588 0.076429 -0.012448
v 0.189201 0.102592 -0.019663
v 0.200209 0.067097 -0.034993
v 0.199787 0.118126 -0.022437
v 0.181819 0.101510 -0.020924
v 0.193295 0.075540 -0.041946
v 0.174986 0.044623 -0.108197
v 0.177056 0.055074 -0.087834
v 0.169712 0.054001 -0.088966
v 0.185291 0.042536 -0.107574
v 0.177056 0.055074 -0.087834
v 0.174986 0.044623 -0.108197
v 0.172793 0.054403 -0.088498
v 0.183161 0.037306 -0.098472
v 0.177056 0.055074 -0.087834
v 0.179094 0.034041 -0.101534
v 0.183161 0.037306 -0.098472
v 0.172793 0.054403 -0.088498
v 0.177056 0.055074 -0.087834
v 0.186971 0.036784 -0.093955
v 0.176844 0.053903 -0.083633
v 0.188898 0.032899 -0.089774
v 0.176844 0.053903 -0.083633
v 0.186971 0.036784 -0.093955
v 0.199129 0.016398 -0.102688
v 0.188898 0.032899 -0.089774
v 0.186971 0.036784 -0.093955
v 0.201181 0.012108 -0.098515
v 0.188898 0.032899 -0.089774
v 0.199129 0.016398 -0.102688
v 0.187699 0.033871 0.099988
v 0.183000 0.036941 0.102692
v 0.175691 0.051972 0.086444
v 0.183000 0.036941 0.102692
v 0.171156 0.054914 0.089249
v 0.175691 0.051972 0.086444
v 0.168923 0.030351 0.107831
v 0.161794 0.049458 0.092229
v 0.172986 0.035073 0.106874
v 0.140534 0.140194 -0.029409
v 0.147989 0.139386 -0.017124
v 0.151895 0.138538 -0.004076
v 0.143254 0.137798 0.006623
v 0.141349 0.140463 0.006018
v 0.150012 0.141243 -0.004131
v 0.151895 0.138538 -0.004076
v 0.141349 0.140463 0.006018
v 0.111229 0.036648 -0.053842
v 0.104135 0.040575 -0.035942
v 0.112473 0.021252 -0.045448
vn -0.6174 -0.2004 0.7607
vn -0.7993 -0.3494 0.4889
vn -0.7624 -0.2386 0.6015
vn -0.6079 -0.2674 0.7477
vn -0.3093 -0.1316 0.9418
vn -0.5522 -0.2027 -0.8087
vn -0.5723 0.1502 -0.8062
vn -0.3045 0.0349 -0.9519
vn -0.6930 -0.2359 -0.6813
vn -0.5771 -0.5736 -0.5814
vn -0.6691 -0.4795 0.5679
vn -0.6301 -0.5076 0.5876
vn -0.5954 -0.5670 0.5692
vn -0.7116 -0.4371 0.5500
vn -0.8627 -0.4178 0.2849
vn 0.8821 -0.0708 0.4657
vn 0.8862 0.1016 0.4521
vn 0.8164 0.3955 0.4209
vn 0.8555 -0.2491 0.4539
vn 0.8843 -0.2888 0.3668
vn 0.8169 0.3955 0.4199
vn 0.8860 0.1108 0.4503
vn 0.7964 0.4479 0.4063
vn -0.8821 0.0708 -0.4657
vn -0.8555 0.2490 -0.4540
vn -0.9197 -0.3733 -0.1215
vn -0.8860 -0.1058 -0.4514
vn -0.8150 -0.3999 -0.4193
vn -0.7944 -0.4523 -0.4055
vn -0.7106 -0.6010 -0.3657
vn -0.8864 -0.1972 0.4189
vn -0.9362 -0.1794 0.3021
vn -0.9771 -0.1721 0.1249
vn -0.8038 -0.2659 0.5322
vn -0.7618 -0.2344 0.6039
vn -0.1481 0.1583 -0.9762
vn -0.0580 0.6236 -0.7796
vn 0.1698 0.4158 -0.8935
vn -0.3849 0.2774 -0.8803
vn -0.4238 -0.4353 -0.7943
vn -0.9696 -0.2274 -0.0902
vn -0.9295 -0.3227 -0.1785
vn -0.9963 0.0525 -0.0683
vn -0.8607 -0.4868 -0.1493
vn 0.9967 -0.0527 0.0625
vn 0.9713 0.2208 0.0884
vn 0.9803 -0.1470 0.1322
vn 0.9308 0.3182 0.1800
vn -0.9667 -0.1980 -0.1624
vn -0.9789 0.1540 -0.1343
vn -0.9960 0.0612 -0.0651
vn -0.9803 0.1470 -0.1322
vn -0.9717 -0.2212 -0.0829
vn -0.9966 0.0547 -0.0610
vn -0.9282 -0.1091 -0.3557
vn -0.9788 0.1485 -0.1409
vn -0.9667 -0.1948 -0.1659
vn -0.8609 -0.4786 0.1727
vn -0.8889 -0.4300 0.1580
vn -0.8720 -0.4533 0.1849
vn -0.8643 -0.4176 0.2802
vn -0.1159 -0.7682 -0.6297
vn -0.8661 -0.4170 0.2758
vn 0.9959 -0.0613 0.0662
vn 0.9789 -0.1540 0.1343
vn 0.9269 -0.2623 0.2684
vn 0.9262 -0.2567 0.2762
vn 0.9788 -0.1485 0.1409
vn 0.8948 -0.0878 0.4377
vn -0.9333 -0.3262 -0.1499
vn -0.9195 -0.3650 -0.1461
vn -0.8780 -0.4380 -0.1932
vn -0.9687 0.0406 -0.2450
vn -0.9709 0.0402 -0.2359
vn -0.9198 -0.3733 -0.1206
vn 0.9684 -0.0449 0.2455
vn 0.9709 -0.0403 0.2360
vn 0.9333 0.3262 0.1502
vn 0.8865 -0.2886 0.3618
vn 0.9261 -0.2603 0.2730
vn 0.0164 -0.5211 -0.8534
vn 0.2392 -0.2635 -0.9345
vn 0.8295 -0.1801 -0.5286
vn 0.0164 -0.5210 -0.8534
vn -0.5698 -0.6058 -0.5553
vn 0.2487 -0.2632 -0.9321
vn -0.9682 0.0453 -0.2462
vn -0.9192 -0.3740 -0.1230
vn -0.9667 -0.1980 -0.1623
vn 0.4117 -0.4340 0.8013
vn 0.3012 -0.3962 0.8674
vn 0.3792 -0.5025 0.7770
vn 0.9690 -0.0358 0.2445
vn 0.9344 0.3221 0.1522
vn 0.9208 0.3608 0.1480
vn -0.1720 0.4802 -0.8601
vn -0.1728 0.7530 -0.6349
vn 0.1507 0.7533 -0.6401
vn -0.4092 0.4384 -0.8002
vn -0.3176 -0.0529 -0.9468
vn -0.8357 -0.2385 -0.4946
vn -0.7663 -0.2349 -0.5980
vn -0.8157 0.1020 -0.5693
vn -0.7484 -0.2962 -0.5934
vn -0.9243 0.3201 -0.2080
vn -0.9623 0.1444 -0.2303
vn -0.8179 0.1094 -0.5649
vn -0.8405 -0.2393 -0.4861
vn -0.8158 0.1069 -0.5684
vn -0.9636 0.1347 -0.2310
vn -0.8334 -0.5520 0.0274
vn -0.9627 0.1442 -0.2291
vn -0.9243 0.3200 -0.2080
vn -0.9185 -0.3627 0.1578
vn -0.9526 -0.2806 0.1178
vn -0.9352 -0.3467 0.0726
vn -0.9227 -0.2968 0.2461
vn -0.9319 -0.2691 0.2433
vn -0.9679 -0.1608 0.1932
vn -0.9831 -0.1595 0.0897
vn -0.9950 -0.0408 0.0912
vn -0.9379 -0.0634 -0.3410
vn -0.9937 -0.0798 0.0792
vn -0.9434 -0.0538 -0.3272
vn -0.9885 -0.1460 -0.0393
vn -0.9284 -0.1462 -0.3417
vn -0.8704 -0.3485 -0.3476
vn -0.7770 -0.1354 -0.6148
vn -0.7655 -0.4084 -0.4972
vn -0.6740 -0.3110 -0.6701
vn -0.4539 -0.6857 -0.5690
vn -0.3493 -0.7024 -0.6202
vn -0.4966 -0.6599 -0.5639
vn -0.3979 -0.7815 -0.4805
vn -0.5025 -0.6049 -0.6177
vn -0.5877 -0.6702 -0.4533
vn -0.4793 -0.3850 -0.7887
vn -0.5665 -0.4830 -0.6677
vn -0.2714 -0.1731 -0.9468
vn -0.3150 -0.4246 -0.8488
vn -0.0902 -0.1792 -0.9797
vn -0.1941 -0.2822 -0.9395
vn -0.0361 -0.0990 -0.9944
vn -0.2911 -0.0331 -0.9561
vn -0.0452 -0.0220 -0.9987
vn -0.2133 -0.0553 -0.9754
vn -0.0096 -0.1791 -0.9838
vn -0.2893 -0.2202 -0.9316
vn -0.1027 -0.3754 -0.9212
vn -0.4371 -0.2633 -0.8600
vn -0.3645 -0.4743 -0.8013
vn -0.6318 -0.3599 -0.6865
vn -0.5112 -0.4734 -0.7174
vn -0.6459 -0.3090 -0.6981
vn -0.5330 -0.4639 -0.7076
vn -0.6197 -0.3226 -0.7155
vn -0.5914 -0.3184 -0.7409
vn -0.6990 -0.2338 -0.6758
vn -0.5284 -0.6036 -0.5970
vn -0.8941 -0.2974 -0.3349
vn -0.5582 -0.7994 -0.2223
vn -0.7728 -0.6299 0.0776
vn -0.4208 -0.9028 0.0887
vn -0.6454 -0.7405 0.1873
vn -0.2666 -0.9636 -0.0208
vn -0.8322 -0.5305 0.1614
vn -0.1009 -0.7851 -0.6111
vn -0.7787 -0.6032 0.1726
vn -0.8091 -0.1023 -0.5787
vn -0.8593 -0.0695 -0.5068
vn -0.9398 -0.0400 -0.3394
vn -0.6436 -0.1116 -0.7572
vn -0.5155 -0.2866 -0.8075
vn -0.7046 -0.0141 -0.7095
vn -0.6532 0.1336 -0.7453
vn -0.4898 -0.4894 -0.7215
vn -0.6073 -0.3340 -0.7208
vn -0.4030 -0.6483 -0.6460
vn -0.4439 -0.5416 -0.7139
vn -0.2665 -0.5982 -0.7557
vn -0.3422 -0.5739 -0.7440
vn -0.2016 -0.5898 -0.7820
vn -0.4283 -0.4761 -0.7680
vn -0.2602 -0.5286 -0.8080
vn -0.5874 -0.5220 -0.6184
vn -0.3042 -0.7854 -0.5391
vn -0.4578 -0.8664 -0.1993
vn 0.1166 -0.9563 -0.2681
vn -0.0165 -0.9990 -0.0416
vn 0.3301 -0.9393 0.0936
vn -0.0593 -0.9716 0.2292
vn 0.2072 -0.8992 0.3854
vn -0.0422 -0.8483 0.5278
vn -0.0038 -0.8117 0.5841
vn -0.3910 -0.7105 0.5851
vn -0.3134 -0.6925 0.6498
vn -0.5397 -0.6611 0.5213
vn -0.5713 -0.5729 0.5877
vn -0.6898 -0.6155 0.3812
vn -0.7890 -0.5091 0.3440
vn -0.7863 -0.5881 0.1896
vn -0.8456 -0.5022 0.1808
vn -0.8447 -0.5088 0.1663
vn -0.9365 -0.3318 0.1136
vn -0.9101 -0.3954 0.1240
vn -0.9360 -0.3422 0.0831
vn -0.9617 -0.2709 0.0417
vn -0.8988 -0.2812 -0.3363
vn -0.9211 -0.1823 -0.3440
vn -0.7160 -0.2265 -0.6603
vn -0.8958 -0.2921 -0.3350
vn -0.7130 -0.2292 -0.6626
vn -0.6500 -0.0893 -0.7547
vn -0.6989 -0.0649 -0.7122
vn -0.6481 -0.1565 -0.7453
vn -0.6676 -0.0955 -0.7384
vn -0.6485 -0.0894 -0.7559
vn -0.6055 -0.1355 -0.7842
vn -0.6133 -0.1342 -0.7784
vn -0.5421 -0.2683 -0.7963
vn -0.5514 -0.2407 -0.7988
vn -0.5972 -0.3321 -0.7301
vn -0.6142 -0.3300 -0.7169
vn -0.7249 -0.4307 -0.5376
vn -0.8256 -0.4687 -0.3143
vn -0.8966 -0.2915 -0.3334
vn -0.8909 -0.4477 -0.0765
vn -0.9450 -0.3177 0.0774
vn -0.9316 -0.3536 0.0842
vn -0.9358 -0.3356 0.1081
vn -0.9752 -0.2195 -0.0271
vn -0.9213 -0.3757 0.1002
vn -0.9827 -0.1854 0.0014
vn -0.8864 -0.2924 0.3588
vn -0.9446 -0.1483 0.2927
vn -0.8225 -0.2531 0.5093
vn -0.9042 -0.1139 0.4116
vn -0.7902 -0.0984 0.6049
vn -0.8402 -0.0737 0.5372
vn -0.6750 -0.0700 0.7345
vn -0.6631 -0.1446 0.7344
vn -0.5569 -0.1106 0.8232
vn -0.6869 -0.0679 0.7236
vn -0.5956 -0.1404 0.7909
vn -0.1353 -0.9908 -0.0019
vn 0.9223 -0.0330 0.3851
vn 0.8308 -0.1704 0.5299
vn 0.3811 -0.1955 0.9036
vn 0.9916 -0.0508 0.1186
vn 0.9772 0.1720 0.1246
vn 0.9917 0.0410 -0.1216
vn 0.9496 0.3116 0.0354
vn 0.9840 0.1704 -0.0520
vn 0.7881 0.6136 -0.0496
vn 0.9227 0.0386 0.3835
vn 0.7901 0.6119 -0.0361
vn 0.8505 0.5137 0.1132
vn 0.2012 0.8489 -0.4887
vn 0.3145 0.7260 -0.6115
vn -0.3665 0.5161 -0.7742
vn -0.2635 0.3919 -0.8814
vn -0.5265 0.1395 -0.8387
vn -0.2769 0.1857 -0.9428
vn -0.8031 -0.2028 -0.5603
vn -0.2893 0.2031 -0.9354
vn -0.3120 0.2045 -0.9278
vn 0.5155 0.2406 -0.8224
vn 0.5159 0.3058 -0.8002
vn 0.9925 0.0708 0.1001
vn -0.2678 0.0472 -0.9623
vn -0.4912 -0.0438 -0.8700
vn -0.4784 -0.3767 -0.7933
vn -0.2364 0.0829 -0.9681
vn -0.0496 -0.0300 -0.9983
vn 0.0611 -0.0909 -0.9940
vn 0.1061 -0.0611 -0.9925
vn 0.1831 -0.4707 -0.8631
vn 0.2631 -0.1012 -0.9594
vn 0.4355 -0.3639 -0.8234
vn 0.3863 -0.2169 -0.8965
vn 0.5713 -0.2926 -0.7668
vn 0.4140 -0.3110 -0.8555
vn 0.5031 -0.4756 -0.7216
vn 0.2361 -0.4531 -0.8596
vn 0.4230 -0.6379 -0.6436
vn 0.1870 -0.6437 -0.7421
vn 0.3871 -0.7757 -0.4985
vn 0.0879 -0.6684 -0.7386
vn 0.3178 -0.8123 -0.4891
vn 0.0108 -0.7446 -0.6674
vn 0.1161 -0.9536 -0.2778
vn -0.2955 -0.7860 -0.5430
vn -0.4611 -0.8667 -0.1902
vn -0.0683 -0.9715 0.2270
vn -0.0221 -0.9991 -0.0373
vn -0.5614 -0.8092 0.1732
vn -0.8360 -0.5445 0.0681
vn -0.7050 -0.5697 0.4224
vn -0.8090 -0.5117 0.2891
vn -0.6422 -0.6303 0.4363
vn -0.7285 -0.6072 0.3172
vn -0.6784 -0.6333 0.3725
vn -0.8008 -0.5567 0.2207
vn -0.6888 -0.6985 0.1941
vn -0.9897 -0.1240 0.0720
vn -0.8795 -0.4219 0.2200
vn -0.9358 0.3058 0.1752
vn -0.9921 0.0561 0.1125
vn -0.9002 -0.3180 0.2975
vn -0.9730 -0.1392 0.1839
vn -0.9901 -0.1202 -0.0730
vn -0.9831 -0.0865 -0.1611
vn -0.9385 -0.0398 -0.3429
vn -0.8933 -0.4428 -0.0773
vn -0.9184 -0.3627 0.1578
vn -0.9351 -0.3467 0.0727
vn -0.9235 -0.3576 0.1390
vn -0.8273 -0.4648 -0.3156
vn -0.8987 -0.4255 -0.1061
vn -0.8444 -0.4293 -0.3205
vn -0.9532 -0.3006 0.0319
vn -0.8915 -0.3062 -0.3338
vn -0.9841 -0.1558 0.0857
vn -0.9171 -0.2108 -0.3383
vn -0.9366 -0.0670 -0.3438
vn -0.6915 -0.1376 -0.7091
vn -0.6997 -0.0194 -0.7142
vn -0.6132 -0.1342 -0.7785
vn -0.6451 -0.0872 -0.7591
vn 0.3574 0.8690 -0.3422
vn -0.2777 0.8218 -0.4975
vn -0.0897 0.9360 -0.3405
vn -0.1416 0.8750 -0.4629
vn -0.0675 0.8624 -0.5018
vn -0.6221 0.6267 -0.4693
vn -0.7960 0.6013 0.0689
vn -0.7493 0.5185 -0.4120
vn -0.7017 0.7111 0.0444
vn -0.8747 0.4329 -0.2180
vn -0.9261 0.3488 -0.1437
vn -0.9919 0.0309 -0.1230
vn -0.9977 0.0283 -0.0611
vn -0.8116 -0.5836 -0.0265
vn -0.9217 -0.1014 0.3745
vn -0.5872 -0.7256 0.3588
vn -0.7143 -0.2061 0.6688
vn -0.3912 -0.5831 0.7120
vn -0.3469 -0.2316 0.9089
vn -0.1935 -0.2004 0.9604
vn -0.4964 0.0304 0.8676
vn -0.6207 -0.3889 -0.6808
vn -0.5572 -0.4188 -0.7170
vn -0.6978 -0.0695 -0.7129
vn -0.3577 -0.6983 -0.6201
vn -0.6804 -0.5841 -0.4425
vn -0.4062 -0.7774 -0.4803
vn -0.7702 -0.5353 -0.3468
vn -0.5950 -0.6639 -0.4530
vn -0.7985 -0.4272 -0.4242
vn -0.5665 -0.4829 -0.6677
vn -0.5819 -0.4037 -0.7060
vn -0.3207 -0.4307 -0.8436
vn -0.3600 -0.4025 -0.8417
vn -0.3447 -0.2778 -0.8967
vn -0.4711 -0.2639 -0.8417
vn -0.4738 -0.0889 -0.8761
vn -0.7475 -0.2022 -0.6328
vn -0.5355 -0.1183 -0.8362
vn -0.7475 -0.1678 -0.6427
vn -0.4420 -0.2608 -0.8582
vn -0.6357 -0.3526 -0.6867
vn -0.7486 -0.3234 0.5788
vn -0.6636 -0.1492 0.7331
vn -0.8378 -0.0760 0.5406
vn -0.6968 -0.2244 0.6813
vn -0.7808 -0.4587 0.4243
vn -0.8143 -0.2135 0.5398
vn -0.8544 -0.5050 0.1224
vn -0.8676 -0.4142 0.2752
vn -0.7296 -0.6808 -0.0649
vn -0.7714 -0.6251 0.1190
vn -0.6000 -0.7967 0.0729
vn -0.7314 -0.6773 0.0790
vn -0.6543 -0.7250 0.2151
vn -0.7015 -0.7042 0.1093
vn -0.9416 -0.3309 0.0626
vn -0.8988 -0.4179 -0.1327
vn -0.9878 -0.1517 -0.0356
vn -0.8721 -0.3489 -0.3431
vn 0.6872 -0.3412 -0.6413
vn 0.0183 -0.7480 -0.6634
vn 0.0735 -0.6231 -0.7787
vn 0.8971 -0.2897 -0.3336
vn 0.7439 0.5736 0.3430
vn 0.8059 0.4597 0.3730
vn -0.1829 0.4810 0.8574
vn 0.5101 0.6383 0.5765
vn -0.3843 0.4360 0.8137
vn -0.3357 0.7353 0.5887
vn -0.8327 0.1922 0.5192
vn -0.8728 0.2376 0.4264
vn -0.7017 -0.0888 0.7069
vn -0.4204 0.0535 0.9057
vn -0.5627 -0.2922 0.7733
vn -0.3759 0.0478 0.9254
vn -0.2661 -0.3223 0.9085
vn -0.1734 -0.1736 0.9694
vn -0.1022 -0.2124 0.9718
vn 0.0794 -0.6640 -0.7435
vn -0.1903 -0.5921 -0.7831
vn -0.2537 -0.5309 -0.8086
vn -0.0637 -0.6185 -0.7832
vn 0.1910 -0.6428 -0.7418
vn -0.0423 -0.5255 -0.8498
vn 0.2477 -0.4567 -0.8544
vn -0.0918 -0.3763 -0.9219
vn 0.1716 -0.2730 -0.9466
vn -0.0045 -0.1797 -0.9837
vn 0.1394 -0.1148 -0.9836
vn -0.0358 -0.0245 -0.9991
vn 0.1060 -0.0605 -0.9925
vn -0.0277 -0.0950 -0.9951
vn -0.0882 -0.1696 -0.9816
vn -0.2678 -0.1642 -0.9494
vn -0.5106 0.5631 -0.6498
vn 0.7567 0.6417 -0.1253
vn 0.2381 0.9059 0.3502
vn 0.6921 0.6449 -0.3242
vn -0.1375 0.7019 -0.6989
vn 0.4014 0.8047 -0.4374
vn -0.0873 0.2574 -0.9623
vn 0.0133 0.6603 -0.7509
vn -0.2142 -0.0147 -0.9767
vn -0.3786 0.0987 -0.9203
vn -0.4036 -0.5677 -0.7175
vn -0.5339 -0.7510 -0.3885
vn -0.0209 -0.8995 0.4364
vn -0.1641 -0.8782 0.4493
vn 0.3755 -0.1786 0.9095
vn 0.0183 -0.6502 0.7595
vn -0.2581 -0.5694 0.7805
vn -0.2352 -0.7939 0.5607
vn -0.0067 -0.5220 0.8529
vn -0.0602 -0.6897 0.7216
vn -0.0600 -0.5268 0.8479
vn -0.3593 -0.4991 0.7886
vn -0.2242 -0.3693 0.9019
vn -0.4683 -0.3200 0.8236
vn -0.3095 -0.2668 0.9127
vn -0.5100 -0.1803 0.8411
vn -0.3823 -0.1633 0.9095
vn -0.5534 -0.1089 0.8258
vn -0.4055 -0.5154 0.7549
vn -0.5882 -0.1379 0.7969
vn -0.8530 -0.5217 0.0170
vn -0.9885 -0.1263 -0.0836
vn -0.9066 -0.3336 0.2586
vn -0.9278 -0.1515 -0.3410
vn -0.8076 -0.5009 -0.3112
vn -0.6432 -0.5008 -0.5792
vn -0.4435 -0.8749 -0.1947
vn -0.2465 -0.8801 -0.4058
vn -0.3745 -0.9103 -0.1763
vn -0.5073 -0.7499 -0.4247
vn -0.5938 -0.6391 -0.4887
vn -0.4306 -0.5787 -0.6926
vn -0.6888 -0.4302 -0.5835
vn -0.4369 -0.4748 -0.7639
vn -0.5976 -0.5168 -0.6130
vn -0.8806 -0.4412 0.1729
vn -0.9915 -0.0886 0.0952
vn -0.9721 -0.1810 0.1492
vn -0.9063 -0.4103 0.1015
vn -0.6602 -0.7215 0.2088
vn -0.7953 -0.5925 -0.1282
vn -0.6063 -0.7923 0.0677
vn -0.8031 -0.5376 -0.2569
vn -0.7352 -0.6743 -0.0695
vn -0.8764 -0.4331 -0.2107
vn -0.8548 -0.5045 0.1219
vn -0.8926 -0.4269 0.1451
vn -0.7807 -0.4654 0.4171
vn -0.8101 -0.4367 0.3911
vn -0.8349 -0.3191 0.4485
vn 0.9582 -0.2792 -0.0625
vn 0.8559 0.4720 0.2113
vn -0.0745 -0.2609 -0.9625
vn 0.9438 0.0706 -0.3230
vn 0.5498 -0.1661 -0.8186
vn 0.2208 0.3176 -0.9222
vn -0.1905 -0.0561 -0.9801
vn -0.7051 0.4107 -0.5781
vn -0.5735 -0.1515 -0.8051
vn -0.9268 0.3489 -0.1387
vn -0.8855 -0.3161 -0.3407
vn -0.9144 -0.2088 0.3467
vn -0.4044 -0.8245 0.3959
vn -0.4651 -0.6892 0.5556
vn -0.9196 0.3838 -0.0843
vn -0.6521 0.7571 -0.0403
vn -0.8900 0.4534 -0.0489
vn -0.8862 0.4543 -0.0909
vn -0.8799 0.4706 -0.0653
vn -0.8010 0.5985 -0.0178
vn -0.9518 0.2966 -0.0778
vn -0.8343 0.3753 0.4038
vn -0.8257 -0.2674 0.4966
vn -0.5799 -0.1492 0.8009
vn -0.2445 -0.5380 0.8067
vn -0.0418 -0.1932 0.9803
vn 0.0130 -0.4858 0.8740
vn -0.0775 -0.3165 0.9454
vn -0.2216 0.9742 -0.0425
vn -0.1867 0.8738 -0.4490
vn -0.0156 0.9310 -0.3647
vn -0.3305 0.9359 -0.1221
vn -0.2619 0.9600 0.0995
vn -0.4339 0.8843 0.1724
vn -0.3883 0.7745 0.4994
vn -0.5209 0.8344 0.1801
vn -0.3287 0.9441 0.0266
vn -0.4917 0.8673 0.0776
vn -0.2058 0.8082 0.5518
vn -0.5788 0.6644 0.4728
vn -0.4179 0.3709 0.8293
vn 0.1951 0.9467 0.2563
vn -0.1310 0.9689 0.2100
vn -0.2037 0.8987 0.3884
vn 0.2038 0.8437 0.4966
vn 0.5897 0.7570 0.2815
vn 0.3592 0.7023 0.6146
vn 0.7453 0.5987 0.2933
vn 0.4817 0.5227 0.7034
vn 0.8462 0.4220 0.3255
vn 0.5530 0.3239 0.7676
vn 0.9105 0.2295 0.3438
vn 0.5908 0.1521 0.7923
vn 0.9271 0.1416 0.3471
vn -0.9070 -0.3247 -0.2681
vn -0.8174 -0.5518 -0.1657
vn -0.9208 -0.3697 -0.1246
vn -0.7271 -0.5399 -0.4240
vn -0.2679 -0.8420 0.4682
vn -0.6054 -0.7269 -0.3241
vn -0.8197 -0.5337 0.2079
vn -0.2380 0.0837 -0.9677
vn -0.8160 -0.5423 0.2003
vn 0.1199 -0.1638 0.9792
vn -0.7929 -0.5936 -0.1377
vn -0.4223 -0.4541 -0.7845
vn -0.7511 0.5761 -0.3225
vn -0.6281 0.3666 -0.6864
vn -0.6479 0.6284 -0.4305
vn -0.7759 0.3898 -0.4961
vn -0.8681 0.4155 -0.2716
vn -0.9753 0.0409 -0.2171
vn -0.9917 0.0074 -0.1284
vn -0.7321 -0.6631 -0.1562
vn -0.7701 -0.6370 -0.0343
vn -0.9617 -0.2603 0.0855
vn -0.5619 -0.7526 0.3433
vn -0.7597 -0.2369 0.6056
vn -0.3751 -0.5794 0.7236
vn -0.7405 -0.2501 -0.6238
vn -0.3524 -0.9286 0.1161
vn -0.7129 -0.3134 0.6274
vn -0.3309 -0.3786 -0.8644
vn -0.6316 0.2151 -0.7449
vn -0.4044 0.2609 -0.8766
vn -0.5641 0.6409 -0.5205
vn -0.4519 0.5807 -0.6772
vn -0.0256 0.9433 -0.3309
vn 0.0116 0.9210 -0.3894
vn 0.6417 0.7634 -0.0741
vn 0.3164 0.8799 -0.3545
vn 0.8908 0.4215 0.1697
vn -0.4822 -0.4271 0.7649
vn -0.1019 0.9711 0.2160
vn 0.9098 -0.2779 0.3084
vn -0.3990 0.9170 -0.0013
vn -0.5193 -0.7130 0.4711
vn -0.6920 0.7187 -0.0680
vn -0.9501 -0.2676 0.1601
vn -0.6620 0.6981 -0.2728
vn -0.6904 -0.4310 -0.5810
vn -0.8193 -0.4780 -0.3165
vn -0.5964 -0.5160 -0.6149
vn -0.8358 -0.4448 -0.3219
vn -0.5953 -0.6459 -0.4779
vn -0.6833 -0.6785 -0.2697
vn -0.3885 -0.9069 -0.1633
vn -0.7494 -0.6605 -0.0457
vn -0.6543 -0.7551 -0.0405
vn -0.7645 -0.6038 0.2257
vn -0.7777 -0.5699 0.2655
vn -0.8085 -0.5380 0.2384
vn -0.8910 -0.3947 0.2244
vn -0.9106 -0.3150 -0.2675
vn -0.9025 -0.2689 -0.3365
vn -0.8541 -0.2142 -0.4739
vn -0.9552 -0.2210 -0.1967
vn -0.8171 -0.5507 -0.1704
vn -0.9908 -0.1351 0.0055
vn -0.5856 -0.7815 -0.2152
vn -0.9373 -0.0728 0.3407
vn -0.1347 -0.9909 -0.0015
vn -0.8251 0.0053 0.5649
vn -0.6892 -0.0642 0.7217
vn -0.8134 -0.2050 0.5444
vn -0.6977 -0.2150 0.6833
vn 0.9409 -0.3347 0.0523
vn 0.8603 -0.4313 -0.2717
vn 0.9440 -0.2178 -0.2480
vn 0.7146 0.6862 0.1360
vn 0.8322 0.0052 0.5544
vn 0.4279 0.8993 0.0905
vn 0.1812 0.7682 0.6141
vn -0.2100 0.8364 0.5063
vn -0.2041 0.9212 0.3311
vn -0.6943 0.7147 0.0849
vn -0.3571 0.9333 0.0372
vn -0.7628 0.6173 0.1923
vn -0.0628 0.9980 -0.0013
vn 0.3408 -0.0025 0.9401
vn 0.8646 0.1361 0.4837
vn 0.6256 -0.4100 0.6637
vn 0.6444 -0.1409 0.7516
vn -0.5848 0.1500 0.7972
vn 0.3794 -0.2977 0.8760
vn -0.6936 -0.3197 0.6455
vn 0.2205 0.9098 0.3517
vn -0.8898 0.2844 0.3569
vn -0.7176 0.4325 -0.5459
vn 0.3616 -0.2615 0.8949
vn 0.0537 -0.8960 -0.4407
vn -0.2414 0.5668 0.7877
vn 0.6016 0.2505 -0.7585
vn 0.9259 0.0750 -0.3703
vn 0.6880 0.6871 -0.2335
vn 0.5448 0.7783 -0.3121
vn -0.2265 0.9574 -0.1794
vn 0.5733 0.8123 -0.1075
vn -0.0663 0.9775 -0.2005
vn 0.2964 0.9551 0.0009
vn 0.9859 0.0452 -0.1612
vn 0.9650 -0.0702 -0.2528
vn 0.9897 0.0165 0.1425
vn 0.6086 -0.1287 -0.7829
vn 0.5645 0.5532 -0.6127
vn 0.2428 0.2475 -0.9380
vn -0.1911 0.7079 0.6800
vn -0.8359 0.4132 0.3612
vn 0.5035 -0.3940 0.7689
vn -0.6556 -0.3696 0.6584
vn 0.0271 -0.3950 0.9183
vn -0.6408 -0.3352 0.6906
vn 0.9139 0.2297 0.3346
vn 0.9612 0.1881 -0.2017
vn 0.9302 0.1418 0.3386
vn 0.9113 0.3546 -0.2092
vn 0.8494 0.4223 0.3166
vn 0.8075 0.5525 -0.2068
vn 0.7485 0.5990 0.2846
vn 0.6715 0.7020 -0.2372
vn 0.5934 0.7574 0.2723
vn 0.3770 0.9073 -0.1864
vn 0.1971 0.9479 0.2502
vn -0.0131 0.0931 0.9956
vn 0.5833 0.1508 0.7981
vn 0.0342 -0.0168 0.9993
vn 0.5454 0.3222 0.7738
vn -0.0538 0.2701 0.9613
vn 0.4744 0.5205 0.7099
vn -0.0097 0.5320 0.8467
vn 0.3524 0.6996 0.6216
vn -0.1962 0.8084 0.5550
vn 0.1977 0.8405 0.5044
vn -0.1323 0.9669 0.2180
vn -0.9725 -0.1795 0.1484
vn -0.9888 -0.1461 -0.0307
vn -0.9418 -0.3297 0.0650
vn -0.9935 -0.0772 0.0831
vn -0.9818 -0.1130 0.1529
vn -0.9944 -0.0438 0.0957
vn -0.9812 -0.1142 0.1554
vn -0.9679 -0.1606 0.1932
vn -0.9657 -0.1624 0.2025
vn -0.9227 -0.2967 0.2461
vn -0.9515 -0.2844 0.1176
vn -0.9278 -0.1515 -0.3409
vn -0.9375 -0.0492 -0.3445
vn -0.9865 -0.1309 -0.0979
vn -0.8163 -0.1043 -0.5681
vn -0.6399 -0.4915 -0.5908
vn -0.5354 -0.3033 -0.7883
vn -0.4219 -0.5919 -0.6868
vn -0.7943 -0.0344 -0.6065
vn -0.3196 -0.6265 -0.7109
vn -0.5580 -0.3391 -0.7574
vn -0.4529 -0.5180 -0.7257
vn 0.5225 -0.4984 -0.6918
vn 0.5993 -0.4537 -0.6596
vn 0.5703 -0.2714 -0.7753
vn 0.5615 -0.4783 -0.6753
vn 0.4405 -0.6537 -0.6154
vn 0.5124 -0.5905 -0.6235
vn 0.3988 -0.7791 -0.4837
vn 0.1093 -0.7971 -0.5938
vn 0.4297 -0.8775 -0.2129
vn 0.3396 -0.9365 0.0870
vn 0.1217 -0.9550 -0.2705
vn -0.3626 -0.3094 -0.8791
vn -0.3752 -0.1002 -0.9215
vn -0.0826 0.3749 -0.9234
vn -0.4227 -0.6622 -0.6187
vn -0.2244 -0.9525 -0.2058
vn 0.0260 -0.7461 0.6653
vn 0.0770 -0.1791 0.9808
vn 0.3034 0.0363 0.9522
vn 0.2242 0.2970 0.9282
vn 0.4028 0.8328 0.3797
vn 0.5594 0.8248 0.0825
vn 0.4596 0.5840 -0.6692
vn 0.6700 0.7001 -0.2470
vn 0.2433 0.7815 -0.5745
vn 0.8060 0.5509 -0.2165
vn 0.5615 0.3475 -0.7510
vn 0.9095 0.3534 -0.2189
vn 0.6346 0.1880 -0.7496
vn 0.9594 0.1867 -0.2113
vn 0.6984 0.0385 -0.7147
vn 0.9753 0.0191 -0.2202
vn 0.6042 -0.1622 -0.7801
vn -0.6881 0.6903 0.2236
vn -0.8923 0.4340 0.1242
vn -0.7412 0.4672 0.4821
vn -0.8933 0.0909 0.4402
vn -0.6778 0.3349 0.6545
vn -0.8184 -0.3435 0.4607
vn -0.6415 -0.0427 0.7659
vn -0.8571 -0.2770 0.4342
vn -0.7137 -0.1056 0.6925
vn -0.8844 -0.1962 0.4234
vn -0.7601 -0.2313 0.6072
vn -0.1096 -0.0213 -0.9938
vn -0.2805 -0.3057 -0.9099
vn -0.3348 -0.2528 -0.9077
vn -0.3325 -0.2358 -0.9132
vn -0.1524 0.1549 -0.9761
vn -0.3155 -0.1540 -0.9364
vn -0.3507 0.2309 -0.9076
vn -0.7662 -0.2349 -0.5981
vn -0.8185 0.1018 -0.5654
vn -0.8243 -0.5295 0.2005
vn -0.2721 -0.8372 0.4744
vn -0.5872 0.6584 0.4709
vn -0.6894 0.6877 0.2275
vn -0.4993 0.8625 0.0820
vn -0.6779 0.3350 0.6544
vn -0.4226 0.3646 0.8297
vn -0.6362 -0.0356 0.7707
vn -0.3377 0.0761 0.9382
vn -0.7071 -0.1035 0.6995
vn -0.3402 -0.0193 0.9402
vn -0.6141 -0.1983 0.7639
vn -0.3093 -0.1315 0.9418
vn 0.5971 0.6618 0.4534
vn 0.9878 0.1538 -0.0237
vn 0.8869 0.3749 0.2698
vn 0.5424 0.8051 0.2399
vn -0.3595 0.8234 0.4390
vn -0.3429 0.9328 0.1112
vn -0.8757 0.4230 0.2327
vn -0.7556 0.5637 0.3337
vn -0.8670 0.2219 0.4462
vn -0.7349 0.2119 0.6442
vn -0.5424 0.0925 0.8350
vn -0.8174 0.5461 -0.1833
vn -0.9395 0.3121 -0.1411
vn -0.8661 0.4836 -0.1265
vn -0.6993 0.3054 -0.6463
vn -0.0037 0.9482 -0.3176
vn 0.2103 0.3893 -0.8968
vn 0.8628 0.3809 -0.3325
vn 0.9139 0.1048 -0.3921
vn 0.9131 0.3329 0.2355
vn 0.9249 0.2315 0.3016
vn 0.5864 0.0243 0.8097
vn -0.5786 0.4106 -0.7047
vn -0.6282 0.4616 -0.6263
vn -0.7826 0.5290 -0.3283
vn -0.4529 0.2393 -0.8589
vn -0.4323 0.0001 -0.9017
vn -0.2095 0.0212 -0.9776
vn -0.0728 -0.3797 -0.9222
vn 0.1011 0.0682 -0.9925
vn 0.1630 -0.0192 -0.9864
vn 0.2068 0.0814 -0.9750
vn 0.6770 0.0285 -0.7354
vn -0.8030 0.0113 0.5958
vn -0.8318 0.1612 0.5311
vn -0.3560 0.4492 0.8194
vn -0.8617 -0.0688 0.5027
vn -0.6690 -0.5661 0.4816
vn -0.1118 -0.1114 0.9875
vn -0.0819 -0.7197 0.6894
vn 0.0010 0.0366 0.9993
vn 0.0653 -0.3221 0.9445
vn -0.1036 -0.2112 0.9719
vn 0.3973 -0.2832 0.8729
vn -0.8319 -0.0054 -0.5549
vn -0.6234 -0.3846 -0.6807
vn -0.7004 -0.0692 -0.7104
vn -0.8578 -0.1858 -0.4793
vn -0.8169 -0.0882 -0.5700
vn -0.8898 -0.3516 -0.2909
vn -0.7527 -0.2035 -0.6261
vn -0.7522 -0.3480 -0.5595
vn -0.4772 -0.2646 -0.8380
vn -0.5799 -0.4005 -0.7094
vn -0.3621 -0.3983 -0.8428
vn -0.0039 -0.8135 0.5815
vn 0.0070 -0.6368 0.7710
vn -0.2810 -0.8309 0.4803
vn -0.0700 -0.6841 0.7260
vn -0.3237 -0.6826 0.6552
vn -0.3530 -0.4935 0.7949
vn -0.5653 -0.5641 0.6018
vn -0.6611 -0.4092 0.6289
vn -0.7814 -0.5037 0.3684
vn -0.8852 -0.2935 0.3610
vn -0.9211 -0.3762 0.1002
vn 0.9392 -0.0360 -0.3414
vn 0.3839 0.8410 -0.3812
vn 0.9450 -0.0897 -0.3144
vn 0.4511 0.8816 0.1387
vn 0.7155 0.6863 0.1303
vn 0.8751 0.4571 0.1586
vn 0.4166 0.9042 0.0941
vn 0.4296 0.8586 0.2799
vn -0.0294 0.9898 -0.1394
vn 0.2050 0.7601 -0.6166
vn -0.5517 -0.5213 -0.6510
vn -0.7917 -0.5941 -0.1422
vn -0.5734 -0.6054 -0.5520
vn -0.3164 -0.1588 -0.9352
vn -0.4255 -0.4559 -0.7817
vn -0.3298 -0.2387 -0.9134
vn -0.5385 -0.5530 -0.6357
vn -0.2832 -0.3091 -0.9079
vn -0.5692 -0.5770 -0.5858
vn -0.5474 -0.2038 -0.8117
vn 0.7447 0.3651 0.5587
vn -0.9663 0.0445 0.2537
vn -0.9804 0.1827 -0.0732
vn 0.8181 -0.0159 0.5749
vn 0.8947 0.4390 0.0825
vn 0.9156 0.2820 -0.2866
vn 0.3523 0.5872 -0.7288
vn 0.2648 0.3116 -0.9126
vn -0.2589 0.3332 -0.9066
vn -0.2765 0.1824 -0.9435
vn 0.9651 -0.2514 0.0733
vn 0.5134 0.5965 -0.6169
vn 0.9117 -0.2715 0.3083
vn 0.6054 0.2871 -0.7423
vn 0.8375 -0.5387 -0.0921
vn 0.9130 -0.1521 -0.3785
vn 0.7255 -0.6833 0.0820
vn 0.3848 -0.0161 0.9229
vn 0.2654 -0.6551 0.7074
vn -0.9964 -0.0745 0.0401
vn -0.8138 -0.5546 -0.1738
vn -0.9268 -0.1147 -0.3577
vn -0.9451 0.0762 0.3179
vn -0.9127 -0.3457 0.2180
vn -0.1354 -0.9908 -0.0018
vn -0.1114 -0.7674 -0.6314
vn -0.8642 -0.4178 0.2802
vn -0.9127 -0.3456 0.2179
vn 0.5765 -0.4066 0.7087
vn 0.0017 -0.0583 0.9983
vn -0.7628 -0.4609 0.4536
vn 0.5851 -0.2919 0.7566
vn 0.9876 0.1399 0.0706
vn 0.9877 0.0320 0.1531
vn 0.7526 0.6577 0.0329
vn 0.9755 0.2110 0.0615
vn 0.2694 0.9628 -0.0207
vn -0.1673 -0.9698 -0.1774
vn 0.0060 -0.9990 -0.0446
vn -0.4367 -0.8190 0.3722
vn 0.1500 -0.9873 -0.0529
vn -0.2040 -0.9001 -0.3849
vn 0.1064 -0.9943 0.0098
vn -0.2466 -0.9628 -0.1105
vn -0.4116 -0.8962 0.1657
vn -0.5535 -0.8034 -0.2194
vn -0.8985 -0.2954 0.3247
vn -0.8108 -0.4322 0.3948
vn -0.8335 -0.3177 0.4520
vn -0.9295 -0.3614 -0.0738
vn -0.8766 -0.4327 -0.2105
vn -0.8595 -0.3568 -0.3660
vn -0.8053 -0.5311 -0.2634
vn -0.7958 -0.5897 -0.1376
vn -0.8169 -0.4857 -0.3111
vn -0.4650 -0.8632 -0.1966
vn -0.5924 -0.5226 -0.6132
vn -0.8409 -0.5382 0.0564
vn -0.8937 -0.4484 -0.0182
vn -0.8145 -0.5068 0.2825
vn -0.7621 -0.6083 0.2216
vn -0.7286 -0.6078 0.3158
vn -0.7877 -0.5670 0.2408
vn -0.2024 -0.2848 -0.9370
vn -0.3147 -0.4319 -0.8452
vn -0.2997 -0.0350 -0.9534
vn -0.4248 -0.0781 -0.9019
vn -0.5315 -0.1174 -0.8389
vn -0.2973 -0.2150 -0.9303
vn -0.4381 -0.2572 -0.8613
vn 0.7464 0.1693 -0.6435
vn 0.6766 -0.7245 -0.1318
vn 0.9067 -0.2784 0.3168
vn 0.7175 -0.6661 -0.2038
vn 0.5732 0.5166 -0.6361
vn 0.9788 -0.1998 -0.0439
vn 0.5498 0.7848 -0.2861
vn 0.9208 0.3404 0.1906
vn 0.4785 0.8771 0.0419
vn -0.1521 0.1556 -0.9760
vn -0.2211 0.3417 -0.9134
vn -0.3461 0.2318 -0.9091
vn -0.1760 0.2052 -0.9628
vn -0.2922 -0.0086 -0.9563
vn -0.0331 0.1990 -0.9794
vn -0.0996 -0.0151 -0.9949
vn 0.0505 0.1621 -0.9855
vn 0.1765 0.4160 -0.8921
vn 0.7071 -0.2614 0.6570
vn -0.1967 -0.4064 0.8923
vn 0.2622 -0.8812 0.3934
vn -0.0259 -0.2187 0.9755
vn 0.5597 0.1144 0.8208
vn -0.0620 -0.0254 0.9978
vn 0.6427 0.3505 0.6813
vn -0.1452 0.7215 0.6770
vn 0.5751 0.6701 0.4692
vn -0.8771 0.4790 0.0356
vn -0.9290 0.3455 -0.1326
vn -0.6561 0.7531 -0.0484
vn -0.9681 0.2454 0.0498
vn -0.8988 0.1763 0.4014
vn -0.8714 0.1501 0.4671
vn -0.6348 0.2567 0.7288
vn -0.7166 -0.1846 0.6726
vn -0.4220 -0.1803 0.8885
vn -0.9754 -0.2199 -0.0126
vn -0.9311 -0.3568 -0.0754
vn -0.9006 -0.2934 0.3206
vn -0.8605 -0.3517 -0.3686
vn -0.9903 -0.1016 -0.0949
vn -0.9615 -0.1934 -0.1953
vn -0.9936 -0.0169 -0.1117
vn -0.9085 -0.4053 0.1015
vn -0.9921 -0.0904 0.0872
vn -0.9462 -0.1475 0.2880
vn -0.9268 -0.1212 0.3554
vn -0.9063 -0.1131 0.4072
vn -0.9761 -0.2171 -0.0082
vn -0.9978 -0.0630 0.0227
vn -0.9770 -0.2109 -0.0303
vn -0.9526 -0.2808 0.1174
vn -0.9366 -0.3435 0.0695
vn -0.6713 -0.2941 -0.6803
vn -0.8960 -0.2862 -0.3396
vn -0.7147 -0.2250 -0.6623
vn -0.7197 -0.4390 -0.5379
vn -0.6589 -0.3272 -0.6774
vn -0.5906 -0.3406 -0.7315
vn -0.6443 -0.2597 -0.7193
vn -0.5426 -0.2657 -0.7969
vn -0.6055 -0.1354 -0.7842
vn -0.2730 -0.1306 0.9531
vn 0.0250 -0.0203 0.9995
vn -0.0663 -0.1700 0.9832
vn -0.0224 0.0898 0.9957
vn -0.2382 0.0073 0.9712
vn -0.0624 0.2654 0.9621
vn -0.3291 0.0804 0.9409
vn -0.4149 0.3637 0.8340
vn -0.1071 -0.4287 -0.8971
vn -0.5491 -0.1506 -0.8221
vn 0.1371 -0.1117 -0.9842
vn -0.3940 -0.6462 -0.6536
vn -0.4432 -0.0393 -0.8956
vn -0.7736 0.0123 -0.6335
vn -0.5857 0.3185 -0.7453
vn -0.8288 0.4062 -0.3849
vn 0.9109 -0.0659 0.4073
vn 0.5289 -0.2944 0.7960
vn 0.4989 -0.7478 0.4381
vn 0.9995 0.0245 0.0208
vn 0.9657 0.1240 -0.2281
vn 0.3761 0.2341 -0.8965
vn 0.3535 0.2962 -0.8873
vn -0.2780 0.1861 -0.9424
vn -0.6917 -0.1424 -0.7080
vn -0.9133 -0.2177 -0.3441
vn -0.7033 -0.2820 -0.6525
vn -0.8425 -0.4337 -0.3195
vn -0.7482 -0.4089 -0.5225
vn -0.6107 -0.3344 -0.7178
vn -0.7853 -0.5474 0.2892
vn -0.9535 0.2297 -0.1951
vn -0.9912 0.1111 -0.0718
vn -0.5654 -0.7653 0.3076
vn -0.5960 -0.8012 -0.0528
vn -0.4061 -0.9074 0.1081
vn -0.3699 -0.9155 -0.1585
vn -0.4427 -0.8769 -0.1873
vn -0.9692 -0.2428 0.0416
vn -0.8958 -0.2920 -0.3350
vn -0.9212 -0.1867 -0.3414
vn -0.9675 -0.2382 0.0845
vn -0.9341 -0.3295 0.1378
vn -0.9115 -0.3525 0.2120
vn -0.8716 -0.4577 0.1755
vn -0.6749 -0.6992 0.2357
vn -0.5300 -0.4861 -0.6948
vn -0.4259 -0.8410 0.3336
vn -0.4789 -0.5570 -0.6785
vn -0.1845 -0.9570 -0.2239
vn -0.3586 -0.7136 -0.6018
vn -0.2453 -0.8895 -0.3855
vn -0.5291 -0.6148 -0.5849
vn -0.5535 -0.8021 -0.2240
vn 0.7798 0.6192 -0.0926
vn 0.3724 -0.3026 0.8773
vn 0.2243 0.9129 0.3410
vn 0.6433 -0.0852 0.7609
vn 0.7338 0.5866 -0.3426
vn 0.8608 0.2487 0.4440
vn 0.4934 0.7360 -0.4636
vn 0.1696 0.3485 -0.9218
vn 0.0350 0.1903 -0.9811
vn 0.4704 0.2886 -0.8339
vn -0.1760 0.2051 -0.9628
vn -0.0948 0.5358 -0.8390
vn -0.2250 0.3439 -0.9117
vn -0.3380 0.6790 -0.6517
vn -0.8313 -0.5552 0.0277
vn -0.9617 -0.0550 0.2687
vn -0.9285 -0.1135 -0.3535
vn -0.9318 0.1962 -0.3053
vn -0.9242 0.3202 -0.2081
vn -0.2688 -0.8386 0.4738
vn 0.3324 0.0264 0.9428
vn 0.3471 -0.1801 0.9204
vn -0.3394 -0.2545 -0.9056
vn 0.1200 -0.5165 0.8479
vn 0.0611 -0.0908 -0.9940
vn -0.2365 0.0829 -0.9681
vn -0.4034 -0.4477 -0.7980
vn 0.4991 0.1336 0.8562
vn 0.7635 0.4701 0.4428
vn -0.4476 -0.8114 -0.3759
vn -0.3093 -0.4251 -0.8506
vn -0.6091 -0.3082 -0.7308
vn 0.0646 0.0144 -0.9978
vn 0.9794 0.1629 0.1192
vn 0.9863 0.1235 0.1095
vn 0.9338 0.3516 -0.0662
vn 0.9142 0.3259 0.2410
vn 0.9327 -0.0484 0.3575
vn 0.9060 0.2495 0.3419
vn 0.7165 -0.2915 0.6338
vn -0.3773 -0.6875 -0.6205
vn -0.8908 -0.2897 -0.3500
vn -0.5603 -0.1856 -0.8072
vn -0.6541 -0.6572 -0.3746
vn -0.7592 0.0009 -0.6509
vn -0.9556 -0.0696 -0.2863
vn -0.8145 0.4138 -0.4067
vn -0.7726 -0.6342 -0.0303
vn -0.4191 -0.8735 -0.2475
vn -0.3936 -0.8253 0.4049
vn 0.0271 -0.7826 -0.6219
vn -0.5219 -0.2399 -0.8186
vn 0.2498 -0.6297 -0.7356
vn 0.3468 -0.5532 -0.7574
vn -0.4979 -0.0404 -0.8663
vn -0.2368 0.0829 -0.9680
vn -0.7520 -0.1173 -0.6486
vn -0.7252 -0.5438 -0.4224
vn -0.8530 -0.2131 -0.4765
vn -0.9089 -0.3163 -0.2718
vn -0.5100 -0.1801 0.8411
vn -0.6703 -0.0721 0.7386
vn -0.6336 -0.2270 0.7396
vn -0.4709 -0.3209 0.8217
vn -0.6585 -0.4207 0.6240
vn -0.3550 -0.5152 0.7801
vn -0.9921 -0.0869 0.0908
vn -0.9815 -0.1142 0.1537
vn -0.9729 -0.1808 0.1443
vn -0.9843 -0.1160 0.1328
vn -0.9978 -0.0587 0.0311
vn -0.9647 -0.1624 0.2073
vn -0.9512 -0.2812 0.1267
vn -0.6505 -0.0884 -0.7543
vn -0.6982 -0.0219 -0.7156
vn -0.6457 -0.0864 -0.7587
vn -0.7051 -0.0557 -0.7069
vn -0.6453 -0.1547 -0.7481
vn -0.7736 -0.1297 -0.6202
vn -0.6726 -0.3090 -0.6724
vn 0.1395 -0.1148 -0.9835
vn 0.2631 -0.1013 -0.9594
vn 0.3815 -0.2174 -0.8985
vn 0.1778 -0.2715 -0.9459
vn 0.4246 -0.3363 -0.8406
vn 0.2498 -0.4658 -0.8489
vn -0.6209 -0.3592 -0.6968
vn -0.6695 -0.2349 -0.7047
vn -0.6787 -0.1932 -0.7086
vn -0.6478 -0.3177 -0.6924
vn -0.6323 -0.3172 -0.7068
vn -0.6530 -0.3323 -0.6805
vn -0.7569 -0.2019 -0.6215
vn -0.2217 0.6985 -0.6804
vn -0.5468 0.5983 -0.5858
vn -0.5283 0.2910 -0.7976
vn -0.5727 0.0388 0.8189
vn -0.4790 0.5938 -0.6465
vn -0.7108 -0.3160 0.6284
vn -0.8862 0.2884 0.3627
vn -0.6844 0.7269 -0.0560
vn -0.7266 -0.5114 0.4588
vn -0.9635 -0.1855 0.1929
vn -0.3238 -0.7037 0.6324
vn -0.7426 0.4795 0.4675
vn 0.4011 -0.0234 0.9157
vn 0.4609 0.8756 -0.1443
vn 0.5482 0.7731 -0.3190
vn -0.7375 0.6747 -0.0289
vn -0.6395 0.7151 -0.2822
vn -0.4497 0.8902 0.0729
vn 0.5317 0.5690 -0.6273
vn -0.1050 0.9696 0.2209
vn 0.7444 0.1790 -0.6433
vn -0.4849 -0.8680 -0.1069
vn -0.1825 -0.9827 -0.0304
vn -0.7882 -0.2861 -0.5449
vn 0.7188 -0.3466 0.6026
vn -0.0815 0.9934 0.0803
vn -0.0116 0.9319 -0.3626
vn 0.3690 0.9096 -0.1908
vn -0.2209 0.9744 -0.0423
vn -0.2038 0.8986 0.3885
vn -0.2615 0.9590 0.1095
vn -0.3875 0.7698 0.5072
vn -0.3368 0.6858 -0.6451
vn -0.1915 0.8714 -0.4516
vn -0.6566 0.7397 -0.1475
vn -0.4346 0.8840 0.1723
vn -0.7095 0.6688 0.2219
vn -0.7412 0.4671 0.4821
vn 0.5546 0.3442 -0.7576
vn 0.4704 0.2887 -0.8339
vn 0.4273 0.1257 -0.8953
vn 0.1776 0.3537 -0.9183
vn 0.4535 0.5801 -0.6766
vn -0.0871 0.5407 -0.8367
vn 0.2388 0.7789 -0.5799
vn -0.0927 -0.0077 -0.9957
vn -0.4159 -0.4411 -0.7952
vn -0.1416 0.1632 -0.9764
vn -0.3425 -0.2574 -0.9035
vn -0.2949 -0.0173 -0.9554
vn -0.1176 -0.0270 -0.9927
vn -0.1550 0.1509 -0.9763
vn -0.8971 0.0839 0.4339
vn -0.9960 -0.0785 0.0432
vn -0.8923 0.4340 0.1243
vn -0.8200 -0.3456 0.4562
vn -0.8622 -0.4189 0.2847
vn -0.7117 -0.4372 0.5499
vn -0.3273 -0.1336 -0.9354
vn 0.3712 0.3027 -0.8778
vn 0.3427 -0.4443 -0.8277
vn -0.3631 0.2387 -0.9006
vn -0.6991 0.2917 -0.6528
vn -0.5519 0.3149 -0.7722
vn -0.6889 0.4293 -0.5841
vn 0.5846 -0.0812 -0.8072
vn 0.7328 0.0066 -0.6804
vn 0.6486 0.1297 -0.7500
vn 0.6725 -0.0559 -0.7380
vn -0.0053 0.0774 0.9970
vn -0.4071 -0.5116 0.7567
vn 0.7784 0.4712 0.4148
vn 0.6267 -0.1228 -0.7696
vn 0.8454 0.0241 -0.5336
vn 0.8858 0.0714 -0.4585
vn -0.8617 -0.2696 0.4298
vn -0.5926 -0.1380 0.7936
vn -0.1353 -0.9908 0.0058
vn 0.4986 0.4335 0.7506
vn -0.7420 -0.1889 0.6433
vn 0.3583 -0.0537 0.9321
vn 0.0848 0.9330 0.3496
vn -0.8466 0.5152 0.1337
vn -0.6959 0.7085 0.1174
vn -0.7804 0.5890 0.2101
vn -0.6848 0.6038 -0.4080
vn -0.6732 0.6983 -0.2433
vn -0.8905 0.4520 -0.0513
vn -0.6796 0.7331 -0.0251
vn -0.8803 0.2553 0.3998
vn -0.8447 0.2296 0.4835
vn -0.6850 0.0986 0.7218
vn -0.8754 0.4622 0.1414
vn -0.8620 0.5059 0.0308
vn -0.6590 0.7041 -0.2645
vn -0.6603 0.7497 -0.0438
vn 0.0898 -0.0269 -0.9956
vn -0.2958 -0.0657 -0.9530
vn -0.2369 0.1252 -0.9634
vn 0.0162 -0.3377 -0.9411
vn 0.1551 -0.1205 -0.9805
vn 0.2924 -0.3941 -0.8713
vn 0.6155 -0.1461 -0.7745
vn -0.0580 -0.3280 0.9429
vn -0.2278 -0.3572 0.9058
vn -0.3010 -0.2642 0.9163
vn -0.0469 -0.5330 0.8448
vn 0.0333 -0.4972 0.8670
vn -0.0140 -0.5205 0.8538
vn -0.2877 -0.5556 0.7801
vn -0.7009 -0.5719 0.4261
vn -0.4120 -0.7772 0.4756
vn -0.5636 -0.8057 0.1823
vn -0.4009 -0.7079 0.5815
vn -0.6322 -0.6285 0.4532
vn -0.5260 -0.6659 0.5291
vn -0.6749 -0.6331 0.3791
vn -0.8506 -0.2228 -0.4763
vn -0.4625 -0.6816 -0.5670
vn -0.5045 -0.6548 -0.5627
vn -0.7684 -0.4074 -0.4935
vn -0.9011 -0.2737 -0.3364
vn -0.8703 -0.3491 -0.3475
vn -0.8994 -0.4154 -0.1365
vn 0.6134 -0.1552 -0.7744
vn 0.5943 -0.2833 -0.7527
vn 0.6260 -0.4321 -0.6492
vn 0.4508 -0.3787 -0.8083
vn 0.9648 -0.2627 -0.0083
vn 0.4699 -0.8661 -0.1707
vn -0.0306 -0.2396 -0.9704
vn -0.4770 -0.7909 -0.3833
vn -0.2620 -0.7337 -0.6269
vn -0.2245 -0.9002 -0.3730
vn -0.4088 -0.5554 -0.7242
vn -0.4315 -0.5781 -0.6925
vn -0.4363 -0.5415 -0.7186
vn -0.3427 -0.5785 -0.7402
vn 0.9725 -0.2164 0.0859
vn -0.5669 -0.8140 0.1262
vn -0.7708 -0.5664 0.2917
vn 0.8874 -0.2361 0.3960
vn -0.7485 -0.0428 -0.6618
vn -0.7534 -0.2001 -0.6264
vn -0.8168 -0.0871 -0.5703
vn -0.7625 -0.1986 -0.6158
vn -0.6337 -0.3539 -0.6879
vn -0.6473 -0.3083 -0.6971
vn -0.4718 -0.5566 -0.6838
vn -0.5266 -0.4745 -0.7053
vn -0.5179 -0.4851 -0.7046
vn -0.3709 -0.4687 -0.8017
vn -0.2667 -0.5757 -0.7730
vn -0.0486 -0.5210 -0.8522
vn -0.0541 -0.6141 -0.7874
vn 0.0472 0.1588 -0.9862
vn 0.0288 0.1834 -0.9826
vn -0.0272 0.1952 -0.9804
vn 0.1454 0.3355 -0.9307
vn -0.3084 -0.0550 -0.9497
vn -0.1665 0.4798 -0.8614
vn 0.7150 0.6915 -0.1028
vn 0.8615 0.3678 -0.3500
vn 0.0753 0.9224 -0.3789
vn 0.9474 0.2661 0.1780
vn 0.8730 0.4642 0.1494
vn 0.6505 0.6337 0.4186
vn -0.7298 -0.6225 -0.2825
vn -0.4475 -0.8125 -0.3735
vn -0.6123 -0.3010 -0.7311
vn -0.5574 -0.7984 -0.2276
vn -0.5616 -0.8264 -0.0409
vn 0.9427 0.1634 -0.2909
vn 0.4953 0.8584 0.1339
vn -0.0358 0.8882 -0.4581
vn 0.3377 0.8684 -0.3631
vn 0.5503 0.7507 -0.3655
vn 0.8942 0.4204 0.1541
vn 0.2270 0.9725 0.0522
vn -0.7995 0.3342 0.4992
vn -0.0175 0.7117 0.7022
vn -0.7951 0.6065 -0.0020
vn -0.0091 0.1723 0.9850
vn -0.5422 -0.1612 0.8247
vn 0.0969 -0.2337 0.9675
vn -0.9589 0.2756 0.0669
vn -0.9973 0.0385 -0.0625
vn -0.9272 0.3514 -0.1298
vn -0.9316 -0.0830 0.3539
vn -0.8534 0.1700 0.4927
vn -0.7122 -0.2005 0.6727
vn -0.3193 -0.5978 0.7353
vn 0.2635 -0.6549 0.7083
vn 0.7345 -0.6738 0.0802
vn 0.3788 -0.0153 0.9254
vn -0.8712 -0.4048 0.2778
vn -0.8277 0.0058 0.5611
vn -0.8161 -0.2046 0.5404
vn -0.9367 -0.0785 0.3413
vn -0.7772 -0.6177 0.1200
vn -0.9897 -0.1429 0.0109
vn -0.6414 -0.2245 0.7336
vn -0.7901 -0.0985 0.6050
vn -0.6737 -0.0705 0.7356
vn -0.8170 -0.2587 0.5153
vn -0.6605 -0.4232 0.6202
vn -0.8818 -0.2979 0.3657
vn -0.7597 -0.6022 0.2453
vn -0.9052 -0.3318 0.2655
vn -0.9387 -0.2873 0.1904
vn -0.8535 -0.5208 0.0195
vn -0.4513 -0.8873 0.0950
vn -0.4500 -0.8730 -0.1879
vn -0.7346 -0.6741 0.0771
vn -0.9895 -0.1443 0.0044
vn -0.7773 -0.6182 0.1166
vn -0.9536 -0.2304 -0.1940
vn -0.7069 -0.6999 0.1025
vn -0.8968 -0.4225 -0.1311
vn 0.3416 -0.9348 0.0975
vn -0.4212 -0.8888 -0.1807
vn 0.1085 -0.7980 -0.5928
vn -0.2796 -0.8328 0.4778
vn 0.2130 -0.8972 0.3868
vn 0.0094 -0.8161 0.5778
vn -0.7540 -0.3504 -0.5556
vn -0.5857 -0.4038 -0.7028
vn -0.8868 -0.3587 -0.2914
vn -0.7764 -0.5281 -0.3441
vn -0.6868 -0.5820 -0.4354
vn -0.7077 -0.0584 -0.7041
vn -0.9357 -0.0634 -0.3471
vn -0.7031 -0.0200 -0.7108
vn -0.9434 -0.0539 -0.3273
vn -0.7789 -0.1277 -0.6140
vn -0.9289 -0.1371 -0.3439
vn -0.6567 0.7396 -0.1475
vn -0.9047 0.2939 -0.3084
vn -0.5577 0.4151 -0.7188
vn -0.9615 -0.0539 0.2693
vn -0.7120 0.6679 0.2168
vn -0.7421 0.4631 0.4846
vn 0.8372 0.0138 0.5467
vn 0.8426 -0.2412 0.4816
vn 0.9756 -0.1654 0.1444
vn 0.3927 -0.3109 0.8655
vn 0.3019 -0.1488 0.9417
vn -0.2697 -0.2146 0.9387
vn 0.9811 -0.0277 0.1915
vn 0.9257 0.2892 0.2436
vn 0.8161 0.1140 0.5666
vn 0.9570 0.2329 -0.1727
vn 0.9492 -0.0163 -0.3144
vn 0.6157 -0.0638 -0.7854
vn 0.2173 -0.0115 0.9760
vn 0.5126 0.6279 0.5856
vn 0.3986 0.7217 0.5660
vn 0.3342 0.0102 0.9424
vn -0.1266 -0.7423 0.6580
vn 0.3297 0.8059 0.4917
vn 0.3008 0.8827 -0.3611
vn 0.4617 0.7021 0.5421
vn 0.2920 0.6055 -0.7403
vn 0.6894 0.7230 0.0447
vn -0.7445 -0.3263 -0.5824
vn -0.8157 -0.4462 -0.3682
vn -0.4189 -0.9021 -0.1033
vn -0.5395 0.6263 -0.5628
vn -0.4460 0.4645 -0.7650
vn 0.9135 -0.1442 -0.3805
vn 0.7695 0.3490 -0.5348
vn 0.6483 0.2228 -0.7281
vn 0.4548 0.8812 -0.1288
vn 0.3807 -0.0141 0.9246
vn -0.5503 0.4170 -0.7234
vn -0.3382 0.6788 -0.6518
vn -0.2268 0.3479 -0.9097
vn -0.3494 0.2355 -0.9069
vn -0.1390 0.9672 0.2126
vn -0.3870 0.7730 0.5027
vn -0.2081 0.8970 0.3900
vn -0.3211 0.9468 0.0221
vn -0.2010 0.8113 0.5490
vn 0.1490 0.3381 -0.9292
vn 0.4687 0.2933 -0.8332
vn 0.0305 0.1876 -0.9818
vn 0.4283 0.6424 -0.6355
vn 0.1595 0.7542 -0.6370
vn 0.3439 -0.1759 0.9224
vn 0.3560 -0.0586 0.9327
vn -0.3392 -0.2543 -0.9057
vn 0.3631 -0.2991 0.8824
vn 0.2336 -0.2437 0.9413
vn -0.1828 0.8712 -0.4556
vn 0.2340 0.7832 -0.5760
vn -0.0117 0.9282 -0.3719
vn -0.0920 0.5395 -0.8369
vn 0.6545 0.0014 -0.7561
vn 0.3406 -0.6065 0.7184
vn 0.0506 0.1621 -0.9855
vn 0.3818 -0.4996 0.7776
vn 0.2745 -0.5395 0.7960
vn 0.1139 -0.5203 0.8463
vn 0.6544 0.0014 -0.7562
vn 0.3396 -0.1747 0.9242
vn 0.6365 0.1253 -0.7610
vn 0.1881 -0.4663 -0.8644
vn -0.3164 -0.1587 -0.9353
vn -0.7937 -0.5936 -0.1329
vn -0.8194 -0.5345 0.2069
vn -0.4224 -0.4540 -0.7845
vn -0.5699 -0.6058 -0.5552
vn -0.7928 -0.5937 -0.1377
vn 0.8296 -0.1799 -0.5286
vn 0.0208 -0.5193 -0.8543
vn 0.0201 -0.5174 -0.8555
vn -0.5692 -0.6061 -0.5555
vn 0.8294 -0.1802 -0.5288
vn -0.5483 -0.5208 -0.6543
vn -0.4179 -0.4540 -0.7869
vn 0.3344 0.0365 0.9417
vn 0.5798 0.1662 0.7976
vn 0.6183 0.5439 0.5673
vn 0.4245 0.0264 0.9050
vn -0.3392 -0.2544 -0.9057
vn -0.2537 -0.3581 -0.8986
vn 0.1055 -0.0564 -0.9928
vn 0.0684 0.0178 -0.9975
vn -0.1348 -0.0428 -0.9899
vn -0.4047 -0.4539 -0.7939
vn -0.0317 -0.2372 -0.9709
vn 0.4347 -0.3684 -0.8218
vn 0.4670 -0.8669 -0.1742
vn 0.1832 -0.4673 -0.8649
vn -0.0745 -0.2594 -0.9629
vn -0.5650 -0.7961 -0.2167
vn 0.5183 0.1382 0.8439
vn -0.4574 -0.8067 -0.3743
vn 0.8989 0.3353 0.2820
vn 0.9387 0.1533 -0.3088
vn 0.5883 -0.0839 -0.8043
vn 0.7328 -0.0596 -0.6778
vn -0.0051 0.0774 0.9970
vn 0.4958 0.0623 -0.8662
vn 0.6461 0.1335 -0.7515
vn 0.6983 -0.2811 0.6583
vn 0.7793 0.4629 0.4223
vn 0.4852 0.1090 0.8676
vn -0.6725 -0.3039 0.6748
vn -0.6452 -0.2832 0.7096
vn -0.0052 0.0774 0.9970
vn -0.4085 -0.4526 -0.7926
vn 0.7786 0.4710 0.4146
vn -0.1347 -0.0428 -0.9900
vn 0.0024 -0.0715 -0.9974
vn -0.6452 -0.2830 0.7096
vn -0.4094 -0.5127 0.7547
vn -0.6724 -0.3040 0.6749
vn -0.1901 -0.4152 0.8896
vn 0.2604 -0.8822 0.3923
vn -0.6379 0.5843 -0.5017
vn -0.6357 0.6575 -0.4046
vn -0.7415 0.5069 -0.4396
vn -0.2159 0.8814 -0.4201
vn 0.0017 0.9414 -0.3373
vn -0.5519 -0.1118 0.8264
vn -0.7033 0.1750 0.6891
vn -0.8979 0.2171 0.3829
vn -0.5121 0.0143 0.8588
vn -0.2099 -0.2088 0.9552
vn -0.2149 0.4781 0.8516
vn -0.8033 -0.0031 0.5956
vn -0.3561 0.4491 0.8194
vn -0.8210 0.0300 0.5701
vn -0.8367 0.0101 0.5475
vn 0.9967 0.0255 0.0766
vn 0.9951 -0.0831 0.0528
vn 0.3889 0.1175 -0.9138
vn 0.3485 -0.5441 0.7632
vn -0.0016 -0.3967 0.9180
vn -0.9827 -0.1825 -0.0324
vn -0.6928 -0.4462 0.5665
vn -0.6418 -0.3330 0.6908
vn -0.8173 -0.2042 -0.5389
vn -0.3213 0.2019 -0.9252
vn -0.4031 -0.7822 0.4750
vn -0.0687 -0.9703 0.2319
vn -0.5579 -0.8099 0.1813
vn -0.0518 -0.8461 0.5305
vn -0.3919 -0.7140 0.5801
vn -0.7524 -0.6571 -0.0458
vn -0.8377 -0.4476 -0.3130
vn -0.6869 -0.6753 -0.2687
vn -0.8931 -0.4492 -0.0241
vn -0.7660 -0.6044 0.2188
vn -0.7797 -0.6206 0.0834
vn -0.9023 -0.4067 0.1431
vn -0.6572 -0.7197 0.2240
vn -0.9663 -0.2515 0.0540
vn -0.8965 -0.2946 -0.3309
vn -0.9981 -0.0576 0.0216
vn -0.9907 -0.0989 -0.0931
vn -0.9762 -0.2162 -0.0156
vn -0.9931 -0.0152 -0.1163
vn -0.9925 -0.0868 0.0856
vn -0.9248 -0.1218 0.3604
vn -0.8428 -0.0727 0.5333
vn -0.9043 -0.1131 0.4116
vn -0.8371 -0.3096 0.4510
vn -0.8990 -0.2912 0.3271
vn -0.1910 -0.4106 0.8916
vn -0.3734 -0.1660 0.9127
vn -0.4039 -0.5121 0.7581
vn -0.3050 -0.2659 0.9145
vn -0.0523 -0.3490 0.9357
vn -0.7489 -0.4107 -0.5201
vn -0.6095 -0.3330 -0.7194
vn -0.7033 -0.2819 -0.6526
vn -0.6880 -0.1389 -0.7123
vn 0.2561 -0.5271 -0.8103
vn 0.6147 -0.2903 -0.7334
vn 0.6078 -0.6297 -0.4838
vn -0.1662 -0.0761 -0.9832
vn -0.5498 -0.1790 -0.8159
vn -0.5513 -0.4162 -0.7231
vn -0.6447 -0.1582 -0.7479
vn -0.6956 -0.0661 -0.7154
vn -0.6727 -0.3083 -0.6726
vn -0.3530 -0.6969 -0.6243
vn -0.9318 -0.2691 0.2434
vn -0.9532 -0.3007 0.0319
vn -0.9004 -0.4222 -0.1049
vn -0.9232 -0.3591 0.1367
vn 0.1023 -0.9948 0.0015
vn -0.0856 -0.9940 -0.0676
vn 0.1723 -0.9847 -0.0267
vn -0.0565 -0.9981 -0.0238
vn 0.2323 -0.6511 -0.7226
vn -0.3971 -0.6585 0.6393
vn 0.9705 -0.2289 0.0759
vn -0.7454 -0.4943 0.4472
vn 0.8174 -0.5639 -0.1181
vn 0.7337 -0.6748 0.0792
vn -0.9077 0.2846 -0.3084
vn -0.8164 0.1112 -0.5666
vn -0.5543 0.4139 -0.7221
vn -0.9301 0.1971 -0.3100
vn -0.9627 -0.0564 0.2648
vn 0.6276 0.1853 -0.7562
vn 0.4289 -0.0786 -0.8999
vn 0.6915 0.0375 -0.7214
vn 0.4272 0.1257 -0.8954
vn 0.5556 0.3429 -0.7575
vn -0.7670 -0.3983 0.5030
vn -0.7681 -0.1351 0.6259
vn -0.8185 -0.4834 0.3106
vn -0.6359 -0.1536 0.7563
vn -0.6076 -0.0244 0.7939
vn -0.5650 -0.8238 -0.0453
vn -0.8118 -0.4952 0.3095
vn 0.9407 0.1665 -0.2954
vn -0.7783 -0.4531 0.4348
vn -0.9333 -0.3294 0.1428
vn 0.6724 -0.0557 -0.7381
vn 0.6304 -0.1219 -0.7666
vn 0.7352 0.0100 -0.6778
vn -0.5916 -0.1398 0.7940
vn -0.4069 -0.5112 0.7571
vn -0.8315 0.0286 -0.5548
vn -0.6274 0.6624 0.4093
vn -0.6411 0.7196 0.2666
vn -0.7392 0.6698 -0.0699
vn -0.8555 -0.1385 -0.4989
vn 0.9453 -0.3227 0.0475
vn 0.8242 0.1699 0.5402
vn 0.8106 -0.1093 0.5753
vn 0.9822 0.1443 0.1206
vn 0.9269 0.3622 -0.0981
vn 0.6590 -0.5533 -0.5096
vn 0.5410 -0.5830 -0.6061
vn 0.7511 -0.5234 -0.4024
vn 0.3462 -0.7074 -0.6162
vn 0.2934 -0.7632 -0.5757
vn 0.0997 -0.9922 0.0752
vn -0.2229 -0.9746 -0.0222
vn -0.0123 -0.9999 -0.0016
vn -0.3823 -0.9184 0.1015
vn 0.1070 -0.9941 0.0165
vn -0.7424 -0.0420 -0.6687
vn -0.6459 -0.2554 -0.7194
vn -0.7632 -0.1949 -0.6161
vn -0.6016 -0.1358 -0.7872
vn -0.6677 -0.0955 -0.7383
vn -0.7443 -0.0366 -0.6669
vn -0.7018 -0.0624 -0.7096
vn -0.6660 -0.0915 -0.7403
vn -0.8343 -0.0035 -0.5513
vn -0.8157 -0.0853 -0.5721
vn -0.9957 -0.0902 -0.0205
vn -0.7886 0.3651 -0.4949
vn -0.8569 -0.4954 -0.1422
vn -0.2562 0.9663 -0.0242
vn -0.9840 -0.1756 0.0284
vn 0.1899 0.9501 0.2477
vn -0.0754 0.9932 0.0886
vn 0.3701 0.9100 -0.1870
vn -0.1999 0.8982 0.3915
vn -0.5248 0.8335 0.1728
vn -0.6866 0.6929 0.2200
vn -0.7416 0.4634 0.4850
vn -0.4972 0.8644 0.0745
vn -0.8204 -0.4821 0.3074
vn -0.7708 -0.1321 0.6232
vn 0.8542 0.4767 0.2074
vn 0.4284 0.6424 -0.6355
vn 0.6545 0.0015 -0.7561
vn -0.2080 -0.0136 0.9780
vn 0.2745 -0.5355 0.7987
vn -0.2812 -0.3051 -0.9099
vn -0.2963 0.0303 -0.9546
vn -0.3364 -0.2509 -0.9077
vn -0.5435 -0.2034 -0.8144
vn 0.3475 -0.1762 0.9210
vn 0.2326 -0.2483 0.9403
vn 0.6569 -0.0022 -0.7540
vn -0.7775 -0.4569 0.4322
vn -0.7685 -0.3978 0.5011
vn -0.8201 -0.4862 0.3017
vn -0.6066 -0.0339 0.7943
vn -0.8357 -0.5484 0.0297
vn -0.9208 -0.3712 -0.1199
vn -0.9225 0.3242 -0.2096
vn -0.9666 -0.2014 -0.1587
vn -0.0181 0.5272 0.8496
vn -0.4135 0.3682 0.8327
vn -0.2021 0.8058 0.5567
vn -0.0627 0.2691 0.9611
vn -0.1968 -0.3168 0.9279
vn -0.0999 -0.2549 0.9618
vn 0.3833 -0.3243 0.8648
vn -0.1822 -0.1987 0.9630
vn 0.5921 -0.0047 0.8058
vn 0.0348 -0.0191 0.9992
vn 0.5835 0.1495 0.7982
vn -0.0571 -0.1688 0.9840
vn 0.6296 0.3511 0.6931
vn 0.9072 0.3574 0.2221
vn 0.5824 0.6724 0.4569
vn 0.6389 0.0659 0.7665
vn -0.0382 -0.8280 -0.5594
vn -0.7932 -0.5911 0.1464
vn -0.6528 -0.6605 -0.3708
vn 0.4603 -0.8290 0.3177
vn -0.8112 -0.5656 0.1482
vn -0.8216 0.0113 0.5700
vn -0.6342 -0.6719 -0.3826
vn -0.7926 0.0569 0.6070
vn -0.2583 -0.3596 -0.8966
vn -0.3076 -0.4247 -0.8515
vn -0.4119 -0.4570 -0.7883
vn 0.0704 0.0133 -0.9974
vn -0.1139 0.9227 -0.3682
vn 0.0959 0.9634 0.2505
vn 0.5667 0.8171 -0.1057
vn -0.2100 0.8973 -0.3883
vn 0.7009 0.4901 0.5182
vn 0.3224 0.9330 0.1601
vn -0.0053 0.7797 0.6261
vn 0.9301 0.2713 0.2475
vn -0.4223 0.5015 -0.7551
vn -0.0339 0.4899 -0.8711
vn -0.0553 0.9742 0.2188
vn -0.0424 0.3408 -0.9392
vn -0.8732 0.4785 -0.0927
vn -0.8748 0.4784 -0.0767
vn -0.7496 0.6496 -0.1271
vn -0.9271 0.3644 -0.0880
vn 0.3351 0.9362 0.1058
vn -0.3623 0.9319 0.0168
vn -0.1025 0.9869 0.1247
vn -0.0651 0.9978 -0.0157
vn -0.9742 0.0328 -0.2231
vn -0.9583 -0.0391 -0.2830
vn -0.8121 0.4111 -0.4142
vn -0.7255 -0.6690 -0.1613
vn -0.6679 -0.7261 -0.1631
vn -0.6163 -0.7158 -0.3284
vn -0.9495 -0.1127 -0.2928
vn -0.8865 -0.3070 -0.3461
vn -0.1491 0.0498 -0.9876
vn -0.2311 0.1996 -0.9522
vn -0.4540 0.2119 -0.8654
vn 0.0957 0.0457 -0.9944
vn -0.6955 0.1261 0.7074
vn -0.6268 0.2724 0.7300
vn -0.8692 0.2477 0.4278
vn -0.4656 0.0575 0.8831
vn 0.8593 -0.2057 -0.4683
vn 0.9837 0.1620 -0.0781
vn 0.9783 0.0481 0.2017
vn 0.9884 -0.0070 -0.1518
vn 0.4449 -0.2683 0.8544
vn 0.7187 -0.3851 0.5789
vn 0.9292 -0.0901 0.3583
vn 0.0902 -0.5001 0.8613
vn 0.6001 0.1283 -0.7896
vn 0.7345 0.3346 -0.5904
vn 0.8789 0.4647 -0.1079
vn 0.1740 -0.0067 -0.9847
vn -0.2059 -0.3265 0.9225
vn -0.4012 -0.5832 0.7064
vn -0.2176 -0.2067 0.9539
vn -0.7792 -0.2335 0.5817
vn -0.2112 0.5110 0.8332
vn -0.1822 0.4676 0.8649
vn 0.7419 0.5485 0.3857
vn -0.8257 0.0145 0.5640
vn -0.9183 -0.3822 0.1027
vn -0.8481 -0.4959 0.1866
vn -0.9367 -0.3343 0.1039
vn -0.7886 -0.5132 0.3387
vn -0.9727 0.0118 0.2317
vn -0.9988 -0.0414 0.0244
vn -0.9814 -0.0728 0.1776
vn -0.9922 -0.0022 -0.1248
vn -0.8789 -0.4428 0.1772
vn -0.9432 -0.3264 0.0618
vn -0.6595 -0.7199 0.2163
vn -0.9729 -0.1807 0.1443
vn -0.9841 -0.1213 0.1297
vn -0.9812 -0.1142 0.1555
vn -0.9815 -0.1139 0.1536
vn -0.7964 -0.5892 -0.1367
vn -0.9594 -0.2015 -0.1972
vn -0.9050 -0.4139 0.0986
vn -0.8568 -0.3563 -0.3727
vn -0.2584 -0.5291 -0.8083
vn 0.0040 -0.7394 -0.6732
vn 0.0789 -0.6668 -0.7411
vn -0.2995 -0.7819 -0.5468
vn -0.2179 -0.0546 -0.9744
vn -0.4247 -0.0780 -0.9020
vn -0.2928 -0.2162 -0.9314
vn -0.2999 -0.0315 -0.9534
vn 0.4243 -0.8784 -0.2201
vn 0.3228 -0.8153 -0.4808
vn 0.1225 -0.9541 -0.2734
vn 0.3895 -0.7821 -0.4864
vn -0.2717 -0.1633 -0.9484
vn -0.2676 0.0471 -0.9624
vn -0.4798 -0.3804 -0.7906
vn -0.5004 -0.6568 -0.5642
vn -0.7512 -0.1266 -0.6478
vn -0.8520 -0.2179 -0.4761
vn -0.5085 -0.5980 -0.6195
vn -0.6290 -0.0035 -0.7774
vn -0.7612 -0.0405 -0.6473
vn -0.8484 -0.0046 -0.5294
vn -0.6653 -0.1052 -0.7392
vn -0.5066 -0.5974 -0.6216
vn -0.4983 -0.0480 -0.8657
vn -0.7476 -0.1251 -0.6522
vn -0.4832 -0.3770 -0.7902
vn -0.3564 -0.6786 -0.6423
vn -0.5977 -0.3600 -0.7164
vn -0.5477 -0.6104 -0.5722
vn -0.5521 -0.4596 -0.6957
vn -0.8573 -0.1938 -0.4770
vn -0.6866 -0.5814 -0.4365
vn -0.6199 -0.3933 -0.6790
vn -0.8892 -0.3586 -0.2841
vn -0.0285 0.4522 -0.8915
vn -0.0809 -0.9953 -0.0534
vn 0.3485 -0.7989 -0.4902
vn -0.3109 0.9473 -0.0766
vn -0.2018 0.9768 -0.0722
vn -0.8517 -0.0969 -0.5151
vn -0.7598 -0.1346 -0.6361
vn -0.9381 -0.0525 -0.3423
vn -0.8081 -0.0923 -0.5818
vn -0.9213 0.3708 -0.1171
vn -0.2522 0.9656 -0.0630
vn -0.7424 -0.4761 -0.4713
vn -0.1613 0.1573 -0.9743
vn 0.2987 0.9160 -0.2678
vn 0.2908 0.8193 -0.4942
vn -0.1567 -0.9868 -0.0413
vn 0.6519 -0.3754 0.6589
vn 0.6761 -0.4161 0.6081
vn 0.3948 -0.0291 0.9183
vn 0.6886 -0.3633 0.6275
vn 0.6691 -0.3124 0.6743
vn -0.9510 -0.2938 0.0968
vn -0.7354 -0.6163 0.2817
vn -0.5387 -0.8163 0.2084
vn 0.6737 -0.2971 0.6767
vn 0.5446 0.4548 0.7047
vn 0.3880 -0.0200 0.9214
vn 0.5024 0.8288 -0.2465
vn -0.6507 0.6757 -0.3464
vn 0.4588 0.8817 0.1100
vn -0.6498 0.7024 -0.2904
vn -0.7089 -0.3420 0.6169
vn 0.1702 0.8085 0.5634
vn 0.9411 -0.2493 0.2283
vn 0.5919 0.7534 -0.2864
vn 0.9338 0.3196 0.1607
vn 0.2244 0.9098 0.3491
vn -0.8890 0.2816 0.3610
vn -0.5565 0.4970 -0.6659
vn 0.9067 -0.2784 0.3167
vn -0.1040 0.9705 0.2176
vn 0.7493 0.1739 -0.6390
vn 0.3705 0.9084 -0.1937
vn -0.0070 0.9296 -0.3685
vn 0.2372 0.7850 -0.5723
vn 0.3736 0.9080 -0.1899
vn 0.2431 0.7805 -0.5760
vn 0.6687 0.7014 -0.2466
vn -0.0949 0.5426 -0.8346
vn -0.1886 0.8691 -0.4572
vn -0.3372 0.6826 -0.6484
vn -0.0327 0.2008 -0.9791
vn 0.0257 0.1886 -0.9817
vn -0.8130 0.1075 -0.5723
vn -0.3550 0.2293 -0.9063
vn -0.5547 0.4095 -0.7243
vn -0.4316 0.8872 0.1628
vn -0.5227 0.8348 0.1729
vn -0.7389 0.4665 0.4862
vn -0.9301 -0.1144 -0.3490
vn -0.9615 -0.0592 0.2685
vn -0.7401 0.4714 0.4797
vn -0.9276 -0.1180 -0.3544
vn -0.8908 0.4379 0.1215
vn 0.6366 0.1253 -0.7610
vn -0.7650 -0.1360 0.6295
vn -0.2059 -0.0194 0.9784
vn 0.4734 0.2849 -0.8335
vn 0.6374 0.1206 -0.7610
vn -0.1377 0.1592 -0.9776
vn 0.1756 0.4085 -0.8957
vn -0.0923 -0.0091 -0.9957
vn 0.1595 0.7508 -0.6410
vn -0.8188 -0.4872 0.3037
vn 0.8580 0.4707 0.2057
vn 0.9354 0.1617 -0.3145
vn 0.6359 0.1207 -0.7623
vn 0.1849 -0.4713 -0.8624
vn 0.8542 0.4769 0.2074
vn 0.5968 -0.1629 -0.7857
vn 0.6919 0.0346 -0.7212
vn 0.4286 -0.0835 -0.8996
vn -0.7781 -0.4531 0.4351
vn -0.9320 -0.3337 0.1414
vn -0.6107 -0.0327 0.7912
vn -0.9340 -0.3287 0.1404
vn -0.5685 -0.8216 -0.0420
vn -0.7305 -0.6221 -0.2817
vn 0.9614 0.1873 -0.2018
vn 0.9764 0.0187 -0.2154
vn 0.9302 0.1417 0.3387
vn -0.2675 -0.8398 0.4725
vn -0.9243 0.3201 -0.2079
vn -0.8326 -0.5529 0.0334
vn -0.9282 -0.1091 -0.3558
vn -0.9667 -0.1949 -0.1660
vn -0.8144 -0.5545 -0.1711
vn -0.9667 -0.1980 -0.1622
vn -0.9285 -0.1134 -0.3535
vn -0.8942 0.4310 0.1210
vn -0.9968 -0.0710 0.0369
vn -0.9300 -0.1096 -0.3508
vn 0.1851 -0.4670 -0.8647
vn 0.1178 -0.5242 0.8434
vn 0.0617 -0.0956 -0.9935
vn 0.1167 -0.1604 0.9801
vn 0.3288 0.0313 0.9439
vn -0.0746 -0.2591 -0.9630
vn 0.8517 0.4804 0.2094
vn 0.1850 -0.4711 -0.8624
vn 0.2507 0.7041 -0.6644
vn 0.4944 0.5868 -0.6412
vn 0.1024 -0.0988 -0.9898
vn -0.0749 -0.2600 -0.9627
vn -0.0320 -0.2393 -0.9704
vn 0.9656 -0.2584 -0.0284
vn 0.5911 0.1513 0.7923
vn 0.9271 0.1414 0.3471
vn 0.5962 -0.0050 0.8028
vn 0.7597 0.5377 0.3657
vn 0.9397 0.3302 0.0888
vn 0.9176 -0.2129 -0.3358
vn -0.1389 -0.9903 0.0012
vn -0.7132 -0.4389 0.5466
vn -0.8183 -0.3437 0.4607
vn -0.8643 -0.4177 0.2801
vn 0.7944 0.2189 -0.5666
vn -0.1430 -0.9897 0.0038
vn -0.3312 -0.0172 0.9434
vn -0.3285 0.0776 0.9413
vn -0.0053 0.0776 0.9970
vn -0.7134 -0.1068 0.6926
vn -0.6212 -0.1998 0.7577
vn 0.7320 0.0114 -0.6812
vn 0.6248 -0.1272 -0.7704
vn 0.8850 0.0747 -0.4595
vn -0.9763 -0.1773 0.1243
vn -0.8612 -0.2770 0.4261
vn -0.8882 -0.1984 0.4145
vn -0.7920 0.5183 -0.3228
vn -0.8304 0.5514 0.0804
vn 0.1032 0.8676 -0.4865
vn -0.2468 0.8779 -0.4103
vn -0.1044 0.9098 -0.4017
vn -0.8271 0.4855 0.2832
vn -0.6724 -0.3039 0.6749
vn -0.4056 -0.5153 0.7550
vn 0.7780 0.4747 0.4117
vn 0.2641 -0.8825 0.3891
vn -0.6487 -0.2803 0.7075
vn 0.7270 -0.2749 0.6293
vn 0.1355 0.8716 -0.4710
vn 0.0021 0.7962 -0.6050
vn 0.0607 -0.1280 -0.9899
vn -0.6541 0.7549 -0.0476
vn -0.9294 0.3457 -0.1291
vn -0.8885 0.4562 -0.0501
vn -0.3131 0.8077 -0.4996
vn -0.0827 0.8228 -0.5623
vn -0.6213 0.5430 -0.5650
vn -0.6900 0.5745 -0.4403
vn -0.1918 0.9033 0.3838
vn -0.6910 0.7115 0.1275
vn 0.6802 -0.1261 0.7221
vn 0.7517 0.2158 0.6232
vn 0.3585 0.7774 0.5169
vn 0.0730 -0.6232 -0.7787
vn 0.0056 -0.7486 -0.6630
vn -0.6332 -0.6697 -0.3881
vn -0.1753 0.9709 -0.1631
vn -0.7767 0.6182 0.1206
vn -0.0541 0.9866 -0.1540
vn -0.7977 0.3105 0.5170
vn -0.8518 0.4991 0.1589
vn -0.7755 0.5763 0.2580
vn -0.8261 0.3190 -0.4645
vn -0.6808 0.6866 -0.2551
vn -0.7129 0.4525 -0.5357
vn -0.4340 0.0559 -0.8992
vn -0.4651 -0.1195 -0.8771
vn -0.6136 0.0140 -0.7895
vn 0.6340 0.7731 -0.0190
vn 0.6930 0.7181 -0.0635
vn 0.0090 0.8935 -0.4489
vn 0.7829 0.6211 -0.0362
vn 0.9866 0.0589 0.1521
vn 0.7686 0.6287 -0.1186
vn -0.3997 -0.1654 0.9016
vn -0.6300 0.2662 0.7295
vn -0.4728 0.0382 0.8804
vn -0.6082 -0.7740 -0.1760
vn -0.9323 -0.3550 0.0697
vn -0.9527 -0.3037 -0.0138
vn -0.8505 -0.2521 -0.4617
vn -0.6296 -0.7626 -0.1484
vn -0.9518 -0.3068 0.0053
vn -0.2841 0.2044 -0.9368
vn 0.5200 0.2398 -0.8198
vn -0.2738 0.1905 -0.9427
vn -0.8008 -0.5754 0.1662
vn -0.7845 0.0165 0.6199
vn -0.7947 0.0538 0.6046
vn -0.9245 -0.1274 0.3592
vn -0.9751 -0.2217 -0.0080
vn -0.0780 -0.2187 0.9727
vn -0.0742 -0.3529 0.9327
vn -0.2141 -0.4194 0.8822
vn -0.9530 -0.2298 -0.1974
vn -0.8985 -0.4170 -0.1374
vn -0.9007 -0.2778 -0.3339
vn -0.8344 -0.3190 0.4495
vn -0.7775 -0.4666 0.4217
vn -0.7500 -0.3303 0.5730
vn -0.2310 -0.8254 0.5151
vn 0.0332 -0.6131 0.7893
vn -0.2586 -0.7402 0.6207
vn -0.9251 -0.3546 0.1357
vn -0.9336 -0.2654 0.2407
vn -0.9185 -0.3627 0.1577
vn -0.8532 -0.5215 0.0074
vn -0.4498 -0.8733 -0.1873
vn -0.8058 -0.5056 -0.3083
vn -0.9022 -0.2437 0.3559
vn -0.4437 -0.6802 0.5835
vn -0.3629 -0.5245 0.7702
vn -0.2210 -0.9691 -0.1092
vn -0.1000 -0.7560 -0.6469
vn 0.0008 -0.9961 -0.0880
vn -0.8000 -0.5666 0.1975
vn -0.9895 -0.1211 -0.0784
vn -0.7974 -0.5834 -0.1543
vn -0.7534 -0.3229 0.5728
vn -0.8424 -0.0762 0.5334
vn -0.8381 -0.3101 0.4488
vn -0.8211 -0.5424 0.1778
vn -0.7769 -0.6041 0.1773
vn -0.8088 -0.5573 0.1879
vn -0.2697 -0.5895 -0.7614
vn -0.1815 -0.5924 -0.7849
vn -0.0583 -0.6263 -0.7774
vn -0.4744 -0.5629 -0.6768
vn -0.5101 -0.5000 -0.6999
vn -0.4943 -0.5143 -0.7008
vn -0.6915 -0.1377 -0.7091
vn -0.5481 -0.2386 -0.8016
vn -0.6095 -0.1334 -0.7815
vn -0.1924 -0.8798 -0.4346
vn -0.5504 -0.8034 -0.2273
vn -0.2459 -0.9617 -0.1209
vn -0.3484 -0.4743 -0.8085
vn -0.0565 -0.5221 -0.8510
vn -0.0954 -0.3706 -0.9239
vn 0.7859 -0.5045 -0.3574
vn 0.7542 -0.5256 -0.3937
vn 0.5753 -0.5949 -0.5614
vn -0.4227 -0.5770 -0.6988
vn -0.6372 -0.4985 -0.5877
vn -0.2702 -0.8717 -0.4088
vn -0.6656 -0.3229 -0.6728
vn -0.6480 -0.2584 -0.7165
vn -0.8079 -0.1094 -0.5790
vn -0.4816 -0.5249 -0.7018
vn -0.6979 -0.5742 -0.4280
vn -0.3439 -0.5757 -0.7418
vn -0.4288 -0.5768 -0.6953
vn -0.4309 -0.4731 -0.7684
vn -0.6835 -0.0686 0.7267
vn -0.6602 -0.1422 0.7375
vn -0.6942 -0.2169 0.6863
vn -0.8940 -0.4475 -0.0207
vn -0.8220 -0.4773 -0.3106
vn -0.8392 -0.4431 -0.3153
vn -0.9128 0.3930 -0.1111
vn -0.6735 -0.6160 -0.4086
vn -0.0273 -0.9896 -0.1410
vn -0.1037 -0.9925 -0.0642
vn 0.2198 -0.9668 -0.1305
vn 0.1106 -0.9938 0.0132
vn -0.0883 -0.9848 -0.1497
vn 0.1322 -0.9658 -0.2230
vn -0.0735 -0.9951 -0.0663
vn -0.0771 -0.9965 0.0314
vn -0.7477 -0.6438 -0.1626
vn -0.7778 0.3915 -0.4917
vn -0.6052 0.4244 0.6735
vn -0.0780 -0.9950 -0.0631
vn -0.3064 0.9475 -0.0916
vn -0.0262 -0.8276 0.5607
vn -0.0701 -0.9968 -0.0383
vn -0.6049 0.4075 0.6841
vn -0.1027 -0.9925 -0.0668
vn 0.1106 -0.9938 0.0133
vn 0.1008 -0.9756 0.1951
vn -0.2291 0.9734 0.0081
vn -0.9875 -0.1575 -0.0006
vn -0.9842 -0.0969 -0.1480
vn -0.2130 0.9759 -0.0479
vn -0.9808 -0.0910 -0.1724
vn -0.9385 -0.0524 -0.3413
vn -0.1784 -0.9798 0.0905
vn 0.0417 -0.9983 -0.0412
vn 0.1410 -0.9881 0.0609
vn -0.6411 -0.2934 -0.7092
vn -0.1451 0.9749 -0.1690
vn -0.7469 -0.1437 -0.6493
vn 0.2131 -0.9454 0.2465
vn 0.0217 -0.9672 0.2532
vn -0.2642 -0.7581 0.5962
vn -0.3306 -0.0651 0.9415
vn -0.7952 -0.4744 -0.3776
vn -0.4830 -0.3573 0.7994
vn 0.2401 0.9156 -0.3226
vn 0.3959 0.8896 0.2277
vn 0.1171 0.6424 -0.7573
vn 0.0740 0.6996 -0.7107
vn -0.1266 0.1884 -0.9739
vn -0.1391 0.2301 -0.9632
vn -0.1472 0.1312 -0.9804
vn -0.2814 0.1513 -0.9476
vn -0.9950 -0.0232 0.0967
vn -0.2717 0.1605 -0.9489
vn -0.3020 0.1493 -0.9416
vn -0.1669 0.2222 -0.9606
vn -0.0068 0.5839 -0.8118
vn 0.0625 0.6986 -0.7128
vn 0.3126 0.9292 0.1972
vn 0.3764 0.9017 0.2125
vn 0.3285 0.3060 0.8935
vn 0.3100 0.3237 0.8940
vn 0.1595 -0.1757 0.9714
vn 0.0921 -0.4038 0.9102
vn -0.1534 -0.3673 0.9173
vn 0.7970 -0.5036 0.3334
vn -0.7868 -0.0143 -0.6171
vn -0.8078 0.0349 -0.5885
vn -0.4496 0.1671 -0.8774
vn -0.9462 -0.0697 -0.3161
vn -0.9577 -0.1232 -0.2602
vn -0.9912 -0.1210 0.0545
vn -0.9614 -0.1821 0.2065
vn -0.8199 -0.1614 0.5493
vn -0.6549 -0.2235 0.7219
vn -0.3326 -0.1639 0.9287
vn -0.2227 -0.2224 0.9492
vn 0.2632 -0.0893 0.9606
vn 0.2932 -0.2074 0.9333
vn 0.7757 0.0363 0.6301
vn 0.7760 0.0177 0.6305
vn 0.9623 0.0633 0.2644
vn 0.9203 0.2902 0.2624
vn 0.9324 0.3406 -0.1212
vn 0.9372 0.3009 -0.1762
vn 0.7085 0.1759 -0.6835
vn -0.9507 -0.0339 -0.3082
vn -0.9408 -0.0045 -0.3390
vn -0.8137 0.0516 -0.5790
vn -0.9984 -0.0442 -0.0356
vn -0.9948 -0.0840 0.0584
vn -0.8985 -0.0394 0.4372
vn -0.8106 -0.1132 0.5746
vn -0.4336 -0.0391 0.9003
vn -0.3450 -0.1215 0.9307
vn 0.1320 0.0063 0.9912
vn 0.2481 -0.0514 0.9674
vn 0.6839 0.1331 0.7173
vn 0.7570 0.0478 0.6517
vn 0.9189 0.2367 0.3155
vn 0.9514 0.0700 0.2998
vn 0.9700 0.2292 -0.0812
vn 0.9657 0.2126 -0.1488
vn 0.6837 0.3356 -0.6480
vn 0.6598 0.1506 -0.7362
vn 0.1707 -0.0523 -0.9839
vn 0.1146 0.1052 0.9878
vn 0.1666 0.0703 0.9835
vn 0.0405 0.0698 0.9967
vn 0.3203 0.2491 0.9140
vn 0.5416 0.3755 0.7521
vn 0.8274 0.4608 -0.3211
vn 0.7652 -0.3526 -0.5387
vn 0.1786 -0.0792 -0.9807
vn 0.0309 -0.2613 -0.9648
vn -0.4688 -0.5618 -0.6816
vn -0.8367 -0.4133 -0.3592
vn -0.8723 -0.2400 0.4261
vn -0.8570 -0.2192 0.4663
vn -0.1823 0.0317 0.9827
vn 0.2706 0.2954 0.9163
vn 0.2230 0.1848 0.9571
vn 0.3111 0.9281 0.2048
vn 0.1108 -0.2418 0.9640
vn 0.1185 -0.2930 0.9487
vn 0.0418 -0.3460 0.9373
vn 0.1514 -0.3957 0.9058
vn 0.1429 -0.2417 0.9598
vn 0.0088 -0.2790 0.9603
vn 0.2843 0.2197 0.9332
vn -0.0255 -0.3328 0.9426
vn 0.1396 -0.3386 0.9305
vn 0.9759 0.2013 -0.0842
vn 0.9494 0.2858 -0.1305
vn 0.9077 0.2602 0.3292
vn 0.7177 0.2621 -0.6451
vn 0.6693 0.1073 -0.7352
vn 0.1915 0.0447 -0.9805
vn 0.1605 -0.0783 -0.9839
vn -0.2317 -0.0194 -0.9726
vn -0.5910 -0.1950 -0.7828
vn -0.7614 -0.1911 -0.6195
vn -0.8695 -0.1762 -0.4614
vn -0.9529 -0.1571 -0.2593
vn -0.9705 -0.1685 -0.1727
vn -0.9594 -0.2759 0.0581
vn 0.7572 0.4125 0.5065
vn 0.9548 0.0283 -0.2959
vn 0.7571 0.3641 -0.5424
vn 0.7252 0.2007 0.6587
vn -0.2382 0.2041 0.9495
vn -0.1961 0.0050 0.9806
vn -0.9016 -0.1100 0.4183
vn -0.8916 -0.3083 0.3317
vn -0.8306 -0.3840 -0.4032
vn -0.5450 -0.5522 -0.6309
vn 0.0400 -0.2840 -0.9580
vn 0.3947 -0.3069 -0.8660
vn 0.7573 0.3601 -0.5449
vn 0.9539 0.0248 -0.2991
vn -0.4809 -0.2848 0.8292
vn -0.1408 -0.4019 0.9048
vn 0.4760 0.1513 0.8663
vn -0.8885 -0.3892 0.2430
vn -0.9862 -0.1515 -0.0664
vn -0.6763 -0.0622 -0.7340
vn -0.5879 0.1204 -0.8000
vn 0.2739 0.0301 -0.9613
vn 0.3508 0.2155 -0.9113
vn 0.9743 0.0059 -0.2252
vn 0.9784 0.1983 -0.0585
vn 0.6771 -0.2231 0.7013
vn 0.4798 0.1475 0.8649
vn -0.1350 -0.4032 0.9051
vn 0.6689 -0.7287 -0.1467
vn -0.5271 -0.3908 0.7546
vn 0.6833 -0.7169 -0.1382
vn -0.5805 -0.6639 0.4714
vn 0.9756 -0.2156 -0.0425
vn 0.2215 -0.7645 -0.6053
vn 0.4307 0.8041 -0.4098
vn -0.7429 0.6694 0.0058
vn 0.6074 0.6281 -0.4865
vn -0.7459 0.4666 0.4753
vn 0.6058 0.2247 -0.7632
vn 0.4533 0.8815 -0.1321
vn 0.7694 0.3490 -0.5350
vn -0.3228 0.3760 0.8686
vn -0.3349 0.1618 0.9283
vn 0.7832 0.3207 0.5327
vn -0.9036 0.4253 0.0518
vn -0.6823 0.7258 -0.0878
vn 0.0667 -0.0291 -0.9973
vn 0.7217 0.6721 -0.1656
vn 0.0358 -0.2563 -0.9659
vn 0.8273 0.4634 -0.3175
vn 0.1029 -0.3340 -0.9369
vn -0.9363 -0.3243 -0.1350
vn -0.3554 -0.5428 -0.7609
vn -0.6836 -0.7179 -0.1313
vn 0.2371 -0.1574 -0.9587
vn 0.0751 0.1185 -0.9901
vn 0.9944 0.0701 -0.0793
vn 0.9857 0.1211 0.1174
vn 0.7839 -0.5825 0.2150
vn 0.7819 -0.1223 0.6113
vn 0.2319 -0.4153 0.8796
vn 0.9539 0.0248 -0.2990
vn 0.9443 -0.0820 -0.3188
vn 0.3259 -0.4825 -0.8130
vn 0.8255 0.0048 0.5644
vn 0.7265 0.1908 0.6602
vn -0.1958 -0.0012 0.9806
vn 0.9208 0.2996 0.2499
vn 0.9351 0.2789 0.2188
vn 0.9796 0.1307 -0.1529
vn 0.8445 -0.0197 0.5352
vn 0.7689 -0.0816 0.6341
vn 0.4173 -0.1419 0.8976
vn 0.2325 -0.2901 0.9283
vn -0.2469 -0.2946 0.9232
vn -0.2433 -0.1803 0.9530
vn -0.6724 -0.2075 0.7105
vn -0.0760 -0.3298 0.9410
vn -0.9943 -0.0160 0.1056
vn -0.0608 -0.3220 0.9448
vn 0.3812 0.9048 -0.1897
vn 0.2985 0.9473 0.1162
vn 0.3695 0.7576 0.5380
vn 0.1007 0.5003 -0.8600
vn -0.0160 0.1043 -0.9944
vn -0.1495 0.1022 -0.9835
vn -0.2433 -0.8536 -0.4606
vn -0.9973 -0.0461 0.0570
vn -0.1680 -0.9305 0.3255
vn -0.0783 -0.1289 -0.9886
vn 0.1672 -0.1711 -0.9710
vn -0.4441 0.2706 -0.8541
vn 0.1068 -0.0937 -0.9899
vn 0.0229 -0.1794 -0.9835
vn 0.0556 -0.0299 -0.9980
vn 0.3257 -0.4825 -0.8131
vn 0.3977 -0.3137 -0.8622
vn -0.5430 -0.5567 -0.6286
vn -0.7623 -0.5837 -0.2796
vn -0.8902 -0.3138 0.3303
vn -0.8654 -0.3129 0.3914
vn -0.3692 -0.1659 0.9144
vn 0.9684 -0.2123 -0.1311
vn 0.9729 -0.0069 -0.2311
vn 0.6821 -0.2282 0.6948
vn 0.2917 0.0448 -0.9555
vn 0.0857 -0.0642 -0.9942
vn -0.6729 -0.0680 -0.7366
vn -0.6272 -0.0736 -0.7754
vn -0.9162 -0.3581 -0.1797
vn 0.7333 0.6575 -0.1729
vn 0.2961 0.2985 0.9073
vn 0.8255 0.4686 -0.3145
vn 0.1563 0.1821 0.9708
vn -0.0082 -0.0786 -0.9969
vn -0.0671 -0.0973 -0.9930
vn 0.0541 -0.1613 -0.9854
vn -0.4314 0.3158 -0.8451
vn -0.3176 0.2753 -0.9074
vn -0.6847 0.7268 -0.0542
vn -0.6184 0.7836 -0.0599
vn 0.4432 0.4732 0.7614
vn 0.6723 0.4538 0.5848
vn 0.7139 0.4410 -0.5439
vn -0.2328 0.3679 0.9003
vn 0.1563 0.0471 0.9866
vn -0.3347 0.4236 0.8417
vn 0.0705 0.0361 0.9969
vn 0.0814 0.2688 0.9597
vn 0.2507 0.7054 0.6630
vn 0.1986 0.9560 0.2160
vn 0.0307 -0.0035 0.9995
vn -0.1362 -0.2483 0.9591
vn -0.2531 -0.8819 0.3978
vn -0.9983 0.0140 0.0572
vn -0.3474 -0.0592 -0.9358
vn 0.1545 0.2058 -0.9663
vn 0.1850 0.0835 -0.9792
vn -0.3370 0.1043 -0.9357
vn -0.7815 -0.1872 -0.5952
vn -0.7917 -0.0658 -0.6073
vn -0.9438 -0.2323 -0.2352
vn 0.2043 0.3162 -0.9264
vn -0.3378 0.0954 -0.9364
vn -0.4355 0.1991 -0.8779
vn 0.1929 0.1643 -0.9674
vn 0.6703 0.3138 -0.6725
vn 0.7121 0.1981 -0.6736
vn 0.9451 0.3017 -0.1255
vn 0.6759 -0.2322 0.6995
vn 0.6365 -0.3280 0.6980
vn 0.9690 -0.2128 -0.1253
vn -0.2094 -0.5520 0.8071
vn -0.1376 -0.4078 0.9026
vn -0.8838 -0.3949 0.2508
vn -0.8096 0.0849 -0.5807
vn 0.9714 0.1944 -0.1361
vn 0.6871 0.1999 -0.6985
vn 0.9257 0.1800 0.3326
vn -0.9463 0.0578 -0.3180
vn -0.9989 0.0379 -0.0283
vn 0.3232 0.1323 -0.9370
vn 0.0789 0.2217 -0.9719
vn -0.0022 0.1069 -0.9943
vn 0.3587 0.0188 -0.9333
vn 0.8507 -0.4864 0.1993
vn -0.9988 0.0380 -0.0300
vn 0.6763 0.1208 0.7266
vn 0.9258 0.1801 0.3323
vn 0.1052 0.0557 0.9929
vn -0.4395 0.0606 0.8962
vn -0.8199 -0.2083 0.5332
vn -0.9573 -0.1994 0.2095
vn -0.9814 -0.1758 0.0767
vn -0.6883 -0.2062 0.6955
vn -0.2435 -0.2948 0.9240
vn 0.1739 0.1814 0.9679
vn 0.1729 0.0752 0.9821
vn 0.2629 0.1689 0.9499
vn 0.3259 -0.4824 -0.8131
vn -0.7653 -0.5821 -0.2748
vn 0.9443 -0.0820 -0.3186
vn 0.8254 0.0047 0.5645
vn -0.8654 -0.3128 0.3914
vn 0.9442 -0.0819 -0.3189
vn -0.3647 -0.1657 0.9163
vn -0.1974 -0.0067 0.9803
vn -0.3595 -0.1652 0.9184
vn -0.8902 -0.3137 0.3303
vn -0.4961 -0.1444 0.8562
vn -0.2049 -0.4282 0.8801
vn 0.4610 0.1200 0.8793
vn -0.8621 0.0732 -0.5015
vn -0.9164 -0.3623 -0.1699
vn -0.8870 -0.3937 0.2413
vn -0.6799 -0.0705 -0.7299
vn -0.2152 -0.5519 0.8057
vn -0.6271 -0.0735 -0.7754
vn -0.2151 -0.5519 0.8057
vn -0.9163 -0.3601 -0.1753
vn 0.6366 -0.3280 0.6980
vn -0.6272 -0.0736 -0.7753
vn 0.9690 -0.2128 -0.1252
vn 0.6365 -0.3279 0.6981
vn 0.0798 -0.0635 -0.9948
vn -0.8094 0.0848 -0.5812
vn 0.1997 0.2188 -0.9551
vn -0.4404 0.1781 -0.8800
vn 0.6881 0.1998 -0.6976
vn -0.2509 0.4288 0.8679
vn -0.3367 0.4524 0.8258
vn -0.6944 0.7169 -0.0620
vn 0.1592 0.2515 -0.9547
vn 0.0601 -0.2622 -0.9631
vn 0.2249 -0.4578 -0.8601
vn -0.3861 -0.3194 0.8654
vn 0.9096 -0.2761 0.3106
vn 0.6837 -0.7168 -0.1370
vn -0.3723 0.0760 -0.9250
vn -0.7873 -0.0385 -0.6153
vn -0.4895 0.1439 -0.8600
vn -0.9989 0.0377 -0.0288
vn -0.8948 0.0654 0.4416
vn -0.4396 0.0604 0.8962
vn 0.6959 0.2895 -0.6572
vn 0.2463 0.1208 -0.9616
vn 0.1851 0.2139 -0.9592
vn -0.9547 -0.2313 0.1871
vn -0.9569 -0.1922 -0.2176
vn -0.9766 -0.2083 0.0539
vn 0.9872 0.1047 0.1202
vn 0.9801 0.0960 0.1737
vn 0.9798 0.0958 0.1756
vn 0.9857 0.1184 0.1196
vn 0.9852 0.1227 0.1198
vn 0.9852 0.1227 0.1199
vn -0.8295 0.1803 0.5286
vn -0.2392 0.2636 0.9345
vn -0.0164 0.5211 0.8534
vn -0.2487 0.2632 0.9321
vn 0.5698 0.6058 0.5553
vn -0.0164 0.5209 0.8534
vn 0.8354 0.2410 0.4940
vn 0.7663 0.2348 0.5980
vn 0.7484 0.2962 0.5934
vn 0.8133 0.4043 0.4184
vn 0.7929 0.4566 0.4035
vn 0.7106 0.6010 0.3658
vn 0.9177 0.3695 0.1459
vn 0.9318 0.3308 0.1496
vn 0.8780 0.4380 0.1932
vn 0.9695 0.2292 0.0866
vn 0.9284 0.3269 0.1765
vn 0.8607 0.4868 0.1493
vn 0.8719 0.4534 -0.1850
vn 0.8889 0.4300 -0.1582
vn 0.8609 0.4786 -0.1727
vn 0.6660 0.4832 -0.5683
vn 0.5954 0.5670 -0.5692
vn 0.6300 0.5077 -0.5876
vn -0.5180 0.3409 -0.7845
vn -0.0676 0.5371 -0.8408
vn 0.4082 0.6015 -0.6867
vn -0.6155 0.4266 -0.6627
vn -0.7895 0.4321 -0.4358
vn -0.8327 0.5143 -0.2050
vn -0.8913 0.4450 -0.0873
vn -0.8789 0.4726 -0.0640
vn -0.7935 0.2980 0.5306
vn -0.7263 0.2046 0.6563
vn -0.3820 0.4244 0.8210
vn -0.8732 0.3774 0.3083
vn -0.8657 0.4928 0.0881
vn -0.8957 0.4420 -0.0484
vn -0.8790 0.4725 -0.0640
vn -0.9076 0.4137 -0.0717
vn -0.9077 0.4134 -0.0717
vn -0.9076 0.4137 -0.0716
vn -0.8913 0.4449 -0.0872
vn -0.9075 0.4138 -0.0716
vn -0.8790 0.4726 -0.0640
vn 0.1052 0.5312 0.8407
vn -0.3882 0.4398 0.8099
vn -0.7569 0.2154 0.6170
vn -0.9181 -0.2026 -0.3407
vn -0.9181 -0.2027 -0.3405
vn 0.9181 0.2026 0.3407
vn -0.8780 -0.3324 -0.3444
vn -0.8828 -0.3329 -0.3314
vn 0.8828 0.3329 0.3314
vn 0.8780 0.3323 0.3444
vn -0.9180 -0.2028 -0.3407
vn 0.9180 0.2028 0.3407
vn 0.0717 0.0211 -0.9972
vn 0.2829 0.2195 -0.9337
vn 0.0113 0.1990 -0.9799
vn 0.3006 0.2150 -0.9292
vn 0.1134 -0.0514 -0.9922
vn -0.6067 -0.0244 0.7946
vn -0.3679 0.2449 0.8970
vn -0.6329 -0.1506 0.7594
vn -0.3832 0.1909 0.9037
vn -0.6263 0.1803 0.7585
vn -0.4684 0.1286 -0.8741
vn 0.0638 0.0197 -0.9978
vn 0.0017 0.1973 -0.9803
vn -0.6125 -0.3104 -0.7270
vn -0.9373 0.0394 -0.3462
vn -0.6122 -0.3055 -0.7293
vn -0.4726 0.1255 -0.8723
vn -0.7301 -0.6223 -0.2822
vn -0.9406 0.0391 -0.3372
vn -0.9317 -0.3351 0.1399
vn -0.7298 -0.6230 -0.2817
vn -0.9273 0.1031 0.3599
vn -0.9255 0.1034 0.3644
vn -0.6121 -0.0285 0.7903
vn -0.9323 -0.3350 0.1361
vn -0.6339 0.1787 0.7525
vn 0.1728 -0.7531 0.6348
vn 0.3767 -0.5064 0.7757
vn 0.2728 -0.5395 0.7966
vn 0.8133 0.3412 -0.4712
vn 0.7122 0.2569 -0.6533
vn 0.7120 0.2569 -0.6534
vn 0.8751 0.4151 -0.2486
vn 0.8223 0.4743 0.3143
vn 0.8232 0.4731 0.3138
vn 0.5095 0.3773 0.7733
vn 0.3005 0.3215 0.8980
vn 0.0906 0.2255 0.9700
vn 0.0822 0.2383 0.9677
vn 0.5009 0.3939 0.7707
vn 0.8184 0.4825 0.3121
vn 0.8186 0.4822 0.3120
vn 0.8740 0.4228 -0.2397
vn 0.8332 -0.3027 -0.4628
vn -0.9489 0.2737 0.1570
vn 0.9638 -0.2611 -0.0538
vn -0.6862 0.3162 0.6551
vn 0.3295 -0.3421 -0.8800
vn -0.3021 0.3386 0.8911
vn -0.1002 0.3622 0.9267
vn -0.3006 -0.4737 0.8278
vn 0.2781 0.4534 -0.8468
vn 0.4700 0.5038 -0.7248
vn -0.1726 0.3859 -0.9062
vn 0.3009 -0.4211 0.8556
vn -0.6438 0.2952 -0.7059
vn 0.6930 -0.3306 0.6407
vn 0.6459 0.1377 -0.7509
vn 0.6074 0.2673 -0.7481
vn 0.4929 0.0694 -0.8673
vn 0.7993 0.3495 -0.4889
vn 0.7333 0.0157 -0.6797
vn 0.3605 -0.2967 0.8843
vn 0.3851 -0.2774 0.8802
vn 0.3521 -0.0620 0.9339
vn 0.0580 -0.6237 0.7795
vn 0.2309 -0.2478 0.9409
vn 0.5867 0.1650 0.7928
vn 0.6932 0.2365 0.6808
vn 0.6259 0.5402 0.5625
vn 0.5723 -0.1502 0.8062
vn 0.4300 0.0186 0.9026
vn 0.8024 0.3588 -0.4768
vn 0.8726 0.4211 -0.2475
vn 0.8195 0.4836 0.3075
vn 0.6900 0.2697 -0.6717
vn 0.6820 0.2824 -0.6746
vn 0.3156 0.2972 0.9011
vn 0.5029 0.3819 0.7754
vn 0.8192 0.4792 0.3152
vn 0.1213 0.2074 0.9707
vn 0.1210 0.2078 0.9707
vn 0.7931 0.2235 -0.5666
vn 0.6689 0.4794 -0.5681
vn 0.6299 0.5077 -0.5877
vn 0.8627 0.4178 -0.2849
vn 0.6996 -0.3217 0.6380
vn 0.7586 -0.3162 0.5697
vn -0.7856 0.2747 -0.5545
vn -0.8192 0.2196 -0.5297
vn -0.6701 0.2905 -0.6831
vn 0.7410 -0.2749 0.6126
vn 0.9567 -0.2805 -0.0776
vn -0.9457 0.2706 0.1799
vn -0.9678 0.2479 -0.0446
vn 0.9641 -0.2637 0.0299
vn 0.9644 -0.2577 -0.0599
vn -0.9710 0.2293 -0.0682
vn 0.3265 -0.3580 -0.8748
vn 0.1396 -0.3886 -0.9108
vn -0.1072 0.3720 0.9220
vn 0.5161 0.4815 -0.7084
vn -0.4834 -0.4959 0.7214
vn -0.3237 -0.4646 0.8242
vn 0.8720 0.4532 -0.1849
vn 0.8646 0.4177 -0.2795
vn 0.8889 0.4300 -0.1580
vn 0.8661 0.4170 -0.2758
vn 0.9185 0.3816 -0.1036
vn -0.5267 -0.5272 -0.6668
vn -0.0918 -0.5134 -0.8532
vn 0.3921 -0.3788 -0.8383
vn -0.5905 -0.5011 -0.6327
vn -0.7838 -0.5861 -0.2051
vn 0.8165 0.1456 0.5587
vn 0.7552 0.3520 0.5529
vn 0.8518 0.2842 0.4400
vn 0.7080 0.2282 0.6684
vn 0.7161 -0.0028 0.6980
vn -0.7758 -0.5650 0.2809
vn -0.7297 -0.5972 0.3330
vn -0.4021 -0.6193 0.6744
vn -0.7865 -0.5859 -0.1955
vn -0.8045 -0.5601 -0.1974
vn -0.4309 -0.8607 0.2713
vn -0.0730 -0.8846 0.4606
vn 0.0566 -0.8910 0.4504
vn -0.2012 -0.8632 0.4631
vn -0.1157 -0.5572 0.8223
vn -0.1458 -0.5720 0.8072
vn -0.1026 -0.5486 0.8298
vn -0.1434 -0.5747 0.8057
vn -0.6467 -0.6790 -0.3475
vn -0.6719 -0.6659 -0.3243
vn -0.6459 -0.6813 -0.3444
vn -0.6841 -0.6580 -0.3147
vn 0.3933 -0.4880 -0.7792
vn 0.3913 -0.4857 -0.7817
vn 0.3918 -0.4891 -0.7793
vn 0.4196 -0.4626 -0.7810
vn 0.4319 -0.4503 -0.7815
vn 0.3912 -0.4857 -0.7817
vn -0.0187 -0.8995 -0.4365
vn -0.5488 -0.8273 -0.1198
vn -0.4326 -0.8597 0.2716
vn -0.5159 -0.8222 -0.2405
vn -0.4336 -0.8605 0.2673
vn -0.5510 -0.8272 -0.1103
vn -0.5748 -0.8182 0.0124
vn -0.4355 -0.8594 0.2677
vn -0.1026 -0.5485 0.8298
vn -0.1458 -0.5719 0.8072
vn -0.1449 -0.5754 0.8049
vn -0.8835 -0.4546 -0.1127
vn -0.8795 -0.4654 -0.0995
vn -0.4254 -0.8635 0.2708
vn -0.8835 -0.4547 -0.1126
vn -0.8720 -0.4846 -0.0693
vn -0.8719 -0.4847 -0.0693
vn -0.8703 -0.4872 -0.0717
vn -0.8703 -0.4873 -0.0717
vn -0.8719 -0.4847 -0.0695
vn -0.8699 -0.4883 -0.0701
vn -0.6467 -0.6790 -0.3474
vn -0.6457 -0.6815 -0.3445
vn -0.6444 -0.6822 -0.3456
vn -0.0131 -0.8952 -0.4454
vn -0.0131 -0.8963 -0.4433
vn 0.3749 -0.8137 -0.4441
vn 0.2652 -0.8222 -0.5037
vn -0.3016 -0.9397 -0.1612
vn -0.0219 -0.8979 -0.4397
vn -0.2685 -0.9215 -0.2807
vn -0.0162 -0.8975 -0.4407
vn -0.3040 -0.9405 -0.1517
vn -0.3316 -0.9430 -0.0295
vn -0.0177 -0.8960 -0.4438
vn 0.4864 -0.7907 -0.3718
vn 0.3832 -0.8126 -0.4391
vn -0.4017 -0.6202 0.6738
vn -0.7296 -0.5972 0.3331
vn 0.0466 -0.4986 0.8656
vn -0.7853 -0.5857 -0.2005
vn -0.8049 -0.5578 -0.2025
vn 0.8509 0.3015 0.4303
vn 0.9377 0.0978 0.3334
vn 0.8366 0.1739 0.5194
vn 0.9303 0.0389 0.3647
vn 0.8526 -0.1306 0.5061
vn 0.8312 0.1165 0.5437
vn 0.8271 -0.1501 0.5417
vn 0.7086 -0.0431 0.7043
vn 0.8119 0.0989 0.5754
vn 0.8843 0.0752 -0.4609
vn 0.8038 0.2659 -0.5322
vn 0.7334 0.0161 -0.6796
vn 0.9363 0.1793 -0.3019
vn 0.8452 0.0242 -0.5339
vn -0.3002 0.4202 -0.8563
vn -0.6461 0.2942 -0.7043
vn -0.6925 0.3192 -0.6470
vn -0.1794 0.3851 -0.9053
vn 0.2957 0.4808 -0.8255
vn 0.2775 0.4534 -0.8470
vn 0.4699 0.5039 -0.7248
vn -0.8024 -0.3600 0.4759
vn -0.6900 -0.2698 0.6717
vn -0.6820 -0.2824 0.6746
vn -0.8718 -0.4224 0.2482
vn -0.8186 -0.4822 -0.3120
vn -0.5072 -0.3947 -0.7661
vn -0.3164 -0.2986 -0.9004
vn -0.1210 -0.2073 -0.9708
vn -0.1212 -0.2079 -0.9706
vn -0.5019 -0.3823 -0.7759
vn -0.8239 -0.4722 -0.3135
vn -0.8232 -0.4731 -0.3138
vn -0.8782 -0.4109 0.2448
vn -0.3272 0.3380 0.8824
vn -0.3012 0.3387 0.8914
vn -0.6893 0.3162 0.6518
vn -0.8325 0.3034 0.4636
vn -0.9469 0.2755 0.1660
vn -0.9629 0.2645 0.0530
vn 0.9390 -0.0394 0.3416
vn 0.9774 0.0181 -0.2106
vn 0.9273 -0.1031 -0.3599
vn 0.9296 0.1345 0.3430
vn 0.6001 -0.0052 0.7999
vn 0.5967 -0.1655 -0.7852
vn 0.3832 -0.1909 -0.9037
vn 0.6263 -0.1804 -0.7584
vn 0.3684 -0.2450 -0.8968
vn 0.4279 -0.0883 -0.8995
vn -0.0661 -0.1717 0.9829
vn -0.3006 -0.2151 0.9292
vn -0.2732 -0.1313 0.9529
vn -0.2829 -0.2195 0.9337
vn -0.0113 -0.1990 0.9799
vn -0.8138 -0.3422 0.4698
vn -0.8745 -0.4156 0.2501
vn -0.8216 -0.4781 -0.3104
vn -0.7121 -0.2568 0.6535
vn -0.7122 -0.2569 0.6532
vn -0.3012 -0.3227 -0.8973
vn -0.4996 -0.3935 -0.7717
vn -0.8163 -0.4833 -0.3162
vn -0.0904 -0.2254 -0.9701
vn -0.0822 -0.2383 -0.9677
vn -0.9630 0.2621 0.0628
vn -0.9689 0.2421 -0.0516
vn -0.9468 0.2699 0.1752
vn -0.9641 0.2637 -0.0299
vn -0.0566 -0.1703 0.9838
vn 0.4684 -0.1286 0.8741
vn -0.0017 -0.1973 0.9803
vn 0.5926 -0.0066 0.8055
vn 0.6043 -0.1635 -0.7798
vn 0.9255 -0.1034 -0.3644
vn 0.9754 0.0171 -0.2198
vn 0.6340 -0.1786 -0.7525
vn -0.7855 0.2747 -0.5545
vn -0.7587 0.3162 -0.5696
vn -0.6987 0.3259 -0.6368
vn -0.7415 0.2767 -0.6113
vn -0.6736 0.2887 -0.6804
vn -0.8193 0.2196 -0.5297
vn 0.9373 -0.0401 0.3462
vn 0.4726 -0.1282 0.8719
vn 0.5999 -0.0059 0.8000
vn -0.1073 0.3720 0.9220
vn -0.1395 0.3887 0.9107
vn -0.3266 0.3599 0.8740
vn 0.3278 0.4559 -0.8275
vn 0.4834 0.4959 -0.7214
vn 0.5160 0.4816 -0.7084
vn 0.9278 0.0257 0.3721
vn 0.9621 -0.1444 0.2312
vn 0.9243 -0.3201 0.2080
vn 0.9636 -0.1348 0.2309
vn 0.9274 0.0350 0.3723
vn 0.8406 0.2392 0.4861
vn 0.8362 0.2374 0.4944
vn 0.9254 0.0324 0.3776
vn -0.7663 -0.2347 -0.5980
vn 0.9243 -0.3199 0.2081
vn 0.9626 -0.1443 0.2291
vn 0.9278 -0.3170 0.1967
vn 0.9212 0.1097 0.3733
vn 0.7114 0.1028 0.6952
vn 0.6869 0.2890 0.6668
vn 0.3012 0.1402 0.9432
vn 0.2507 0.2676 0.9304
vn -0.2884 0.1710 0.9421
vn -0.2908 0.2786 0.9153
vn -0.8249 0.1895 0.5326
vn -0.6564 0.2634 0.7069
vn -0.9592 0.2467 0.1381
vn -0.9223 0.1143 -0.3691
vn -0.8216 0.0807 -0.5643
vn -0.9300 0.0794 -0.3588
vn -0.7817 0.1436 -0.6069
vn -0.9374 0.0866 -0.3374
vn -0.7064 0.2477 -0.6630
vn -0.3597 0.0539 -0.9315
vn 0.4272 0.1807 -0.8859
vn -0.2513 0.2682 -0.9300
vn 0.3629 0.3568 -0.8608
vn -0.0877 0.3656 -0.9266
vn 0.2913 0.4088 -0.8649
vn -0.8056 0.0907 -0.5855
vn -0.3743 0.1096 -0.9208
vn -0.7571 0.1348 -0.6392
vn -0.2811 0.2751 -0.9194
vn -0.6783 0.2440 -0.6931
vn -0.1261 0.3664 -0.9219
vn 0.8805 0.1385 -0.4533
vn 0.9923 0.1241 -0.0033
vn 0.9503 0.3114 -0.0083
vn 0.9221 0.1322 0.3637
vn 0.8730 0.3463 0.3435
vn 0.6827 0.3189 0.6575
vn 0.6513 0.3886 0.6517
vn 0.2506 0.2614 0.9321
vn 0.1168 0.3039 0.9455
vn -0.2998 0.2376 0.9239
vn -0.3097 0.2852 0.9071
vn -0.6727 0.2496 0.6966
vn -0.4076 0.6854 -0.6034
vn -0.6377 0.5743 0.5133
vn -0.9928 -0.1201 -0.0014
vn 0.2810 0.9474 0.1531
vn 0.7302 0.6484 0.2153
vn 0.9715 0.1069 0.2114
vn 0.9665 0.0350 0.2542
vn 0.9311 -0.2438 0.2712
vn 0.9233 -0.2109 0.3210
vn 0.1557 -0.9878 -0.0085
vn 0.1649 -0.9863 0.0046
vn -0.7777 -0.5485 -0.3071
vn -0.7847 -0.5283 -0.3242
vn -0.2653 0.1952 0.9442
vn -0.9089 0.0875 0.4078
vn -0.8030 0.2523 0.5399
vn -0.9928 0.1173 -0.0254
vn -0.9663 0.2229 0.1289
vn -0.9425 0.1362 -0.3050
vn 0.4500 0.1765 -0.8754
vn 0.8628 0.1854 -0.4703
vn 0.7997 0.3289 -0.5023
vn 0.9268 0.3749 -0.0206
vn 0.8930 0.4493 -0.0269
vn 0.8545 0.4006 0.3306
vn 0.8422 0.4325 0.3220
vn 0.6544 0.4040 0.6392
vn 0.1702 -0.2124 0.9622
vn -0.8793 -0.0562 -0.4729
vn -0.8122 0.1350 -0.5676
vn -0.4073 0.6888 -0.5997
vn 0.7579 -0.1354 0.6382
vn 0.6374 -0.7114 0.2960
vn 0.6980 -0.7149 0.0416
vn 0.2031 -0.8792 -0.4309
vn 0.7348 -0.1532 0.6608
vn -0.6375 0.5741 0.5137
vn 0.5431 -0.0278 -0.8392
vn -0.9926 -0.1212 -0.0013
vn 0.9521 -0.0387 -0.3032
vn 0.7303 -0.6660 -0.1518
vn 0.6883 -0.7187 0.0983
vn 0.0526 -0.9521 0.3011
vn 0.9404 -0.0495 -0.3364
vn -0.1629 0.3658 0.9163
vn 0.1806 -0.1418 0.9733
vn -0.8158 0.0812 -0.5726
vn 0.6959 -0.1126 0.7092
vn 0.4709 0.0053 0.8821
vn 0.7550 -0.0526 0.6536
vn 0.7851 -0.0531 0.6171
vn 0.6710 -0.0249 0.7410
vn 0.2099 -0.8777 -0.4308
vn -0.8455 0.0045 -0.5340
vn 0.6389 -0.7088 0.2990
vn -0.3066 -0.5992 -0.7395
vn -0.1402 -0.2351 -0.9618
vn -0.6714 0.1291 -0.7298
vn -0.3690 0.0593 -0.9275
vn -0.5387 0.1948 -0.8197
vn -0.9867 -0.0648 0.1492
vn 0.0600 -0.9526 0.2983
vn 0.7321 -0.6639 -0.1525
vn -0.5457 -0.7198 0.4291
vn -0.9083 0.0493 0.4154
vn -0.4945 -0.4128 0.7649
vn -0.7050 -0.0506 0.7074
vn 0.5453 -0.0827 -0.8342
vn 0.1801 0.4489 -0.8753
vn -0.9749 0.0845 0.2058
vn 0.9049 -0.0848 -0.4171
vn 0.9423 -0.0660 -0.3283
vn 0.7473 0.0708 -0.6607
vn 0.9400 -0.0610 -0.3358
vn 0.9511 0.1291 0.2807
vn -0.6351 0.5794 0.5107
vn 0.2807 0.9473 0.1543
vn 0.6640 -0.7474 -0.0226
vn 0.9007 -0.2557 0.3512
vn 0.1671 -0.9845 0.0526
vn -0.9857 0.0637 -0.1562
vn -0.9835 0.1787 -0.0286
vn -0.9140 0.0775 0.3982
vn -0.9247 0.1474 -0.3511
vn -0.9277 0.0823 -0.3641
vn 0.3711 0.3505 -0.8599
vn 0.6501 0.4486 -0.6133
vn 0.3026 0.4177 -0.8567
vn 0.7835 0.3676 -0.5010
vn 0.4326 0.2085 -0.8771
vn 0.9517 -0.0612 -0.3007
vn 0.9282 -0.0804 -0.3632
vn 0.9570 -0.1050 -0.2704
vn 0.9401 -0.0482 -0.3374
vn 0.6850 -0.7217 0.0995
vn -0.8970 0.0934 0.4320
vn -0.7875 0.1966 0.5841
vn -0.7029 0.0174 0.7111
vn -0.8415 0.5401 -0.0138
vn -0.9118 0.2217 0.3457
vn -0.9117 0.0599 0.4065
vn -0.9734 0.0647 0.2198
vn -0.9127 0.2222 0.3430
vn -0.9926 -0.1215 0.0027
vn -0.9858 -0.0697 0.1525
vn -0.6808 0.1663 -0.7133
vn -0.8479 0.0056 -0.5302
vn -0.3083 -0.5981 -0.7398
vn -0.8772 -0.0544 -0.4771
vn -0.8120 0.1348 -0.5678
vn -0.6955 0.1068 -0.7106
vn -0.7159 0.2455 -0.6536
vn -0.8180 0.0602 -0.5721
vn -0.8346 0.5071 -0.2153
vn -0.6021 0.2355 -0.7629
vn -0.8147 -0.0064 -0.5799
vn -0.7029 -0.6717 -0.2341
vn -0.6432 -0.7145 -0.2753
vn -0.9897 -0.0173 0.1418
vn -0.9925 -0.1223 -0.0067
vn -0.4196 0.4626 0.7810
vn -0.4319 0.4503 0.7815
vn 0.0212 0.8983 0.4388
vn -0.3912 0.4857 0.7817
vn -0.3933 0.4880 0.7792
vn 0.7758 0.5650 -0.2808
vn 0.7865 0.5858 0.1956
vn 0.8046 0.5601 0.1974
vn 0.7319 0.5968 -0.3288
vn -0.8163 -0.1082 -0.5674
vn -0.8440 0.1397 -0.5178
vn -0.9312 -0.0384 -0.3624
vn -0.7047 0.0111 -0.7094
vn -0.7100 -0.2363 -0.6634
vn 0.6026 0.1863 0.7760
vn 0.9493 -0.0674 -0.3070
vn 0.9219 -0.1088 -0.3718
vn 0.7437 0.0676 -0.6651
vn 0.1921 0.4858 -0.8527
vn 0.6029 0.1823 0.7767
vn -0.8333 0.5525 -0.0189
vn 0.2086 0.4936 -0.8443
vn -0.7878 0.1984 0.5832
vn -0.7000 0.0170 0.7140
vn 0.5866 0.1899 0.7873
vn -0.4921 -0.4155 0.7650
vn -0.7052 -0.0508 0.7071
vn 0.0580 -0.9524 0.2993
vn 0.9400 -0.0487 -0.3378
vn 0.5774 -0.6407 0.5061
vn 0.1236 -0.9738 0.1909
vn 0.7763 -0.2988 0.5550
vn -0.7272 -0.6676 -0.1598
vn -0.8345 -0.0645 -0.5472
vn 0.9496 0.0363 0.3114
vn 0.5669 -0.6226 0.5395
vn 0.9004 -0.1373 0.4128
vn -0.4057 0.6936 -0.5953
vn 0.7298 0.6486 0.2160
vn 0.8204 0.3121 -0.4791
vn 0.7825 -0.0575 0.6200
vn 0.4980 0.0161 0.8670
vn 0.7215 -0.0687 0.6890
vn 0.7342 -0.1521 0.6617
vn 0.8402 0.3124 -0.4432
vn 0.2111 -0.8761 -0.4335
vn 0.7340 -0.1528 0.6617
vn -0.1365 -0.2391 -0.9614
vn -0.3693 0.1164 -0.9220
vn 0.8204 0.3175 -0.4755
vn -0.5803 0.2162 -0.7852
vn -0.3722 0.0103 -0.9281
vn -0.8413 0.4902 -0.2278
vn -0.2188 0.3491 0.9112
vn -0.9038 0.2055 0.3753
vn 0.1576 0.4982 -0.8526
vn -0.8560 0.5170 0.0025
vn -0.9676 0.0600 0.2451
vn 0.6656 -0.7416 -0.0831
vn -0.7858 -0.5659 -0.2498
vn -0.9884 0.0049 0.1518
vn 0.1343 -0.9908 0.0185
vn -0.7469 0.2639 -0.6103
vn -0.1549 0.3349 0.9294
vn -0.8370 0.0742 -0.5422
vn -0.8235 0.5353 -0.1879
vn 0.7558 -0.1395 0.6398
vn 0.7336 -0.1512 0.6626
vn 0.6967 -0.7163 0.0388
vn 0.7038 -0.1413 0.6962
vn 0.4309 0.8607 -0.2713
vn 0.5499 0.8273 0.1150
vn 0.5158 0.8223 0.2404
vn 0.5747 0.8183 -0.0125
vn 0.1458 0.5720 -0.8072
vn 0.1432 0.5748 -0.8057
vn 0.1157 0.5572 -0.8223
vn 0.1448 0.5755 -0.8049
vn 0.6719 0.6658 0.3243
vn 0.6841 0.6580 0.3147
vn 0.6468 0.6789 0.3475
vn 0.0129 0.8969 0.4420
vn -0.3790 0.8133 0.4415
vn 0.0178 0.8969 0.4419
vn -0.2651 0.8216 0.5046
vn -0.4864 0.7907 0.3718
vn 0.3026 0.9402 0.1565
vn 0.2685 0.9214 0.2809
vn 0.3315 0.9430 0.0296
vn 0.0918 0.5131 0.8534
vn 0.5267 0.5273 0.6668
vn -0.3923 0.3791 0.8381
vn 0.5868 0.5013 0.6359
vn -0.8275 -0.1492 -0.5413
vn -0.7557 -0.3515 -0.5526
vn -0.7070 -0.2398 -0.6653
vn -0.8517 -0.2972 -0.4315
vn -0.9372 0.0364 -0.3469
vn -0.9363 0.0910 -0.3391
vn -0.9975 0.0587 -0.0406
vn 0.8755 0.4809 -0.0473
vn 0.6506 0.4423 -0.6173
vn 0.7609 0.3886 -0.5196
vn 0.7401 0.1036 -0.6644
vn 0.1576 0.5096 -0.8459
vn 0.8978 -0.0420 -0.4384
vn 0.5881 0.1913 0.7859
vn 0.9254 -0.0309 -0.3777
vn 0.9399 -0.0486 -0.3379
vn -0.5512 -0.7149 0.4302
vn -0.4968 -0.4100 0.7649
vn 0.0597 -0.9496 0.3078
vn 0.5415 -0.0229 -0.8404
vn -0.9741 0.0546 0.2196
vn -0.9926 -0.1218 -0.0009
vn -0.8792 -0.0579 -0.4730
vn -0.4076 0.6853 -0.6035
vn -0.9928 -0.1200 -0.0019
vn -0.8479 0.0027 -0.5301
vn -0.8813 -0.0581 -0.4690
vn -0.9925 -0.1217 -0.0067
vn 0.2011 -0.1369 0.9699
vn 0.7114 -0.0816 0.6980
vn 0.7812 -0.0578 0.6216
vn 0.4347 0.0118 0.9005
vn -0.2027 0.3681 0.9074
vn 0.8395 0.3101 -0.4462
vn 0.0682 0.8851 -0.4605
vn -0.0584 0.8908 -0.4506
vn 0.2019 0.8629 -0.4633
vn 0.4274 0.8613 -0.2748
vn 0.0778 0.8840 -0.4609
vn 0.1026 0.5485 -0.8298
vn 0.4326 0.8612 -0.2668
vn 0.1158 0.5570 -0.8224
vn 0.1026 0.5486 -0.8298
vn 0.4269 0.8618 -0.2739
vn 0.8795 0.4653 0.0995
vn 0.8835 0.4546 0.1126
vn 0.8720 0.4846 0.0693
vn 0.8835 0.4547 0.1126
vn 0.8796 0.4651 0.0994
vn 0.8703 0.4872 0.0718
vn 0.8795 0.4654 0.0995
vn 0.8708 0.4865 0.0703
vn 0.8702 0.4874 0.0717
vn 0.6444 0.6822 0.3456
vn 0.6457 0.6815 0.3445
vn 0.6468 0.6790 0.3474
vn 0.6458 0.6814 0.3445
vn 0.6719 0.6658 0.3244
vn 0.6467 0.6790 0.3476
vn -0.3918 0.4891 0.7793
vn -0.3934 0.4880 0.7792
vn 0.7839 0.5861 0.2051
vn 0.5297 0.5288 0.6632
vn 0.5919 0.5039 0.6290
vn 0.8037 0.5596 0.2024
vn 0.7853 0.5857 0.2006
vn 0.5905 0.5011 0.6326
vn -0.8380 -0.1700 -0.5185
vn -0.9341 -0.0991 -0.3431
vn -0.8507 -0.3035 -0.4292
vt 0.857080 0.179007
vt 0.870981 0.122464
vt 0.870981 0.180726
vt 0.838024 0.122464
vt 0.838024 0.178695
vt 0.958754 0.177776
vt 0.988744 0.193551
vt 0.960316 0.193551
vt 0.988587 0.160282
vt 0.961565 0.160282
vt 0.743738 0.567390
vt 0.728645 0.571100
vt 0.743890 0.582986
vt 0.726500 0.558152
vt 0.743890 0.555065
vt 0.097636 0.719614
vt 0.136419 0.713005
vt 0.102614 0.676850
vt 0.136419 0.735967
vt 0.100688 0.753218
vt 0.925583 0.028111
vt 0.952017 0.069958
vt 0.953765 0.028111
vt 0.539916 0.573658
vt 0.559709 0.536514
vt 0.573658 0.573658
vt 0.536842 0.534437
vt 0.497777 0.564833
vt 0.495024 0.536786
vt 0.462358 0.545052
vt 0.789503 0.220201
vt 0.809184 0.157879
vt 0.809184 0.222701
vt 0.776227 0.157879
vt 0.776227 0.216140
vt 0.991076 0.582440
vt 0.959212 0.566352
vt 0.987796 0.566352
vt 0.959212 0.599309
vt 0.991076 0.599309
vt 0.721515 0.066753
vt 0.750855 0.067747
vt 0.750886 0.107269
vt 0.750886 0.031409
vt 0.965424 0.304909
vt 0.925488 0.335064
vt 0.965424 0.347459
vt 0.925910 0.305711
vt 0.967756 0.799573
vt 0.936755 0.837167
vt 0.936755 0.794617
vt 0.705269 0.868660
vt 0.739226 0.844258
vt 0.739226 0.894300
vt 0.882056 0.520355
vt 0.900130 0.503942
vt 0.900130 0.552670
vt 0.112883 0.193551
vt 0.116597 0.172953
vt 0.106916 0.172953
vt 0.170232 0.296157
vt 0.170232 0.282350
vt 0.162325 0.290571
vt 0.287795 0.314812
vt 0.300821 0.301993
vt 0.287795 0.301006
vt 0.689569 0.927538
vt 0.689569 0.970088
vt 0.720570 0.932494
vt 0.898964 0.841831
vt 0.898964 0.793103
vt 0.880890 0.809516
vt 0.596174 0.263548
vt 0.628780 0.268394
vt 0.624113 0.222196
vt 0.629624 0.302993
vt 0.591506 0.295694
vt 0.591506 0.321808
vt 0.478048 0.833799
vt 0.439625 0.828333
vt 0.442749 0.796000
vt 0.440874 0.854417
vt 0.478048 0.855823
vt 0.128257 0.555002
vt 0.128257 0.527312
vt 0.123021 0.542626
vt 0.666936 0.297905
vt 0.661488 0.300821
vt 0.661488 0.273035
vt 0.691983 0.004130
vt 0.691983 0.046639
vt 0.711243 0.014812
vt 0.965424 0.218050
vt 0.949090 0.243201
vt 0.965424 0.254182
vt 0.866736 0.572492
vt 0.866736 0.520773
vt 0.888470 0.545558
vt 0.736269 0.973727
vt 0.705967 0.960451
vt 0.736894 0.960451
vt 0.705967 0.993408
vt 0.735957 0.993408
vt 0.545675 0.776254
vt 0.505139 0.765668
vt 0.502151 0.788197
vt 0.545675 0.720464
vt 0.571326 0.925781
vt 0.571326 0.880829
vt 0.546222 0.914713
vt 0.921769 0.491214
vt 0.921769 0.536347
vt 0.944437 0.500787
vt 0.235526 0.972420
vt 0.235526 0.936789
vt 0.200819 0.965356
vt 0.346995 0.507974
vt 0.353986 0.521266
vt 0.343267 0.516642
vt 0.355256 0.514678
vt 0.352147 0.500213
vt 0.361240 0.501744
vt 0.359530 0.486938
vt 0.367146 0.485062
vt 0.367875 0.482548
vt 0.385312 0.487189
vt 0.383820 0.483001
vt 0.402041 0.487783
vt 0.401008 0.483117
vt 0.413494 0.482548
vt 0.416495 0.491703
vt 0.408704 0.500300
vt 0.428369 0.514581
vt 0.414888 0.512359
vt 0.432992 0.526672
vt 0.422347 0.525641
vt 0.437239 0.543301
vt 0.427545 0.542876
vt 0.436256 0.556289
vt 0.426463 0.558677
vt 0.431039 0.576081
vt 0.416908 0.580277
vt 0.419383 0.594286
vt 0.396402 0.593509
vt 0.397651 0.608637
vt 0.388361 0.589924
vt 0.370206 0.603577
vt 0.362754 0.590607
vt 0.351947 0.596922
vt 0.346788 0.581561
vt 0.326503 0.582759
vt 0.344323 0.568020
vt 0.322125 0.567383
vt 0.341864 0.554791
vt 0.320721 0.552257
vt 0.324097 0.534066
vt 0.306718 0.532236
vt 0.314536 0.509734
vt 0.311097 0.509649
vt 0.315869 0.498615
vt 0.310560 0.498724
vt 0.312451 0.484312
vt 0.306698 0.485680
vt 0.305247 0.498677
vt 0.307827 0.510185
vt 0.305159 0.509614
vt 0.305261 0.529766
vt 0.304554 0.533374
vt 0.064442 0.597689
vt 0.056145 0.597431
vt 0.057007 0.606305
vt 0.063068 0.584304
vt 0.070089 0.583993
vt 0.054147 0.570002
vt 0.060514 0.565499
vt 0.049644 0.556600
vt 0.062470 0.560253
vt 0.050498 0.547650
vt 0.064961 0.552950
vt 0.054623 0.531364
vt 0.074171 0.549102
vt 0.082158 0.542338
vt 0.087113 0.569479
vt 0.101141 0.564949
vt 0.107671 0.585297
vt 0.116289 0.578662
vt 0.127070 0.603199
vt 0.122410 0.572136
vt 0.134872 0.602853
vt 0.136419 0.570733
vt 0.110020 0.539539
vt 0.104111 0.547306
vt 0.091290 0.526142
vt 0.085121 0.531575
vt 0.068652 0.505726
vt 0.063373 0.520656
vt 0.051741 0.508664
vt 0.031270 0.523018
vt 0.033033 0.538106
vt 0.047508 0.557789
vt 0.030090 0.556372
vt 0.040227 0.580470
vt 0.025535 0.577056
vt 0.032916 0.591895
vt 0.025268 0.606305
vt 0.033844 0.605769
vt 0.042915 0.605835
vt 0.039158 0.591618
vt 0.349471 0.370321
vt 0.349438 0.361874
vt 0.331340 0.364329
vt 0.365792 0.367441
vt 0.359523 0.381458
vt 0.370448 0.372577
vt 0.364823 0.385336
vt 0.377098 0.378096
vt 0.371434 0.391764
vt 0.380085 0.388307
vt 0.371899 0.399561
vt 0.376747 0.409505
vt 0.373079 0.413072
vt 0.380504 0.417418
vt 0.397912 0.393911
vt 0.388079 0.383294
vt 0.413755 0.379855
vt 0.390648 0.364958
vt 0.410917 0.352704
vt 0.399587 0.346901
vt 0.416413 0.340423
vt 0.406075 0.333402
vt 0.422082 0.327880
vt 0.410023 0.324029
vt 0.414087 0.311363
vt 0.392631 0.297370
vt 0.415328 0.296456
vt 0.395624 0.276694
vt 0.408959 0.263601
vt 0.376427 0.253333
vt 0.378266 0.247434
vt 0.331340 0.245066
vt 0.537797 0.158832
vt 0.519533 0.148163
vt 0.505067 0.168941
vt 0.526814 0.133895
vt 0.553954 0.147986
vt 0.560217 0.170130
vt 0.539530 0.185303
vt 0.549260 0.192472
vt 0.534074 0.193424
vt 0.544677 0.198459
vt 0.538846 0.205877
vt 0.554058 0.206925
vt 0.546454 0.213171
vt 0.561998 0.215360
vt 0.554929 0.219551
vt 0.561998 0.226680
vt 0.547092 0.224775
vt 0.555886 0.236957
vt 0.538803 0.234616
vt 0.522139 0.249518
vt 0.527868 0.228439
vt 0.514108 0.239742
vt 0.501219 0.224051
vt 0.134210 0.222918
vt 0.172618 0.220384
vt 0.169485 0.209890
vt 0.135399 0.250248
vt 0.108183 0.213364
vt 0.102804 0.216406
vt 0.091489 0.183614
vt 0.044922 0.203176
vt 0.075223 0.152960
vt 0.045672 0.133967
vt 0.076324 0.130544
vt 0.058516 0.111654
vt 0.073639 0.101644
vt 0.074248 0.088656
vt 0.098167 0.090684
vt 0.099397 0.070165
vt 0.110571 0.067192
vt 0.126377 0.041126
vt 0.132872 0.046166
vt 0.144760 0.024562
vt 0.156282 0.021024
vt 0.165716 0.001928
vt 0.173274 0.006717
vt 0.741558 0.033149
vt 0.710319 0.036429
vt 0.741558 0.025339
vt 0.716567 0.042833
vt 0.722814 0.051736
vt 0.702197 0.057359
vt 0.706101 0.071573
vt 0.678768 0.075322
vt 0.685171 0.083600
vt 0.666584 0.102344
vt 0.688607 0.092972
vt 0.682672 0.107186
vt 0.695793 0.095784
vt 0.691575 0.108435
vt 0.700947 0.097971
vt 0.705164 0.104531
vt 0.719847 0.089223
vt 0.719847 0.096252
vt 0.733280 0.095472
vt 0.732655 0.103750
vt 0.741558 0.103281
vt 0.477663 0.384277
vt 0.484538 0.404605
vt 0.479781 0.412754
vt 0.486571 0.390838
vt 0.479259 0.379416
vt 0.486907 0.386005
vt 0.486952 0.379416
vt 0.491261 0.384879
vt 0.492872 0.379863
vt 0.499545 0.385254
vt 0.501339 0.381512
vt 0.508364 0.381915
vt 0.507333 0.384322
vt 0.499436 0.400158
vt 0.505931 0.401136
vt 0.174024 0.340654
vt 0.187900 0.327022
vt 0.186097 0.322986
vt 0.189781 0.343536
vt 0.188773 0.356787
vt 0.206164 0.331213
vt 0.213563 0.343720
vt 0.232967 0.323829
vt 0.236337 0.336449
vt 0.265819 0.320325
vt 0.280290 0.340789
vt 0.294151 0.320183
vt 0.310703 0.329998
vt 0.319678 0.317775
vt 0.326267 0.337644
vt 0.335541 0.326375
vt 0.340187 0.344935
vt 0.355759 0.339974
vt 0.348537 0.347352
vt 0.356787 0.353278
vt 0.346332 0.356787
vt 0.377486 0.694561
vt 0.382439 0.698867
vt 0.374362 0.688160
vt 0.378910 0.715437
vt 0.363694 0.708153
vt 0.367055 0.725003
vt 0.358526 0.713588
vt 0.350926 0.732998
vt 0.351444 0.717318
vt 0.335166 0.734562
vt 0.341814 0.718512
vt 0.312277 0.728737
vt 0.324030 0.716964
vt 0.313178 0.705035
vt 0.327654 0.700058
vt 0.319109 0.690235
vt 0.334506 0.685083
vt 0.314457 0.667429
vt 0.328655 0.662664
vt 0.312277 0.655124
vt 0.324912 0.650497
vt 0.114594 0.523237
vt 0.129423 0.519992
vt 0.112109 0.531683
vt 0.112314 0.500356
vt 0.098757 0.504669
vt 0.092723 0.491220
vt 0.076080 0.498066
vt 0.072413 0.488676
vt 0.060275 0.499091
vt 0.059410 0.489426
vt 0.043883 0.506531
vt 0.043492 0.495843
vt 0.031709 0.515687
vt 0.032122 0.502030
vt 0.020578 0.523418
vt 0.011023 0.516837
vt 0.009055 0.531683
vt 0.002346 0.521026
vt 0.526177 0.262430
vt 0.552551 0.261022
vt 0.532537 0.250422
vt 0.551403 0.277205
vt 0.521206 0.271816
vt 0.537784 0.288904
vt 0.527437 0.298095
vt 0.544068 0.295060
vt 0.540826 0.305186
vt 0.548694 0.309353
vt 0.546077 0.319632
vt 0.552670 0.324538
vt 0.542227 0.328905
vt 0.549225 0.337383
vt 0.536809 0.339468
vt 0.539690 0.350715
vt 0.523093 0.349348
vt 0.532858 0.364949
vt 0.521206 0.364257
vt 0.025967 0.300109
vt 0.026072 0.288946
vt 0.001928 0.271955
vt 0.049786 0.305089
vt 0.048510 0.320874
vt 0.064104 0.313699
vt 0.072818 0.331594
vt 0.088709 0.308122
vt 0.099816 0.324775
vt 0.117095 0.314617
vt 0.128912 0.333013
vt 0.136486 0.315910
vt 0.165987 0.331714
vt 0.164252 0.313107
vt 0.194488 0.312968
vt 0.181114 0.293260
vt 0.187223 0.272524
vt 0.166897 0.092009
vt 0.158052 0.084078
vt 0.174896 0.065114
vt 0.151111 0.099978
vt 0.163916 0.109608
vt 0.150790 0.109125
vt 0.162449 0.122817
vt 0.154741 0.126637
vt 0.161212 0.141707
vt 0.146738 0.148774
vt 0.167684 0.156777
vt 0.152902 0.163126
vt 0.174896 0.173568
vt 0.160051 0.179774
vt 0.165968 0.193551
vt 0.209381 0.273221
vt 0.225513 0.318982
vt 0.195484 0.292943
vt 0.235133 0.298841
vt 0.230377 0.272354
vt 0.248936 0.297453
vt 0.250900 0.273529
vt 0.261925 0.298028
vt 0.278298 0.268554
vt 0.290818 0.295264
vt 0.306769 0.278743
vt 0.313237 0.296305
vt 0.343847 0.279957
vt 0.363534 0.326472
vt 0.376609 0.268554
vt 0.911276 0.690256
vt 0.907265 0.697735
vt 0.899745 0.684970
vt 0.914437 0.701915
vt 0.918512 0.695997
vt 0.921347 0.691880
vt 0.914746 0.687146
vt 0.923449 0.687450
vt 0.911677 0.680860
vt 0.915110 0.674500
vt 0.897858 0.669258
vt 0.920819 0.666484
vt 0.898434 0.662638
vt 0.923449 0.655778
vt 0.714702 0.218247
vt 0.702233 0.223185
vt 0.716909 0.212315
vt 0.709235 0.221876
vt 0.729738 0.226054
vt 0.718670 0.238786
vt 0.735808 0.240026
vt 0.722535 0.245213
vt 0.739226 0.257700
vt 0.724248 0.253031
vt 0.736543 0.273309
vt 0.722839 0.262632
vt 0.724842 0.293825
vt 0.716618 0.279364
vt 0.702233 0.286654
vt 0.345998 0.673227
vt 0.347121 0.688995
vt 0.336329 0.694919
vt 0.365123 0.668341
vt 0.356969 0.657868
vt 0.368447 0.639636
vt 0.355615 0.633161
vt 0.358941 0.608438
vt 0.346992 0.627658
vt 0.345007 0.602821
vt 0.336329 0.621353
vt 0.337174 0.633354
vt 0.341422 0.636421
vt 0.607504 0.010515
vt 0.608683 0.002092
vt 0.624600 0.018450
vt 0.608123 0.031257
vt 0.638952 0.043450
vt 0.607504 0.048256
vt 0.622211 0.051324
vt 0.613844 0.072352
vt 0.623303 0.076245
vt 0.617784 0.090441
vt 0.628999 0.100325
vt 0.617417 0.096496
vt 0.616544 0.101440
vt 0.507004 0.909458
vt 0.525435 0.858382
vt 0.531683 0.909458
vt 0.505130 0.858382
vt 0.491541 0.909458
vt 0.494040 0.858382
vt 0.482169 0.909458
vt 0.482169 0.858382
vt 0.496539 0.909458
vt 0.492478 0.858382
vt 0.511378 0.909458
vt 0.505599 0.858382
vt 0.530433 0.858382
vt 0.033746 0.384771
vt 0.009536 0.360405
vt 0.002663 0.384771
vt 0.033433 0.339474
vt 0.062173 0.384771
vt 0.061236 0.339474
vt 0.093100 0.384771
vt 0.092319 0.339474
vt 0.126057 0.384771
vt 0.124339 0.339474
vt 0.157140 0.384771
vt 0.155891 0.339474
vt 0.180726 0.384771
vt 0.577474 0.252846
vt 0.592313 0.257784
vt 0.578238 0.272837
vt 0.591790 0.247424
vt 0.574103 0.234075
vt 0.591804 0.231054
vt 0.571299 0.216758
vt 0.591952 0.212451
vt 0.560862 0.197157
vt 0.591079 0.195185
vt 0.573521 0.169712
vt 0.592313 0.178505
vt 0.585603 0.167074
vt 0.134087 0.187319
vt 0.119297 0.195665
vt 0.132477 0.216871
vt 0.121880 0.164155
vt 0.126330 0.155204
vt 0.120297 0.143832
vt 0.122495 0.127132
vt 0.106271 0.119066
vt 0.116780 0.102137
vt 0.106361 0.097132
vt 0.123239 0.085288
vt 0.124509 0.060279
vt 0.134087 0.063470
vt 0.409017 0.187774
vt 0.407629 0.165499
vt 0.412754 0.167011
vt 0.395200 0.188085
vt 0.402253 0.197635
vt 0.391547 0.200133
vt 0.401522 0.208931
vt 0.391477 0.214224
vt 0.408900 0.217862
vt 0.398498 0.225335
vt 0.412754 0.232595
vt 0.399225 0.238660
vt 0.400376 0.254182
vt 0.845816 0.944818
vt 0.858155 0.960906
vt 0.845816 0.963092
vt 0.858155 0.944818
vt 0.845816 0.938258
vt 0.858155 0.938258
vt 0.845816 0.923106
vt 0.858155 0.921701
vt 0.560789 0.747163
vt 0.553962 0.728459
vt 0.549768 0.746967
vt 0.563826 0.732398
vt 0.569870 0.750957
vt 0.572240 0.735758
vt 0.580654 0.739959
vt 0.576833 0.752897
vt 0.568576 0.768941
vt 0.575014 0.766298
vt 0.575378 0.794026
vt 0.580654 0.788396
vt 0.447086 0.536347
vt 0.536347 0.529785
vt 0.522182 0.501163
vt 0.451837 0.498135
vt 0.511686 0.473541
vt 0.457986 0.450591
vt 0.510435 0.457502
vt 0.487085 0.415885
vt 0.514240 0.419198
vt 0.527937 0.395093
vt 0.525571 0.436116
vt 0.536347 0.417376
vt 0.693742 0.306650
vt 0.688925 0.286422
vt 0.683218 0.284013
vt 0.698462 0.306386
vt 0.697555 0.287477
vt 0.687078 0.259264
vt 0.708911 0.260342
vt 0.700300 0.250220
vt 0.703264 0.229935
vt 0.687340 0.239814
vt 0.692607 0.222429
vt 0.683218 0.238216
vt 0.771873 0.026499
vt 0.755853 0.015613
vt 0.767126 0.002669
vt 0.759209 0.045464
vt 0.771121 0.046469
vt 0.758977 0.065218
vt 0.766340 0.066566
vt 0.755853 0.071584
vt 0.764341 0.074622
vt 0.832000 0.282744
vt 0.842997 0.271655
vt 0.839856 0.268548
vt 0.842690 0.289338
vt 0.826157 0.293647
vt 0.836215 0.299152
vt 0.823587 0.303440
vt 0.830775 0.309554
vt 0.821953 0.318600
vt 0.836581 0.314364
vt 0.829695 0.328804
vt 0.842997 0.327730
vt 0.375702 0.682657
vt 0.396834 0.683566
vt 0.397056 0.699583
vt 0.399928 0.658439
vt 0.376282 0.658677
vt 0.388458 0.652269
vt 0.374584 0.651018
vt 0.390046 0.642433
vt 0.374941 0.638464
vt 0.391162 0.638158
vt 0.387398 0.612016
vt 0.399928 0.617275
vt 0.510695 0.125659
vt 0.466179 0.125190
vt 0.510695 0.149244
vt 0.465867 0.093951
vt 0.510695 0.094576
vt 0.466179 0.061306
vt 0.510695 0.061619
vt 0.466179 0.030380
vt 0.510695 0.030692
vt 0.468366 0.002421
vt 0.510695 0.002265
vt 0.400729 0.043953
vt 0.445401 0.002093
vt 0.400729 0.005061
vt 0.445401 0.043016
vt 0.400729 0.084564
vt 0.445401 0.083315
vt 0.400729 0.127049
vt 0.445401 0.122363
vt 0.400729 0.157039
vt 0.445401 0.152977
vt 0.445401 0.169066
vt 0.709767 0.844988
vt 0.720702 0.850582
vt 0.706630 0.852325
vt 0.727242 0.835173
vt 0.711304 0.825953
vt 0.735728 0.818970
vt 0.719748 0.813554
vt 0.722264 0.807487
vt 0.708537 0.805038
vt 0.712327 0.797271
vt 0.706630 0.793728
vt 0.424896 0.872219
vt 0.416532 0.873312
vt 0.423203 0.864092
vt 0.431445 0.862069
vt 0.427656 0.849962
vt 0.431764 0.850055
vt 0.416532 0.832356
vt 0.433741 0.843495
vt 0.418032 0.826962
vt 0.419888 0.819472
vt 0.258362 0.222061
vt 0.251440 0.236725
vt 0.263109 0.249518
vt 0.247771 0.213101
vt 0.263510 0.191272
vt 0.248294 0.176780
vt 0.262618 0.151645
vt 0.233830 0.144807
vt 0.254960 0.129926
vt 0.251230 0.089232
vt 0.263510 0.096118
vt 0.386165 0.297618
vt 0.375544 0.297462
vt 0.384135 0.280593
vt 0.375544 0.313862
vt 0.387103 0.314331
vt 0.375544 0.332137
vt 0.385385 0.332762
vt 0.375544 0.349475
vt 0.383198 0.349787
vt 0.375544 0.366031
vt 0.379293 0.367281
vt 0.494372 0.273737
vt 0.449700 0.271863
vt 0.494372 0.297323
vt 0.449700 0.237812
vt 0.494372 0.239062
vt 0.449700 0.203761
vt 0.494372 0.204855
vt 0.449700 0.175178
vt 0.494372 0.176427
vt 0.449700 0.145657
vt 0.494372 0.146594
vt 0.331992 0.151183
vt 0.364949 0.153057
vt 0.331992 0.185389
vt 0.364949 0.125567
vt 0.331992 0.122755
vt 0.364949 0.092922
vt 0.331992 0.081052
vt 0.364949 0.061059
vt 0.331992 0.042315
vt 0.345268 0.006390
vt 0.331992 0.002329
vt 0.518631 0.596977
vt 0.549089 0.579639
vt 0.550338 0.596977
vt 0.517382 0.584325
vt 0.486299 0.596977
vt 0.480832 0.563708
vt 0.461151 0.596977
vt 0.464900 0.563708
vt 0.442251 0.563708
vt 0.463182 0.550431
vt 0.442095 0.550431
vt 0.153592 0.424414
vt 0.168899 0.391457
vt 0.171398 0.424414
vt 0.137347 0.391457
vt 0.125477 0.424414
vt 0.088146 0.391457
vt 0.070496 0.424414
vt 0.046441 0.391457
vt 0.026604 0.424414
vt 0.002863 0.405358
vt 0.002551 0.424414
vt 0.712725 0.726772
vt 0.720065 0.722263
vt 0.707377 0.719788
vt 0.720428 0.732380
vt 0.715278 0.741576
vt 0.723233 0.747368
vt 0.717062 0.757172
vt 0.725234 0.765054
vt 0.711830 0.769399
vt 0.713432 0.780999
vt 0.707377 0.785865
vt 0.396430 0.515483
vt 0.366269 0.505362
vt 0.374601 0.490531
vt 0.377941 0.514821
vt 0.389342 0.538884
vt 0.377872 0.547435
vt 0.386009 0.559585
vt 0.366269 0.573900
vt 0.395663 0.571008
vt 0.378687 0.585318
vt 0.805254 0.698830
vt 0.782712 0.703413
vt 0.812682 0.713574
vt 0.792961 0.690401
vt 0.811683 0.686496
vt 0.806789 0.678952
vt 0.812095 0.670157
vt 0.798053 0.674306
vt 0.806969 0.652654
vt 0.792721 0.664363
vt 0.782712 0.650516
vt 0.781817 0.784580
vt 0.773204 0.784598
vt 0.785344 0.794026
vt 0.771523 0.774699
vt 0.782434 0.769810
vt 0.770481 0.762873
vt 0.792861 0.750077
vt 0.776826 0.747205
vt 0.788380 0.738352
vt 0.770481 0.733583
vt 0.784784 0.727970
vt 0.558154 0.877948
vt 0.556729 0.886138
vt 0.562836 0.882470
vt 0.555980 0.873691
vt 0.563164 0.862904
vt 0.554804 0.860879
vt 0.562444 0.842498
vt 0.553535 0.850039
vt 0.546930 0.836970
vt 0.529774 0.852678
vt 0.529774 0.834827
vt 0.587650 0.328066
vt 0.558734 0.327156
vt 0.580233 0.299422
vt 0.553037 0.347383
vt 0.564583 0.347996
vt 0.545546 0.366526
vt 0.565401 0.365142
vt 0.561366 0.390046
vt 0.577104 0.387235
vt 0.574241 0.409256
vt 0.587650 0.408138
vt 0.123467 0.894929
vt 0.122800 0.867716
vt 0.117870 0.892275
vt 0.132043 0.896357
vt 0.132129 0.915287
vt 0.144580 0.912992
vt 0.144580 0.887103
vt 0.144565 0.869741
vt 0.634012 0.334045
vt 0.626046 0.336075
vt 0.626046 0.309834
vt 0.639322 0.360285
vt 0.639322 0.325142
vt 0.659940 0.323735
vt 0.639322 0.296089
vt 0.655254 0.292028
vt 0.639322 0.263132
vt 0.656816 0.265943
vt 0.884842 0.617381
vt 0.889410 0.628214
vt 0.883291 0.633123
vt 0.895006 0.612071
vt 0.888288 0.604497
vt 0.897798 0.603922
vt 0.886408 0.594126
vt 0.895295 0.593589
vt 0.883291 0.583988
vt 0.892702 0.584357
vt 0.935736 0.954383
vt 0.922344 0.978570
vt 0.922344 0.946969
vt 0.928083 0.981748
vt 0.941475 0.957561
vt 0.946539 0.976791
vt 0.948444 0.961420
vt 0.955131 0.980298
vt 0.956096 0.965657
vt 0.490006 0.794890
vt 0.449536 0.793259
vt 0.488454 0.809184
vt 0.450163 0.781043
vt 0.493162 0.773725
vt 0.438746 0.745823
vt 0.490448 0.757249
vt 0.495538 0.745823
vt 0.145338 0.506795
vt 0.155074 0.496832
vt 0.148454 0.489386
vt 0.152347 0.510318
vt 0.137386 0.515455
vt 0.144273 0.522404
vt 0.135329 0.530531
vt 0.155074 0.545675
vt 0.139538 0.544747
vt 0.913950 0.357635
vt 0.910971 0.358201
vt 0.913240 0.377775
vt 0.910407 0.347254
vt 0.914479 0.346710
vt 0.910407 0.331476
vt 0.914158 0.331394
vt 0.916454 0.333782
vt 0.150323 0.910480
vt 0.164709 0.919809
vt 0.149871 0.925781
vt 0.172588 0.903744
vt 0.149871 0.895814
vt 0.174896 0.894157
vt 0.153571 0.885519
vt 0.173877 0.886369
vt 0.170643 0.879462
vt 0.013991 0.439428
vt 0.002351 0.429013
vt 0.003705 0.455376
vt 0.013992 0.459339
vt 0.007344 0.481058
vt 0.013838 0.482467
vt 0.002351 0.504676
vt 0.011626 0.508364
vt 0.748322 0.345906
vt 0.731392 0.352775
vt 0.749058 0.369613
vt 0.732995 0.344118
vt 0.753218 0.330731
vt 0.737811 0.312653
vt 0.747003 0.308301
vt 0.731392 0.301742
vt 0.743980 0.296175
vt 0.940187 0.116241
vt 0.951433 0.116397
vt 0.951433 0.125925
vt 0.951433 0.102809
vt 0.940187 0.102809
vt 0.951433 0.096248
vt 0.940187 0.096248
vt 0.951433 0.083284
vt 0.940187 0.084221
vt 0.482403 0.345838
vt 0.515359 0.376609
vt 0.482403 0.373953
vt 0.515359 0.346463
vt 0.503020 0.308507
vt 0.515359 0.308039
vt 0.499740 0.278518
vt 0.515359 0.276956
vt 0.515359 0.255713
vt 0.774806 0.631260
vt 0.785865 0.634957
vt 0.785191 0.626036
vt 0.778254 0.649817
vt 0.765055 0.648423
vt 0.783420 0.670733
vt 0.768904 0.672501
vt 0.785865 0.684829
vt 0.772735 0.696085
vt 0.505532 0.743522
vt 0.498386 0.767051
vt 0.500506 0.768375
vt 0.502933 0.743556
vt 0.506205 0.722396
vt 0.504384 0.722363
vt 0.509530 0.708818
vt 0.500506 0.707049
vt 0.502639 0.698622
vt 0.889636 0.129716
vt 0.879425 0.135370
vt 0.875502 0.121263
vt 0.878551 0.146249
vt 0.886354 0.149870
vt 0.877200 0.159045
vt 0.878500 0.163644
vt 0.875502 0.171398
vt 0.882208 0.168994
vt 0.002554 0.797857
vt 0.025289 0.802845
vt 0.002106 0.808018
vt 0.026817 0.786681
vt 0.003951 0.782946
vt 0.019622 0.757733
vt 0.006063 0.762909
vt 0.011348 0.751952
vt 0.002106 0.744821
vt 0.899964 0.902465
vt 0.921076 0.882220
vt 0.905423 0.886817
vt 0.923449 0.890652
vt 0.907871 0.914584
vt 0.916595 0.910986
vt 0.912310 0.925381
vt 0.917822 0.921555
vt 0.923449 0.928113
vt 0.419977 0.344110
vt 0.471052 0.346140
vt 0.471052 0.308341
vt 0.471052 0.377848
vt 0.419977 0.374412
vt 0.471052 0.414866
vt 0.419977 0.413773
vt 0.419977 0.461725
vt 0.831516 0.077895
vt 0.838744 0.070848
vt 0.825743 0.060594
vt 0.847661 0.090976
vt 0.831710 0.094238
vt 0.843013 0.105154
vt 0.825743 0.106802
vt 0.833713 0.121261
vt 0.827914 0.937248
vt 0.834538 0.947696
vt 0.823543 0.953765
vt 0.838783 0.930250
vt 0.830088 0.928912
vt 0.841831 0.916751
vt 0.826819 0.918796
vt 0.823543 0.909784
vt 0.801741 0.728427
vt 0.796350 0.735099
vt 0.800092 0.736894
vt 0.796725 0.726816
vt 0.802188 0.722506
vt 0.795599 0.722461
vt 0.802188 0.714813
vt 0.790766 0.722125
vt 0.887865 0.720739
vt 0.897798 0.738672
vt 0.893934 0.742724
vt 0.892699 0.715885
vt 0.889423 0.707305
vt 0.894787 0.702817
vt 0.892992 0.694295
vt 0.897798 0.695272
vt 0.687575 0.876066
vt 0.699583 0.888319
vt 0.690608 0.889636
vt 0.693702 0.874840
vt 0.693058 0.863660
vt 0.696458 0.863139
vt 0.696796 0.840134
vt 0.699583 0.862036
vt 0.850636 0.186928
vt 0.852358 0.189221
vt 0.852660 0.185557
vt 0.854696 0.209237
vt 0.851981 0.208966
vt 0.855823 0.220116
vt 0.850538 0.220660
vt 0.855823 0.233194
vt 0.249419 0.844122
vt 0.258741 0.863838
vt 0.254925 0.869815
vt 0.261178 0.844233
vt 0.250839 0.830811
vt 0.261178 0.814194
vt 0.246913 0.825049
vt 0.277158 0.592313
vt 0.317144 0.574820
vt 0.316832 0.592157
vt 0.277002 0.559201
vt 0.244982 0.592157
vt 0.245607 0.559201
vt 0.215305 0.559201
vt 0.903511 0.132711
vt 0.914122 0.136520
vt 0.902565 0.137585
vt 0.911577 0.116294
vt 0.897377 0.126093
vt 0.914122 0.095745
vt 0.901903 0.090548
vt 0.521851 0.791141
vt 0.500579 0.799499
vt 0.500427 0.792719
vt 0.488603 0.837837
vt 0.523521 0.820935
vt 0.513281 0.843643
vt 0.523521 0.851159
vt 0.300411 0.452397
vt 0.303379 0.407725
vt 0.354455 0.435528
vt 0.246055 0.407725
vt 0.236996 0.452397
vt 0.193574 0.407725
vt 0.194980 0.452397
vt 0.265031 0.962330
vt 0.251151 0.963092
vt 0.243472 0.954284
vt 0.265841 0.942888
vt 0.243472 0.928630
vt 0.255883 0.921065
vt 0.278378 0.863946
vt 0.301987 0.866553
vt 0.267506 0.844803
vt 0.295907 0.875094
vt 0.275161 0.878515
vt 0.286382 0.891797
vt 0.267506 0.895466
vt 0.981242 0.303438
vt 0.971209 0.306429
vt 0.973171 0.312360
vt 0.984080 0.315496
vt 0.973900 0.317548
vt 0.971209 0.328804
vt 0.296543 0.671173
vt 0.251980 0.642663
vt 0.255467 0.690255
vt 0.257652 0.627607
vt 0.322282 0.630729
vt 0.259866 0.598142
vt 0.342796 0.598142
vt 0.661725 0.058580
vt 0.679014 0.065719
vt 0.663961 0.095610
vt 0.679816 0.046301
vt 0.669224 0.029285
vt 0.685591 0.017760
vt 0.661725 0.002467
vt 0.873092 0.599127
vt 0.881474 0.598079
vt 0.877702 0.616799
vt 0.876655 0.582222
vt 0.873092 0.572233
vt 0.881195 0.576983
vt 0.880636 0.565527
vt 0.629219 0.226025
vt 0.648280 0.209233
vt 0.631523 0.211201
vt 0.647572 0.227510
vt 0.636002 0.243876
vt 0.648280 0.244234
vt 0.636319 0.251850
vt 0.674453 0.248647
vt 0.656683 0.254522
vt 0.671995 0.285663
vt 0.658475 0.232151
vt 0.685591 0.220534
vt 0.656683 0.203181
vt 0.681538 0.192984
vt 0.194294 0.883536
vt 0.206116 0.876886
vt 0.200476 0.874197
vt 0.205660 0.893452
vt 0.191921 0.909571
vt 0.216871 0.902602
vt 0.216871 0.921117
vt 0.524355 0.926230
vt 0.496247 0.920949
vt 0.529351 0.913915
vt 0.508110 0.936874
vt 0.516709 0.942360
vt 0.496247 0.950881
vt 0.497555 0.958429
vt 0.953765 0.673655
vt 0.926118 0.673655
vt 0.953765 0.658503
vt 0.926118 0.680215
vt 0.953765 0.680215
vt 0.940175 0.699583
vt 0.953765 0.698489
vt 0.678595 0.942776
vt 0.669380 0.942776
vt 0.669380 0.926219
vt 0.669380 0.949336
vt 0.678595 0.949336
vt 0.669380 0.965424
vt 0.678595 0.959333
vt 0.946769 0.173631
vt 0.933114 0.145133
vt 0.946769 0.135451
vt 0.938503 0.179560
vt 0.081253 0.790949
vt 0.125925 0.768457
vt 0.081253 0.754400
vt 0.125925 0.797978
vt 0.081253 0.801883
vt 0.125925 0.817346
vt 0.081253 0.817346
vt 0.851159 0.672383
vt 0.818202 0.644268
vt 0.851159 0.643643
vt 0.818202 0.672227
vt 0.851159 0.688627
vt 0.818202 0.688784
vt 0.818202 0.704247
vt 0.662115 0.676312
vt 0.611039 0.676937
vt 0.611039 0.647572
vt 0.611039 0.707395
vt 0.662272 0.705833
vt 0.611039 0.732230
vt 0.662115 0.726295
vt 0.056184 0.632262
vt 0.038847 0.612738
vt 0.055716 0.612738
vt 0.038847 0.633356
vt 0.059465 0.662252
vt 0.038847 0.664752
vt 0.038847 0.699583
vt 0.866598 0.868869
vt 0.905960 0.854342
vt 0.866598 0.854342
vt 0.905960 0.876210
vt 0.866598 0.885738
vt 0.884404 0.904013
vt 0.866598 0.904794
vt 0.359690 0.945357
vt 0.350170 0.931389
vt 0.361451 0.919638
vt 0.348372 0.947945
vt 0.361451 0.957824
vt 0.344581 0.955311
vt 0.350116 0.960760
vt 0.308104 0.392293
vt 0.352890 0.402421
vt 0.354455 0.388502
vt 0.219034 0.403426
vt 0.201810 0.371281
vt 0.190604 0.403426
vt 0.184684 0.390683
vt 0.379963 0.084604
vt 0.386290 0.043989
vt 0.366473 0.043057
vt 0.393973 0.142562
vt 0.366473 0.190815
vt 0.396430 0.175427
vt 0.375753 0.216871
vt 0.685591 0.977563
vt 0.672370 0.972786
vt 0.685591 0.957800
vt 0.675111 0.981748
vt 0.180922 0.702634
vt 0.193114 0.727620
vt 0.180922 0.732230
vt 0.204045 0.718045
vt 0.192706 0.696998
vt 0.194727 0.691916
vt 0.191175 0.653987
vt 0.752485 0.802518
vt 0.776020 0.791940
vt 0.759097 0.786472
vt 0.778799 0.808913
vt 0.753880 0.822465
vt 0.782367 0.821602
vt 0.752485 0.847661
vt 0.561243 0.030153
vt 0.575990 0.035794
vt 0.565653 0.037311
vt 0.575990 0.019140
vt 0.560977 0.018483
vt 0.573468 0.004804
vt 0.562597 0.003204
vt 0.771749 0.516585
vt 0.787983 0.508501
vt 0.787110 0.537513
vt 0.790178 0.495685
vt 0.774411 0.499475
vt 0.790529 0.481818
vt 0.771749 0.469754
vt 0.240861 0.194499
vt 0.233761 0.194547
vt 0.242522 0.174134
vt 0.224129 0.227522
vt 0.234472 0.223322
vt 0.228700 0.251423
vt 0.242522 0.251850
vt 0.548007 0.894785
vt 0.538294 0.894193
vt 0.537737 0.907126
vt 0.536478 0.868481
vt 0.548007 0.862561
vt 0.537359 0.858887
vt 0.806350 0.972420
vt 0.817404 0.966575
vt 0.818512 0.971472
vt 0.817139 0.959680
vt 0.807211 0.953565
vt 0.818512 0.950839
vt 0.817355 0.939491
vt 0.909390 0.235403
vt 0.913760 0.243480
vt 0.914122 0.230252
vt 0.909602 0.248925
vt 0.903634 0.252504
vt 0.914122 0.276285
vt 0.904214 0.277501
vt 0.561173 0.081618
vt 0.571326 0.065686
vt 0.571326 0.081618
vt 0.561173 0.066311
vt 0.862819 0.410099
vt 0.835233 0.421446
vt 0.854601 0.427911
vt 0.835587 0.398279
vt 0.855718 0.397442
vt 0.835233 0.385554
vt 0.857680 0.370019
vt 0.457973 0.936520
vt 0.466388 0.954556
vt 0.466388 0.930124
vt 0.458870 0.967756
vt 0.445001 0.947197
vt 0.433875 0.967192
vt 0.431609 0.950639
vt 0.875473 0.087389
vt 0.891249 0.114879
vt 0.875473 0.116597
vt 0.895466 0.089576
vt 0.875473 0.065365
vt 0.895153 0.065677
vt 0.970088 0.838313
vt 0.946776 0.833074
vt 0.964539 0.821933
vt 0.944552 0.847864
vt 0.970088 0.858155
vt 0.565943 0.538142
vt 0.603973 0.573102
vt 0.581629 0.580654
vt 0.588287 0.530591
vt 0.574479 0.488268
vt 0.603973 0.477970
vt 0.876541 0.491014
vt 0.896632 0.469530
vt 0.876541 0.460918
vt 0.891314 0.486058
vt 0.883363 0.510695
vt 0.893717 0.492481
vt 0.848227 0.696971
vt 0.868649 0.714057
vt 0.865297 0.689837
vt 0.861808 0.726622
vt 0.848227 0.721916
vt 0.852864 0.746222
vt 0.846495 0.233929
vt 0.829727 0.228527
vt 0.843564 0.257680
vt 0.835746 0.212264
vt 0.846495 0.212686
vt 0.841580 0.197673
vt 0.984080 0.335188
vt 0.976281 0.345932
vt 0.971184 0.335671
vt 0.984080 0.359119
vt 0.866378 0.100656
vt 0.855701 0.064599
vt 0.868649 0.080314
vt 0.855701 0.103091
vt 0.867303 0.113648
vt 0.858532 0.118929
vt 0.934223 0.932335
vt 0.946575 0.934356
vt 0.944051 0.949101
vt 0.940038 0.917210
vt 0.923644 0.905205
vt 0.946769 0.905205
vt 0.598299 0.921786
vt 0.601929 0.923712
vt 0.603973 0.944437
vt 0.603973 0.911192
vt 0.600055 0.908670
vt 0.602874 0.901051
vt 0.167282 0.856299
vt 0.175258 0.873179
vt 0.165020 0.873313
vt 0.177228 0.843696
vt 0.167503 0.843357
vt 0.165020 0.817701
vt 0.804520 0.562684
vt 0.788176 0.580331
vt 0.777427 0.614233
vt 0.800885 0.603386
vt 0.804520 0.626127
vt 0.505175 0.992500
vt 0.495656 0.969502
vt 0.495513 0.993408
vt 0.506569 0.969502
vt 0.512364 0.988981
vt 0.517691 0.983703
vt 0.083987 0.134837
vt 0.088007 0.117247
vt 0.085468 0.116607
vt 0.088119 0.133197
vt 0.083987 0.151576
vt 0.088614 0.150378
vt 0.434907 0.786638
vt 0.401951 0.782576
vt 0.401951 0.758210
vt 0.401951 0.805068
vt 0.434907 0.803663
vt 0.434907 0.820844
vt 0.725012 0.199093
vt 0.739226 0.199093
vt 0.739226 0.227364
vt 0.739226 0.168948
vt 0.725012 0.168948
vt 0.725324 0.148955
vt 0.585318 0.852325
vt 0.571104 0.852325
vt 0.571104 0.824054
vt 0.585318 0.824054
vt 0.585318 0.793908
vt 0.471288 0.955696
vt 0.487376 0.974752
vt 0.471288 0.972409
vt 0.487376 0.958195
vt 0.487376 0.940857
vt 0.312480 0.269557
vt 0.293893 0.253469
vt 0.310450 0.253469
vt 0.294518 0.269557
vt 0.312168 0.272837
vt 0.931837 0.417957
vt 0.965424 0.413237
vt 0.962476 0.440737
vt 0.964991 0.400826
vt 0.931148 0.400826
vt 0.987750 0.517792
vt 0.974476 0.517492
vt 0.974624 0.503904
vt 0.974373 0.527019
vt 0.988744 0.527019
vt 0.807709 0.511417
vt 0.840665 0.511886
vt 0.840665 0.539845
vt 0.840665 0.482209
vt 0.807709 0.479553
vt 0.748186 0.956097
vt 0.726475 0.911425
vt 0.726475 0.956097
vt 0.741938 0.911425
vt 0.760213 0.911425
vt 0.749118 0.873588
vt 0.762545 0.898964
vt 0.745361 0.898964
vt 0.761992 0.868511
vt 0.761657 0.850083
vt 0.587924 0.921117
vt 0.576835 0.876874
vt 0.576835 0.920922
vt 0.593704 0.876934
vt 0.609803 0.873711
vt 0.234360 0.886138
vt 0.212942 0.832313
vt 0.233894 0.834684
vt 0.212942 0.883715
vt 0.549627 0.972420
vt 0.529028 0.929655
vt 0.530878 0.972420
vt 0.548710 0.929476
vt 0.561998 0.929769
vt 0.391766 0.870821
vt 0.371209 0.847581
vt 0.378326 0.832971
vt 0.371209 0.881605
vt 0.391158 0.884972
vt 0.956097 0.206216
vt 0.942820 0.205748
vt 0.942820 0.182007
vt 0.942820 0.223867
vt 0.956097 0.222149
vt 0.093278 0.064769
vt 0.086084 0.031241
vt 0.086084 0.065294
vt 0.087413 0.002829
vt 0.091768 0.015541
vt 0.569674 0.940160
vt 0.563499 0.939937
vt 0.567851 0.928708
vt 0.563499 0.965424
vt 0.571326 0.958627
vt 0.309518 0.805686
vt 0.327032 0.743548
vt 0.309518 0.740864
vt 0.342796 0.741872
vt 0.342076 0.793580
vt 0.305485 0.719167
vt 0.254409 0.711513
vt 0.305485 0.675744
vt 0.254409 0.747751
vt 0.305485 0.753217
vt 0.665179 0.655318
vt 0.705413 0.619070
vt 0.676388 0.625327
vt 0.705413 0.688282
vt 0.670048 0.706579
vt 0.537513 0.648147
vt 0.505263 0.602456
vt 0.536813 0.602839
vt 0.506432 0.647769
vt 0.505263 0.692587
vt 0.340511 0.455712
vt 0.334263 0.477892
vt 0.446567 0.477892
vt 0.293808 0.478048
vt 0.294121 0.458993
vt 0.272357 0.514495
vt 0.257392 0.509399
vt 0.269423 0.534015
vt 0.256130 0.497153
vt 0.272837 0.497153
vt 0.814966 0.856833
vt 0.841831 0.803258
vt 0.841831 0.856833
vt 0.790755 0.797635
vt 0.790755 0.856989
vt 0.671009 0.557376
vt 0.711243 0.590341
vt 0.675878 0.608637
vt 0.711243 0.521128
vt 0.682218 0.527385
vt 0.904261 0.626987
vt 0.916454 0.622377
vt 0.904261 0.597392
vt 0.915697 0.641101
vt 0.912061 0.643616
vt 0.974752 0.370712
vt 0.966589 0.372126
vt 0.974752 0.387102
vt 0.968146 0.362618
vt 0.972028 0.355160
vt 0.970088 0.066409
vt 0.959660 0.083950
vt 0.969453 0.081547
vt 0.958194 0.070444
vt 0.958194 0.048088
vt 0.357642 0.969520
vt 0.333868 0.970790
vt 0.333738 0.956951
vt 0.333738 0.988744
vt 0.361451 0.979435
vt 0.967779 0.100113
vt 0.958272 0.123371
vt 0.955520 0.104331
vt 0.977084 0.132921
vt 0.977084 0.096912
vt 0.868181 0.207042
vt 0.861108 0.186951
vt 0.869815 0.184888
vt 0.862663 0.217757
vt 0.869815 0.241356
vt 0.964737 0.634926
vt 0.956693 0.617143
vt 0.965424 0.619559
vt 0.955295 0.632152
vt 0.965424 0.652944
vt 0.936767 0.883278
vt 0.934316 0.872618
vt 0.937441 0.871516
vt 0.931560 0.884320
vt 0.937441 0.897798
vt 0.240923 0.968243
vt 0.254270 0.982619
vt 0.240923 0.998071
vt 0.268173 0.974995
vt 0.267815 0.968495
vt 0.367781 0.544332
vt 0.343798 0.540730
vt 0.368447 0.520588
vt 0.353983 0.552322
vt 0.368447 0.557334
vt 0.468588 0.625757
vt 0.499036 0.643277
vt 0.471234 0.694919
vt 0.499036 0.620834
vt 0.480322 0.602841
vt 0.111490 0.236660
vt 0.121261 0.243799
vt 0.118687 0.239696
vt 0.118405 0.247274
vt 0.111490 0.251850
vt 0.112622 0.969548
vt 0.121261 0.981748
vt 0.110871 0.975355
vt 0.121261 0.957004
vt 0.112953 0.951037
vt 0.821711 0.562558
vt 0.827840 0.564138
vt 0.815506 0.550668
vt 0.827552 0.572113
vt 0.815506 0.578322
vt 0.333025 0.220337
vt 0.339940 0.230950
vt 0.333025 0.235526
vt 0.342796 0.227476
vt 0.340221 0.223372
vt 0.608525 0.525513
vt 0.613301 0.540776
vt 0.613301 0.525131
vt 0.598562 0.541011
vt 0.607807 0.525167
vt 0.354455 0.260208
vt 0.344303 0.253647
vt 0.354455 0.253647
vt 0.344303 0.260208
vt 0.344303 0.268173
vt 0.602530 0.976212
vt 0.620297 0.942254
vt 0.620297 0.977084
vt 0.603105 0.953794
vt 0.589493 0.968969
vt 0.318310 0.842178
vt 0.266877 0.810008
vt 0.317987 0.815314
vt 0.267057 0.839060
vt 0.318310 0.867483
vt 0.428028 0.726865
vt 0.400357 0.753387
vt 0.438405 0.760213
vt 0.402109 0.704217
vt 0.438405 0.685661
vt 0.629260 0.479212
vt 0.673932 0.529351
vt 0.629260 0.528883
vt 0.673932 0.476088
vt 0.629260 0.432822
vt 0.440737 0.199110
vt 0.417543 0.276310
vt 0.440737 0.322974
vt 0.420108 0.201193
vt 0.439938 0.171615
vt 0.144062 0.744185
vt 0.145764 0.771873
vt 0.149244 0.768870
vt 0.140711 0.748507
vt 0.149244 0.705172
vt 0.827840 0.212207
vt 0.816193 0.190126
vt 0.822013 0.192245
vt 0.815300 0.212207
vt 0.748554 0.687352
vt 0.727490 0.731064
vt 0.748554 0.723678
vt 0.724770 0.691411
vt 0.733632 0.655591
vt 0.238450 0.721283
vt 0.241994 0.731664
vt 0.239014 0.732230
vt 0.242522 0.720739
vt 0.238450 0.705504
vt 0.908102 0.539971
vt 0.916453 0.534303
vt 0.908102 0.525458
vt 0.915518 0.545734
vt 0.910336 0.550338
vt 0.993408 0.230723
vt 0.980256 0.254182
vt 0.991630 0.241179
vt 0.974385 0.251371
vt 0.974385 0.235515
vt 0.615521 0.315638
vt 0.605558 0.331136
vt 0.614803 0.315292
vt 0.620297 0.330902
vt 0.620297 0.315256
vt 0.130747 0.972420
vt 0.163236 0.940712
vt 0.130747 0.930716
vt 0.161830 0.972420
vt 0.978443 0.694919
vt 0.960819 0.661351
vt 0.979416 0.661351
vt 0.962209 0.694373
vt 0.030720 0.852116
vt 0.068942 0.798685
vt 0.030720 0.792761
vt 0.076954 0.852325
vt 0.184492 0.918784
vt 0.179444 0.946769
vt 0.191219 0.942049
vt 0.179444 0.902360
vt 0.966742 0.561998
vt 0.984080 0.534352
vt 0.984080 0.560749
vt 0.968304 0.535913
vt 0.337707 0.213146
vt 0.358081 0.224109
vt 0.359119 0.165527
vt 0.359119 0.240190
vt 0.394098 0.748075
vt 0.370456 0.740446
vt 0.370456 0.775371
vt 0.392607 0.704185
vt 0.003525 0.575990
vt 0.016324 0.538305
vt 0.003583 0.540350
vt 0.016324 0.575506
vt 0.177547 0.789702
vt 0.132041 0.813848
vt 0.186555 0.813848
vt 0.163515 0.752092
vt 0.580654 0.292119
vt 0.562334 0.294238
vt 0.561426 0.277176
vt 0.561426 0.305485
vt 0.768184 0.891897
vt 0.795192 0.937441
vt 0.793631 0.892698
vt 0.768184 0.936591
vt 0.364919 0.879735
vt 0.350002 0.880825
vt 0.364949 0.903628
vt 0.364949 0.855351
vt 0.823672 0.981391
vt 0.844163 0.986412
vt 0.827640 0.956580
vt 0.821845 0.986412
vt 0.139587 0.209875
vt 0.149413 0.175232
vt 0.139587 0.175773
vt 0.151576 0.197483
vt 0.544509 0.712527
vt 0.514166 0.690469
vt 0.514166 0.732230
vt 0.538885 0.654199
vt 0.268173 0.911973
vt 0.264980 0.929040
vt 0.268173 0.935109
vt 0.655276 0.637096
vt 0.651019 0.631719
vt 0.651009 0.614356
vt 0.651009 0.657608
vt 0.864015 0.382339
vt 0.868254 0.380563
vt 0.870981 0.408090
vt 0.870981 0.355487
vt 0.932880 0.526569
vt 0.951433 0.536122
vt 0.934800 0.559666
vt 0.951433 0.517274
vt 0.484400 0.701915
vt 0.488166 0.682831
vt 0.499036 0.695404
vt 0.484400 0.680516
vt 0.247186 0.866416
vt 0.243534 0.867155
vt 0.242033 0.886138
vt 0.242033 0.838424
vt 0.797524 0.227581
vt 0.779479 0.237260
vt 0.788610 0.254182
vt 0.775450 0.227581
vt 0.531683 0.372016
vt 0.524281 0.376071
vt 0.521953 0.387103
vt 0.521953 0.370221
vt 0.268173 0.864124
vt 0.263548 0.867558
vt 0.267738 0.881474
vt 0.263548 0.858633
vt 0.249518 0.017184
vt 0.236468 0.010783
vt 0.242444 0.003036
vt 0.236468 0.037311
vt 0.076954 0.217594
vt 0.060404 0.234486
vt 0.076954 0.251850
vt 0.064481 0.221344
vt 0.615412 0.871029
vt 0.629625 0.870807
vt 0.629154 0.840665
vt 0.629625 0.890802
vt 0.249518 0.616159
vt 0.235304 0.626156
vt 0.243582 0.636620
vt 0.233898 0.616159
vt 0.168749 0.966764
vt 0.186555 0.966764
vt 0.168749 0.946459
vt 0.168749 0.979416
vt 0.916454 0.986412
vt 0.902051 0.970727
vt 0.916454 0.959113
vt 0.893273 0.983125
vt 0.386240 0.015403
vt 0.393966 0.012967
vt 0.394098 0.030315
vt 0.394098 0.002814
vt 0.179953 0.514742
vt 0.188887 0.521493
vt 0.179953 0.531683
vt 0.186234 0.513967
vt 0.580600 0.382970
vt 0.594645 0.376764
vt 0.594645 0.391766
vt 0.580585 0.376037
vt 0.335800 0.270505
vt 0.326845 0.259814
vt 0.335800 0.251182
vt 0.317755 0.268920
vt 0.748554 0.829372
vt 0.742049 0.832215
vt 0.746202 0.866317
vt 0.742049 0.810002
vt 0.943440 0.876686
vt 0.953765 0.868299
vt 0.945769 0.858485
vt 0.953765 0.900130
vt 0.863068 0.497693
vt 0.872147 0.494112
vt 0.869360 0.463394
vt 0.872147 0.518857
vt 0.834835 0.742315
vt 0.822549 0.726077
vt 0.831725 0.762545
vt 0.834835 0.701224
vt 0.084195 0.234724
vt 0.093278 0.251034
vt 0.093278 0.221485
vt 0.083071 0.251850
vt 0.374580 0.227610
vt 0.382306 0.225173
vt 0.382439 0.215020
vt 0.382439 0.242522
vt 0.589745 0.334508
vt 0.599309 0.346941
vt 0.599309 0.330852
vt 0.588370 0.347459
vt 0.930445 0.820732
vt 0.927337 0.821881
vt 0.929944 0.832504
vt 0.927337 0.798873
vt 0.524161 0.013391
vt 0.534015 0.023319
vt 0.532390 0.004023
vt 0.515977 0.023319
vt 0.616392 0.566440
vt 0.610300 0.580654
vt 0.610925 0.565034
vt 0.620297 0.580654
vt 0.459393 0.137585
vt 0.456968 0.121933
vt 0.459393 0.121977
vt 0.455641 0.122422
vt 0.540238 0.504673
vt 0.550339 0.520023
vt 0.535748 0.520023
vt 0.540949 0.504313
vt 0.975095 0.002113
vt 0.986412 0.014199
vt 0.975095 0.025651
vt 0.384771 0.943927
vt 0.374056 0.977084
vt 0.366259 0.943927
vt 0.381689 0.968311
vt 0.405758 0.971638
vt 0.381689 0.995739
vt 0.524687 0.940894
vt 0.524687 0.972420
vt 0.510715 0.964763
vt 0.981748 0.503700
vt 0.963191 0.483072
vt 0.981748 0.476271
vt 0.458696 0.114265
vt 0.452378 0.096401
vt 0.461725 0.096401
vt 0.500570 0.263510
vt 0.500570 0.243651
vt 0.503700 0.254702
vt 0.537420 0.369922
vt 0.550338 0.398762
vt 0.537420 0.397667
vt 0.974752 0.438405
vt 0.967152 0.434165
vt 0.974752 0.410347
vt 0.032647 0.326472
vt 0.025546 0.317746
vt 0.032647 0.311631
vt 0.308147 0.917619
vt 0.336966 0.880706
vt 0.308147 0.869924
vt 0.862938 0.310605
vt 0.880308 0.352123
vt 0.880308 0.300706
vt 0.801587 0.907083
vt 0.823176 0.926524
vt 0.801587 0.951433
vt 0.068700 0.974752
vt 0.072900 0.936558
vt 0.088614 0.936558
vt 0.310403 0.972420
vt 0.310403 0.934157
vt 0.335800 0.948584
vt 0.095487 0.935949
vt 0.109601 0.942639
vt 0.095487 0.972420
vt 0.958977 0.864841
vt 0.974752 0.864841
vt 0.958977 0.897798
vt 0.729898 0.899924
vt 0.706818 0.923449
vt 0.706818 0.877281
vt 0.604200 0.801133
vt 0.604200 0.860487
vt 0.655276 0.806756
vt 0.289161 0.258413
vt 0.278498 0.251852
vt 0.278498 0.263510
vt 0.123833 0.753698
vt 0.135253 0.741901
vt 0.135253 0.769541
vt 0.027740 0.765139
vt 0.039643 0.759225
vt 0.039643 0.785865
vt 0.468721 0.860399
vt 0.468720 0.909458
vt 0.427433 0.877462
vt 0.633637 0.887304
vt 0.656442 0.887217
vt 0.633637 0.836228
vt 0.796358 0.886138
vt 0.767306 0.886138
vt 0.772929 0.835062
vt 0.792770 0.566662
vt 0.792770 0.504473
vt 0.823176 0.537213
vt 0.873550 0.185645
vt 0.894300 0.174433
vt 0.894300 0.225033
vt 0.895466 0.352827
vt 0.874716 0.364039
vt 0.895466 0.403426
vt 0.946923 0.781201
vt 0.957550 0.742974
vt 0.958428 0.781201
vt 0.556383 0.247626
vt 0.568994 0.238143
vt 0.568994 0.275169
vt 0.314812 0.568994
vt 0.299799 0.554875
vt 0.314812 0.553418
vt 0.903334 0.923731
vt 0.903334 0.963092
vt 0.916454 0.952003
vt 0.965424 0.967756
vt 0.955956 0.957222
vt 0.965424 0.933705
vt 0.461725 0.025755
vt 0.451456 0.032647
vt 0.451456 0.002806
vt 0.513542 0.221535
vt 0.536347 0.221448
vt 0.513542 0.170458
vt 0.270505 0.088614
vt 0.259754 0.078801
vt 0.270505 0.072324
vt 0.535963 0.124906
vt 0.552670 0.124906
vt 0.552190 0.142248
vt 0.669574 0.839145
vt 0.669574 0.890802
vt 0.690255 0.850483
vt 0.398762 0.492741
vt 0.389855 0.502110
vt 0.398762 0.510695
vt 0.375443 0.420074
vt 0.370312 0.433737
vt 0.375443 0.447733
vt 0.591139 0.870981
vt 0.598143 0.853831
vt 0.591139 0.814189
vt 0.413920 0.385007
vt 0.381171 0.439367
vt 0.413920 0.466389
vt 0.922388 0.247186
vt 0.922388 0.201444
vt 0.935109 0.207306
vt 0.117058 0.821202
vt 0.117058 0.873313
vt 0.127091 0.830798
vt 0.858155 0.554888
vt 0.840484 0.603973
vt 0.840484 0.545870
vt 0.186555 0.427067
vt 0.182161 0.428416
vt 0.186555 0.454729
vt 0.934726 0.251850
vt 0.939773 0.250022
vt 0.934726 0.223826
vt 0.077197 0.977084
vt 0.090946 0.977084
vt 0.089480 0.945335
vt 0.506032 0.156748
vt 0.498458 0.148219
vt 0.498458 0.165568
vt 0.881474 0.403930
vt 0.876427 0.405758
vt 0.876427 0.377735
vt 0.923449 0.610244
vt 0.921327 0.608925
vt 0.921327 0.648280
vt 0.151240 0.243427
vt 0.165568 0.251850
vt 0.165568 0.231350
vt 0.764877 0.482706
vt 0.763501 0.510695
vt 0.750346 0.482706
vt 0.718238 0.202879
vt 0.712708 0.200089
vt 0.718238 0.175658
vt 0.165144 0.927854
vt 0.174896 0.944437
vt 0.174896 0.919311
vt 0.321808 0.349030
vt 0.309022 0.336648
vt 0.309022 0.349791
vt 0.160582 0.522885
vt 0.174896 0.513747
vt 0.174896 0.543343
vt 0.044307 0.247378
vt 0.036118 0.258846
vt 0.036118 0.239008
vt 0.307594 0.312480
vt 0.307594 0.302033
vt 0.314812 0.306099
vt 0.009328 0.259271
vt 0.003092 0.263510
vt 0.003092 0.248281
vt 0.174896 0.205211
vt 0.174896 0.189995
vt 0.169207 0.200263
vt 0.106217 0.242218
vt 0.098556 0.251850
vt 0.107269 0.251850
vt 0.433741 0.321808
vt 0.425317 0.302315
vt 0.425317 0.321394
vt 0.176654 0.075422
vt 0.176654 0.095610
vt 0.184224 0.091890
vt 0.451278 0.043650
vt 0.459393 0.034064
vt 0.459393 0.053635
vt 0.252736 0.302361
vt 0.252736 0.317144
vt 0.265841 0.313566
vt 0.205211 0.545675
vt 0.193354 0.540297
vt 0.205211 0.529206
vt 0.492045 0.319476
vt 0.496704 0.307872
vt 0.492045 0.302781
vt 0.972420 0.750886
vt 0.960892 0.724582
vt 0.972420 0.718661
vt 0.986412 0.633889
vt 0.986412 0.657608
vt 0.969277 0.640230
vt 0.446608 0.275581
vt 0.468720 0.302829
vt 0.446608 0.312480
vt 0.058299 0.016324
vt 0.053337 0.010292
vt 0.058299 0.002408
vt 0.118606 0.202970
vt 0.123593 0.211869
vt 0.118606 0.212207
vt 0.459393 0.060772
vt 0.453502 0.069324
vt 0.459393 0.079286
vt 0.036686 0.184223
vt 0.036686 0.164071
vt 0.039643 0.183552
vt 0.002921 0.328804
vt 0.002921 0.314665
vt 0.004664 0.325567
vt 0.424414 0.186555
vt 0.416994 0.181816
vt 0.424414 0.168286
vt 0.264129 0.223866
vt 0.264129 0.213296
vt 0.265841 0.222122
vt 0.736894 0.389434
vt 0.727968 0.361169
vt 0.723066 0.389434
vt 0.028603 0.210964
vt 0.028603 0.221535
vt 0.030315 0.219790
vt 0.247186 0.317144
vt 0.247186 0.301955
vt 0.238495 0.305035
vt 0.256600 0.018656
vt 0.258846 0.005772
vt 0.256600 0.003336
vt 0.328804 0.986412
vt 0.328804 0.961410
vt 0.313580 0.981529
vt 0.991076 0.069958
vt 0.991076 0.046051
vt 0.969072 0.049802
vt 0.037757 0.333468
vt 0.041975 0.322214
vt 0.037757 0.320234
vt 0.127748 0.489848
vt 0.127748 0.508363
vt 0.135253 0.498790
vt 0.268763 0.135106
vt 0.268763 0.149244
vt 0.270505 0.146007
vt 0.841831 0.886138
vt 0.841831 0.861135
vt 0.835416 0.862867
vt 0.962594 0.816180
vt 0.979457 0.791082
vt 0.986412 0.816180
vt 0.099354 0.242522
vt 0.099354 0.222611
vt 0.107269 0.229694
vt 0.025883 0.251868
vt 0.030315 0.234110
vt 0.030315 0.254182
vt 0.266334 0.125925
vt 0.268173 0.110426
vt 0.264395 0.110426
vt 0.534015 0.184224
vt 0.534015 0.165848
vt 0.521826 0.176204
vt 0.156607 0.205211
vt 0.156607 0.185139
vt 0.160904 0.202973
vt 0.282165 0.314812
vt 0.272533 0.302898
vt 0.282165 0.300222
vt 0.146912 0.087415
vt 0.143222 0.102606
vt 0.141227 0.087415
vt 0.203348 0.321808
vt 0.205211 0.306300
vt 0.201278 0.306300
vt 0.396430 0.561998
vt 0.394037 0.546537
vt 0.396430 0.546146
vt 0.516153 0.457061
vt 0.516153 0.441208
vt 0.517691 0.441517
vt 0.397389 0.335800
vt 0.401094 0.320241
vt 0.396155 0.320241
vt 0.025651 0.327237
vt 0.021946 0.342796
vt 0.020712 0.327237
vt 0.022528 0.527299
vt 0.022528 0.545675
vt 0.023319 0.527390
vt 0.452511 0.693461
vt 0.452511 0.658785
vt 0.463445 0.658785
vt 0.443920 0.693461
vt 0.443920 0.739226
vt 0.452511 0.739226
vt 0.466881 0.709393
vt 0.467037 0.739226
vt 0.494372 0.709393
vt 0.494372 0.739226
vt 0.574509 0.351963
vt 0.574509 0.371956
vt 0.601687 0.351963
vt 0.601844 0.371956
vt 0.616370 0.351963
vt 0.616370 0.371956
vt 0.624961 0.351963
vt 0.624961 0.371956
vt 0.616370 0.417721
vt 0.602000 0.401789
vt 0.602468 0.431623
vt 0.574509 0.431623
vt 0.574509 0.452397
vt 0.190881 0.050523
vt 0.139753 0.047259
vt 0.137474 0.082955
vt 0.193937 0.002668
vt 0.230412 0.004997
vt 0.227357 0.052852
vt 0.188602 0.086219
vt 0.225078 0.088548
vt 0.186522 0.118797
vt 0.222998 0.121126
vt 0.184462 0.151064
vt 0.220938 0.153393
vt 0.181655 0.195022
vt 0.218131 0.197351
vt 0.178560 0.243500
vt 0.215036 0.245829
vt 0.227116 0.196359
vt 0.229962 0.151778
vt 0.274047 0.247176
vt 0.325279 0.247333
vt 0.325426 0.199381
vt 0.274194 0.199224
vt 0.325536 0.163612
vt 0.274304 0.163455
vt 0.325636 0.130968
vt 0.274404 0.130811
vt 0.325735 0.098636
vt 0.274503 0.098479
vt 0.325870 0.054589
vt 0.274638 0.054432
vt 0.326019 0.006012
vt 0.274787 0.005855
vt 0.238089 0.054319
vt 0.237954 0.098366
vt 0.229044 0.100526
vt 0.228952 0.130359
vt 0.718731 0.529833
vt 0.746222 0.529833
vt 0.718887 0.559666
vt 0.746222 0.499999
vt 0.718263 0.499999
vt 0.746222 0.479225
vt 0.721543 0.479225
vt 0.715295 0.479225
vt 0.704361 0.513901
vt 0.704361 0.479225
vt 0.695770 0.513901
vt 0.695770 0.479225
vt 0.015132 0.188567
vt 0.002271 0.173259
vt 0.008849 0.167733
vt 0.004010 0.197910
vt 0.023319 0.220652
vt 0.002271 0.238335
vt 0.021461 0.261178
vt 0.801022 0.429424
vt 0.787401 0.414789
vt 0.798226 0.404870
vt 0.780868 0.447890
vt 0.801022 0.469887
vt 0.018028 0.067298
vt 0.064717 0.046207
vt 0.044719 0.001937
vt 0.036161 0.107440
vt 0.002852 0.122486
vt 0.016162 0.151952
vt 0.007920 0.155332
vt 0.029601 0.181702
vt 0.021552 0.185509
vt 0.044326 0.214299
vt 0.035891 0.217253
vt 0.064067 0.257999
vt 0.055954 0.261664
vt 0.585804 0.040252
vt 0.598143 0.059465
vt 0.585804 0.059465
vt 0.598143 0.040252
vt 0.585804 0.022915
vt 0.598143 0.022915
vt 0.585804 0.002922
vt 0.598143 0.002922
vt 0.398083 0.852934
vt 0.410422 0.852934
vt 0.398083 0.872147
vt 0.410422 0.835597
vt 0.398083 0.835597
vt 0.410422 0.815604
vt 0.398083 0.815604
vt 0.410422 0.872147
vt 0.932777 0.110729
vt 0.922468 0.110886
vt 0.932777 0.097610
vt 0.922468 0.118383
vt 0.932777 0.118383
vt 0.922468 0.135253
vt 0.932777 0.135253
vt 0.922468 0.089175
vt 0.712222 0.674966
vt 0.720401 0.708664
vt 0.709776 0.711243
vt 0.720570 0.672940
vt 0.709776 0.628466
vt 0.783746 0.141083
vt 0.804520 0.141083
vt 0.783746 0.105002
vt 0.804520 0.105002
vt 0.783746 0.077043
vt 0.866620 0.417103
vt 0.901296 0.417103
vt 0.901296 0.425694
vt 0.866620 0.425694
vt 0.901296 0.436628
vt 0.880522 0.439596
vt 0.901296 0.442876
vt 0.901296 0.467555
vt 0.956198 0.529351
vt 0.967756 0.529351
vt 0.967756 0.510139
vt 0.956198 0.510139
vt 0.956198 0.492801
vt 0.024290 0.273262
vt 0.024290 0.282165
vt 0.074429 0.282165
vt 0.072867 0.273262
vt 0.119101 0.282165
vt 0.116915 0.273262
vt 0.148934 0.282165
vt 0.149247 0.273262
vt 0.181892 0.273262
vt 0.711243 0.209875
vt 0.691250 0.209875
vt 0.691250 0.182697
vt 0.441573 0.646019
vt 0.441252 0.662272
vt 0.436573 0.645956
vt 0.461725 0.645955
vt 0.444441 0.640654
vt 0.461725 0.612523
vt 0.444393 0.629719
vt 0.438249 0.568438
vt 0.434554 0.629903
vt 0.714056 0.597534
vt 0.743890 0.597066
vt 0.729988 0.583164
vt 0.743890 0.625025
vt 0.714056 0.625025
vt 0.743890 0.661106
vt 0.143414 0.857598
vt 0.131856 0.857598
vt 0.131856 0.876810
vt 0.131856 0.840261
vt 0.143414 0.840261
vt 0.131856 0.820268
vt 0.143414 0.820268
vt 0.160904 0.856432
vt 0.149346 0.856432
vt 0.149346 0.875645
vt 0.149346 0.839095
vt 0.160904 0.839095
vt 0.149346 0.819102
vt 0.160904 0.819102
vt 0.778869 0.977084
vt 0.758095 0.941003
vt 0.778869 0.941003
vt 0.758095 0.977084
vt 0.887696 0.666262
vt 0.857863 0.666419
vt 0.887696 0.693753
vt 0.857863 0.651892
vt 0.903628 0.651892
vt 0.857863 0.643302
vt 0.903628 0.643302
vt 0.714131 0.360402
vt 0.717782 0.381066
vt 0.711538 0.381273
vt 0.727566 0.346049
vt 0.712678 0.330600
vt 0.726056 0.300309
vt 0.711538 0.300788
vt 0.648283 0.549065
vt 0.668427 0.549645
vt 0.669268 0.533411
vt 0.665389 0.554916
vt 0.647214 0.582479
vt 0.665087 0.565847
vt 0.669268 0.627293
vt 0.555002 0.086285
vt 0.518453 0.118929
vt 0.555002 0.118929
vt 0.518453 0.086285
vt 0.555002 0.050516
vt 0.518453 0.050516
vt 0.555002 0.002563
vt 0.175470 0.608637
vt 0.142826 0.557405
vt 0.142826 0.608637
vt 0.175470 0.557405
vt 0.207803 0.608637
vt 0.207803 0.557405
vt 0.251850 0.608637
vt 0.641386 0.970088
vt 0.652944 0.970088
vt 0.652944 0.950876
vt 0.641386 0.950876
vt 0.641386 0.933538
vt 0.051009 0.267479
vt 0.193458 0.267916
vt 0.148786 0.267779
vt 0.243597 0.268070
vt 0.002276 0.267330
vt 0.869839 0.277715
vt 0.897330 0.247881
vt 0.869839 0.247881
vt 0.897798 0.277715
vt 0.869839 0.298489
vt 0.069696 0.257043
vt 0.212146 0.257480
vt 0.262285 0.257634
vt 0.167474 0.257343
vt 0.137641 0.257251
vt 0.675097 0.749253
vt 0.666194 0.713641
vt 0.675097 0.714421
vt 0.666194 0.749409
vt 0.675097 0.782367
vt 0.739226 0.146912
vt 0.709392 0.110832
vt 0.739226 0.110832
vt 0.937441 0.076587
vt 0.914325 0.043161
vt 0.937441 0.055501
vt 0.914325 0.088614
vt 0.457061 0.927746
vt 0.433944 0.894320
vt 0.433944 0.939773
vt 0.457061 0.906660
vt 0.048292 0.093471
vt 0.058299 0.099256
vt 0.049621 0.114265
vt 0.058299 0.076162
vt 0.028233 0.137773
vt 0.037311 0.156693
vt 0.031352 0.158572
vt 0.037311 0.120334
vt 0.177228 0.131903
vt 0.167221 0.126118
vt 0.177228 0.108809
vt 0.168550 0.146912
vt 0.914325 0.754403
vt 0.937441 0.787829
vt 0.937441 0.766743
vt 0.914325 0.799856
vt 0.916657 0.831358
vt 0.939773 0.864783
vt 0.916657 0.876810
vt 0.939773 0.843697
vt 0.002332 0.002495
vt 0.002332 0.070441
vt 0.002332 0.037327
vt 0.002332 0.100274
vt 0.105674 0.930445
vt 0.105674 0.884680
vt 0.114265 0.884680
vt 0.433615 0.457229
vt 0.447733 0.473384
vt 0.447733 0.443547
vt 0.721921 0.025651
vt 0.732230 0.012375
vt 0.721921 0.003940
vt 0.788018 0.772385
vt 0.817346 0.792861
vt 0.817346 0.730378
vt 0.247186 0.699264
vt 0.247186 0.734096
vt 0.247186 0.767209
vt 0.882909 0.752224
vt 0.882909 0.801022
vt 0.907126 0.773647
vt 0.179104 0.884936
vt 0.187721 0.837765
vt 0.187721 0.887304
vt 0.009161 0.949827
vt 0.011660 0.923742
vt 0.009161 0.923742
vt 0.011660 0.949827
vt 0.009161 0.960760
vt 0.011660 0.960760
vt 0.500796 0.190503
vt 0.506032 0.175189
vt 0.506032 0.202879
vt 0.603189 0.494569
vt 0.603189 0.522355
vt 0.608637 0.519440
vt 0.113099 0.876810
vt 0.071204 0.876810
vt 0.099003 0.822831
vt 0.576165 0.967756
vt 0.599309 0.951677
vt 0.576165 0.927187
vt 0.052469 0.889389
vt 0.022738 0.903628
vt 0.022738 0.853722
vt 0.340582 0.930445
vt 0.363783 0.912458
vt 0.340582 0.884491
vt 0.106916 0.147302
vt 0.116597 0.147302
vt 0.112883 0.167900
vt 0.542153 0.401876
vt 0.557334 0.405450
vt 0.542153 0.417418
vt 0.599098 0.201174
vt 0.610969 0.233194
vt 0.599098 0.233194
vt 0.610969 0.201174
vt 0.599098 0.161188
vt 0.610969 0.162125
vt 0.599098 0.132292
vt 0.610969 0.132292
vt 0.622629 0.498497
vt 0.610758 0.498497
vt 0.622629 0.530517
vt 0.610758 0.458511
vt 0.622629 0.459448
vt 0.610758 0.429615
vt 0.622629 0.429615
vt 0.399165 0.937441
vt 0.412754 0.890739
vt 0.412754 0.937441
vt 0.369644 0.890739
vt 0.383077 0.937441
vt 0.369644 0.937441
vt 0.100274 0.883743
vt 0.070597 0.930445
vt 0.057007 0.883743
vt 0.086841 0.930445
vt 0.100274 0.930445
vt 0.783321 0.974752
vt 0.795192 0.974752
vt 0.783321 0.942732
vt 0.897798 0.283662
vt 0.897798 0.332302
vt 0.884750 0.328505
vt 0.026817 0.010197
vt 0.006910 0.004260
vt 0.006910 0.076954
vt 0.173730 0.678191
vt 0.153822 0.744949
vt 0.173730 0.750886
vt 0.751965 0.677429
vt 0.751965 0.604735
vt 0.771873 0.610672
vt 0.757881 0.472218
vt 0.737974 0.466282
vt 0.757881 0.399524
vt 0.520270 0.331136
vt 0.534015 0.312236
vt 0.520270 0.312236
vt 0.534015 0.331136
vt 0.582986 0.459148
vt 0.569241 0.478048
vt 0.569241 0.459148
vt 0.582986 0.478048
vt 0.773039 0.707447
vt 0.753131 0.701511
vt 0.753131 0.774205
vt 0.762545 0.087044
vt 0.742637 0.153801
vt 0.762545 0.159738
vt 0.754297 0.317144
vt 0.754297 0.244450
vt 0.774205 0.250387
vt 0.770707 0.389434
vt 0.750799 0.383498
vt 0.770707 0.316740
vt 0.673932 0.397038
vt 0.625141 0.391282
vt 0.654502 0.361883
vt 0.627873 0.427138
vt 0.673932 0.459393
vt 0.242522 0.643390
vt 0.202770 0.681348
vt 0.242522 0.699583
vt 0.193634 0.646569
vt 0.217228 0.612368
vt 0.016583 0.909093
vt 0.060631 0.953764
vt 0.016583 0.953764
vt 0.059225 0.909093
vt 0.272539 0.901473
vt 0.303153 0.946769
vt 0.272539 0.946769
vt 0.301903 0.901473
vt 0.867965 0.956097
vt 0.897798 0.911580
vt 0.897330 0.956097
vt 0.867965 0.911580
vt 0.920807 0.300821
vt 0.953765 0.256149
vt 0.952827 0.300821
vt 0.920807 0.256149
vt 0.960149 0.447423
vt 0.990451 0.460700
vt 0.991076 0.447423
vt 0.960149 0.480380
vt 0.324772 0.829080
vt 0.339298 0.862819
vt 0.324772 0.862819
vt 0.339298 0.829080
vt 0.324772 0.805339
vt 0.339298 0.805339
vt 0.849459 0.267082
vt 0.863985 0.300821
vt 0.849459 0.300821
vt 0.863985 0.267082
vt 0.849459 0.243341
vt 0.863985 0.243341
vt 0.831776 0.026203
vt 0.804734 0.002242
vt 0.831079 0.004972
vt 0.807668 0.024962
vt 0.832504 0.048371
vt 0.805998 0.045490
vt 0.804734 0.064128
vt 0.833670 0.378341
vt 0.807164 0.375459
vt 0.805900 0.394098
vt 0.808834 0.354932
vt 0.832942 0.356173
vt 0.805900 0.332211
vt 0.832245 0.334942
vt 0.858246 0.058912
vt 0.839190 0.002369
vt 0.839190 0.058600
vt 0.872147 0.002369
vt 0.872147 0.060630
vt 0.048971 0.976539
vt 0.017107 0.993408
vt 0.048971 0.993408
vt 0.017107 0.960451
vt 0.045691 0.960451
vt 0.961086 0.278049
vt 0.990919 0.260555
vt 0.963897 0.260555
vt 0.991076 0.293825
vt 0.962648 0.293825
vt 0.845961 0.507272
vt 0.860487 0.507272
vt 0.845961 0.483531
vt 0.860487 0.541011
vt 0.845961 0.541011
vt 0.845961 0.830246
vt 0.860487 0.830246
vt 0.845961 0.806505
vt 0.860487 0.863985
vt 0.845961 0.863985
vt 0.590850 0.463905
vt 0.602959 0.448548
vt 0.603973 0.464057
vt 0.590850 0.446244
vt 0.366115 0.401271
vt 0.348691 0.413423
vt 0.366115 0.438405
vt 0.020583 0.503700
vt 0.032647 0.490145
vt 0.020583 0.466566
vt 0.475312 0.291670
vt 0.487376 0.315249
vt 0.475312 0.328804
vt 0.362683 0.014661
vt 0.380107 0.002509
vt 0.380107 0.039643
vt 0.577475 0.141961
vt 0.592313 0.141961
vt 0.592313 0.170232
vt 0.340464 0.669268
vt 0.340464 0.640997
vt 0.325625 0.640997
vt 0.071379 0.010738
vt 0.079286 0.002517
vt 0.079286 0.016324
vt 0.322774 0.373296
vt 0.335800 0.374284
vt 0.322774 0.387103
vt 0.763500 0.432036
vt 0.775371 0.464057
vt 0.763500 0.464057
vt 0.775371 0.432036
vt 0.763500 0.392050
vt 0.802136 0.899919
vt 0.802136 0.863213
vt 0.828845 0.863369
vt 0.846495 0.911790
vt 0.778869 0.119556
vt 0.766998 0.119556
vt 0.778869 0.151576
vt 0.766998 0.079570
vt 0.778869 0.080507
vt 0.210836 0.702054
vt 0.237858 0.761096
vt 0.231922 0.699242
vt 0.210836 0.771873
vt 0.139917 0.121041
vt 0.130389 0.126508
vt 0.130389 0.081055
vt 0.139917 0.167900
vt 0.093078 0.142832
vt 0.102605 0.137365
vt 0.102605 0.184224
vt 0.093078 0.097379
vt 0.875644 0.774568
vt 0.866117 0.733176
vt 0.866117 0.780035
vt 0.875644 0.727709
vt 0.939773 0.605502
vt 0.930245 0.565516
vt 0.930245 0.610969
vt 0.939773 0.565828
vt 0.820884 0.138751
vt 0.801903 0.076655
vt 0.823176 0.076655
vt 0.073726 0.725677
vt 0.076954 0.790529
vt 0.047862 0.790529
vt 0.963092 0.136302
vt 0.953897 0.174896
vt 0.953897 0.133790
vt 0.904594 0.475497
vt 0.914122 0.516888
vt 0.904594 0.522355
vt 0.951565 0.707448
vt 0.951565 0.748554
vt 0.960760 0.709960
vt 0.125925 0.936638
vt 0.116397 0.896652
vt 0.116397 0.942105
vt 0.902262 0.331136
vt 0.911790 0.325669
vt 0.902262 0.284277
vt 0.916453 0.747751
vt 0.906926 0.706359
vt 0.906926 0.753217
vt 0.904594 0.785645
vt 0.914122 0.827037
vt 0.904594 0.832503
vt 0.953897 0.949101
vt 0.953897 0.907995
vt 0.963092 0.910507
vt 0.746492 0.729175
vt 0.749720 0.794026
vt 0.720628 0.794026
vt 0.799856 0.072290
vt 0.796629 0.007439
vt 0.770764 0.072290
vt 0.803069 0.227065
vt 0.822050 0.289161
vt 0.824342 0.227065
vt 0.580368 0.763412
vt 0.601641 0.763412
vt 0.599349 0.825508
vt 0.977084 0.776537
vt 0.965213 0.744517
vt 0.965213 0.776537
vt 0.947315 0.592313
vt 0.947315 0.550603
vt 0.958428 0.554880
vt 0.265841 0.907874
vt 0.223630 0.937441
vt 0.223630 0.891521
vt 0.937441 0.002800
vt 0.903876 0.048971
vt 0.891521 0.002800
vt 0.106352 0.048971
vt 0.139917 0.002800
vt 0.093996 0.002800
vt 0.788337 0.325138
vt 0.775061 0.262817
vt 0.775061 0.321078
vt 0.808018 0.262817
vt 0.808018 0.327638
vt 0.831776 0.438957
vt 0.804734 0.414995
vt 0.831079 0.417726
vt 0.807668 0.437716
vt 0.832504 0.461125
vt 0.805998 0.458243
vt 0.804734 0.476882
vt 0.002963 0.836076
vt 0.017490 0.869815
vt 0.002963 0.869815
vt 0.017490 0.836076
vt 0.002963 0.812335
vt 0.017490 0.812335
vt 0.854122 0.602882
vt 0.868649 0.636620
vt 0.854122 0.636620
vt 0.868649 0.602882
vt 0.854122 0.579140
vt 0.868649 0.579140
vt 0.836002 0.629024
vt 0.809496 0.626143
vt 0.808232 0.644782
vt 0.811166 0.605616
vt 0.835274 0.606857
vt 0.808232 0.582895
vt 0.834577 0.585626
vt 0.032647 0.629417
vt 0.002428 0.673672
vt 0.032260 0.673931
vt 0.003284 0.629161
vt 0.002428 0.583856
vt 0.706579 0.335573
vt 0.657691 0.338753
vt 0.681285 0.304552
vt 0.666827 0.373532
vt 0.706579 0.391766
vt 0.110767 0.613908
vt 0.064709 0.644008
vt 0.110767 0.676263
vt 0.061977 0.608153
vt 0.091338 0.578754
vt 0.848293 0.328879
vt 0.862819 0.328879
vt 0.848293 0.305137
vt 0.862819 0.362617
vt 0.848293 0.362617
vt 0.191851 0.834910
vt 0.206377 0.834910
vt 0.191851 0.811169
vt 0.206377 0.868649
vt 0.191851 0.868649
vt 0.886138 0.962950
vt 0.864896 0.993408
vt 0.882545 0.989191
vt 0.864896 0.962950
vt 0.956097 0.485044
vt 0.912049 0.440372
vt 0.912049 0.485044
vt 0.954691 0.440372
vt 0.951433 0.351758
vt 0.918475 0.396430
vt 0.950495 0.396430
vt 0.918475 0.351758
vt 0.443069 0.522355
vt 0.425646 0.497373
vt 0.443069 0.485221
vt 0.176823 0.391944
vt 0.188887 0.415522
vt 0.176823 0.429077
vt 0.345415 0.875645
vt 0.370779 0.838116
vt 0.345415 0.820973
vt 0.638952 0.030315
vt 0.638952 0.002044
vt 0.624114 0.002044
vt 0.017809 0.678308
vt 0.032647 0.678308
vt 0.032647 0.706579
vt 0.308364 0.926373
vt 0.333468 0.892489
vt 0.333468 0.937441
vt 0.946769 0.708330
vt 0.924101 0.743890
vt 0.924101 0.698757
vt 0.664604 0.892308
vt 0.664604 0.937441
vt 0.643669 0.928598
vt 0.389706 0.963024
vt 0.424414 0.934457
vt 0.424414 0.970088
vt 0.043156 0.295814
vt 0.064083 0.293231
vt 0.065308 0.303153
vt 0.089196 0.290132
vt 0.090421 0.300053
vt 0.113690 0.287108
vt 0.114914 0.297030
vt 0.142818 0.293586
vt 0.140536 0.303153
vt 0.166734 0.299919
vt 0.971864 0.993408
vt 0.971864 0.969197
vt 0.981860 0.993408
vt 0.981860 0.969197
vt 0.991076 0.993408
vt 0.991076 0.968728
vt 0.969532 0.226198
vt 0.969532 0.198865
vt 0.979528 0.226198
vt 0.979528 0.198865
vt 0.988744 0.222606
vt 0.988744 0.198865
vt 0.346903 0.771873
vt 0.346903 0.748912
vt 0.356900 0.771873
vt 0.356900 0.748912
vt 0.366115 0.771404
vt 0.366115 0.745320
vt 0.636064 0.051552
vt 0.636064 0.076856
vt 0.646061 0.076856
vt 0.636064 0.097942
vt 0.646061 0.097942
vt 0.655276 0.069671
vt 0.646061 0.051552
vt 0.655276 0.048428
vt 0.646061 0.026873
vt 0.655276 0.024374
vt 0.655276 0.002194
vt 0.035206 0.476545
vt 0.035499 0.438434
vt 0.019724 0.438221
vt 0.044748 0.429095
vt 0.044543 0.486263
vt 0.073009 0.432165
vt 0.072825 0.483241
vt 0.110496 0.432456
vt 0.110469 0.483220
vt 0.136906 0.428490
vt 0.136851 0.487376
vt 0.171398 0.436268
vt 0.171398 0.479847
vt 0.402856 0.498614
vt 0.412754 0.524929
vt 0.403397 0.528449
vt 0.411481 0.549939
vt 0.402856 0.553183
vt 0.411434 0.575990
vt 0.052031 0.684360
vt 0.046833 0.708486
vt 0.056605 0.710592
vt 0.051274 0.735328
vt 0.061797 0.730245
vt 0.046833 0.755940
vt 0.055841 0.757881
vt 0.277525 0.552670
vt 0.287704 0.532417
vt 0.297323 0.547588
vt 0.266298 0.542324
vt 0.214808 0.552670
vt 0.247607 0.499420
vt 0.212107 0.513469
vt 0.205174 0.504078
vt 0.180536 0.548104
vt 0.570397 0.139498
vt 0.560050 0.150724
vt 0.580304 0.160904
vt 0.560050 0.088008
vt 0.613301 0.120807
vt 0.599252 0.085306
vt 0.608643 0.078374
vt 0.564617 0.053736
vt 0.642450 0.586807
vt 0.615525 0.553669
vt 0.630537 0.539797
vt 0.636277 0.593291
vt 0.642450 0.637106
vt 0.560327 0.583444
vt 0.600662 0.643616
vt 0.544363 0.636200
vt 0.276923 0.472411
vt 0.290059 0.513027
vt 0.299655 0.502776
vt 0.269127 0.481098
vt 0.228826 0.457178
vt 0.231280 0.491666
vt 0.185327 0.461228
vt 0.162060 0.513027
vt 0.315126 0.375443
vt 0.288906 0.341756
vt 0.320642 0.362530
vt 0.284546 0.352584
vt 0.252584 0.375443
vt 0.238499 0.343868
vt 0.199000 0.362531
vt 0.179308 0.616839
vt 0.184679 0.659197
vt 0.199381 0.612983
vt 0.176013 0.661445
vt 0.116710 0.612983
vt 0.158123 0.701915
vt 0.119197 0.685381
vt 0.430243 0.657307
vt 0.412086 0.685498
vt 0.427393 0.685591
vt 0.406764 0.645378
vt 0.430243 0.619820
vt 0.426073 0.593441
vt 0.901793 0.217230
vt 0.911790 0.217230
vt 0.901793 0.240190
vt 0.911790 0.192863
vt 0.901793 0.192863
vt 0.976951 0.605151
vt 0.983309 0.627715
vt 0.986412 0.603862
vt 0.973768 0.629624
vt 0.967038 0.603862
vt 0.563641 0.446420
vt 0.521340 0.481757
vt 0.564330 0.518857
vt 0.529891 0.438916
vt 0.564330 0.407131
vt 0.673931 0.114538
vt 0.619445 0.162275
vt 0.619561 0.105490
vt 0.631274 0.202879
vt 0.673931 0.191124
vt 0.693168 0.399130
vt 0.729793 0.450042
vt 0.693168 0.475716
vt 0.731636 0.434887
vt 0.755549 0.394659
vt 0.252283 0.755944
vt 0.303153 0.792326
vt 0.291578 0.755944
vt 0.259065 0.808023
vt 0.247972 0.818512
vt 0.543589 0.648345
vt 0.605759 0.693069
vt 0.606305 0.648345
vt 0.590391 0.734562
vt 0.550522 0.720453
vt 0.605809 0.758715
vt 0.656614 0.796358
vt 0.605850 0.796358
vt 0.656885 0.758872
vt 0.659940 0.730610
vt 0.687923 0.442849
vt 0.678395 0.402863
vt 0.687923 0.403176
vt 0.678395 0.448316
vt 0.687923 0.489708
vt 0.970088 0.041975
vt 0.958217 0.001989
vt 0.970088 0.002926
vt 0.958217 0.041975
vt 0.680083 0.158459
vt 0.708283 0.197049
vt 0.722902 0.141871
vt 0.680083 0.113191
vt 0.207578 0.794615
vt 0.242522 0.803129
vt 0.232948 0.767406
vt 0.237942 0.829006
vt 0.207578 0.826158
vt 0.534050 0.798113
vt 0.564414 0.832504
vt 0.534050 0.829656
vt 0.568994 0.806627
vt 0.559420 0.770904
vt 0.928113 0.153866
vt 0.902158 0.179888
vt 0.890962 0.151940
vt 0.928113 0.198215
vt 0.861653 0.795368
vt 0.840735 0.744058
vt 0.861653 0.760663
vt 0.832296 0.779767
vt 0.849234 0.802188
vt 0.202879 0.762245
vt 0.179400 0.750315
vt 0.202879 0.724757
vt 0.184722 0.790435
vt 0.200029 0.790529
vt 0.033813 0.719349
vt 0.002264 0.702079
vt 0.013387 0.678270
vt 0.002264 0.739063
vt 0.027457 0.755549
vt 0.925781 0.561956
vt 0.925781 0.606305
vt 0.899826 0.587978
vt 0.888630 0.560030
vt 0.670469 0.801611
vt 0.705413 0.810125
vt 0.695838 0.774402
vt 0.700833 0.836001
vt 0.670469 0.833154
vt 0.071420 0.047352
vt 0.079286 0.043077
vt 0.063839 0.003272
vt 0.063839 0.090946
vt 0.663438 0.858860
vt 0.642143 0.833331
vt 0.649364 0.860487
vt 0.663438 0.803449
vt 0.009624 0.322522
vt 0.017490 0.318246
vt 0.002042 0.366115
vt 0.002042 0.278441
vt 0.063707 0.707409
vt 0.092112 0.687697
vt 0.092112 0.734562
vt 0.066428 0.652358
vt 0.744851 0.173869
vt 0.771873 0.232911
vt 0.765937 0.171057
vt 0.744851 0.243688
vt 0.867283 0.801969
vt 0.876810 0.843360
vt 0.876810 0.796502
vt 0.867283 0.848827
vt 0.939773 0.656805
vt 0.930245 0.616819
vt 0.930245 0.662272
vt 0.939773 0.617131
vt 0.706579 0.765760
vt 0.679556 0.706718
vt 0.679556 0.776537
vt 0.700643 0.703906
vt 0.751847 0.530656
vt 0.778869 0.589698
vt 0.751847 0.600475
vt 0.772933 0.527845
vt 0.979416 0.923449
vt 0.967545 0.891429
vt 0.967545 0.923449
vt 0.979416 0.891429
vt 0.325629 0.522355
vt 0.325414 0.485650
vt 0.352123 0.485650
vt 0.970201 0.931730
vt 0.979416 0.931730
vt 0.970201 0.956097
vt 0.179672 0.669013
vt 0.179672 0.690255
vt 0.188887 0.687131
vt 0.883806 0.746222
vt 0.883806 0.695922
vt 0.877633 0.702407
vt 0.285217 0.986412
vt 0.300821 0.952641
vt 0.270713 0.952641
vt 0.876668 0.047659
vt 0.887304 0.002017
vt 0.887304 0.052469
vt 0.790528 0.003859
vt 0.775261 0.003859
vt 0.781502 0.025651
vt 0.212207 0.925593
vt 0.197515 0.919428
vt 0.197515 0.960760
vt 0.837873 0.432886
vt 0.866317 0.432886
vt 0.860038 0.489708
vt 0.394098 0.817346
vt 0.349374 0.816800
vt 0.394098 0.754629
vt 0.678705 0.884568
vt 0.699583 0.906799
vt 0.678705 0.930445
vt 0.831378 0.207543
vt 0.812396 0.145447
vt 0.833669 0.145447
vt 0.771930 0.401094
vt 0.797794 0.336243
vt 0.801022 0.401094
vt 0.956229 0.352993
vt 0.956229 0.394098
vt 0.965424 0.355505
vt 0.473185 0.942105
vt 0.482712 0.936638
vt 0.473185 0.896652
vt 0.636620 0.929163
vt 0.627425 0.967756
vt 0.627425 0.926651
vt 0.874279 0.242522
vt 0.874279 0.197069
vt 0.883806 0.237055
vt 0.899930 0.340244
vt 0.909458 0.381636
vt 0.899930 0.387103
vt 0.911590 0.433741
vt 0.911590 0.386883
vt 0.921117 0.428274
vt 0.002132 0.923449
vt 0.011660 0.917982
vt 0.002132 0.876591
vt 0.853291 0.869595
vt 0.853291 0.916454
vt 0.862819 0.910987
vt 0.419550 0.925781
vt 0.419550 0.878923
vt 0.429077 0.920314
vt 0.946769 0.716170
vt 0.935389 0.754503
vt 0.946769 0.757881
vt 0.956097 0.603850
vt 0.944983 0.599573
vt 0.944983 0.641284
vt 0.608401 0.889189
vt 0.608401 0.935109
vt 0.650612 0.905542
s 1
usemtl YunaMat
f 1/1/1 3/3/3 2/2/2
f 2/2/2 4/4/4 1/1/1
f 5/5/5 1/1/1 4/4/4
f 6/6/6 8/8/8 7/7/7
f 7/7/7 9/9/9 6/6/6
f 10/10/10 6/6/6 9/9/9
f 11/11/11 13/13/13 12/12/12
f 12/12/12 14/14/14 11/11/11
f 15/15/15 11/11/11 14/14/14
f 16/16/16 18/18/18 17/17/17
f 17/17/17 19/19/19 16/16/16
f 20/20/20 16/16/16 19/19/19
f 21/21/21 23/23/23 22/22/22
f 24/24/24 26/26/26 25/25/25
f 25/25/25 27/27/27 24/24/24
f 28/28/28 24/24/24 27/27/27
f 27/27/27 29/29/29 28/28/28
f 30/30/30 28/28/28 29/29/29
f 31/31/31 33/33/33 32/32/32
f 32/32/32 34/34/34 31/31/31
f 35/35/35 31/31/31 34/34/34
f 36/36/36 38/38/38 37/37/37
f 37/37/37 39/39/39 36/36/36
f 40/40/40 36/36/36 39/39/39
f 41/41/41 43/43/43 42/42/42
f 42/42/42 44/44/44 41/41/41
f 45/45/45 47/47/47 46/46/46
f 46/46/46 48/48/48 45/45/45
f 49/49/49 51/51/51 50/50/50
f 52/52/52 54/54/54 53/53/53
f 55/55/55 57/57/57 56/56/56
f 58/58/58 60/60/60 59/59/59
f 61/61/59 63/63/60 62/62/61
f 64/64/59 66/66/63 65/65/62
f 67/67/64 69/69/66 68/68/65
f 70/70/67 72/72/69 71/71/68
f 73/73/70 75/75/72 74/74/71
f 74/74/71 76/76/73 73/73/70
f 77/77/74 73/73/70 76/76/73
f 76/76/73 78/78/75 77/77/74
f 79/79/76 81/81/78 80/80/77
f 80/80/77 82/82/79 79/79/76
f 83/83/80 79/79/76 82/82/79
f 84/84/81 86/86/83 85/85/82
f 87/87/84 89/89/86 88/88/85
f 90/90/87 92/92/89 91/91/88
f 93/93/90 95/95/92 94/94/91
f 96/96/93 98/98/95 97/97/94
f 99/99/96 101/101/98 100/100/97
f 100/100/97 102/102/99 99/99/96
f 103/103/100 99/99/96 102/102/99
f 104/104/101 106/106/103 105/105/102
f 105/105/102 107/107/104 104/104/101
f 108/108/105 110/110/107 109/109/106
f 111/111/108 113/113/110 112/112/109
f 114/114/111 116/116/113 115/115/112
f 117/117/114 119/119/116 118/118/115
f 118/118/115 120/120/117 117/117/114
f 121/121/118 117/117/114 120/120/117
f 120/120/117 122/122/119 121/121/118
f 123/123/120 121/121/118 122/122/119
f 122/122/119 124/124/121 123/123/120
f 125/125/122 123/123/120 124/124/121
f 124/124/121 126/126/123 125/125/122
f 127/127/124 125/125/122 126/126/123
f 126/126/123 128/128/125 127/127/124
f 129/129/126 127/127/124 128/128/125
f 128/128/125 130/130/127 129/129/126
f 131/128/128 129/129/126 130/130/127
f 130/130/127 132/131/129 131/128/128
f 133/132/130 131/128/128 132/131/129
f 132/131/129 134/133/131 133/132/130
f 135/134/132 133/132/130 134/133/131
f 134/133/131 136/135/133 135/134/132
f 137/136/134 135/134/132 136/135/133
f 136/135/133 138/137/135 137/136/134
f 139/138/136 137/136/134 138/137/135
f 138/137/135 140/139/137 139/138/136
f 141/140/138 139/138/136 140/139/137
f 140/139/137 142/141/139 141/140/138
f 143/142/140 141/140/138 142/141/139
f 142/141/139 144/143/141 143/142/140
f 145/144/142 143/142/140 144/143/141
f 144/143/141 146/145/143 145/144/142
f 147/146/144 145/144/142 146/145/143
f 146/145/143 148/147/145 147/146/144
f 149/148/146 147/146/144 148/147/145
f 148/147/145 150/149/147 149/148/146
f 151/150/148 149/148/146 150/149/147
f 150/149/147 152/151/149 151/150/148
f 153/152/150 151/150/148 152/151/149
f 152/151/149 154/153/151 153/152/150
f 155/154/152 153/152/150 154/153/151
f 154/153/151 156/155/153 155/154/152
f 157/156/154 155/154/152 156/155/153
f 156/155/153 158/157/155 157/156/154
f 159/158/156 157/156/154 158/157/155
f 158/157/155 160/159/157 159/158/156
f 161/160/158 159/158/156 160/159/157
f 160/159/157 162/161/159 161/160/158
f 163/162/160 161/160/158 162/161/159
f 162/161/159 164/163/161 163/162/160
f 165/161/162 163/162/160 164/163/161
f 164/163/161 166/164/163 165/161/162
f 167/165/164 165/161/162 166/164/163
f 166/164/163 168/166/165 167/165/164
f 169/157/166 167/165/164 168/166/165
f 168/166/165 170/167/167 169/157/166
f 171/168/168 169/157/166 170/167/167
f 172/169/169 174/171/171 173/170/170
f 173/170/170 175/172/172 172/169/169
f 176/173/173 172/169/169 175/172/172
f 175/172/172 177/174/174 176/173/173
f 178/175/175 176/173/173 177/174/174
f 177/174/174 179/176/176 178/175/175
f 180/177/177 178/175/175 179/176/176
f 179/176/176 181/178/178 180/177/177
f 182/179/179 180/177/177 181/178/178
f 181/178/178 183/180/180 182/179/179
f 184/181/181 182/179/179 183/180/180
f 183/180/180 185/182/182 184/181/181
f 186/183/183 184/181/181 185/182/182
f 185/182/182 187/184/184 186/183/183
f 188/185/185 186/183/183 187/184/184
f 187/184/184 189/186/186 188/185/185
f 190/187/187 188/185/185 189/186/186
f 189/186/186 191/188/188 190/187/187
f 192/189/189 190/187/187 191/188/188
f 191/188/188 193/190/190 192/189/189
f 194/188/191 192/189/189 193/190/190
f 193/190/190 195/191/192 194/188/191
f 196/192/193 194/188/191 195/191/192
f 195/191/192 197/193/194 196/192/193
f 198/194/195 196/192/193 197/193/194
f 197/193/194 199/195/196 198/194/195
f 200/196/197 198/194/195 199/195/196
f 199/195/196 201/197/198 200/196/197
f 202/180/199 200/196/197 201/197/198
f 201/197/198 203/198/200 202/180/199
f 204/178/201 202/180/199 203/198/200
f 203/198/200 205/199/202 204/178/201
f 206/200/203 204/178/201 205/199/202
f 205/199/202 207/201/204 206/200/203
f 208/202/205 206/200/203 207/201/204
f 207/201/204 209/203/206 208/202/205
f 210/204/207 208/202/205 209/203/206
f 209/203/206 211/205/208 210/204/207
f 212/206/209 210/204/207 211/205/208
f 211/205/208 213/204/210 212/206/209
f 214/207/211 212/206/209 213/204/210
f 213/204/210 215/208/212 214/207/211
f 216/209/213 218/211/215 217/210/214
f 217/210/214 219/212/216 216/209/213
f 220/213/217 216/209/213 219/212/216
f 219/212/216 221/214/218 220/213/217
f 222/215/219 220/213/217 221/214/218
f 221/214/218 223/216/220 222/215/219
f 224/217/221 222/215/219 223/216/220
f 223/216/220 225/218/222 224/217/221
f 226/219/223 224/217/221 225/218/222
f 225/218/222 227/220/224 226/219/223
f 228/221/225 226/219/223 227/220/224
f 227/220/224 229/222/226 228/221/225
f 230/220/227 228/221/225 229/222/226
f 229/222/226 231/223/228 230/220/227
f 232/224/229 230/220/227 231/223/228
f 231/223/228 233/225/230 232/224/229
f 234/226/231 232/224/229 233/225/230
f 233/225/230 235/227/232 234/226/231
f 236/228/233 234/226/231 235/227/232
f 235/227/232 237/229/234 236/228/233
f 238/230/235 236/228/233 237/229/234
f 237/229/234 239/231/236 238/230/235
f 240/232/237 238/230/235 239/231/236
f 239/231/236 241/233/238 240/232/237
f 242/234/239 240/232/237 241/233/238
f 241/233/238 243/235/240 242/234/239
f 244/236/241 242/234/239 243/235/240
f 243/235/240 245/237/242 244/236/241
f 246/238/243 244/236/241 245/237/242
f 245/237/242 247/239/244 246/238/243
f 248/240/245 246/238/243 247/239/244
f 249/241/246 251/243/248 250/242/247
f 250/242/247 252/244/249 249/241/246
f 253/245/250 249/241/246 252/244/249
f 252/244/249 254/241/251 253/245/250
f 255/246/252 253/245/250 254/241/251
f 254/241/251 256/247/253 255/246/252
f 257/248/254 255/246/252 256/247/253
f 256/247/253 258/249/255 257/248/254
f 259/250/256 257/248/254 258/249/255
f 258/249/255 260/251/257 259/250/256
f 261/252/258 259/250/256 260/251/257
f 260/251/257 262/253/259 261/252/258
f 263/254/260 261/252/258 262/253/259
f 262/253/259 264/255/261 263/254/260
f 265/256/262 263/254/260 264/255/261
f 264/255/261 266/257/263 265/256/262
f 267/258/264 265/256/262 266/257/263
f 266/257/263 268/259/265 267/258/264
f 269/260/266 267/258/264 268/259/265
f 268/259/265 270/261/267 269/260/266
f 271/262/268 269/260/266 270/261/267
f 270/261/267 272/263/269 271/262/268
f 273/264/270 275/266/272 274/265/271
f 274/265/271 276/267/273 273/264/270
f 277/268/274 273/264/270 276/267/273
f 276/267/273 278/269/275 277/268/274
f 279/270/276 277/268/274 278/269/275
f 278/269/275 280/271/277 279/270/276
f 281/272/278 279/270/276 280/271/277
f 280/271/277 282/273/279 281/272/278
f 283/274/280 281/272/278 282/273/279
f 282/273/279 284/275/281 283/274/280
f 285/276/282 283/274/280 284/275/281
f 284/275/281 286/277/283 285/276/282
f 287/278/284 285/276/282 286/277/283
f 286/277/283 288/279/285 287/278/284
f 289/280/286 287/278/284 288/279/285
f 288/279/285 290/281/287 289/280/286
f 291/282/288 289/280/286 290/281/287
f 290/281/287 292/283/289 291/282/288
f 293/284/290 291/282/288 292/283/289
f 292/283/289 294/285/291 293/284/290
f 295/286/292 293/284/290 294/285/291
f 296/287/293 298/289/295 297/288/294
f 297/288/294 299/290/296 296/287/293
f 300/291/297 296/287/293 299/290/296
f 299/290/296 301/292/298 300/291/297
f 302/293/299 300/291/297 301/292/298
f 301/292/298 303/294/300 302/293/299
f 304/295/301 302/293/299 303/294/300
f 303/294/300 305/296/302 304/295/301
f 306/297/303 304/295/301 305/296/302
f 305/296/302 307/298/304 306/297/303
f 308/299/305 306/297/303 307/298/304
f 307/298/304 309/300/306 308/299/305
f 310/301/307 308/299/305 309/300/306
f 309/300/306 311/302/308 310/301/307
f 312/303/309 310/301/307 311/302/308
f 311/302/308 313/304/310 312/303/309
f 314/305/311 312/303/309 313/304/310
f 313/304/310 315/306/312 314/305/311
f 316/307/313 314/305/311 315/306/312
f 317/308/314 319/310/316 318/309/315
f 318/309/315 320/311/317 317/308/314
f 321/312/318 317/308/314 320/311/317
f 320/311/317 322/313/319 321/312/318
f 323/314/320 321/312/318 322/313/319
f 322/313/319 324/315/321 323/314/320
f 325/316/322 323/314/320 324/315/321
f 324/315/321 326/317/323 325/316/322
f 327/318/324 325/316/322 326/317/323
f 326/317/323 328/319/325 327/318/324
f 329/317/326 327/318/324 328/319/325
f 328/319/325 330/320/327 329/317/326
f 331/321/328 329/317/326 330/320/327
f 330/320/327 332/322/329 331/321/328
f 333/323/330 335/325/332 334/324/331
f 334/324/331 336/326/333 333/323/330
f 337/327/334 333/323/330 336/326/333
f 336/326/333 338/328/335 337/327/334
f 339/329/336 337/327/334 338/328/335
f 338/328/335 340/330/337 339/329/336
f 341/331/338 339/329/336 340/330/337
f 340/330/337 342/332/339 341/331/338
f 343/333/340 341/331/338 342/332/339
f 342/332/339 344/334/341 343/333/340
f 345/335/342 343/333/340 344/334/341
f 344/334/341 346/336/343 345/335/342
f 347/337/344 345/335/342 346/336/343
f 346/336/343 348/338/345 347/337/344
f 349/339/346 347/337/344 348/338/345
f 348/338/345 350/340/347 349/339/346
f 351/341/348 349/339/346 350/340/347
f 350/340/347 352/342/349 351/341/348
f 353/343/350 351/341/348 352/342/349
f 354/344/351 356/346/353 355/345/352
f 355/345/352 357/347/354 354/344/351
f 358/348/355 354/344/351 357/347/354
f 357/347/354 359/349/356 358/348/355
f 360/350/357 358/348/355 359/349/356
f 359/349/356 361/351/358 360/350/357
f 362/352/359 360/350/357 361/351/358
f 361/351/358 363/353/360 362/352/359
f 364/354/361 362/352/359 363/353/360
f 363/353/360 365/355/362 364/354/361
f 366/356/363 364/354/361 365/355/362
f 365/355/362 367/357/364 366/356/363
f 368/358/365 366/356/363 367/357/364
f 367/357/364 369/359/366 368/358/365
f 370/360/367 368/358/365 369/359/366
f 369/359/366 371/361/368 370/360/367
f 372/362/369 370/360/367 371/361/368
f 371/361/368 373/363/370 372/362/369
f 374/364/371 372/362/369 373/363/370
f 375/365/372 377/367/374 376/366/373
f 376/366/373 378/368/375 375/365/372
f 379/369/376 375/365/372 378/368/375
f 378/368/375 380/370/377 379/369/376
f 381/371/378 379/369/376 380/370/377
f 380/370/377 382/372/379 381/371/378
f 383/373/380 381/371/378 382/372/379
f 382/372/379 384/374/381 383/373/380
f 385/375/382 383/373/380 384/374/381
f 384/374/381 386/376/383 385/375/382
f 387/377/384 385/375/382 386/376/383
f 386/376/383 388/378/385 387/377/384
f 389/379/386 387/377/384 388/378/385
f 388/378/385 390/380/387 389/379/386
f 391/381/388 389/379/386 390/380/387
f 390/380/387 392/382/389 391/381/388
f 393/383/390 395/385/392 394/384/391
f 394/384/391 396/386/393 393/383/390
f 397/387/394 393/383/390 396/386/393
f 396/386/393 398/388/395 397/387/394
f 399/389/396 397/387/394 398/388/395
f 398/388/395 400/390/397 399/389/396
f 401/391/398 399/389/396 400/390/397
f 400/390/397 402/392/399 401/391/398
f 403/393/400 401/391/398 402/392/399
f 402/392/399 404/394/401 403/393/400
f 405/395/402 403/393/400 404/394/401
f 404/394/401 406/396/403 405/395/402
f 407/397/404 405/395/402 406/396/403
f 406/396/403 408/398/405 407/397/404
f 409/399/406 407/397/404 408/398/405
f 408/398/405 410/400/407 409/399/406
f 411/401/408 409/399/406 410/400/407
f 412/402/409 414/404/411 413/403/410
f 413/403/410 415/405/412 412/402/409
f 416/406/413 412/402/409 415/405/412
f 415/405/412 417/407/414 416/406/413
f 418/408/415 416/406/413 417/407/414
f 417/407/414 419/409/416 418/408/415
f 420/410/417 418/408/415 419/409/416
f 419/409/416 421/411/418 420/410/417
f 422/412/419 420/410/417 421/411/418
f 421/411/418 423/413/420 422/412/419
f 424/414/421 422/412/419 423/413/420
f 423/413/420 425/415/422 424/414/421
f 426/416/274 424/414/421 425/415/422
f 425/415/422 427/417/423 426/416/274
f 428/418/424 426/416/274 427/417/423
f 429/419/425 431/421/427 430/420/426
f 430/420/426 432/422/428 429/419/425
f 433/423/429 429/419/425 432/422/428
f 432/422/428 434/424/430 433/423/429
f 435/425/431 433/423/429 434/424/430
f 434/424/430 436/426/432 435/425/431
f 437/427/433 435/425/431 436/426/432
f 436/426/432 438/428/434 437/427/433
f 439/429/435 437/427/433 438/428/434
f 438/428/434 440/430/436 439/429/435
f 441/431/437 439/429/435 440/430/436
f 440/430/436 442/432/438 441/431/437
f 443/433/439 441/431/437 442/432/438
f 444/434/440 446/436/442 445/435/441
f 445/435/441 447/437/443 444/434/440
f 448/438/444 444/434/440 447/437/443
f 447/437/443 449/439/445 448/438/444
f 450/440/446 448/438/444 449/439/445
f 449/439/445 451/441/447 450/440/446
f 452/442/448 450/440/446 451/441/447
f 451/441/447 453/443/449 452/442/448
f 454/444/450 452/442/448 453/443/449
f 453/443/449 455/445/451 454/444/450
f 456/446/452 454/444/450 455/445/451
f 455/445/451 457/447/453 456/446/452
f 458/448/454 456/446/452 457/447/453
f 459/449/455 461/451/457 460/450/456
f 460/450/456 462/452/458 459/449/455
f 463/453/459 459/449/455 462/452/458
f 462/452/458 464/449/460 463/453/459
f 465/454/461 463/453/459 464/449/460
f 464/449/460 466/455/462 465/454/461
f 467/456/463 465/454/461 466/455/462
f 466/455/462 468/457/464 467/456/463
f 469/458/465 467/456/463 468/457/464
f 468/457/464 470/459/466 469/458/465
f 471/460/467 469/458/465 470/459/466
f 470/459/466 472/461/468 471/460/467
f 473/462/469 471/460/467 472/461/468
f 474/463/470 476/465/472 475/464/471
f 475/464/471 477/466/473 474/463/470
f 478/467/474 474/463/470 477/466/473
f 477/466/473 479/468/475 478/467/474
f 480/469/476 478/467/474 479/468/475
f 479/468/475 481/470/477 480/469/476
f 482/471/478 480/469/476 481/470/477
f 481/470/477 483/472/479 482/471/478
f 484/473/480 482/471/478 483/472/479
f 483/472/479 485/474/481 484/473/480
f 486/475/482 484/473/480 485/474/481
f 485/474/481 487/476/483 486/475/482
f 488/477/484 486/475/482 487/476/483
f 489/478/485 491/480/487 490/479/486
f 490/479/486 492/481/488 489/478/485
f 493/482/489 489/478/485 492/481/488
f 492/481/488 494/483/490 493/482/489
f 495/484/491 493/482/489 494/483/490
f 494/483/490 496/485/492 495/484/491
f 497/486/493 495/484/491 496/485/492
f 496/485/492 498/487/494 497/486/493
f 499/488/495 497/486/493 498/487/494
f 498/487/494 500/486/496 499/488/495
f 501/489/497 499/488/495 500/486/496
f 500/486/496 502/490/498 501/489/497
f 503/491/499 505/493/501 504/492/500
f 504/492/500 506/493/502 503/491/499
f 507/494/503 503/491/499 506/493/502
f 506/493/502 508/495/504 507/494/503
f 509/496/505 507/494/503 508/495/504
f 508/495/504 510/497/506 509/496/505
f 511/498/507 509/496/505 510/497/506
f 510/497/506 512/499/508 511/498/507
f 513/500/509 511/498/507 512/499/508
f 512/499/508 514/501/510 513/500/509
f 515/502/511 513/500/509 514/501/510
f 514/501/510 516/503/512 515/502/511
f 517/504/513 519/506/515 518/505/514
f 518/505/514 520/507/516 517/504/513
f 521/508/517 517/504/513 520/507/516
f 520/507/516 522/509/518 521/508/517
f 523/510/519 521/508/517 522/509/518
f 522/509/518 524/511/520 523/510/519
f 525/512/521 523/510/519 524/511/520
f 524/511/520 526/513/522 525/512/521
f 527/514/523 525/512/521 526/513/522
f 526/513/522 528/515/524 527/514/523
f 529/516/525 527/514/523 528/515/524
f 530/517/526 532/519/528 531/518/527
f 531/518/527 533/520/529 530/517/526
f 534/521/530 530/517/526 533/520/529
f 533/520/529 535/522/531 534/521/530
f 536/523/532 534/521/530 535/522/531
f 535/522/531 537/524/533 536/523/532
f 538/525/534 536/523/532 537/524/533
f 537/524/533 539/526/535 538/525/534
f 540/527/536 538/525/534 539/526/535
f 539/526/535 541/528/537 540/527/536
f 542/529/538 540/527/536 541/528/537
f 543/530/539 545/532/540 544/531/89
f 544/531/89 546/533/541 543/530/539
f 547/534/542 543/530/539 546/533/541
f 546/533/541 548/535/543 547/534/542
f 549/536/544 547/534/542 548/535/543
f 548/535/543 550/537/545 549/536/544
f 551/538/546 549/536/544 550/537/545
f 550/537/545 552/539/547 551/538/546
f 553/540/548 551/538/546 552/539/547
f 552/539/547 554/541/549 553/540/548
f 555/542/550 553/540/548 554/541/549
f 556/543/551 558/545/553 557/544/552
f 557/544/552 559/546/554 556/543/551
f 560/547/555 556/543/551 559/546/554
f 559/546/554 561/548/556 560/547/555
f 562/549/557 560/547/555 561/548/556
f 561/548/556 563/550/558 562/549/557
f 564/551/559 562/549/557 563/550/558
f 563/550/558 565/552/560 564/551/559
f 566/553/561 564/551/559 565/552/560
f 565/552/560 567/554/562 566/553/561
f 568/555/563 566/553/561 567/554/562
f 569/556/564 571/558/566 570/557/565
f 570/557/565 572/559/567 569/556/564
f 573/560/568 569/556/564 572/559/567
f 572/559/567 574/561/569 573/560/568
f 575/562/570 573/560/568 574/561/569
f 574/561/569 576/563/571 575/562/570
f 577/564/572 575/562/570 576/563/571
f 576/563/571 578/565/573 577/564/572
f 579/566/574 577/564/572 578/565/573
f 578/565/573 580/567/575 579/566/574
f 581/568/576 579/566/574 580/567/575
f 582/569/577 584/571/579 583/570/578
f 583/570/578 585/572/580 582/569/577
f 586/573/581 582/569/577 585/572/580
f 585/572/580 587/574/582 586/573/581
f 588/575/583 586/573/581 587/574/582
f 587/574/582 589/576/584 588/575/583
f 590/577/585 592/579/587 591/578/586
f 591/578/586 593/580/588 590/577/585
f 594/581/589 590/577/585 593/580/588
f 593/580/588 595/582/590 594/581/589
f 596/583/591 594/581/589 595/582/590
f 595/582/590 597/581/592 596/583/591
f 598/584/593 596/583/591 597/581/592
f 597/581/592 599/585/594 598/584/593
f 600/586/595 598/584/593 599/585/594
f 599/585/594 601/587/596 600/586/595
f 602/588/597 600/586/595 601/587/596
f 603/589/598 605/591/600 604/590/599
f 604/590/599 606/591/601 603/589/598
f 607/592/602 603/589/598 606/591/601
f 606/591/601 608/593/603 607/592/602
f 609/594/604 607/592/602 608/593/603
f 608/593/603 610/595/605 609/594/604
f 611/596/606 609/594/604 610/595/605
f 610/595/605 612/597/607 611/596/606
f 613/598/608 611/596/606 612/597/607
f 612/597/607 614/599/609 613/598/608
f 615/600/610 613/598/608 614/599/609
f 616/601/611 618/603/613 617/602/612
f 617/602/612 619/604/614 616/601/611
f 620/602/615 616/601/611 619/604/614
f 619/604/614 621/605/616 620/602/615
f 622/606/617 620/602/615 621/605/616
f 621/605/616 623/607/618 622/606/617
f 624/608/619 622/606/617 623/607/618
f 623/607/618 625/609/620 624/608/619
f 626/610/621 624/608/619 625/609/620
f 625/609/620 627/611/622 626/610/621
f 628/612/623 626/610/621 627/611/622
f 629/613/624 631/615/626 630/614/625
f 630/614/625 632/616/627 629/613/624
f 633/617/628 629/613/624 632/616/627
f 632/616/627 634/618/629 633/617/628
f 635/619/630 633/617/628 634/618/629
f 634/618/629 636/620/631 635/619/630
f 637/621/632 635/619/630 636/620/631
f 638/622/633 640/624/635 639/623/634
f 639/623/634 641/625/636 638/622/633
f 642/626/637 638/622/633 641/625/636
f 641/625/636 643/627/638 642/626/637
f 644/628/639 642/626/637 643/627/638
f 643/627/638 645/629/640 644/628/639
f 646/630/641 644/628/639 645/629/640
f 645/629/640 647/631/642 646/630/641
f 648/632/643 646/630/641 647/631/642
f 647/631/642 649/633/644 648/632/643
f 650/634/645 652/636/647 651/635/646
f 651/635/646 653/637/648 650/634/645
f 654/638/649 650/634/645 653/637/648
f 653/637/648 655/639/650 654/638/649
f 656/640/651 654/638/649 655/639/650
f 655/639/650 657/641/652 656/640/651
f 658/642/653 656/640/651 657/641/652
f 657/641/652 659/643/654 658/642/653
f 660/644/655 658/642/653 659/643/654
f 659/643/654 661/645/656 660/644/655
f 662/646/657 664/648/659 663/647/658
f 663/647/658 665/649/660 662/646/657
f 666/650/661 662/646/657 665/649/660
f 665/649/660 667/651/662 666/650/661
f 668/652/663 666/650/661 667/651/662
f 667/651/662 669/653/664 668/652/663
f 670/654/665 668/652/663 669/653/664
f 669/653/664 671/655/666 670/654/665
f 672/656/667 670/654/665 671/655/666
f 673/657/668 675/659/670 674/658/669
f 674/658/669 676/660/671 673/657/668
f 677/661/672 673/657/668 676/660/671
f 676/660/671 678/662/673 677/661/672
f 679/663/674 677/661/672 678/662/673
f 678/662/673 680/664/675 679/663/674
f 681/665/676 679/663/674 680/664/675
f 680/664/675 682/666/677 681/665/676
f 683/667/678 681/665/676 682/666/677
f 684/668/679 686/670/681 685/669/680
f 685/669/680 687/671/682 684/668/679
f 688/672/683 684/668/679 687/671/682
f 687/671/682 689/673/684 688/672/683
f 690/674/685 688/672/683 689/673/684
f 689/673/684 691/675/686 690/674/685
f 692/676/687 690/674/685 691/675/686
f 691/675/686 693/677/688 692/676/687
f 694/678/689 692/676/687 693/677/688
f 695/679/690 697/681/692 696/680/691
f 696/680/691 698/681/693 695/679/690
f 699/682/694 695/679/690 698/681/693
f 698/681/693 700/683/695 699/682/694
f 701/684/696 699/682/694 700/683/695
f 700/683/695 702/685/697 701/684/696
f 703/686/698 701/684/696 702/685/697
f 702/685/697 704/687/699 703/686/698
f 705/688/700 703/686/698 704/687/699
f 706/689/701 708/691/703 707/690/702
f 707/690/702 709/692/704 706/689/701
f 710/693/705 706/689/701 709/692/704
f 709/692/704 711/694/706 710/693/705
f 712/695/707 710/693/705 711/694/706
f 711/694/706 713/696/708 712/695/707
f 714/697/709 712/695/707 713/696/708
f 713/696/708 715/698/710 714/697/709
f 716/699/711 714/697/709 715/698/710
f 717/700/712 719/702/714 718/701/713
f 718/701/713 720/703/715 717/700/712
f 721/704/716 717/700/712 720/703/715
f 720/703/715 722/705/717 721/704/716
f 723/706/718 721/704/716 722/705/717
f 722/705/717 724/707/719 723/706/718
f 725/708/720 723/706/718 724/707/719
f 724/707/719 726/709/721 725/708/720
f 727/710/722 725/708/720 726/709/721
f 728/711/723 730/713/725 729/712/724
f 729/712/724 731/714/726 728/711/723
f 732/715/727 728/711/723 731/714/726
f 731/714/726 733/716/728 732/715/727
f 734/717/729 732/715/727 733/716/728
f 733/716/728 735/718/730 734/717/729
f 736/719/731 734/717/729 735/718/730
f 735/718/730 737/720/732 736/719/731
f 738/721/733 736/719/731 737/720/732
f 739/722/734 741/724/736 740/723/735
f 740/723/735 742/725/737 739/722/734
f 743/726/738 739/722/734 742/725/737
f 742/725/737 744/727/739 743/726/738
f 745/728/740 743/726/738 744/727/739
f 744/727/739 746/729/741 745/728/740
f 747/730/742 745/728/740 746/729/741
f 746/729/741 748/731/743 747/730/742
f 749/732/744 747/730/742 748/731/743
f 750/733/745 752/735/747 751/734/746
f 751/734/746 753/736/748 750/733/745
f 754/737/749 750/733/745 753/736/748
f 753/736/748 755/738/750 754/737/749
f 756/739/751 754/737/749 755/738/750
f 755/738/750 757/740/752 756/739/751
f 758/741/753 756/739/751 757/740/752
f 757/740/752 759/742/754 758/741/753
f 760/743/755 758/741/753 759/742/754
f 761/744/756 763/746/758 762/745/757
f 762/745/757 764/747/759 761/744/756
f 765/748/760 761/744/756 764/747/759
f 764/747/759 766/749/761 765/748/760
f 767/750/762 765/748/760 766/749/761
f 766/749/761 768/751/763 767/750/762
f 769/752/764 767/750/762 768/751/763
f 768/751/763 770/753/765 769/752/764
f 771/754/766 769/752/764 770/753/765
f 772/755/767 774/757/769 773/756/768
f 773/756/768 775/758/770 772/755/767
f 776/759/771 772/755/767 775/758/770
f 775/758/770 777/760/772 776/759/771
f 778/761/773 776/759/771 777/760/772
f 777/760/772 779/762/774 778/761/773
f 780/763/775 778/761/773 779/762/774
f 779/762/774 781/764/776 780/763/775
f 782/765/777 780/763/775 781/764/776
f 783/766/778 785/768/780 784/767/779
f 784/767/779 786/769/781 783/766/778
f 787/770/782 783/766/778 786/769/781
f 786/769/781 788/771/783 787/770/782
f 789/772/784 787/770/782 788/771/783
f 788/771/783 790/773/785 789/772/784
f 791/774/786 789/772/784 790/773/785
f 790/773/785 792/775/787 791/774/786
f 793/773/788 791/774/786 792/775/787
f 794/776/789 796/778/791 795/777/790
f 795/777/790 797/779/792 794/776/789
f 798/780/793 794/776/789 797/779/792
f 797/779/792 799/781/794 798/780/793
f 800/782/795 798/780/793 799/781/794
f 799/781/794 801/783/796 800/782/795
f 802/784/797 800/782/795 801/783/796
f 801/783/796 803/785/798 802/784/797
f 804/786/799 802/784/797 803/785/798
f 805/787/800 807/789/802 806/788/801
f 806/788/801 808/790/803 805/787/800
f 809/791/804 805/787/800 808/790/803
f 808/790/803 810/792/805 809/791/804
f 811/793/806 809/791/804 810/792/805
f 810/792/805 812/794/807 811/793/806
f 813/795/808 811/793/806 812/794/807
f 812/794/807 814/796/809 813/795/808
f 815/797/810 813/795/808 814/796/809
f 816/798/811 818/800/813 817/799/812
f 817/799/812 819/801/814 816/798/811
f 820/802/815 816/798/811 819/801/814
f 819/801/814 821/803/816 820/802/815
f 822/804/817 820/802/815 821/803/816
f 821/803/816 823/805/818 822/804/817
f 824/806/819 822/804/817 823/805/818
f 823/805/818 825/807/820 824/806/819
f 826/808/821 824/806/819 825/807/820
f 827/809/822 829/811/824 828/810/823
f 828/810/823 830/812/825 827/809/822
f 831/813/826 827/809/822 830/812/825
f 830/812/825 832/814/827 831/813/826
f 833/815/828 831/813/826 832/814/827
f 832/814/827 834/816/829 833/815/828
f 835/817/830 833/815/828 834/816/829
f 834/816/829 836/818/831 835/817/830
f 837/819/832 835/817/830 836/818/831
f 838/820/833 840/822/835 839/821/834
f 839/821/834 841/823/836 838/820/833
f 842/824/837 838/820/833 841/823/836
f 841/823/836 843/825/838 842/824/837
f 844/823/839 842/824/837 843/825/838
f 843/825/838 845/826/840 844/823/839
f 846/827/841 844/823/839 845/826/840
f 845/826/840 847/827/842 846/827/841
f 848/828/843 850/830/845 849/829/844
f 849/829/844 851/831/846 848/828/843
f 852/832/847 848/828/843 851/831/846
f 851/831/846 853/833/848 852/832/847
f 854/834/849 852/832/847 853/833/848
f 853/833/848 855/835/850 854/834/849
f 856/836/851 854/834/849 855/835/850
f 855/835/850 857/837/852 856/836/851
f 858/838/853 860/840/855 859/839/854
f 859/839/854 861/841/856 858/838/853
f 862/842/857 858/838/853 861/841/856
f 861/841/856 863/843/858 862/842/857
f 864/844/859 862/842/857 863/843/858
f 863/843/858 865/845/860 864/844/859
f 866/846/861 864/844/859 865/845/860
f 865/845/860 867/847/862 866/846/861
f 868/848/863 870/850/865 869/849/864
f 869/849/864 871/851/866 868/848/863
f 872/852/867 868/848/863 871/851/866
f 871/851/866 873/853/868 872/852/867
f 874/854/869 872/852/867 873/853/868
f 873/853/868 875/855/870 874/854/869
f 876/856/871 874/854/869 875/855/870
f 877/857/872 879/859/874 878/858/873
f 878/858/873 880/860/875 877/857/872
f 881/861/876 877/857/872 880/860/875
f 880/860/875 882/862/877 881/861/876
f 883/863/878 881/861/876 882/862/877
f 882/862/877 884/864/879 883/863/878
f 885/861/880 883/863/878 884/864/879
f 886/865/881 888/867/883 887/866/882
f 887/866/882 889/868/884 886/865/881
f 890/869/885 886/865/881 889/868/884
f 889/868/884 891/870/886 890/869/885
f 892/871/887 890/869/885 891/870/886
f 891/870/886 893/872/888 892/871/887
f 894/873/889 892/871/887 893/872/888
f 895/874/890 897/876/892 896/875/891
f 896/875/891 898/877/893 895/874/890
f 899/878/894 895/874/890 898/877/893
f 898/877/893 900/879/895 899/878/894
f 901/880/896 899/878/894 900/879/895
f 900/879/895 902/878/897 901/880/896
f 903/881/898 901/880/896 902/878/897
f 904/882/899 906/884/901 905/883/900
f 905/883/900 907/885/481 904/882/899
f 908/886/902 904/882/899 907/885/481
f 907/885/481 909/887/903 908/886/902
f 910/888/904 908/886/902 909/887/903
f 909/887/903 911/889/905 910/888/904
f 912/890/906 910/888/904 911/889/905
f 913/891/907 915/893/909 914/892/908
f 914/892/908 916/893/910 913/891/907
f 917/894/911 913/891/907 916/893/910
f 916/893/910 918/895/912 917/894/911
f 919/896/913 917/894/911 918/895/912
f 918/895/912 920/897/914 919/896/913
f 921/898/915 919/896/913 920/897/914
f 922/899/364 924/901/917 923/900/916
f 923/900/916 925/902/918 922/899/364
f 926/903/366 922/899/364 925/902/918
f 925/902/918 927/904/919 926/903/366
f 928/905/920 926/903/366 927/904/919
f 927/904/919 929/906/921 928/905/920
f 930/907/922 928/905/920 929/906/921
f 931/908/923 933/910/925 932/909/924
f 932/909/924 934/911/926 931/908/923
f 935/912/927 931/908/923 934/911/926
f 934/911/926 936/913/928 935/912/927
f 937/914/929 935/912/927 936/913/928
f 936/913/928 938/915/930 937/914/929
f 939/916/931 937/914/929 938/915/930
f 940/917/932 942/919/934 941/918/933
f 941/918/933 943/920/935 940/917/932
f 944/921/936 940/917/932 943/920/935
f 943/920/935 945/922/937 944/921/936
f 946/923/938 944/921/936 945/922/937
f 945/922/937 947/924/939 946/923/938
f 948/925/940 946/923/938 947/924/939
f 949/926/941 951/928/943 950/927/942
f 950/927/942 952/929/944 949/926/941
f 953/930/945 949/926/941 952/929/944
f 952/929/944 954/931/946 953/930/945
f 955/932/947 953/930/945 954/931/946
f 954/931/946 956/933/948 955/932/947
f 957/934/949 955/932/947 956/933/948
f 958/935/950 960/937/952 959/936/951
f 959/936/951 961/938/953 958/935/950
f 962/939/954 958/935/950 961/938/953
f 961/938/953 963/940/955 962/939/954
f 964/941/956 962/939/954 963/940/955
f 963/940/955 965/942/957 964/941/956
f 966/943/958 964/941/956 965/942/957
f 967/944/959 969/946/961 968/945/960
f 968/945/960 970/947/962 967/944/959
f 971/948/963 967/944/959 970/947/962
f 970/947/962 972/949/964 971/948/963
f 973/950/965 971/948/963 972/949/964
f 972/949/964 974/951/966 973/950/965
f 975/952/967 973/950/965 974/951/966
f 976/953/968 978/955/970 977/954/969
f 977/954/969 979/956/971 976/953/968
f 980/957/233 976/953/968 979/956/971
f 979/956/971 981/958/972 980/957/233
f 982/959/973 980/957/233 981/958/972
f 981/958/972 983/960/974 982/959/973
f 984/961/975 982/959/973 983/960/974
f 985/962/976 987/964/978 986/963/977
f 986/963/977 988/965/979 985/962/976
f 989/966/980 985/962/976 988/965/979
f 988/965/979 990/967/981 989/966/980
f 991/968/982 989/966/980 990/967/981
f 990/967/981 992/969/983 991/968/982
f 993/970/984 991/968/982 992/969/983
f 994/971/985 996/973/987 995/972/986
f 995/972/986 997/974/988 994/971/985
f 998/975/989 994/971/985 997/974/988
f 997/974/988 999/976/990 998/975/989
f 1000/977/991 998/975/989 999/976/990
f 999/976/990 1001/978/992 1000/977/991
f 1002/979/993 1004/981/995 1003/980/994
f 1003/980/994 1005/982/996 1002/979/993
f 1006/983/997 1002/979/993 1005/982/996
f 1005/982/996 1007/984/998 1006/983/997
f 1008/985/999 1006/983/997 1007/984/998
f 1007/984/998 1009/986/1000 1008/985/999
f 1010/987/1001 1012/989/1003 1011/988/1002
f 1011/988/1002 1013/990/1004 1010/987/1001
f 1014/991/1005 1010/987/1001 1013/990/1004
f 1013/990/1004 1015/992/1006 1014/991/1005
f 1016/993/1007 1014/991/1005 1015/992/1006
f 1015/992/1006 1017/994/1008 1016/993/1007
f 1018/995/322 1020/997/1010 1019/996/1009
f 1019/996/1009 1021/998/1011 1018/995/322
f 1022/999/1012 1018/995/322 1021/998/1011
f 1021/998/1011 1023/1000/1013 1022/999/1012
f 1024/1001/225 1022/999/1012 1023/1000/1013
f 1023/1000/1013 1025/1002/1014 1024/1001/225
f 1026/1003/1015 1028/1005/1017 1027/1004/1016
f 1027/1004/1016 1029/1006/1018 1026/1003/1015
f 1030/1007/1019 1026/1003/1015 1029/1006/1018
f 1029/1006/1018 1031/1008/1020 1030/1007/1019
f 1032/1009/1021 1030/1007/1019 1031/1008/1020
f 1031/1008/1020 1033/1010/1022 1032/1009/1021
f 1034/1011/1023 1036/1013/1025 1035/1012/1024
f 1035/1012/1024 1037/1014/1026 1034/1011/1023
f 1038/1015/1027 1034/1011/1023 1037/1014/1026
f 1037/1014/1026 1039/1016/1028 1038/1015/1027
f 1040/1017/1029 1038/1015/1027 1039/1016/1028
f 1039/1016/1028 1041/1018/1030 1040/1017/1029
f 1042/1019/1031 1044/1021/1033 1043/1020/1032
f 1043/1020/1032 1045/1022/1034 1042/1019/1031
f 1046/1023/1035 1042/1019/1031 1045/1022/1034
f 1045/1022/1034 1047/1024/1036 1046/1023/1035
f 1048/1025/1037 1046/1023/1035 1047/1024/1036
f 1047/1024/1036 1049/1026/1038 1048/1025/1037
f 1050/1027/1039 1052/1029/1041 1051/1028/1040
f 1051/1028/1040 1053/1030/1042 1050/1027/1039
f 1054/1031/1043 1050/1027/1039 1053/1030/1042
f 1053/1030/1042 1055/1032/1044 1054/1031/1043
f 1056/1033/1045 1054/1031/1043 1055/1032/1044
f 1057/1034/1046 1059/1036/1048 1058/1035/1047
f 1058/1035/1047 1060/1037/1049 1057/1034/1046
f 1061/1038/1050 1057/1034/1046 1060/1037/1049
f 1060/1037/1049 1062/1039/1051 1061/1038/1050
f 1063/1040/1052 1061/1038/1050 1062/1039/1051
f 1064/1041/1053 1066/1043/1055 1065/1042/1054
f 1065/1042/1054 1067/1044/1056 1064/1041/1053
f 1068/1045/1057 1064/1041/1053 1067/1044/1056
f 1067/1044/1056 1069/1046/109 1068/1045/1057
f 1070/1047/1058 1068/1045/1057 1069/1046/109
f 1071/1048/1059 1073/1050/1061 1072/1049/1060
f 1072/1049/1060 1074/1051/1062 1071/1048/1059
f 1075/1052/548 1071/1048/1059 1074/1051/1062
f 1074/1051/1062 1076/1053/1063 1075/1052/548
f 1077/1054/1064 1075/1052/548 1076/1053/1063
f 1078/1055/1065 1080/1057/1067 1079/1056/1066
f 1079/1056/1066 1081/1058/1068 1078/1055/1065
f 1082/1059/1069 1078/1055/1065 1081/1058/1068
f 1081/1058/1068 1083/1060/1070 1082/1059/1069
f 1084/1061/1071 1082/1059/1069 1083/1060/1070
f 1085/1062/1072 1087/1064/1074 1086/1063/1073
f 1086/1063/1073 1088/1064/1075 1085/1062/1072
f 1089/1065/1076 1085/1062/1072 1088/1064/1075
f 1088/1064/1075 1090/1066/1077 1089/1065/1076
f 1091/1067/1078 1089/1065/1076 1090/1066/1077
f 1092/1068/1079 1094/1070/1081 1093/1069/1080
f 1093/1069/1080 1095/1071/1082 1092/1068/1079
f 1096/1072/1083 1092/1068/1079 1095/1071/1082
f 1095/1071/1082 1097/1073/1084 1096/1072/1083
f 1098/1074/1085 1096/1072/1083 1097/1073/1084
f 1099/1075/1086 1101/1077/1088 1100/1076/1087
f 1100/1076/1087 1102/1077/1089 1099/1075/1086
f 1103/1078/1090 1099/1075/1086 1102/1077/1089
f 1102/1077/1089 1104/1079/1091 1103/1078/1090
f 1105/1080/1092 1103/1078/1090 1104/1079/1091
f 1106/1081/544 1108/1083/1094 1107/1082/1093
f 1107/1082/1093 1109/1084/1095 1106/1081/544
f 1110/1085/1096 1106/1081/544 1109/1084/1095
f 1109/1084/1095 1111/1086/1097 1110/1085/1096
f 1112/1087/1098 1110/1085/1096 1111/1086/1097
f 1113/1088/1099 1115/1090/242 1114/1089/1100
f 1114/1089/1100 1116/1091/1101 1113/1088/1099
f 1117/1092/1102 1113/1088/1099 1116/1091/1101
f 1116/1091/1101 1118/1093/1103 1117/1092/1102
f 1119/1094/1104 1117/1092/1102 1118/1093/1103
f 1120/1095/1105 1122/1097/1107 1121/1096/1106
f 1121/1096/1106 1123/1098/1108 1120/1095/1105
f 1124/1099/1109 1120/1095/1105 1123/1098/1108
f 1123/1098/1108 1125/1100/1110 1124/1099/1109
f 1126/1101/1111 1124/1099/1109 1125/1100/1110
f 1127/1102/1112 1129/1104/1114 1128/1103/1113
f 1128/1103/1113 1130/1105/1115 1127/1102/1112
f 1131/1106/1116 1127/1102/1112 1130/1105/1115
f 1130/1105/1115 1132/1107/1117 1131/1106/1116
f 1133/1108/1118 1131/1106/1116 1132/1107/1117
f 1134/1109/1119 1136/1111/421 1135/1110/1120
f 1135/1110/1120 1137/1112/1121 1134/1109/1119
f 1138/1113/1122 1134/1109/1119 1137/1112/1121
f 1137/1112/1121 1139/1114/1123 1138/1113/1122
f 1140/1115/1124 1138/1113/1122 1139/1114/1123
f 1141/1116/1125 1143/1118/1127 1142/1117/1126
f 1142/1117/1126 1144/1119/1128 1141/1116/1125
f 1145/1120/1129 1141/1116/1125 1144/1119/1128
f 1144/1119/1128 1146/1121/1130 1145/1120/1129
f 1147/1122/1131 1145/1120/1129 1146/1121/1130
f 1148/1123/1132 1150/1125/1134 1149/1124/1133
f 1149/1124/1133 1151/1126/1135 1148/1123/1132
f 1152/1127/1136 1148/1123/1132 1151/1126/1135
f 1151/1126/1135 1153/1128/1137 1152/1127/1136
f 1154/1129/1138 1152/1127/1136 1153/1128/1137
f 1155/1130/1139 1157/1132/1141 1156/1131/1140
f 1156/1131/1140 1158/1133/1142 1155/1130/1139
f 1159/1134/1143 1155/1130/1139 1158/1133/1142
f 1158/1133/1142 1160/1135/1144 1159/1134/1143
f 1161/1136/1145 1159/1134/1143 1160/1135/1144
f 1162/1137/1146 1164/1139/1148 1163/1138/1147
f 1163/1138/1147 1165/1140/1149 1162/1137/1146
f 1166/1141/1150 1162/1137/1146 1165/1140/1149
f 1165/1140/1149 1167/1142/1151 1166/1141/1150
f 1168/1143/1152 1166/1141/1150 1167/1142/1151
f 1169/1144/1153 1171/1146/1155 1170/1145/1154
f 1170/1145/1154 1172/1147/1156 1169/1144/1153
f 1173/1148/1157 1175/1150/1159 1174/1149/1158
f 1174/1149/1158 1176/1151/1160 1173/1148/1157
f 1177/1152/1161 1173/1148/1157 1176/1151/1160
f 1176/1151/1160 1178/1153/1162 1177/1152/1161
f 1179/1154/1163 1177/1152/1161 1178/1153/1162
f 1180/1155/516 1182/1157/1165 1181/1156/1164
f 1181/1156/1164 1183/1158/1166 1180/1155/516
f 1184/1159/1167 1180/1155/516 1183/1158/1166
f 1183/1158/1166 1185/1160/1168 1184/1159/1167
f 1186/1161/1169 1184/1159/1167 1185/1160/1168
f 1187/1162/1170 1189/1164/1172 1188/1163/1171
f 1188/1163/1171 1190/1165/1173 1187/1162/1170
f 1191/1166/1174 1187/1162/1170 1190/1165/1173
f 1190/1165/1173 1192/1167/1175 1191/1166/1174
f 1193/1168/1176 1191/1166/1174 1192/1167/1175
f 1194/1169/1177 1196/1171/1179 1195/1170/1178
f 1195/1170/1178 1197/1172/1180 1194/1169/1177
f 1198/1173/1181 1194/1169/1177 1197/1172/1180
f 1197/1172/1180 1199/1174/1182 1198/1173/1181
f 1200/1175/1183 1198/1173/1181 1199/1174/1182
f 1201/1176/1184 1203/1178/1186 1202/1177/1185
f 1202/1177/1185 1204/1179/880 1201/1176/1184
f 1205/1180/1187 1201/1176/1184 1204/1179/880
f 1204/1179/880 1206/1181/1188 1205/1180/1187
f 1207/1182/1189 1205/1180/1187 1206/1181/1188
f 1208/1183/1190 1210/1185/1192 1209/1184/1191
f 1209/1184/1191 1211/1186/1193 1208/1183/1190
f 1212/1187/1194 1208/1183/1190 1211/1186/1193
f 1211/1186/1193 1213/1188/1195 1212/1187/1194
f 1214/1189/1196 1212/1187/1194 1213/1188/1195
f 1215/1190/1197 1217/1192/1199 1216/1191/1198
f 1216/1191/1198 1218/1193/1200 1215/1190/1197
f 1219/1194/1201 1215/1190/1197 1218/1193/1200
f 1218/1193/1200 1220/1195/1202 1219/1194/1201
f 1221/1196/1203 1219/1194/1201 1220/1195/1202
f 1222/1197/1204 1224/1199/1206 1223/1198/1205
f 1223/1198/1205 1225/1200/1207 1222/1197/1204
f 1226/1201/1208 1222/1197/1204 1225/1200/1207
f 1225/1200/1207 1227/1202/739 1226/1201/1208
f 1228/1203/1209 1226/1201/1208 1227/1202/739
f 1229/1204/1210 1231/1206/1212 1230/1205/1211
f 1230/1205/1211 1232/1207/1213 1229/1204/1210
f 1233/1208/1214 1235/1210/1216 1234/1209/1215
f 1234/1209/1215 1236/1211/1217 1233/1208/1214
f 1237/1212/1218 1233/1208/1214 1236/1211/1217
f 1236/1211/1217 1238/1213/1219 1237/1212/1218
f 1239/1214/1220 1237/1212/1218 1238/1213/1219
f 1240/1215/1221 1242/1217/1223 1241/1216/1222
f 1241/1216/1222 1243/1218/1224 1240/1215/1221
f 1244/1219/1225 1240/1215/1221 1243/1218/1224
f 1243/1218/1224 1245/1220/1226 1244/1219/1225
f 1246/1221/1227 1244/1219/1225 1245/1220/1226
f 1247/1222/1228 1249/1224/1230 1248/1223/1229
f 1248/1223/1229 1250/1225/1231 1247/1222/1228
f 1251/1226/1232 1247/1222/1228 1250/1225/1231
f 1250/1225/1231 1252/1227/1233 1251/1226/1232
f 1253/1228/1234 1251/1226/1232 1252/1227/1233
f 1254/1229/1235 1256/1231/1237 1255/1230/1236
f 1255/1230/1236 1257/1232/1238 1254/1229/1235
f 1258/1233/1239 1254/1229/1235 1257/1232/1238
f 1257/1232/1238 1259/1234/1240 1258/1233/1239
f 1260/1235/1241 1258/1233/1239 1259/1234/1240
f 1261/1236/1242 1263/1238/1244 1262/1237/1243
f 1262/1237/1243 1264/1239/1245 1261/1236/1242
f 1265/1240/1246 1261/1236/1242 1264/1239/1245
f 1264/1239/1245 1266/1241/1247 1265/1240/1246
f 1267/1242/1248 1265/1240/1246 1266/1241/1247
f 1268/1243/1249 1270/1245/1251 1269/1244/1250
f 1269/1244/1250 1271/1246/1252 1268/1243/1249
f 1272/1247/1253 1268/1243/1249 1271/1246/1252
f 1271/1246/1252 1273/1248/1254 1272/1247/1253
f 1274/1246/1255 1272/1247/1253 1273/1248/1254
f 1275/1249/1256 1277/1251/1258 1276/1250/1257
f 1276/1250/1257 1278/1252/1259 1275/1249/1256
f 1279/1253/1260 1275/1249/1256 1278/1252/1259
f 1278/1252/1259 1280/1254/1261 1279/1253/1260
f 1281/1255/1262 1279/1253/1260 1280/1254/1261
f 1282/1256/1263 1284/1258/1265 1283/1257/1264
f 1283/1257/1264 1285/1259/1266 1282/1256/1263
f 1286/1260/1267 1282/1256/1263 1285/1259/1266
f 1285/1259/1266 1287/1261/1268 1286/1260/1267
f 1288/1262/1269 1286/1260/1267 1287/1261/1268
f 1289/1263/1270 1291/1265/1272 1290/1264/1271
f 1290/1264/1271 1292/1266/1273 1289/1263/1270
f 1293/1267/1274 1295/1269/1276 1294/1268/1275
f 1294/1268/1275 1296/1270/369 1293/1267/1274
f 1297/1271/1277 1293/1267/1274 1296/1270/369
f 1296/1270/369 1298/1272/1278 1297/1271/1277
f 1299/1273/1279 1297/1271/1277 1298/1272/1278
f 1300/1274/1280 1302/1276/1282 1301/1275/1281
f 1301/1275/1281 1303/1277/1283 1300/1274/1280
f 1304/1278/1284 1300/1274/1280 1303/1277/1283
f 1303/1277/1283 1305/1279/1285 1304/1278/1284
f 1306/1280/1286 1304/1278/1284 1305/1279/1285
f 1307/1281/1287 1309/1283/1289 1308/1282/1288
f 1308/1282/1288 1310/1284/1290 1307/1281/1287
f 1311/1285/1291 1307/1281/1287 1310/1284/1290
f 1310/1284/1290 1312/1286/1292 1311/1285/1291
f 1313/1287/1293 1315/1289/1295 1314/1288/1294
f 1314/1288/1294 1316/1290/1296 1313/1287/1293
f 1317/1291/1297 1313/1287/1293 1316/1290/1296
f 1316/1290/1296 1318/1287/1298 1317/1291/1297
f 1319/1292/1299 1321/1294/1301 1320/1293/1300
f 1320/1293/1300 1322/1295/1302 1319/1292/1299
f 1323/1296/1303 1319/1292/1299 1322/1295/1302
f 1322/1295/1302 1324/1297/1304 1323/1296/1303
f 1325/1298/1305 1327/1300/1307 1326/1299/1306
f 1326/1299/1306 1328/1301/1308 1325/1298/1305
f 1329/1302/1309 1325/1298/1305 1328/1301/1308
f 1328/1301/1308 1330/1303/1310 1329/1302/1309
f 1331/1304/1311 1333/1306/1313 1332/1305/1312
f 1332/1305/1312 1334/1307/1314 1331/1304/1311
f 1335/1308/1315 1331/1304/1311 1334/1307/1314
f 1334/1307/1314 1336/1309/1316 1335/1308/1315
f 1337/1310/1317 1339/1312/1319 1338/1311/1318
f 1338/1311/1318 1340/1313/1320 1337/1310/1317
f 1341/1314/1321 1337/1310/1317 1340/1313/1320
f 1340/1313/1320 1342/1315/1322 1341/1314/1321
f 1343/1316/1323 1345/1318/1325 1344/1317/1324
f 1344/1317/1324 1346/1319/1326 1343/1316/1323
f 1347/1320/1327 1349/1322/1329 1348/1321/1328
f 1348/1321/1328 1350/1323/1330 1347/1320/1327
f 1351/1324/1331 1347/1320/1327 1350/1323/1330
f 1350/1323/1330 1352/1325/1332 1351/1324/1331
f 1353/1326/1333 1355/1328/1335 1354/1327/1334
f 1354/1327/1334 1356/1329/1336 1353/1326/1333
f 1357/1330/1337 1353/1326/1333 1356/1329/1336
f 1356/1329/1336 1358/1331/1338 1357/1330/1337
f 1359/1332/1339 1361/1334/1341 1360/1333/1340
f 1360/1333/1340 1362/1335/1342 1359/1332/1339
f 1363/1336/1343 1359/1332/1339 1362/1335/1342
f 1362/1335/1342 1364/1337/1344 1363/1336/1343
f 1365/1338/1345 1367/1340/1347 1366/1339/1346
f 1366/1339/1346 1368/1341/1348 1365/1338/1345
f 1369/1342/1349 1365/1338/1345 1368/1341/1348
f 1368/1341/1348 1370/1343/1350 1369/1342/1349
f 1371/1344/1351 1373/1346/1353 1372/1345/1352
f 1372/1345/1352 1374/1346/1354 1371/1344/1351
f 1375/1347/1355 1371/1344/1351 1374/1346/1354
f 1374/1346/1354 1376/1348/1356 1375/1347/1355
f 1377/1349/359 1379/1351/1358 1378/1350/1357
f 1378/1350/1357 1380/1352/1359 1377/1349/359
f 1381/1353/1360 1377/1349/359 1380/1352/1359
f 1380/1352/1359 1382/1354/1361 1381/1353/1360
f 1383/1355/1362 1385/1357/1364 1384/1356/1363
f 1384/1356/1363 1386/1358/1365 1383/1355/1362
f 1387/1359/1366 1383/1355/1362 1386/1358/1365
f 1386/1358/1365 1388/1360/1367 1387/1359/1366
f 1389/1361/1368 1391/1363/1370 1390/1362/1369
f 1390/1362/1369 1392/1364/1371 1389/1361/1368
f 1393/1365/1372 1389/1361/1368 1392/1364/1371
f 1392/1364/1371 1394/1366/1373 1393/1365/1372
f 1395/1367/1374 1397/1369/1376 1396/1368/1375
f 1396/1368/1375 1398/1370/1377 1395/1367/1374
f 1399/1371/1378 1395/1367/1374 1398/1370/1377
f 1398/1370/1377 1400/1372/1379 1399/1371/1378
f 1401/1373/1380 1403/1375/1382 1402/1374/1381
f 1402/1374/1381 1404/1375/1383 1401/1373/1380
f 1405/1376/1384 1401/1373/1380 1404/1375/1383
f 1404/1375/1383 1406/1377/1385 1405/1376/1384
f 1407/1378/1386 1409/1380/1388 1408/1379/1387
f 1408/1379/1387 1410/1381/1389 1407/1378/1386
f 1411/1382/1390 1407/1378/1386 1410/1381/1389
f 1412/1383/1391 1414/1385/1393 1413/1384/1392
f 1413/1384/1392 1415/1386/1394 1412/1383/1391
f 1416/1387/1395 1412/1383/1391 1415/1386/1394
f 1417/1388/1396 1419/1390/1398 1418/1389/1397
f 1418/1389/1397 1420/1391/1399 1417/1388/1396
f 1421/1392/1400 1417/1388/1396 1420/1391/1399
f 1422/1393/1401 1424/1395/1403 1423/1394/1402
f 1423/1394/1402 1425/1396/1404 1422/1393/1401
f 1426/1397/1405 1422/1393/1401 1425/1396/1404
f 1427/1398/1406 1429/1400/1166 1428/1399/1407
f 1428/1399/1407 1430/1401/1408 1427/1398/1406
f 1431/1402/1409 1427/1398/1406 1430/1401/1408
f 1432/1403/1410 1434/1405/1412 1433/1404/1411
f 1433/1404/1411 1435/1406/1413 1432/1403/1410
f 1436/1407/1414 1432/1403/1410 1435/1406/1413
f 1437/1408/1415 1439/1410/1417 1438/1409/1416
f 1438/1409/1416 1440/1411/1418 1437/1408/1415
f 1441/1412/1419 1437/1408/1415 1440/1411/1418
f 1442/1413/1420 1444/1415/1422 1443/1414/1421
f 1443/1414/1421 1445/1416/1423 1442/1413/1420
f 1446/1417/1424 1442/1413/1420 1445/1416/1423
f 1447/1418/1425 1449/1420/1427 1448/1419/1426
f 1448/1419/1426 1450/1421/1428 1447/1418/1425
f 1451/1422/1429 1453/1424/1431 1452/1423/1430
f 1452/1423/1430 1454/1425/1432 1451/1422/1429
f 1455/1426/1433 1451/1422/1429 1454/1425/1432
f 1456/1427/1434 1458/1429/1436 1457/1428/1435
f 1457/1428/1435 1459/1430/1437 1456/1427/1434
f 1460/1431/1438 1456/1427/1434 1459/1430/1437
f 1461/1432/1439 1463/1434/1440 1462/1433/547
f 1462/1433/547 1464/1435/1441 1461/1432/1439
f 1465/1436/102 1461/1432/1439 1464/1435/1441
f 1466/1437/1442 1468/1439/1444 1467/1438/1443
f 1467/1438/1443 1469/1440/1445 1466/1437/1442
f 1470/1441/1446 1466/1437/1442 1469/1440/1445
f 1471/1442/1447 1473/1444/1449 1472/1443/1448
f 1472/1443/1448 1474/1445/1450 1471/1442/1447
f 1475/1446/1451 1471/1442/1447 1474/1445/1450
f 1476/1447/1452 1478/1449/1454 1477/1448/1453
f 1477/1448/1453 1479/1450/1455 1476/1447/1452
f 1480/1451/1456 1476/1447/1452 1479/1450/1455
f 1481/1452/1457 1483/1454/1459 1482/1453/1458
f 1482/1453/1458 1484/1455/1460 1481/1452/1457
f 1485/1456/1461 1481/1452/1457 1484/1455/1460
f 1486/1457/1462 1488/1459/1464 1487/1458/1463
f 1487/1458/1463 1489/1460/1465 1486/1457/1462
f 1490/1461/1466 1486/1457/1462 1489/1460/1465
f 1491/1462/1467 1493/1464/1469 1492/1463/1468
f 1492/1463/1468 1494/1465/1470 1491/1462/1467
f 1495/1466/1471 1491/1462/1467 1494/1465/1470
f 1496/1467/1472 1498/1469/1474 1497/1468/1473
f 1497/1468/1473 1499/1470/1475 1496/1467/1472
f 1500/1471/1476 1496/1467/1472 1499/1470/1475
f 1501/1472/1477 1503/1474/1479 1502/1473/1478
f 1502/1473/1478 1504/1475/1480 1501/1472/1477
f 1505/1476/1481 1501/1472/1477 1504/1475/1480
f 1506/1477/1482 1508/1479/1484 1507/1478/1483
f 1507/1478/1483 1509/1480/1485 1506/1477/1482
f 1510/1481/1486 1506/1477/1482 1509/1480/1485
f 1511/1482/1487 1513/1484/1489 1512/1483/1488
f 1512/1483/1488 1514/1485/1490 1511/1482/1487
f 1515/1486/1491 1511/1482/1487 1514/1485/1490
f 1516/1487/1492 1518/1489/1494 1517/1488/1493
f 1517/1488/1493 1519/1490/1495 1516/1487/1492
f 1520/1491/1496 1516/1487/1492 1519/1490/1495
f 1521/1492/1497 1523/1494/1499 1522/1493/1498
f 1522/1493/1498 1524/1495/1500 1521/1492/1497
f 1525/1496/1501 1521/1492/1497 1524/1495/1500
f 1526/1497/1502 1528/1499/1504 1527/1498/1503
f 1527/1498/1503 1529/1500/1505 1526/1497/1502
f 1530/1501/1506 1526/1497/1502 1529/1500/1505
f 1531/1502/1507 1533/1504/1509 1532/1503/1508
f 1532/1503/1508 1534/1505/1510 1531/1502/1507
f 1535/1506/1511 1531/1502/1507 1534/1505/1510
f 1536/1507/1512 1538/1509/1514 1537/1508/1513
f 1537/1508/1513 1539/1510/1515 1536/1507/1512
f 1540/1511/1516 1536/1507/1512 1539/1510/1515
f 1541/1512/1517 1543/1514/1519 1542/1513/1518
f 1542/1513/1518 1544/1515/1520 1541/1512/1517
f 1545/1516/1521 1541/1512/1517 1544/1515/1520
f 1546/1517/1522 1548/1519/1524 1547/1518/1523
f 1547/1518/1523 1549/1520/1525 1546/1517/1522
f 1550/1521/1526 1546/1517/1522 1549/1520/1525
f 1551/1522/1527 1553/1524/1529 1552/1523/1528
f 1552/1523/1528 1554/1525/1530 1551/1522/1527
f 1555/1526/1531 1551/1522/1527 1554/1525/1530
f 1556/1527/1532 1558/1529/1534 1557/1528/1533
f 1557/1528/1533 1559/1530/1535 1556/1527/1532
f 1560/1531/1536 1556/1527/1532 1559/1530/1535
f 1561/1532/1537 1563/1534/1539 1562/1533/1538
f 1562/1533/1538 1564/1535/1540 1561/1532/1537
f 1565/1536/1541 1561/1532/1537 1564/1535/1540
f 1566/1537/1542 1568/1539/1544 1567/1538/1543
f 1567/1538/1543 1569/1540/1545 1566/1537/1542
f 1570/1541/1546 1566/1537/1542 1569/1540/1545
f 1571/1542/221 1573/1544/1548 1572/1543/1547
f 1572/1543/1547 1574/1545/1549 1571/1542/221
f 1575/1546/1550 1571/1542/221 1574/1545/1549
f 1576/1547/1551 1578/1549/1553 1577/1548/1552
f 1577/1548/1552 1579/1550/1554 1576/1547/1551
f 1580/1551/1555 1576/1547/1551 1579/1550/1554
f 1581/1552/1556 1583/1554/1558 1582/1553/1557
f 1582/1553/1557 1584/1555/1559 1581/1552/1556
f 1585/1556/1560 1581/1552/1556 1584/1555/1559
f 1586/1557/1561 1588/1559/120 1587/1558/1562
f 1587/1558/1562 1589/1560/1563 1586/1557/1561
f 1590/1561/1564 1586/1557/1561 1589/1560/1563
f 1591/1562/1565 1593/1564/1567 1592/1563/1566
f 1592/1563/1566 1594/1565/1568 1591/1562/1565
f 1595/1566/1569 1591/1562/1565 1594/1565/1568
f 1596/1567/1570 1598/1569/1572 1597/1568/1571
f 1597/1568/1571 1599/1570/1573 1596/1567/1570
f 1600/1571/1574 1596/1567/1570 1599/1570/1573
f 1601/1572/1575 1603/1574/1577 1602/1573/1576
f 1602/1573/1576 1604/1575/1578 1601/1572/1575
f 1605/1576/1579 1601/1572/1575 1604/1575/1578
f 1606/1577/1580 1608/1579/1582 1607/1578/1581
f 1607/1578/1581 1609/1580/1583 1606/1577/1580
f 1610/1581/1584 1606/1577/1580 1609/1580/1583
f 1611/1582/1585 1613/1584/1587 1612/1583/1586
f 1612/1583/1586 1614/1585/1588 1611/1582/1585
f 1615/1586/1589 1611/1582/1585 1614/1585/1588
f 1616/1587/1590 1618/1589/1592 1617/1588/1591
f 1617/1588/1591 1619/1590/1593 1616/1587/1590
f 1620/1591/1594 1616/1587/1590 1619/1590/1593
f 1621/1592/1595 1623/1594/1597 1622/1593/1596
f 1622/1593/1596 1624/1595/1598 1621/1592/1595
f 1625/1596/1599 1621/1592/1595 1624/1595/1598
f 1626/1597/1600 1628/1599/1602 1627/1598/1601
f 1627/1598/1601 1629/1600/1603 1626/1597/1600
f 1630/1601/1604 1626/1597/1600 1629/1600/1603
f 1631/1602/1605 1633/1604/1607 1632/1603/1606
f 1632/1603/1606 1634/1605/1608 1631/1602/1605
f 1635/1603/1609 1631/1602/1605 1634/1605/1608
f 1636/1606/1610 1638/1608/1612 1637/1607/1611
f 1637/1607/1611 1639/1609/1613 1636/1606/1610
f 1640/1610/1614 1636/1606/1610 1639/1609/1613
f 1641/1611/1615 1643/1613/1617 1642/1612/1616
f 1642/1612/1616 1644/1614/1618 1641/1611/1615
f 1645/1615/1619 1641/1611/1615 1644/1614/1618
f 1646/1616/1620 1648/1618/1622 1647/1617/1621
f 1647/1617/1621 1649/1619/1623 1646/1616/1620
f 1650/1620/1624 1646/1616/1620 1649/1619/1623
f 1651/1621/1625 1653/1623/1627 1652/1622/1626
f 1652/1622/1626 1654/1624/1628 1651/1621/1625
f 1655/1625/1629 1651/1621/1625 1654/1624/1628
f 1656/1626/1630 1658/1628/1632 1657/1627/1631
f 1657/1627/1631 1659/1629/1633 1656/1626/1630
f 1660/1630/1634 1656/1626/1630 1659/1629/1633
f 1661/1631/1635 1663/1633/1637 1662/1632/1636
f 1662/1632/1636 1664/1634/1638 1661/1631/1635
f 1665/1635/1639 1667/1637/1641 1666/1636/1640
f 1666/1636/1640 1668/1638/1642 1665/1635/1639
f 1669/1639/1437 1671/1641/1644 1670/1640/1643
f 1670/1640/1643 1672/1642/1645 1669/1639/1437
f 1673/1643/1646 1675/1645/1648 1674/1644/1647
f 1674/1644/1647 1676/1646/1649 1673/1643/1646
f 1677/1647/1650 1679/1649/1652 1678/1648/1651
f 1678/1648/1651 1680/1650/1653 1677/1647/1650
f 1681/1651/1654 1683/1653/1655 1682/1652/939
f 1682/1652/939 1684/1654/1656 1681/1651/1654
f 1685/1655/1657 1687/1657/1659 1686/1656/1658
f 1686/1656/1658 1688/1658/1660 1685/1655/1657
f 1689/1659/1661 1691/1661/1663 1690/1660/1662
f 1690/1660/1662 1692/1662/1664 1689/1659/1661
f 1693/1663/1665 1695/1665/1667 1694/1664/1666
f 1694/1664/1666 1696/1666/1668 1693/1663/1665
f 1697/1667/1669 1699/1669/1671 1698/1668/1670
f 1698/1668/1670 1700/1670/1672 1697/1667/1669
f 1701/1671/1673 1703/1673/1675 1702/1672/1674
f 1702/1672/1674 1704/1674/1676 1701/1671/1673
f 1705/1675/1677 1707/1677/1679 1706/1676/1678
f 1706/1676/1678 1708/1678/1680 1705/1675/1677
f 1709/1679/1681 1711/1681/1683 1710/1680/1682
f 1710/1680/1682 1712/1682/1684 1709/1679/1681
f 1713/1683/1685 1715/1685/1687 1714/1684/1686
f 1714/1684/1686 1716/1686/1688 1713/1683/1685
f 1717/1687/1689 1719/1689/1691 1718/1688/1690
f 1718/1688/1690 1720/1690/1692 1717/1687/1689
f 1721/1691/1693 1723/1693/1695 1722/1692/1694
f 1722/1692/1694 1724/1691/1696 1721/1691/1693
f 1725/1694/1697 1727/1696/1699 1726/1695/1698
f 1726/1695/1698 1728/1697/1700 1725/1694/1697
f 1729/1698/1701 1731/1700/1703 1730/1699/1702
f 1730/1699/1702 1732/1701/1704 1729/1698/1701
f 1733/1702/1705 1735/1704/1707 1734/1703/1706
f 1734/1703/1706 1736/1705/1708 1733/1702/1705
f 1737/1706/1709 1739/1708/1711 1738/1707/1710
f 1738/1707/1710 1740/1709/1712 1737/1706/1709
f 1741/1710/1713 1743/1712/1715 1742/1711/1714
f 1742/1711/1714 1744/1713/1716 1741/1710/1713
f 1745/1714/1717 1747/1716/1719 1746/1715/1718
f 1746/1715/1718 1748/1717/1720 1745/1714/1717
f 1749/1718/1721 1751/1720/1723 1750/1719/1722
f 1750/1719/1722 1752/1721/1724 1749/1718/1721
f 1753/1722/1725 1755/1724/1727 1754/1723/1726
f 1754/1723/1726 1756/1725/1728 1753/1722/1725
f 1757/1726/1729 1759/1728/1731 1758/1727/1730
f 1758/1727/1730 1760/1729/1732 1757/1726/1729
f 1761/1730/1733 1763/1732/1735 1762/1731/1734
f 1762/1731/1734 1764/1733/1736 1761/1730/1733
f 1765/1734/1737 1767/1736/1739 1766/1735/1738
f 1766/1735/1738 1768/1737/1740 1765/1734/1737
f 1769/1738/1741 1771/1740/1743 1770/1739/1742
f 1770/1739/1742 1772/1741/1744 1769/1738/1741
f 1773/1742/1745 1775/1744/1747 1774/1743/1746
f 1774/1743/1746 1776/1745/1748 1773/1742/1745
f 1777/1746/1749 1779/1748/1751 1778/1747/1750
f 1778/1747/1750 1780/1749/1752 1777/1746/1749
f 1781/1750/1753 1783/1752/1755 1782/1751/1754
f 1782/1751/1754 1784/1753/1756 1781/1750/1753
f 1785/1754/1757 1787/1756/1759 1786/1755/1758
f 1786/1755/1758 1788/1757/1760 1785/1754/1757
f 1789/1758/1761 1791/1760/1763 1790/1759/1762
f 1790/1759/1762 1792/1761/687 1789/1758/1761
f 1793/1762/1764 1795/1764/1766 1794/1763/1765
f 1794/1763/1765 1796/1765/1767 1793/1762/1764
f 1797/1766/1768 1799/1768/1770 1798/1767/1769
f 1798/1767/1769 1800/1769/1771 1797/1766/1768
f 1801/1770/1772 1803/1772/1774 1802/1771/1773
f 1802/1771/1773 1804/1773/1775 1801/1770/1772
f 1805/1774/1776 1807/1776/1778 1806/1775/1777
f 1806/1775/1777 1808/1777/1779 1805/1774/1776
f 1809/1778/1780 1811/1780/1782 1810/1779/1781
f 1810/1779/1781 1812/1781/274 1809/1778/1780
f 1813/1782/1783 1815/1784/1785 1814/1783/1784
f 1814/1783/1784 1816/1785/1786 1813/1782/1783
f 1817/1786/1787 1819/1788/1789 1818/1787/1788
f 1818/1787/1788 1820/1789/1790 1817/1786/1787
f 1821/1790/1791 1823/1792/1793 1822/1791/1792
f 1822/1791/1792 1824/1793/1794 1821/1790/1791
f 1825/1794/1795 1827/1796/1797 1826/1795/1796
f 1826/1795/1796 1828/1797/1798 1825/1794/1795
f 1829/1798/1799 1831/1800/1801 1830/1799/1800
f 1830/1799/1800 1832/1801/1802 1829/1798/1799
f 1833/1802/1803 1835/1804/1805 1834/1803/1804
f 1834/1803/1804 1836/1805/1806 1833/1802/1803
f 1837/1806/1807 1839/1808/1809 1838/1807/1808
f 1838/1807/1808 1840/1809/1810 1837/1806/1807
f 1841/1810/1811 1843/1812/1813 1842/1811/1812
f 1842/1811/1812 1844/1813/1814 1841/1810/1811
f 1845/1814/1815 1847/1816/1817 1846/1815/1816
f 1848/1817/1818 1850/1819/1820 1849/1818/1819
f 1851/1820/1821 1853/1822/1823 1852/1821/1822
f 1854/1823/1824 1856/1825/1826 1855/1824/1825
f 1857/1826/1827 1859/1828/1829 1858/1827/1828
f 1860/1829/1830 1862/1831/1832 1861/1830/1831
f 1863/1832/1833 1865/1834/1835 1864/1833/1834
f 1866/1835/1836 1868/1837/1838 1867/1836/1837
f 1869/1838/1839 1871/1840/1841 1870/1839/1840
f 1872/1841/1842 1874/1843/1844 1873/1842/1843
f 1875/1844/1845 1877/1846/1847 1876/1845/1846
f 1878/1847/1848 1880/1849/1850 1879/1848/1849
f 1881/1850/1851 1883/1852/1853 1882/1851/1852
f 1884/1853/935 1886/1855/1855 1885/1854/1854
f 1887/1856/1856 1889/1858/1858 1888/1857/1857
f 1890/1859/1859 1892/1861/1861 1891/1860/1860
f 1893/1862/1862 1895/1864/1864 1894/1863/1863
f 1896/1865/1865 1898/1867/1866 1897/1866/1169
f 1899/1868/1867 1901/1870/1869 1900/1869/1868
f 1902/1871/1870 1904/1873/1871 1903/1872/1647
f 1905/1874/1872 1907/1876/1874 1906/1875/1873
f 1908/1877/1292 1910/1879/1290 1909/1878/1875
f 1911/1880/1876 1913/1882/1878 1912/1881/1877
f 1914/1883/1879 1916/1885/1881 1915/1884/1880
f 1917/1886/1882 1919/1888/1884 1918/1887/1883
f 1920/1889/1885 1922/1891/1887 1921/1890/1886
f 1923/1892/1888 1925/1894/1890 1924/1893/1889
f 1926/1895/1891 1928/1897/1893 1927/1896/1892
f 1929/1898/88 1931/1900/1895 1930/1899/1894
f 1932/1901/1896 1934/1903/1898 1933/1902/1897
f 1935/1904/1899 1937/1906/1901 1936/1905/1900
f 1938/1907/1902 1940/1909/1904 1939/1908/1903
f 1941/1910/1905 1943/1912/1907 1942/1911/1906
f 1944/1913/550 1946/1915/1909 1945/1914/1908
f 1947/1916/1910 1949/1918/1912 1948/1917/1911
f 1950/1919/1913 1952/1921/1915 1951/1920/1914
f 1953/1922/1916 1955/1924/1918 1954/1923/1917
f 1956/1925/1919 1958/1927/1921 1957/1926/1920
f 1959/1928/1922 1961/1930/1924 1960/1929/1923
f 1962/1931/1925 1964/1933/1927 1963/1932/1926
f 1965/1934/1928 1967/1936/1930 1966/1935/1929
f 1968/1937/1931 1970/1939/1933 1969/1938/1932
f 1971/1940/1934 1973/1942/35 1972/1941/1935
f 1974/1943/1936 1976/1945/1938 1975/1944/1937
f 1977/1946/1939 1979/1948/1941 1978/1947/1940
f 1980/1949/1942 1982/1951/1944 1981/1950/1943
f 1983/1952/1945 1985/1954/1947 1984/1953/1946
f 1986/1955/1948 1988/1957/1950 1987/1956/1949
f 1989/1958/1951 1991/1960/1953 1990/1959/1952
f 1992/1961/1954 1994/1963/1956 1993/1962/1955
f 1995/1964/1957 1997/1966/1959 1996/1965/1958
f 1998/1967/1960 2000/1969/1962 1999/1968/1961
f 2001/1970/1963 2003/1972/1965 2002/1971/1964
f 2004/1973/1966 2006/1975/1968 2005/1974/1967
f 2007/1976/1969 2009/1978/1971 2008/1977/1970
f 2010/1979/1972 2012/1981/1974 2011/1980/1973
f 2013/1982/1975 2015/1984/1977 2014/1983/1976
f 2016/1985/1978 2018/1987/1980 2017/1986/1979
f 2019/1988/1981 2021/1990/1983 2020/1989/1982
f 2022/1991/1984 2024/1993/1986 2023/1992/1985
f 2025/1994/1987 2027/1996/1989 2026/1995/1988
f 2028/1997/1990 2030/1999/1992 2029/1998/1991
f 2031/2000/1993 2033/2002/1995 2032/2001/1994
f 2034/2003/1996 2036/2005/1998 2035/2004/1997
f 2037/2006/1999 2039/2008/2001 2038/2007/2000
f 2040/2009/2002 2042/2011/2004 2041/2010/2003
f 2043/2012/899 2045/2014/2006 2044/2013/2005
f 2046/2015/2007 2048/2017/2009 2047/2016/2008
f 2049/2018/2010 2051/2020/2012 2050/2019/2011
f 2052/2021/2013 2054/2023/2015 2053/2022/2014
f 2055/2024/2016 2057/2026/2018 2056/2025/2017
f 2058/2027/2019 2060/2029/2021 2059/2028/2020
f 2061/2030/2022 2063/2032/2024 2062/2031/2023
f 2064/2033/2025 2066/2035/2027 2065/2034/2026
f 2067/2036/2028 2069/2038/2030 2068/2037/2029
f 2070/2039/2031 2072/2041/2033 2071/2040/2032
f 2073/2042/2034 2075/2044/2036 2074/2043/2035
f 2076/2045/2037 2078/2047/2039 2077/2046/2038
f 2079/2048/2040 2081/2050/2042 2080/2049/2041
f 2082/2051/2043 2084/2053/2045 2083/2052/2044
f 2085/2054/2046 2087/2056/2048 2086/2055/2047
f 2088/2057/2049 2090/2059/2051 2089/2058/2050
f 2091/2060/2052 2093/2062/2054 2092/2061/2053
f 2094/2063/2055 2096/2065/2057 2095/2064/2056
f 2097/2066/2058 2099/2068/2060 2098/2067/2059
f 2100/2069/2061 2102/2071/2062 2101/2070/1622
f 2103/2072/2063 2105/2074/2065 2104/2073/2064
f 2106/2075/2066 2108/2077/2068 2107/2076/2067
f 2109/2078/2069 2111/2080/2071 2110/2079/2070
f 2112/2081/2072 2114/2083/2074 2113/2082/2073
f 2115/2084/2075 2117/2086/2077 2116/2085/2076
f 2118/2087/2078 2120/2089/2080 2119/2088/2079
f 2121/2090/2081 2123/2092/2083 2122/2091/2082
f 2124/2093/2084 2126/2095/2086 2125/2094/2085
f 2127/2096/2087 2129/2098/2089 2128/2097/2088
f 2130/2099/2090 2132/2101/2092 2131/2100/2091
f 2133/2102/2093 2135/2104/2095 2134/2103/2094
f 2136/2105/2096 2138/2107/2098 2137/2106/2097
f 2139/2108/2099 2141/2110/2101 2140/2109/2100
f 2142/2111/2102 2144/2113/2104 2143/2112/2103
f 2145/2114/2105 2147/2116/2107 2146/2115/2106
f 2148/2117/2108 2150/2119/2110 2149/2118/2109
f 2151/2120/2111 2153/2122/2113 2152/2121/2112
f 2152/2121/2112 2154/2123/2114 2151/2120/2111
f 2155/2124/2115 2151/2120/2111 2154/2123/2114
f 2154/2123/2114 2156/2120/2116 2155/2124/2115
f 2157/2125/2117 2155/2124/2115 2156/2120/2116
f 2156/2120/2116 2158/2126/2118 2157/2125/2117
f 2159/2127/2119 2157/2125/2117 2158/2126/2118
f 2158/2126/2118 2160/2128/2120 2159/2127/2119
f 2161/2129/2121 2159/2127/2119 2160/2128/2120
f 2162/2130/2122 2164/2132/2124 2163/2131/2123
f 2165/2133/2125 2163/2131/2123 2164/2132/2124
f 2164/2132/2124 2166/2134/2126 2165/2133/2125
f 2167/2135/2127 2165/2133/2125 2166/2134/2126
f 2166/2134/2126 2168/2136/2128 2167/2135/2127
f 2169/2137/2129 2167/2135/2127 2168/2136/2128
f 2168/2136/2128 2170/2135/2130 2169/2137/2129
f 2171/2138/2131 2169/2137/2129 2170/2135/2130
f 2170/2135/2130 2172/2139/2132 2171/2138/2131
f 2173/2140/2133 2171/2138/2131 2172/2139/2132
f 2172/2139/2132 2174/2141/2134 2173/2140/2133
f 2175/2142/2135 2173/2140/2133 2174/2141/2134
f 2181/2143/2136 2183/2145/2138 2182/2144/2137
f 2182/2144/2137 2184/2146/2139 2181/2143/2136
f 2185/2147/2140 2181/2143/2136 2184/2146/2139
f 2184/2146/2139 2186/2143/2141 2185/2147/2140
f 2187/2148/2142 2185/2147/2140 2186/2143/2141
f 2186/2143/2141 2188/2149/2143 2187/2148/2142
f 2189/2150/2144 2187/2148/2142 2188/2149/2143
f 2188/2149/2143 2190/2151/2145 2189/2150/2144
f 2191/2152/2146 2189/2150/2144 2190/2151/2145
f 2190/2151/2145 2192/2153/2147 2191/2152/2146
f 2193/2154/2148 2191/2152/2146 2192/2153/2147
f 2192/2153/2147 2194/2155/2149 2193/2154/2148
f 2195/2156/2150 2193/2154/2148 2194/2155/2149
f 2194/2155/2149 2196/2157/2151 2195/2156/2150
f 2197/2158/2152 2195/2156/2150 2196/2157/2151
f 2196/2157/2151 2198/2156/2153 2197/2158/2152
f 2199/2159/2154 2197/2158/2152 2198/2156/2153
f 2198/2156/2153 2200/2160/2155 2199/2159/2154
f 2201/2161/2156 2203/2163/2158 2202/2162/2157
f 2202/2162/2157 2204/2163/2159 2201/2161/2156
f 2205/2164/2160 2201/2161/2156 2204/2163/2159
f 2204/2163/2159 2206/2165/2161 2205/2164/2160
f 2207/2166/2162 2205/2164/2160 2206/2165/2161
f 2206/2165/2161 2208/2167/2163 2207/2166/2162
f 2209/2168/2164 2207/2166/2162 2208/2167/2163
f 2208/2167/2163 2210/2169/2165 2209/2168/2164
f 2211/2170/2166 2209/2168/2164 2210/2169/2165
f 2210/2169/2165 2212/2171/2167 2211/2170/2166
f 2213/2172/2168 2211/2170/2166 2212/2171/2167
f 2212/2171/2167 2214/2173/2169 2213/2172/2168
f 2215/2174/2170 2213/2172/2168 2214/2173/2169
f 2214/2173/2169 2216/2172/2171 2215/2174/2170
f 2217/2175/2172 2215/2174/2170 2216/2172/2171
f 2216/2172/2171 2218/2176/2173 2217/2175/2172
f 2219/2177/2174 2217/2175/2172 2218/2176/2173
f 2218/2176/2173 2220/2178/2175 2219/2177/2174
f 2221/2179/2176 2223/2181/2178 2222/2180/2177
f 2222/2180/2177 2224/2182/2179 2221/2179/2176
f 2225/2183/2180 2221/2179/2176 2224/2182/2179
f 2224/2182/2179 2226/2184/2181 2225/2183/2180
f 2227/2185/2182 2225/2183/2180 2226/2184/2181
f 2226/2184/2181 2228/2183/2183 2227/2185/2182
f 2229/2186/2184 2227/2185/2182 2228/2183/2183
f 2228/2183/2183 2230/2187/2185 2229/2186/2184
f 2231/2188/2186 2229/2186/2184 2230/2187/2185
f 2230/2187/2185 2232/2189/2187 2231/2188/2186
f 2233/2190/2188 2231/2188/2186 2232/2189/2187
f 2232/2189/2187 2234/2188/2189 2233/2190/2188
f 2235/2191/2190 2237/2193/2192 2236/2192/2191
f 2236/2192/2191 2238/2194/2193 2235/2191/2190
f 2239/2195/2194 2235/2191/2190 2238/2194/2193
f 2238/2194/2193 2240/2196/2195 2239/2195/2194
f 2241/2197/2196 2239/2195/2194 2240/2196/2195
f 2242/2198/2197 2244/2200/2199 2243/2199/2198
f 2243/2199/2198 2245/2201/2200 2242/2198/2197
f 2246/2202/2201 2242/2198/2197 2245/2201/2200
f 2247/2203/2202 2249/2205/2204 2248/2204/2203
f 2248/2204/2203 2250/2206/2205 2247/2203/2202
f 2251/2207/2206 2247/2203/2202 2250/2206/2205
f 2250/2206/2205 2252/2208/2207 2251/2207/2206
f 2253/2209/2208 2251/2207/2206 2252/2208/2207
f 2252/2208/2207 2254/2210/2209 2253/2209/2208
f 2255/2211/2210 2253/2209/2208 2254/2210/2209
f 2254/2210/2209 2256/2212/2211 2255/2211/2210
f 2257/2213/2212 2255/2211/2210 2256/2212/2211
f 2256/2212/2211 2258/2214/2213 2257/2213/2212
f 2259/2215/2214 2257/2213/2212 2258/2214/2213
f 2258/2214/2213 2260/2213/2215 2259/2215/2214
f 2261/2216/2216 2263/2218/2218 2262/2217/2217
f 2262/2217/2217 2264/2219/2219 2261/2216/2216
f 2265/2220/2220 2261/2216/2216 2264/2219/2219
f 2264/2219/2219 2266/2221/2221 2265/2220/2220
f 2267/2222/2222 2265/2220/2220 2266/2221/2221
f 2266/2221/2221 2268/2223/2223 2267/2222/2222
f 2269/2220/2224 2267/2222/2222 2268/2223/2223
f 2268/2223/2223 2270/2221/2225 2269/2220/2224
f 2271/2216/2226 2269/2220/2224 2270/2221/2225
f 2270/2221/2225 2272/2219/2227 2271/2216/2226
f 2273/2218/2228 2271/2216/2226 2272/2219/2227
f 2272/2219/2227 2274/2217/2229 2273/2218/2228
f 2275/2224/2230 2277/2226/2232 2276/2225/2231
f 2276/2225/2231 2278/2227/2233 2275/2224/2230
f 2279/2228/2234 2275/2224/2230 2278/2227/2233
f 2278/2227/2233 2280/2229/2235 2279/2228/2234
f 2281/2230/2236 2279/2228/2234 2280/2229/2235
f 2280/2229/2235 2282/2227/2237 2281/2230/2236
f 2283/2228/2238 2281/2230/2236 2282/2227/2237
f 2282/2227/2237 2284/2225/2239 2283/2228/2238
f 2285/2224/2240 2283/2228/2238 2284/2225/2239
f 2284/2225/2239 2286/2231/2241 2285/2224/2240
f 2287/2226/2242 2285/2224/2240 2286/2231/2241
f 2286/2231/2241 2288/2225/2243 2287/2226/2242
f 2289/2232/2244 2291/2234/2246 2290/2233/2245
f 2290/2233/2245 2292/2235/2247 2289/2232/2244
f 2293/2236/2248 2289/2232/2244 2292/2235/2247
f 2292/2235/2247 2294/2237/2249 2293/2236/2248
f 2295/2238/2250 2293/2236/2248 2294/2237/2249
f 2294/2237/2249 2296/2235/2251 2295/2238/2250
f 2297/2236/2252 2295/2238/2250 2296/2235/2251
f 2296/2235/2251 2298/2233/2253 2297/2236/2252
f 2299/2232/2254 2297/2236/2252 2298/2233/2253
f 2298/2233/2253 2300/2239/2255 2299/2232/2254
f 2301/2234/2256 2299/2232/2254 2300/2239/2255
f 2302/2240/2257 2304/2242/2259 2303/2241/2258
f 2303/2241/2258 2305/2243/2260 2302/2240/2257
f 2306/2244/2261 2302/2240/2257 2305/2243/2260
f 2307/2245/2262 2309/2247/2264 2308/2246/2263
f 2310/2248/2265 2308/2246/2263 2309/2247/2264
f 2309/2247/2264 2311/2249/2266 2310/2248/2265
f 2314/2250/2267 2316/2252/2269 2315/2251/2268
f 2315/2251/2268 2317/2252/2270 2314/2250/2267
f 2318/2253/2271 2314/2250/2267 2317/2252/2270
f 2317/2252/2270 2319/2254/2272 2318/2253/2271
f 2320/2255/2273 2318/2253/2271 2319/2254/2272
f 2319/2254/2272 2321/2256/2274 2320/2255/2273
f 2322/2257/2275 2320/2255/2273 2321/2256/2274
f 2321/2256/2274 2323/2255/2276 2322/2257/2275
f 2324/2258/2277 2326/2260/2279 2325/2259/2278
f 2325/2259/2278 2327/2260/2280 2324/2258/2277
f 2328/2261/2281 2324/2258/2277 2327/2260/2280
f 2327/2260/2280 2329/2262/2282 2328/2261/2281
f 2330/2263/2283 2332/2265/2285 2331/2264/2284
f 2331/2264/2284 2333/2265/2286 2330/2263/2283
f 2334/2266/2287 2330/2263/2283 2333/2265/2286
f 2333/2265/2286 2335/2267/2288 2334/2266/2287
f 2336/2268/2289 2334/2266/2287 2335/2267/2288
f 2335/2267/2288 2337/2269/2290 2336/2268/2289
f 2338/2270/2291 2336/2268/2289 2337/2269/2290
f 2337/2269/2290 2339/2271/2292 2338/2270/2291
f 2340/2272/2293 2342/2274/2295 2341/2273/2294
f 2343/2275/2296 2345/2277/2298 2344/2276/2297
f 2344/2276/2297 2346/2278/2299 2343/2275/2296
f 2347/2279/2300 2343/2275/2296 2346/2278/2299
f 2346/2278/2299 2348/2280/2301 2347/2279/2300
f 2349/2281/2302 2347/2279/2300 2348/2280/2301
f 2348/2280/2301 2350/2282/2303 2349/2281/2302
f 2351/2283/2304 2349/2281/2302 2350/2282/2303
f 2352/2284/2305 2354/2286/2307 2353/2285/2306
f 2353/2285/2306 2355/2287/2308 2352/2284/2305
f 2356/2288/2309 2352/2284/2305 2355/2287/2308
f 2355/2287/2308 2357/2289/2310 2356/2288/2309
f 2358/2290/2311 2360/2292/2229 2359/2291/2312
f 2359/2291/2312 2361/2293/2313 2358/2290/2311
f 2362/2294/2314 2358/2290/2311 2361/2293/2313
f 2361/2293/2313 2363/2295/2315 2362/2294/2314
f 2364/2296/2316 2362/2294/2314 2363/2295/2315
f 2363/2295/2315 2365/2294/2317 2364/2296/2316
f 2366/2297/2318 2368/2299/2320 2367/2298/2319
f 2367/2298/2319 2369/2300/2321 2366/2297/2318
f 2370/2301/2322 2366/2297/2318 2369/2300/2321
f 2369/2300/2321 2371/2302/2323 2370/2301/2322
f 2372/2303/2324 2370/2301/2322 2371/2302/2323
f 2371/2302/2323 2373/2301/2325 2372/2303/2324
f 2374/2304/2326 2376/2306/2328 2375/2305/2327
f 2375/2305/2327 2377/2307/2329 2374/2304/2326
f 2378/2308/2330 2380/2310/2332 2379/2309/2331
f 2379/2309/2331 2381/2311/2333 2378/2308/2330
f 2382/2312/2334 2378/2308/2330 2381/2311/2333
f 2381/2311/2333 2383/2313/2335 2382/2312/2334
f 2384/2314/2336 2382/2312/2334 2383/2313/2335
f 2385/2315/2337 2387/2317/2339 2386/2316/2338
f 2386/2316/2338 2388/2318/2340 2385/2315/2337
f 2389/2319/2341 2385/2315/2337 2388/2318/2340
f 2388/2318/2340 2390/2320/2342 2389/2319/2341
f 2391/2321/2343 2389/2319/2341 2390/2320/2342
f 2392/2322/2344 2394/2324/2346 2393/2323/2345
f 2393/2323/2345 2395/2325/2347 2392/2322/2344
f 2396/2326/2348 2392/2322/2344 2395/2325/2347
f 2395/2325/2347 2397/2327/2349 2396/2326/2348
f 2398/2328/2350 2396/2326/2348 2397/2327/2349
f 2399/2329/2351 2401/2331/2353 2400/2330/2352
f 2400/2330/2352 2402/2332/2354 2399/2329/2351
f 2403/2333/2355 2399/2329/2351 2402/2332/2354
f 2402/2332/2354 2404/2334/2356 2403/2333/2355
f 2405/2335/2357 2403/2333/2355 2404/2334/2356
f 2406/2336/2358 2408/2338/2360 2407/2337/2359
f 2407/2337/2359 2409/2339/2361 2406/2336/2358
f 2410/2340/2362 2406/2336/2358 2409/2339/2361
f 2409/2339/2361 2411/2341/2363 2410/2340/2362
f 2412/2342/2364 2410/2340/2362 2411/2341/2363
f 2413/2343/2365 2415/2345/2367 2414/2344/2366
f 2414/2344/2366 2416/2345/2368 2413/2343/2365
f 2417/2346/2369 2413/2343/2365 2416/2345/2368
f 2416/2345/2368 2418/2347/2370 2417/2346/2369
f 2419/2348/2371 2421/2350/2373 2420/2349/2372
f 2420/2349/2372 2422/2351/2374 2419/2348/2371
f 2423/2352/2375 2419/2348/2371 2422/2351/2374
f 2422/2351/2374 2424/2348/2376 2423/2352/2375
f 2425/2353/2377 2427/2355/2379 2426/2354/2378
f 2426/2354/2378 2428/2356/2380 2425/2353/2377
f 2429/2357/2381 2425/2353/2377 2428/2356/2380
f 2430/2358/2382 2432/2360/2384 2431/2359/2383
f 2431/2359/2383 2433/2361/2385 2430/2358/2382
f 2434/2362/2386 2430/2358/2382 2433/2361/2385
f 2435/2363/2387 2437/2365/2389 2436/2364/2388
f 2436/2364/2388 2438/2366/2390 2435/2363/2387
f 2439/2367/2391 2435/2363/2387 2438/2366/2390
f 2441/2368/2392 2442/2370/2394 2440/2369/2393
f 2445/2371/2395 2447/2373/2396 2446/2372/2316
f 2446/2372/2316 2448/2374/2397 2445/2371/2395
f 2449/2375/2398 2451/2377/2400 2450/2376/2399
f 2450/2376/2399 2452/2378/2401 2449/2375/2398
f 2453/2379/2402 2455/2381/2280 2454/2380/2403
f 2454/2380/2403 2456/2382/2404 2453/2379/2402
f 2457/2383/2405 2459/2385/2407 2458/2384/2406
f 2458/2384/2406 2460/2386/2408 2457/2383/2405
f 2461/2387/2409 2463/2389/2411 2462/2388/2410
f 2462/2388/2410 2464/2390/2412 2461/2387/2409
f 2465/2391/2413 2467/2393/2415 2466/2392/2414
f 2466/2392/2414 2468/2394/2416 2465/2391/2413
f 2469/2395/2417 2471/2397/2419 2470/2396/2418
f 2470/2396/2418 2472/2398/2420 2469/2395/2417
f 2473/2399/2421 2475/2401/2423 2474/2400/2422
f 2474/2400/2422 2476/2402/2424 2473/2399/2421
f 2479/2403/2425 2481/2405/2427 2480/2404/2426
f 2484/2406/2428 2486/2408/2430 2485/2407/2429
f 2487/2409/2431 2489/2411/2433 2488/2410/2432
f 2490/2412/2434 2492/2414/2436 2491/2413/2435
f 2493/2415/2437 2495/2417/2439 2494/2416/2438
f 2496/2418/2440 2498/2420/2442 2497/2419/2441
f 2499/2421/2443 2501/2423/2445 2500/2422/2444
f 2502/2424/2446 2504/2426/2448 2503/2425/2447
f 2503/2425/2447 2505/2427/2449 2502/2424/2446
f 2506/2428/2450 2502/2424/2446 2505/2427/2449
f 2505/2427/2449 2507/2429/2451 2506/2428/2450
f 2508/2430/2452 2510/2432/2454 2509/2431/2453
f 2511/2433/2455 2513/2435/2457 2512/2434/2456
f 2514/2436/2458 2516/2438/2460 2515/2437/2459
f 2517/2439/2461 2519/2441/2463 2518/2440/2462
f 2520/2442/2464 2522/2444/2466 2521/2443/2465
f 2523/2445/2467 2525/2447/2469 2524/2446/2468
f 2526/2448/2470 2528/2450/2472 2527/2449/2471
f 2529/2451/2473 2531/2453/2475 2530/2452/2474
f 2532/2454/2476 2534/2456/2478 2533/2455/2477
f 2533/2455/2477 2535/2457/2479 2532/2454/2476
f 2536/2458/2480 2532/2454/2476 2535/2457/2479
f 2535/2457/2479 2537/2459/2481 2536/2458/2480
f 2538/2460/2482 2536/2458/2480 2537/2459/2481
f 2537/2459/2481 2539/2461/2483 2538/2460/2482
f 2540/2462/2484 2542/2464/2486 2541/2463/2485
f 2541/2463/2485 2543/2465/2487 2540/2462/2484
f 2544/2466/2488 2540/2462/2484 2543/2465/2487
f 2543/2465/2487 2545/2467/2489 2544/2466/2488
f 2546/2468/2483 2544/2466/2488 2545/2467/2489
f 2547/2469/2490 2549/2471/2492 2548/2470/2491
f 2548/2470/2491 2550/2472/2493 2547/2469/2490
f 2551/2473/2494 2547/2469/2490 2550/2472/2493
f 2550/2472/2493 2552/2474/2495 2551/2473/2494
f 2553/2475/2492 2555/2477/2492 2554/2476/2496
f 2554/2476/2496 2556/2478/2489 2553/2475/2492
f 2557/2479/2491 2553/2475/2492 2556/2478/2489
f 2558/2480/2497 2560/2482/2499 2559/2481/2498
f 2561/2483/2492 2563/2485/2492 2562/2484/2496
f 2564/2486/2500 2566/2488/2500 2565/2487/2500
f 2567/2489/2500 2569/2491/2500 2568/2490/2501
f 2570/2492/2502 2572/2494/2502 2571/2493/2502
f 2573/2495/2502 2575/2497/2502 2574/2496/2502
f 2576/2498/2503 2578/2500/2504 2577/2499/2504
f 2577/2499/2504 2579/2501/2504 2576/2498/2503
f 2580/2502/2505 2582/2504/2505 2581/2503/2505
f 2581/2503/2505 2583/2505/2506 2580/2502/2505
f 2584/2506/2507 2586/2508/2507 2585/2507/2507
f 2587/2509/2507 2589/2511/2507 2588/2510/2507
f 2590/2512/2508 2592/2514/2508 2591/2513/2508
f 2593/2515/2508 2595/2517/2508 2594/2516/2508
f 2596/2518/2509 2598/2520/2511 2597/2519/2510
f 2597/2519/2510 2599/2521/2512 2596/2518/2509
f 2600/2522/2513 2596/2518/2509 2599/2521/2512
f 2601/2523/2514 2603/2525/2516 2602/2524/2515
f 2602/2524/2515 2604/2526/2517 2601/2523/2514
f 2605/2527/2518 2601/2523/2514 2604/2526/2517
f 2606/2528/2519 2608/2530/2521 2607/2529/2520
f 2607/2529/2520 2609/2531/2522 2606/2528/2519
f 2610/2532/2523 2612/2534/2525 2611/2533/2524
f 2611/2533/2524 2613/2535/2526 2610/2532/2523
f 2614/2536/2527 2616/2538/2529 2615/2537/2528
f 2615/2537/2528 2617/2539/2530 2614/2536/2527
f 2618/2540/2531 2620/2542/2533 2619/2541/2532
f 2619/2541/2532 2621/2543/2534 2618/2540/2531
f 2622/2544/2535 2624/2546/2537 2623/2545/2536
f 2623/2545/2536 2625/2547/90 2622/2544/2535
f 2626/2548/2538 2628/2550/2540 2627/2549/2539
f 2627/2549/2539 2629/2551/2541 2626/2548/2538
f 2630/2552/2542 2626/2548/2538 2629/2551/2541
f 2629/2551/2541 2631/2553/2543 2630/2552/2542
f 2632/2551/2544 2630/2552/2542 2631/2553/2543
f 2633/2554/2545 2635/2556/2547 2634/2555/2546
f 2634/2555/2546 2636/2557/2548 2633/2554/2545
f 2637/2558/2549 2633/2554/2545 2636/2557/2548
f 2636/2557/2548 2638/2559/2550 2637/2558/2549
f 2639/2557/2551 2637/2558/2549 2638/2559/2550
f 2640/2560/2552 2642/2562/2554 2641/2561/2553
f 2641/2561/2553 2643/2563/2555 2640/2560/2552
f 2644/2564/2556 2640/2560/2552 2643/2563/2555
f 2643/2563/2555 2645/2565/2557 2644/2564/2556
f 2646/2566/2558 2644/2564/2556 2645/2565/2557
f 2647/2567/2559 2649/2569/2561 2648/2568/2560
f 2648/2568/2560 2650/2570/2562 2647/2567/2559
f 2651/2571/2563 2647/2567/2559 2650/2570/2562
f 2650/2570/2562 2652/2572/2564 2651/2571/2563
f 2653/2573/2565 2651/2571/2563 2652/2572/2564
f 2654/2574/2566 2656/2576/2568 2655/2575/2567
f 2655/2575/2567 2657/2577/2569 2654/2574/2566
f 2658/2578/2570 2654/2574/2566 2657/2577/2569
f 2659/2579/2571 2661/2581/2573 2660/2580/2572
f 2660/2580/2572 2662/2582/2574 2659/2579/2571
f 2663/2583/2575 2659/2579/2571 2662/2582/2574
f 2664/2584/2576 2666/2586/2578 2665/2585/2577
f 2665/2585/2577 2667/2587/2579 2664/2584/2576
f 2668/2588/2580 2664/2584/2576 2667/2587/2579
f 2669/2589/2581 2671/2591/2583 2670/2590/2582
f 2670/2590/2582 2672/2592/2584 2669/2589/2581
f 2673/2593/2585 2669/2589/2581 2672/2592/2584
f 2674/2594/2586 2676/2596/2588 2675/2595/2587
f 2675/2595/2587 2677/2597/2589 2674/2594/2586
f 2678/2598/2590 2674/2594/2586 2677/2597/2589
f 2679/2599/2591 2681/2601/2593 2680/2600/2592
f 2680/2600/2592 2682/2602/2594 2679/2599/2591
f 2683/2603/2595 2685/2605/2597 2684/2604/2596
f 2686/2606/2598 2688/2608/2600 2687/2607/2599
f 2689/2609/2601 2691/2611/2603 2690/2610/2602
f 2692/2612/2604 2694/2614/2606 2693/2613/2605
f 2695/2615/2607 2697/2617/2609 2696/2616/2608
f 2698/2618/2610 2700/2620/2612 2699/2619/2611
f 2701/2621/2613 2703/2623/2615 2702/2622/2614
f 2704/2624/2616 2706/2626/2615 2705/2625/2617
f 2707/2627/2618 2709/2629/2620 2708/2628/2619
f 2708/2628/2619 2710/2630/2621 2707/2627/2618
f 2711/2631/2622 2707/2627/2618 2710/2630/2621
f 2712/2632/2623 2714/2634/2625 2713/2633/2624
f 2713/2633/2624 2715/2634/2626 2712/2632/2623
f 2716/2635/2627 2712/2632/2623 2715/2634/2626
f 2717/2636/2628 2719/2638/2630 2718/2637/2629
f 2718/2637/2629 2720/2639/2631 2717/2636/2628
f 2721/2640/2632 2717/2636/2628 2720/2639/2631
f 2726/2641/2633 2728/2643/2635 2727/2642/2634
f 2727/2642/2634 2729/2644/2636 2726/2641/2633
f 2730/2645/2637 2732/2647/2639 2731/2646/2638
f 2731/2646/2638 2733/2648/2640 2730/2645/2637
f 2734/2649/2641 2736/2651/2643 2735/2650/2642
f 2735/2650/2642 2737/2652/2644 2734/2649/2641
f 2738/2653/2645 2740/2655/2647 2739/2654/2646
f 2739/2654/2646 2741/2656/2648 2738/2653/2645
f 2742/2657/2648 2744/2659/2650 2743/2658/2649
f 2743/2658/2649 2745/2660/2651 2742/2657/2648
f 2746/2661/2652 2748/2663/2654 2747/2662/2653
f 2749/2664/2655 2751/2666/2657 2750/2665/2656
f 2752/2667/2658 2754/2669/2659 2753/2668/2637
f 2755/2670/2660 2757/2672/2661 2756/2671/2640
f 2758/2673/2662 2760/2675/2664 2759/2674/2663
f 2761/2676/2663 2763/2678/2666 2762/2677/2665
f 2764/2679/2663 2766/2681/2668 2765/2680/2667
f 2767/2682/2669 2769/2684/2671 2768/2683/2670
f 2770/2685/2672 2772/2687/2674 2771/2686/2673
f 2773/2688/2642 2775/2690/2675 2774/2689/2644
f 2776/2691/2676 2778/2693/2678 2777/2692/2677
f 2779/2694/2679 2781/2696/2681 2780/2695/2680
f 2782/2697/2682 2784/2699/2684 2783/2698/2683
f 2785/2700/2685 2787/2702/2687 2786/2701/2686
f 2788/2703/2688 2790/2705/2690 2789/2704/2689
f 2791/2706/2621 2793/2708/2692 2792/2707/2691
f 2794/2709/2693 2796/2711/2695 2795/2710/2694
f 2797/2712/2696 2799/2714/2698 2798/2713/2697
f 2800/2715/2699 2802/2717/2701 2801/2716/2700
f 2803/2718/2702 2805/2720/2704 2804/2719/2703
f 2804/2719/2703 2806/2721/2705 2803/2718/2702
f 2807/2722/2706 2803/2718/2702 2806/2721/2705
f 2808/2723/2707 2810/2725/2709 2809/2724/2708
f 2809/2724/2708 2811/2726/2710 2808/2723/2707
f 2812/2727/2711 2808/2723/2707 2811/2726/2710
f 2811/2726/2710 2813/2728/2712 2812/2727/2711
f 2814/2729/2713 2812/2727/2711 2813/2728/2712
f 2815/2730/2714 2817/2732/2716 2816/2731/2715
f 2816/2731/2715 2818/2733/2717 2815/2730/2714
f 2819/2734/2718 2815/2730/2714 2818/2733/2717
f 2818/2733/2717 2820/2735/2718 2819/2734/2718
f 2821/2733/2719 2819/2734/2718 2820/2735/2718
f 2822/2736/2720 2824/2738/2722 2823/2737/2721
f 2823/2737/2721 2825/2739/2723 2822/2736/2720
f 2826/2740/2724 2822/2736/2720 2825/2739/2723
f 2825/2739/2723 2827/2741/2725 2826/2740/2724
f 2828/2739/2726 2826/2740/2724 2827/2741/2725
f 2829/2742/2727 2831/2744/2558 2830/2743/2728
f 2830/2743/2728 2832/2745/2729 2829/2742/2727
f 2833/2746/2730 2829/2742/2727 2832/2745/2729
f 2832/2745/2729 2834/2747/2731 2833/2746/2730
f 2835/2748/2732 2833/2746/2730 2834/2747/2731
f 2836/2749/2733 2838/2751/2735 2837/2750/2734
f 2837/2750/2734 2839/2752/2736 2836/2749/2733
f 2840/2753/2737 2836/2749/2733 2839/2752/2736
f 2841/2754/2738 2843/2756/2740 2842/2755/2739
f 2842/2755/2739 2844/2757/2741 2841/2754/2738
f 2845/2758/2742 2841/2754/2738 2844/2757/2741
f 2846/2759/2743 2848/2761/2745 2847/2760/2744
f 2847/2760/2744 2849/2762/2746 2846/2759/2743
f 2850/2763/2747 2846/2759/2743 2849/2762/2746
f 2851/2764/2748 2853/2766/2750 2852/2765/2749
f 2852/2765/2749 2854/2767/2751 2851/2764/2748
f 2855/2768/2752 2851/2764/2748 2854/2767/2751
f 2856/2769/2753 2858/2771/2755 2857/2770/2754
f 2857/2770/2754 2859/2772/2756 2856/2769/2753
f 2860/2773/2757 2856/2769/2753 2859/2772/2756
f 2861/2774/2758 2863/2776/2760 2862/2775/2759
f 2862/2775/2759 2864/2777/2761 2861/2774/2758
f 2865/2778/2762 2867/2780/2764 2866/2779/2763
f 2866/2779/2763 2868/2781/2765 2865/2778/2762
f 2869/2782/2766 2871/2784/2768 2870/2783/2767
f 2870/2783/2767 2872/2785/2769 2869/2782/2766
f 2873/2786/2770 2875/2788/2772 2874/2787/2771
f 2876/2789/2773 2878/2791/2775 2877/2790/2774
f 2879/2792/2776 2881/2794/2778 2880/2793/2777
f 2882/2795/2779 2884/2797/2781 2883/2796/2780
f 2885/2798/2782 2887/2800/2784 2886/2799/2783
f 2888/2801/2785 2890/2803/2787 2889/2802/2786
f 2891/2804/2788 2893/2806/2790 2892/2805/2789
f 2894/2807/2791 2896/2809/2793 2895/2808/2792
f 2897/2810/2794 2899/2812/2796 2898/2811/2795
f 2900/2813/2797 2902/2815/2799 2901/2814/2798
f 2903/2816/2800 2901/2814/2798 2902/2815/2799
f 2902/2815/2799 2904/2817/2801 2903/2816/2800
f 2905/2818/2802 2903/2816/2800 2904/2817/2801
f 2904/2817/2801 2906/2819/2803 2905/2818/2802
f 2907/2820/2804 2905/2818/2802 2906/2819/2803
f 2906/2819/2803 2908/2821/2805 2907/2820/2804
f 2909/2822/2806 2907/2820/2804 2908/2821/2805
f 2912/2823/2807 2914/2825/2809 2913/2824/2808
f 2915/2826/2810 2913/2824/2808 2914/2825/2809
f 2914/2825/2809 2916/2827/2811 2915/2826/2810
f 2917/2828/2812 2915/2826/2810 2916/2827/2811
f 2918/2829/2813 2920/2831/2815 2919/2830/2814
f 2921/2832/2816 2919/2830/2814 2920/2831/2815
f 2920/2831/2815 2922/2833/2817 2921/2832/2816
f 2923/2834/2818 2921/2832/2816 2922/2833/2817
f 2924/2835/2819 2926/2837/2821 2925/2836/2820
f 2927/2838/2822 2925/2836/2820 2926/2837/2821
f 2926/2837/2821 2928/2839/2823 2927/2838/2822
f 2929/2840/2824 2927/2838/2822 2928/2839/2823
f 2930/2841/2825 2932/2843/2827 2931/2842/2826
f 2933/2844/2828 2931/2842/2826 2932/2843/2827
f 2932/2843/2827 2934/2845/2829 2933/2844/2828
f 2935/2843/2830 2933/2844/2828 2934/2845/2829
f 2934/2845/2829 2936/2846/2831 2935/2843/2830
f 2937/2847/2832 2935/2843/2830 2936/2846/2831
f 2936/2846/2831 2938/2848/2833 2937/2847/2832
f 2939/2849/2834 2937/2847/2832 2938/2848/2833
f 2938/2848/2833 2940/2850/2835 2939/2849/2834
f 2941/2851/2836 2939/2849/2834 2940/2850/2835
f 2942/2852/2837 2944/2854/2839 2943/2853/2838
f 2943/2853/2838 2945/2855/2840 2942/2852/2837
f 2946/2856/2841 2942/2852/2837 2945/2855/2840
f 2945/2855/2840 2947/2857/2842 2946/2856/2841
f 2948/2858/2843 2946/2856/2841 2947/2857/2842
f 2947/2857/2842 2949/2859/2844 2948/2858/2843
f 2950/2860/2845 2948/2858/2843 2949/2859/2844
f 2949/2859/2844 2951/2861/2846 2950/2860/2845
f 2952/2862/2847 2950/2860/2845 2951/2861/2846
f 2951/2861/2846 2953/2863/2848 2952/2862/2847
f 2954/2864/2849 2952/2862/2847 2953/2863/2848
f 2957/2865/2850 2959/2867/2852 2958/2866/2851
f 2960/2868/2853 2958/2866/2851 2959/2867/2852
f 2959/2867/2852 2961/2869/2854 2960/2868/2853
f 2962/2870/2855 2960/2868/2853 2961/2869/2854
f 2964/2871/2856 2965/2873/2858 2963/2872/2857
f 2966/2874/2859 2963/2872/2857 2965/2873/2858
f 2965/2873/2858 2967/2875/2860 2966/2874/2859
f 2968/2876/2861 2966/2874/2859 2967/2875/2860
f 2967/2875/2860 2969/2877/2862 2968/2876/2861
f 2970/2875/2863 2968/2876/2861 2969/2877/2862
f 2971/2878/2864 2973/2880/2866 2972/2879/2865
f 2972/2879/2865 2974/2881/2867 2971/2878/2864
f 2975/2882/2868 2971/2878/2864 2974/2881/2867
f 2974/2881/2867 2976/2883/2869 2975/2882/2868
f 2977/2884/2870 2975/2882/2868 2976/2883/2869
f 2976/2883/2869 2978/2885/2871 2977/2884/2870
f 2979/2886/2872 2977/2884/2870 2978/2885/2871
f 2982/2887/2873 2984/2889/2875 2983/2888/2874
f 2983/2888/2874 2985/2890/2876 2982/2887/2873
f 2986/2891/2877 2982/2887/2873 2985/2890/2876
f 2985/2890/2876 2987/2892/2878 2986/2891/2877
f 2988/2893/2879 2986/2891/2877 2987/2892/2878
f 2987/2892/2878 2989/2894/2880 2988/2893/2879
f 2990/2895/2881 2992/2897/2883 2991/2896/2882
f 2991/2896/2882 2993/2898/2884 2990/2895/2881
f 2994/2899/2885 2990/2895/2881 2993/2898/2884
f 2993/2898/2884 2995/2900/2886 2994/2899/2885
f 2996/2901/2887 2994/2899/2885 2995/2900/2886
f 2995/2900/2886 2997/2902/2888 2996/2901/2887
f 2998/2903/2889 3000/2905/2891 2999/2904/2890
f 2999/2904/2890 3001/2906/2892 2998/2903/2889
f 3002/2907/2893 2998/2903/2889 3001/2906/2892
f 3001/2906/2892 3003/2908/2894 3002/2907/2893
f 3004/2909/2895 3002/2907/2893 3003/2908/2894
f 3003/2908/2894 3005/2910/2896 3004/2909/2895
f 3006/2911/2897 3008/2913/2899 3007/2912/2898
f 3007/2912/2898 3009/2914/2900 3006/2911/2897
f 3010/2915/2901 3006/2911/2897 3009/2914/2900
f 3009/2914/2900 3011/2916/2902 3010/2915/2901
f 3012/2917/2903 3010/2915/2901 3011/2916/2902
f 3013/2918/2904 3015/2920/2906 3014/2919/2905
f 3014/2919/2905 3016/2921/2907 3013/2918/2904
f 3017/2922/2908 3013/2918/2904 3016/2921/2907
f 3016/2921/2907 3018/2923/2909 3017/2922/2908
f 3019/2924/2910 3017/2922/2908 3018/2923/2909
f 3020/2925/2911 3022/2927/2913 3021/2926/2912
f 3021/2926/2912 3023/2928/2914 3020/2925/2911
f 3024/2929/2915 3020/2925/2911 3023/2928/2914
f 3023/2928/2914 3025/2930/2916 3024/2929/2915
f 3026/2931/2917 3028/2933/2919 3027/2932/2918
f 3027/2932/2918 3029/2934/2920 3026/2931/2917
f 3030/2935/2921 3026/2931/2917 3029/2934/2920
f 3031/2936/2922 3033/2938/2924 3032/2937/2923
f 3032/2937/2923 3034/2939/2925 3031/2936/2922
f 3035/2940/2926 3031/2936/2922 3034/2939/2925
f 3038/2941/2927 3040/2943/2929 3039/2942/2928
f 3039/2942/2928 3041/2944/2930 3038/2941/2927
f 3042/2945/2931 3038/2941/2927 3041/2944/2930
f 3043/2946/2932 3045/2948/2934 3044/2947/2933
f 3044/2947/2933 3046/2949/2935 3043/2946/2932
f 3047/2950/2936 3043/2946/2932 3046/2949/2935
f 3048/2951/2937 3050/2953/2939 3049/2952/2938
f 3049/2952/2938 3051/2954/2940 3048/2951/2937
f 3052/2955/2941 3048/2951/2937 3051/2954/2940
f 3053/2956/2942 3055/2958/2944 3054/2957/2943
f 3054/2957/2943 3056/2959/2945 3053/2956/2942
f 3057/2960/2946 3053/2956/2942 3056/2959/2945
f 3058/2961/2947 3060/2963/2949 3059/2962/2948
f 3059/2962/2948 3061/2964/2950 3058/2961/2947
f 3062/2965/2951 3058/2961/2947 3061/2964/2950
f 3063/2966/2952 3065/2968/2954 3064/2967/2953
f 3064/2967/2953 3066/2969/2955 3063/2966/2952
f 3067/2970/2956 3063/2966/2952 3066/2969/2955
f 3068/2971/2957 3070/2973/2959 3069/2972/2958
f 3069/2972/2958 3071/2974/2960 3068/2971/2957
f 3072/2975/2961 3068/2971/2957 3071/2974/2960
f 3073/2976/2962 3075/2978/2964 3074/2977/2963
f 3074/2977/2963 3076/2979/2965 3073/2976/2962
f 3077/2980/2966 3079/2982/2968 3078/2981/2967
f 3078/2981/2967 3080/2982/2969 3077/2980/2966
f 3081/2983/2970 3077/2980/2966 3080/2982/2969
f 3082/2984/2971 3084/2986/2973 3083/2985/2972
f 3083/2985/2972 3085/2987/2974 3082/2984/2971
f 3086/2988/2975 3082/2984/2971 3085/2987/2974
f 3087/2989/2976 3089/2991/2978 3088/2990/2977
f 3088/2990/2977 3090/2992/2979 3087/2989/2976
f 3091/2993/2980 3087/2989/2976 3090/2992/2979
f 3092/2994/2981 3094/2996/2983 3093/2995/2982
f 3093/2995/2982 3095/2997/2984 3092/2994/2981
f 3096/2995/2985 3092/2994/2981 3095/2997/2984
f 3097/2998/2986 3099/3000/2988 3098/2999/2987
f 3098/2999/2987 3100/3001/2989 3097/2998/2986
f 3101/3002/2990 3097/2998/2986 3100/3001/2989
f 3102/3003/2991 3104/3005/2993 3103/3004/2992
f 3103/3004/2992 3105/3006/2994 3102/3003/2991
f 3106/3007/2995 3102/3003/2991 3105/3006/2994
f 3107/3008/2996 3109/3010/2998 3108/3009/2997
f 3108/3009/2997 3110/3011/2999 3107/3008/2996
f 3111/3012/3000 3107/3008/2996 3110/3011/2999
f 3112/3013/3001 3114/3015/3003 3113/3014/3002
f 3113/3014/3002 3115/3015/3004 3112/3013/3001
f 3116/3016/3005 3112/3013/3001 3115/3015/3004
f 3117/3017/3006 3119/3019/3008 3118/3018/3007
f 3118/3018/3007 3120/3020/3009 3117/3017/3006
f 3121/3021/3010 3117/3017/3006 3120/3020/3009
f 3122/3022/3011 3124/3024/3013 3123/3023/3012
f 3123/3023/3012 3125/3025/3014 3122/3022/3011
f 3126/3026/3015 3128/3028/3017 3127/3027/3016
f 3127/3027/3016 3129/3029/3018 3126/3026/3015
f 3130/3030/3019 3132/3032/3021 3131/3031/3020
f 3131/3031/3020 3133/3033/3022 3130/3030/3019
f 3134/3034/3023 3136/3036/3025 3135/3035/3024
f 3135/3035/3024 3137/3037/3026 3134/3034/3023
f 3142/3038/3027 3144/3040/3029 3143/3039/3028
f 3143/3039/3028 3145/3041/3030 3142/3038/3027
f 3146/3042/3031 3148/3044/3033 3147/3043/3032
f 3147/3043/3032 3149/3045/3034 3146/3042/3031
f 3150/3046/3035 3152/3048/3037 3151/3047/3036
f 3151/3047/3036 3153/3049/3038 3150/3046/3035
f 3154/3050/3039 3156/3052/3041 3155/3051/3040
f 3155/3051/3040 3157/3053/3042 3154/3050/3039
f 3158/3054/3040 3160/3056/3044 3159/3055/3043
f 3159/3055/3043 3161/3057/3045 3158/3054/3040
f 3162/3058/3046 3164/3060/3048 3163/3059/3047
f 3163/3059/3047 3165/3061/3049 3162/3058/3046
f 3166/3062/3050 3168/3064/3052 3167/3063/3051
f 3167/3063/3051 3169/3064/3053 3166/3062/3050
f 3170/3065/3054 3172/3067/3056 3171/3066/3055
f 3173/3068/3057 3175/3070/3059 3174/3069/3058
f 3176/3071/3060 3178/3073/3062 3177/3072/3061
f 3179/3074/3063 3181/3076/3065 3180/3075/3064
f 3182/3077/3066 3184/3079/3068 3183/3078/3067
f 3185/3080/3069 3187/3082/3071 3186/3081/3070
f 3188/3083/3072 3190/3085/3074 3189/3084/3073
f 3191/3086/3075 3193/3088/3077 3192/3087/3076
f 3194/3089/3078 3196/3091/3080 3195/3090/3079
f 3197/3092/3081 3199/3094/3083 3198/3093/3082
f 3200/3095/3084 3202/3097/3085 3201/3096/3027
f 3203/3098/3086 3205/3100/3088 3204/3099/3087
f 3206/3101/3089 3208/3103/3090 3207/3102/3033
f 3209/3104/3031 3211/3106/3092 3210/3105/3091
f 3212/3107/3093 3214/3109/3095 3213/3108/3094
f 3215/3110/3096 3217/3112/3098 3216/3111/3097
f 3218/3113/3099 3220/3115/3100 3219/3114/3096
f 3221/3116/3101 3223/3118/3102 3222/3117/3096
f 3224/3119/3103 3226/3121/3105 3225/3120/3104
f 3227/3122/3106 3229/3124/3108 3228/3123/3107
f 3230/3125/3109 3232/3127/3110 3231/3126/2960
f 3235/3128/3111 3237/3130/3113 3236/3129/3112
f 3238/3131/3114 3240/3133/3116 3239/3132/3115
f 3241/3134/3117 3243/3136/3119 3242/3135/3118
l 2175 2176
l 2176 2177
l 2178 2179
l 2179 2180
l 2312 2313
l 2443 2444
l 2477 2478
l 2482 2483
l 2722 2723
l 2724 2725
l 2980 2981
l 3233 3234
l 3138 3139
l 3140 3141
l 2910 2911
l 2911 2912
l 2955 2956
l 2956 2957
l 3036 3037
